"query","intent","target audience","current canonical","page type","funnel stage","duplicate URL","recommendation"
"학원 운영에 맞춘 수강신청·결제 쇼핑몰 제작","service_or_hub","앱·웹·AI 개발 파트너를 찾는 사업자와 실무자","https://reumlab.com/academy-shopping-mall/","service_or_hub","BOFU","NONE_BY_EXACT_H1_STATIC_AUDIT","IMPROVE"
"관리자 페이지 개발 — 엑셀·수기 관리를 어드민 한 화면으로","service_or_hub","앱·웹·AI 개발 파트너를 찾는 사업자와 실무자","https://reumlab.com/admin-page-development/","service_or_hub","BOFU","NONE_BY_EXACT_H1_STATIC_AUDIT","IMPROVE"
"AI 업무 자동화 개발 사람이 반복하던 일을 AI가 처리하는 흐름으로","service_or_hub","앱·웹·AI 개발 파트너를 찾는 사업자와 실무자","https://reumlab.com/ai-automation/","service_or_hub","BOFU","NONE_BY_EXACT_H1_STATIC_AUDIT","IMPROVE"
"동탄 AI 외주개발","region_service","해당 지역에서 개발사를 찾는 사업자","https://reumlab.com/ai-development/dongtan/","region_service","BOFU","NONE_BY_EXACT_H1_STATIC_AUDIT","MONITOR"
"화성 AI 외주개발","region_service","해당 지역에서 개발사를 찾는 사업자","https://reumlab.com/ai-development/hwaseong/","region_service","BOFU","NONE_BY_EXACT_H1_STATIC_AUDIT","MONITOR"
"AI 외주개발","service_or_hub","앱·웹·AI 개발 파트너를 찾는 사업자와 실무자","https://reumlab.com/ai-development/","service_or_hub","BOFU","NONE_BY_EXACT_H1_STATIC_AUDIT","IMPROVE"
"수원 AI 외주개발","region_service","해당 지역에서 개발사를 찾는 사업자","https://reumlab.com/ai-development/suwon/","region_service","BOFU","NONE_BY_EXACT_H1_STATIC_AUDIT","MONITOR"
"학원·교육 앱 개발","industry_service","앱·웹·AI 개발 파트너를 찾는 사업자와 실무자","https://reumlab.com/app/academy/","industry_service","TOFU/MOFU","NONE_BY_EXACT_H1_STATIC_AUDIT","MONITOR"
"농업·산지직거래 앱 개발","industry_service","앱·웹·AI 개발 파트너를 찾는 사업자와 실무자","https://reumlab.com/app/agriculture/","industry_service","TOFU/MOFU","NONE_BY_EXACT_H1_STATIC_AUDIT","MONITOR"
"동물병원 앱 개발","industry_service","앱·웹·AI 개발 파트너를 찾는 사업자와 실무자","https://reumlab.com/app/animal-hospital/","industry_service","TOFU/MOFU","NONE_BY_EXACT_H1_STATIC_AUDIT","MONITOR"
"미술학원 앱 개발","industry_service","앱·웹·AI 개발 파트너를 찾는 사업자와 실무자","https://reumlab.com/app/art-academy/","industry_service","TOFU/MOFU","NONE_BY_EXACT_H1_STATIC_AUDIT","MONITOR"
"B2B SaaS·업무툴 개발","industry_service","앱·웹·AI 개발 파트너를 찾는 사업자와 실무자","https://reumlab.com/app/b2b-saas/","industry_service","TOFU/MOFU","NONE_BY_EXACT_H1_STATIC_AUDIT","MONITOR"
"베이커리·디저트 앱 개발","industry_service","앱·웹·AI 개발 파트너를 찾는 사업자와 실무자","https://reumlab.com/app/bakery/","industry_service","TOFU/MOFU","NONE_BY_EXACT_H1_STATIC_AUDIT","MONITOR"
"당구장·볼링장 앱 개발","industry_service","앱·웹·AI 개발 파트너를 찾는 사업자와 실무자","https://reumlab.com/app/billiards/","industry_service","TOFU/MOFU","NONE_BY_EXACT_H1_STATIC_AUDIT","MONITOR"
"예약(미용·네일·공방) 앱 개발","industry_service","앱·웹·AI 개발 파트너를 찾는 사업자와 실무자","https://reumlab.com/app/booking/","industry_service","TOFU/MOFU","NONE_BY_EXACT_H1_STATIC_AUDIT","MONITOR"
"서점·북카페 앱 개발","industry_service","앱·웹·AI 개발 파트너를 찾는 사업자와 실무자","https://reumlab.com/app/bookstore/","industry_service","TOFU/MOFU","NONE_BY_EXACT_H1_STATIC_AUDIT","MONITOR"
"정육·수산 앱 개발","industry_service","앱·웹·AI 개발 파트너를 찾는 사업자와 실무자","https://reumlab.com/app/butcher/","industry_service","TOFU/MOFU","NONE_BY_EXACT_H1_STATIC_AUDIT","MONITOR"
"카페 앱 개발","industry_service","앱·웹·AI 개발 파트너를 찾는 사업자와 실무자","https://reumlab.com/app/cafe/","industry_service","TOFU/MOFU","NONE_BY_EXACT_H1_STATIC_AUDIT","MONITOR"
"캠핑·글램핑 앱 개발","industry_service","앱·웹·AI 개발 파트너를 찾는 사업자와 실무자","https://reumlab.com/app/camping/","industry_service","TOFU/MOFU","NONE_BY_EXACT_H1_STATIC_AUDIT","MONITOR"
"자동차정비 앱 개발","industry_service","앱·웹·AI 개발 파트너를 찾는 사업자와 실무자","https://reumlab.com/app/car-repair/","industry_service","TOFU/MOFU","NONE_BY_EXACT_H1_STATIC_AUDIT","MONITOR"
"세차·디테일링 앱 개발","industry_service","앱·웹·AI 개발 파트너를 찾는 사업자와 실무자","https://reumlab.com/app/car-wash/","industry_service","TOFU/MOFU","NONE_BY_EXACT_H1_STATIC_AUDIT","MONITOR"
"케이터링·출장뷔페 앱 개발","industry_service","앱·웹·AI 개발 파트너를 찾는 사업자와 실무자","https://reumlab.com/app/catering/","industry_service","TOFU/MOFU","NONE_BY_EXACT_H1_STATIC_AUDIT","MONITOR"
"유치원·어린이집 앱 개발","industry_service","앱·웹·AI 개발 파트너를 찾는 사업자와 실무자","https://reumlab.com/app/childcare/","industry_service","TOFU/MOFU","NONE_BY_EXACT_H1_STATIC_AUDIT","MONITOR"
"교회·종교시설 앱 개발","industry_service","앱·웹·AI 개발 파트너를 찾는 사업자와 실무자","https://reumlab.com/app/church/","industry_service","TOFU/MOFU","NONE_BY_EXACT_H1_STATIC_AUDIT","MONITOR"
"청소·홈서비스 앱 개발","industry_service","앱·웹·AI 개발 파트너를 찾는 사업자와 실무자","https://reumlab.com/app/cleaning/","industry_service","TOFU/MOFU","NONE_BY_EXACT_H1_STATIC_AUDIT","MONITOR"
"클라이밍짐 앱 개발","industry_service","앱·웹·AI 개발 파트너를 찾는 사업자와 실무자","https://reumlab.com/app/climbing/","industry_service","TOFU/MOFU","NONE_BY_EXACT_H1_STATIC_AUDIT","MONITOR"
"공유주방 앱 개발","industry_service","앱·웹·AI 개발 파트너를 찾는 사업자와 실무자","https://reumlab.com/app/cloud-kitchen/","industry_service","TOFU/MOFU","NONE_BY_EXACT_H1_STATIC_AUDIT","MONITOR"
"무인 코인세탁 앱 개발","industry_service","앱·웹·AI 개발 파트너를 찾는 사업자와 실무자","https://reumlab.com/app/coin-laundry/","industry_service","TOFU/MOFU","NONE_BY_EXACT_H1_STATIC_AUDIT","MONITOR"
"커뮤니티·모임 앱 개발","industry_service","앱·웹·AI 개발 파트너를 찾는 사업자와 실무자","https://reumlab.com/app/community/","industry_service","TOFU/MOFU","NONE_BY_EXACT_H1_STATIC_AUDIT","MONITOR"
"건설·현장관리 앱 개발","industry_service","앱·웹·AI 개발 파트너를 찾는 사업자와 실무자","https://reumlab.com/app/construction/","industry_service","TOFU/MOFU","NONE_BY_EXACT_H1_STATIC_AUDIT","MONITOR"
"원데이 클래스·공방 예약 앱 개발","industry_service","앱·웹·AI 개발 파트너를 찾는 사업자와 실무자","https://reumlab.com/app/cooking-class/","industry_service","TOFU/MOFU","NONE_BY_EXACT_H1_STATIC_AUDIT","MONITOR"
"공유오피스 앱 개발","industry_service","앱·웹·AI 개발 파트너를 찾는 사업자와 실무자","https://reumlab.com/app/coworking/","industry_service","TOFU/MOFU","NONE_BY_EXACT_H1_STATIC_AUDIT","MONITOR"
"크리에이터·MCN 앱 개발","industry_service","앱·웹·AI 개발 파트너를 찾는 사업자와 실무자","https://reumlab.com/app/creator/","industry_service","TOFU/MOFU","NONE_BY_EXACT_H1_STATIC_AUDIT","MONITOR"
"무용·발레학원 앱 개발","industry_service","앱·웹·AI 개발 파트너를 찾는 사업자와 실무자","https://reumlab.com/app/dance-academy/","industry_service","TOFU/MOFU","NONE_BY_EXACT_H1_STATIC_AUDIT","MONITOR"
"배달·주문 앱 개발","industry_service","앱·웹·AI 개발 파트너를 찾는 사업자와 실무자","https://reumlab.com/app/delivery/","industry_service","TOFU/MOFU","NONE_BY_EXACT_H1_STATIC_AUDIT","MONITOR"
"치과 앱 개발","industry_service","앱·웹·AI 개발 파트너를 찾는 사업자와 실무자","https://reumlab.com/app/dental/","industry_service","TOFU/MOFU","NONE_BY_EXACT_H1_STATIC_AUDIT","MONITOR"
"운전학원 앱 개발","industry_service","앱·웹·AI 개발 파트너를 찾는 사업자와 실무자","https://reumlab.com/app/driving-school/","industry_service","TOFU/MOFU","NONE_BY_EXACT_H1_STATIC_AUDIT","MONITOR"
"영어학원 앱 개발","industry_service","앱·웹·AI 개발 파트너를 찾는 사업자와 실무자","https://reumlab.com/app/english-academy/","industry_service","TOFU/MOFU","NONE_BY_EXACT_H1_STATIC_AUDIT","MONITOR"
"에스테틱·스파 앱 개발","industry_service","앱·웹·AI 개발 파트너를 찾는 사업자와 실무자","https://reumlab.com/app/esthetic/","industry_service","TOFU/MOFU","NONE_BY_EXACT_H1_STATIC_AUDIT","MONITOR"
"행사·이벤트 대행 앱 개발","industry_service","앱·웹·AI 개발 파트너를 찾는 사업자와 실무자","https://reumlab.com/app/event-agency/","industry_service","TOFU/MOFU","NONE_BY_EXACT_H1_STATIC_AUDIT","MONITOR"
"낚시·선상 앱 개발","industry_service","앱·웹·AI 개발 파트너를 찾는 사업자와 실무자","https://reumlab.com/app/fishing/","industry_service","TOFU/MOFU","NONE_BY_EXACT_H1_STATIC_AUDIT","MONITOR"
"피트니스·헬스장 앱 개발","industry_service","앱·웹·AI 개발 파트너를 찾는 사업자와 실무자","https://reumlab.com/app/fitness/","industry_service","TOFU/MOFU","NONE_BY_EXACT_H1_STATIC_AUDIT","MONITOR"
"꽃집·화훼 앱 개발","industry_service","앱·웹·AI 개발 파트너를 찾는 사업자와 실무자","https://reumlab.com/app/flower/","industry_service","TOFU/MOFU","NONE_BY_EXACT_H1_STATIC_AUDIT","MONITOR"
"푸드테크·식단 앱 개발","industry_service","앱·웹·AI 개발 파트너를 찾는 사업자와 실무자","https://reumlab.com/app/foodtech/","industry_service","TOFU/MOFU","NONE_BY_EXACT_H1_STATIC_AUDIT","MONITOR"
"프랜차이즈 본사 앱 개발","industry_service","앱·웹·AI 개발 파트너를 찾는 사업자와 실무자","https://reumlab.com/app/franchise/","industry_service","TOFU/MOFU","NONE_BY_EXACT_H1_STATIC_AUDIT","MONITOR"
"상조·장례 앱 개발","industry_service","앱·웹·AI 개발 파트너를 찾는 사업자와 실무자","https://reumlab.com/app/funeral/","industry_service","TOFU/MOFU","NONE_BY_EXACT_H1_STATIC_AUDIT","MONITOR"
"가구·리빙 앱 개발","industry_service","앱·웹·AI 개발 파트너를 찾는 사업자와 실무자","https://reumlab.com/app/furniture/","industry_service","TOFU/MOFU","NONE_BY_EXACT_H1_STATIC_AUDIT","MONITOR"
"게임 앱 개발","industry_service","앱·웹·AI 개발 파트너를 찾는 사업자와 실무자","https://reumlab.com/app/game-studio/","industry_service","TOFU/MOFU","NONE_BY_EXACT_H1_STATIC_AUDIT","MONITOR"
"골프·스포츠 예약 앱 개발","industry_service","앱·웹·AI 개발 파트너를 찾는 사업자와 실무자","https://reumlab.com/app/golf/","industry_service","TOFU/MOFU","NONE_BY_EXACT_H1_STATIC_AUDIT","MONITOR"
"골프연습장 앱 개발","industry_service","앱·웹·AI 개발 파트너를 찾는 사업자와 실무자","https://reumlab.com/app/golf-range/","industry_service","TOFU/MOFU","NONE_BY_EXACT_H1_STATIC_AUDIT","MONITOR"
"동네마트·장보기 앱 개발","industry_service","앱·웹·AI 개발 파트너를 찾는 사업자와 실무자","https://reumlab.com/app/grocery/","industry_service","TOFU/MOFU","NONE_BY_EXACT_H1_STATIC_AUDIT","MONITOR"
"미용실 앱 개발","industry_service","앱·웹·AI 개발 파트너를 찾는 사업자와 실무자","https://reumlab.com/app/hair-salon/","industry_service","TOFU/MOFU","NONE_BY_EXACT_H1_STATIC_AUDIT","MONITOR"
"병원·의원 앱 개발","industry_service","앱·웹·AI 개발 파트너를 찾는 사업자와 실무자","https://reumlab.com/app/hospital/","industry_service","TOFU/MOFU","NONE_BY_EXACT_H1_STATIC_AUDIT","MONITOR"
"업종별 앱 개발 — 100개 업종 맞춤 MVP·솔루션","service_or_hub","앱·웹·AI 개발 파트너를 찾는 사업자와 실무자","https://reumlab.com/app/","service_or_hub","BOFU","NONE_BY_EXACT_H1_STATIC_AUDIT","IMPROVE"
"보험 설계·GA 시스템 개발","industry_service","앱·웹·AI 개발 파트너를 찾는 사업자와 실무자","https://reumlab.com/app/insurance/","industry_service","TOFU/MOFU","NONE_BY_EXACT_H1_STATIC_AUDIT","MONITOR"
"인테리어·시공 앱 개발","industry_service","앱·웹·AI 개발 파트너를 찾는 사업자와 실무자","https://reumlab.com/app/interior/","industry_service","TOFU/MOFU","NONE_BY_EXACT_H1_STATIC_AUDIT","MONITOR"
"키즈카페 앱 개발","industry_service","앱·웹·AI 개발 파트너를 찾는 사업자와 실무자","https://reumlab.com/app/kids-cafe/","industry_service","TOFU/MOFU","NONE_BY_EXACT_H1_STATIC_AUDIT","MONITOR"
"노무·인사 앱 개발","industry_service","앱·웹·AI 개발 파트너를 찾는 사업자와 실무자","https://reumlab.com/app/labor-hr/","industry_service","TOFU/MOFU","NONE_BY_EXACT_H1_STATIC_AUDIT","MONITOR"
"세탁·수거배송 앱 개발","industry_service","앱·웹·AI 개발 파트너를 찾는 사업자와 실무자","https://reumlab.com/app/laundry/","industry_service","TOFU/MOFU","NONE_BY_EXACT_H1_STATIC_AUDIT","MONITOR"
"법무법인·변호사 앱 개발","industry_service","앱·웹·AI 개발 파트너를 찾는 사업자와 실무자","https://reumlab.com/app/law-firm/","industry_service","TOFU/MOFU","NONE_BY_EXACT_H1_STATIC_AUDIT","MONITOR"
"주류·와인샵 앱 개발","industry_service","앱·웹·AI 개발 파트너를 찾는 사업자와 실무자","https://reumlab.com/app/liquor-shop/","industry_service","TOFU/MOFU","NONE_BY_EXACT_H1_STATIC_AUDIT","MONITOR"
"대출·금융 상담 앱 개발","industry_service","앱·웹·AI 개발 파트너를 찾는 사업자와 실무자","https://reumlab.com/app/loan/","industry_service","TOFU/MOFU","NONE_BY_EXACT_H1_STATIC_AUDIT","MONITOR"
"숙박·펜션 앱 개발","industry_service","앱·웹·AI 개발 파트너를 찾는 사업자와 실무자","https://reumlab.com/app/lodging/","industry_service","TOFU/MOFU","NONE_BY_EXACT_H1_STATIC_AUDIT","MONITOR"
"물류·배송 앱 개발","industry_service","앱·웹·AI 개발 파트너를 찾는 사업자와 실무자","https://reumlab.com/app/logistics/","industry_service","TOFU/MOFU","NONE_BY_EXACT_H1_STATIC_AUDIT","MONITOR"
"제조·공장 앱 개발","industry_service","앱·웹·AI 개발 파트너를 찾는 사업자와 실무자","https://reumlab.com/app/manufacturing/","industry_service","TOFU/MOFU","NONE_BY_EXACT_H1_STATIC_AUDIT","MONITOR"
"마케팅 대행사 시스템 개발","industry_service","앱·웹·AI 개발 파트너를 찾는 사업자와 실무자","https://reumlab.com/app/marketing-agency/","industry_service","TOFU/MOFU","NONE_BY_EXACT_H1_STATIC_AUDIT","MONITOR"
"중고거래·마켓 앱 개발","industry_service","앱·웹·AI 개발 파트너를 찾는 사업자와 실무자","https://reumlab.com/app/marketplace/","industry_service","TOFU/MOFU","NONE_BY_EXACT_H1_STATIC_AUDIT","MONITOR"
"마사지·테라피 앱 개발","industry_service","앱·웹·AI 개발 파트너를 찾는 사업자와 실무자","https://reumlab.com/app/massage/","industry_service","TOFU/MOFU","NONE_BY_EXACT_H1_STATIC_AUDIT","MONITOR"
"수학·입시학원 앱 개발","industry_service","앱·웹·AI 개발 파트너를 찾는 사업자와 실무자","https://reumlab.com/app/math-academy/","industry_service","TOFU/MOFU","NONE_BY_EXACT_H1_STATIC_AUDIT","MONITOR"
"이사·용달 앱 개발","industry_service","앱·웹·AI 개발 파트너를 찾는 사업자와 실무자","https://reumlab.com/app/moving/","industry_service","TOFU/MOFU","NONE_BY_EXACT_H1_STATIC_AUDIT","MONITOR"
"음악학원 앱 개발","industry_service","앱·웹·AI 개발 파트너를 찾는 사업자와 실무자","https://reumlab.com/app/music-academy/","industry_service","TOFU/MOFU","NONE_BY_EXACT_H1_STATIC_AUDIT","MONITOR"
"네일·왁싱샵 앱 개발","industry_service","앱·웹·AI 개발 파트너를 찾는 사업자와 실무자","https://reumlab.com/app/nail-shop/","industry_service","TOFU/MOFU","NONE_BY_EXACT_H1_STATIC_AUDIT","MONITOR"
"비영리·협회 앱 개발","industry_service","앱·웹·AI 개발 파트너를 찾는 사업자와 실무자","https://reumlab.com/app/nonprofit/","industry_service","TOFU/MOFU","NONE_BY_EXACT_H1_STATIC_AUDIT","MONITOR"
"O2O 플랫폼 앱 개발","industry_service","앱·웹·AI 개발 파트너를 찾는 사업자와 실무자","https://reumlab.com/app/o2o/","industry_service","TOFU/MOFU","NONE_BY_EXACT_H1_STATIC_AUDIT","MONITOR"
"안경원 앱 개발","industry_service","앱·웹·AI 개발 파트너를 찾는 사업자와 실무자","https://reumlab.com/app/optician/","industry_service","TOFU/MOFU","NONE_BY_EXACT_H1_STATIC_AUDIT","MONITOR"
"한의원 앱 개발","industry_service","앱·웹·AI 개발 파트너를 찾는 사업자와 실무자","https://reumlab.com/app/oriental-medicine/","industry_service","TOFU/MOFU","NONE_BY_EXACT_H1_STATIC_AUDIT","MONITOR"
"주차장 앱 개발","industry_service","앱·웹·AI 개발 파트너를 찾는 사업자와 실무자","https://reumlab.com/app/parking/","industry_service","TOFU/MOFU","NONE_BY_EXACT_H1_STATIC_AUDIT","MONITOR"
"파티룸·대여공간 앱 개발","industry_service","앱·웹·AI 개발 파트너를 찾는 사업자와 실무자","https://reumlab.com/app/party-room/","industry_service","TOFU/MOFU","NONE_BY_EXACT_H1_STATIC_AUDIT","MONITOR"
"특허·지식재산 앱 개발","industry_service","앱·웹·AI 개발 파트너를 찾는 사업자와 실무자","https://reumlab.com/app/patent/","industry_service","TOFU/MOFU","NONE_BY_EXACT_H1_STATIC_AUDIT","MONITOR"
"PC방·무인매장 앱 개발","industry_service","앱·웹·AI 개발 파트너를 찾는 사업자와 실무자","https://reumlab.com/app/pc-cafe/","industry_service","TOFU/MOFU","NONE_BY_EXACT_H1_STATIC_AUDIT","MONITOR"
"펫·반려동물 앱 개발","industry_service","앱·웹·AI 개발 파트너를 찾는 사업자와 실무자","https://reumlab.com/app/pet/","industry_service","TOFU/MOFU","NONE_BY_EXACT_H1_STATIC_AUDIT","MONITOR"
"약국 앱 개발","industry_service","앱·웹·AI 개발 파트너를 찾는 사업자와 실무자","https://reumlab.com/app/pharmacy/","industry_service","TOFU/MOFU","NONE_BY_EXACT_H1_STATIC_AUDIT","MONITOR"
"사진관·스튜디오 앱 개발","industry_service","앱·웹·AI 개발 파트너를 찾는 사업자와 실무자","https://reumlab.com/app/photo-studio/","industry_service","TOFU/MOFU","NONE_BY_EXACT_H1_STATIC_AUDIT","MONITOR"
"도수치료·재활센터 앱 개발","industry_service","앱·웹·AI 개발 파트너를 찾는 사업자와 실무자","https://reumlab.com/app/physical-therapy/","industry_service","TOFU/MOFU","NONE_BY_EXACT_H1_STATIC_AUDIT","MONITOR"
"필라테스·요가 앱 개발","industry_service","앱·웹·AI 개발 파트너를 찾는 사업자와 실무자","https://reumlab.com/app/pilates/","industry_service","TOFU/MOFU","NONE_BY_EXACT_H1_STATIC_AUDIT","MONITOR"
"산후조리원 앱 개발","industry_service","앱·웹·AI 개발 파트너를 찾는 사업자와 실무자","https://reumlab.com/app/postpartum/","industry_service","TOFU/MOFU","NONE_BY_EXACT_H1_STATIC_AUDIT","MONITOR"
"인쇄·간판 앱 개발","industry_service","앱·웹·AI 개발 파트너를 찾는 사업자와 실무자","https://reumlab.com/app/printing/","industry_service","TOFU/MOFU","NONE_BY_EXACT_H1_STATIC_AUDIT","MONITOR"
"임대·건물관리 앱 개발","industry_service","앱·웹·AI 개발 파트너를 찾는 사업자와 실무자","https://reumlab.com/app/property-mgmt/","industry_service","TOFU/MOFU","NONE_BY_EXACT_H1_STATIC_AUDIT","MONITOR"
"심리상담센터 앱 개발","industry_service","앱·웹·AI 개발 파트너를 찾는 사업자와 실무자","https://reumlab.com/app/psychology/","industry_service","TOFU/MOFU","NONE_BY_EXACT_H1_STATIC_AUDIT","MONITOR"
"부동산·중개 앱 개발","industry_service","앱·웹·AI 개발 파트너를 찾는 사업자와 실무자","https://reumlab.com/app/realestate/","industry_service","TOFU/MOFU","NONE_BY_EXACT_H1_STATIC_AUDIT","MONITOR"
"채용·헤드헌팅 앱 개발","industry_service","앱·웹·AI 개발 파트너를 찾는 사업자와 실무자","https://reumlab.com/app/recruiting/","industry_service","TOFU/MOFU","NONE_BY_EXACT_H1_STATIC_AUDIT","MONITOR"
"렌탈·대여 앱 개발","industry_service","앱·웹·AI 개발 파트너를 찾는 사업자와 실무자","https://reumlab.com/app/rental/","industry_service","TOFU/MOFU","NONE_BY_EXACT_H1_STATIC_AUDIT","MONITOR"
"렌터카·차량대여 앱 개발","industry_service","앱·웹·AI 개발 파트너를 찾는 사업자와 실무자","https://reumlab.com/app/rental-car/","industry_service","TOFU/MOFU","NONE_BY_EXACT_H1_STATIC_AUDIT","MONITOR"
"리조트·워터파크 앱 개발","industry_service","앱·웹·AI 개발 파트너를 찾는 사업자와 실무자","https://reumlab.com/app/resort/","industry_service","TOFU/MOFU","NONE_BY_EXACT_H1_STATIC_AUDIT","MONITOR"
"식당·외식 앱 개발","industry_service","앱·웹·AI 개발 파트너를 찾는 사업자와 실무자","https://reumlab.com/app/restaurant/","industry_service","TOFU/MOFU","NONE_BY_EXACT_H1_STATIC_AUDIT","MONITOR"
"스크린골프 앱 개발","industry_service","앱·웹·AI 개발 파트너를 찾는 사업자와 실무자","https://reumlab.com/app/screen-golf/","industry_service","TOFU/MOFU","NONE_BY_EXACT_H1_STATIC_AUDIT","MONITOR"
"보안·경비·CCTV 관제 앱 개발","industry_service","앱·웹·AI 개발 파트너를 찾는 사업자와 실무자","https://reumlab.com/app/security/","industry_service","TOFU/MOFU","NONE_BY_EXACT_H1_STATIC_AUDIT","MONITOR"
"요양·주간보호센터 앱 개발","industry_service","앱·웹·AI 개발 파트너를 찾는 사업자와 실무자","https://reumlab.com/app/senior/","industry_service","TOFU/MOFU","NONE_BY_EXACT_H1_STATIC_AUDIT","MONITOR"
"쇼핑몰·커머스 앱 개발","industry_service","앱·웹·AI 개발 파트너를 찾는 사업자와 실무자","https://reumlab.com/app/shopping/","industry_service","TOFU/MOFU","NONE_BY_EXACT_H1_STATIC_AUDIT","MONITOR"
"반찬·밀키트 앱 개발","industry_service","앱·웹·AI 개발 파트너를 찾는 사업자와 실무자","https://reumlab.com/app/sidedish/","industry_service","TOFU/MOFU","NONE_BY_EXACT_H1_STATIC_AUDIT","MONITOR"
"피부과·성형외과 앱 개발","industry_service","앱·웹·AI 개발 파트너를 찾는 사업자와 실무자","https://reumlab.com/app/skin-clinic/","industry_service","TOFU/MOFU","NONE_BY_EXACT_H1_STATIC_AUDIT","MONITOR"
"태양광·에너지 설비 앱 개발","industry_service","앱·웹·AI 개발 파트너를 찾는 사업자와 실무자","https://reumlab.com/app/solar/","industry_service","TOFU/MOFU","NONE_BY_EXACT_H1_STATIC_AUDIT","MONITOR"
"언어·발달치료센터 앱 개발","industry_service","앱·웹·AI 개발 파트너를 찾는 사업자와 실무자","https://reumlab.com/app/speech/","industry_service","TOFU/MOFU","NONE_BY_EXACT_H1_STATIC_AUDIT","MONITOR"
"셀프스토리지 앱 개발","industry_service","앱·웹·AI 개발 파트너를 찾는 사업자와 실무자","https://reumlab.com/app/storage/","industry_service","TOFU/MOFU","NONE_BY_EXACT_H1_STATIC_AUDIT","MONITOR"
"스터디카페·독서실 앱 개발","industry_service","앱·웹·AI 개발 파트너를 찾는 사업자와 실무자","https://reumlab.com/app/studycafe/","industry_service","TOFU/MOFU","NONE_BY_EXACT_H1_STATIC_AUDIT","MONITOR"
"구독 서비스 앱 개발","industry_service","앱·웹·AI 개발 파트너를 찾는 사업자와 실무자","https://reumlab.com/app/subscription/","industry_service","TOFU/MOFU","NONE_BY_EXACT_H1_STATIC_AUDIT","MONITOR"
"수영장·스포츠센터 앱 개발","industry_service","앱·웹·AI 개발 파트너를 찾는 사업자와 실무자","https://reumlab.com/app/swimming/","industry_service","TOFU/MOFU","NONE_BY_EXACT_H1_STATIC_AUDIT","MONITOR"
"태권도·체육관 앱 개발","industry_service","앱·웹·AI 개발 파트너를 찾는 사업자와 실무자","https://reumlab.com/app/taekwondo/","industry_service","TOFU/MOFU","NONE_BY_EXACT_H1_STATIC_AUDIT","MONITOR"
"맞춤정장·수선 앱 개발","industry_service","앱·웹·AI 개발 파트너를 찾는 사업자와 실무자","https://reumlab.com/app/tailor/","industry_service","TOFU/MOFU","NONE_BY_EXACT_H1_STATIC_AUDIT","MONITOR"
"세무·회계 앱 개발","industry_service","앱·웹·AI 개발 파트너를 찾는 사업자와 실무자","https://reumlab.com/app/tax-accounting/","industry_service","TOFU/MOFU","NONE_BY_EXACT_H1_STATIC_AUDIT","MONITOR"
"비대면 진료·원격의료 앱 개발","industry_service","앱·웹·AI 개발 파트너를 찾는 사업자와 실무자","https://reumlab.com/app/telemedicine/","industry_service","TOFU/MOFU","NONE_BY_EXACT_H1_STATIC_AUDIT","MONITOR"
"번역·통역 매칭 앱 개발","industry_service","앱·웹·AI 개발 파트너를 찾는 사업자와 실무자","https://reumlab.com/app/translation/","industry_service","TOFU/MOFU","NONE_BY_EXACT_H1_STATIC_AUDIT","MONITOR"
"여행·투어 앱 개발","industry_service","앱·웹·AI 개발 파트너를 찾는 사업자와 실무자","https://reumlab.com/app/travel/","industry_service","TOFU/MOFU","NONE_BY_EXACT_H1_STATIC_AUDIT","MONITOR"
"과외·교습 매칭 앱 개발","industry_service","앱·웹·AI 개발 파트너를 찾는 사업자와 실무자","https://reumlab.com/app/tutoring/","industry_service","TOFU/MOFU","NONE_BY_EXACT_H1_STATIC_AUDIT","MONITOR"
"대학·평생교육 앱 개발","industry_service","앱·웹·AI 개발 파트너를 찾는 사업자와 실무자","https://reumlab.com/app/university/","industry_service","TOFU/MOFU","NONE_BY_EXACT_H1_STATIC_AUDIT","MONITOR"
"무인매장 앱 개발","industry_service","앱·웹·AI 개발 파트너를 찾는 사업자와 실무자","https://reumlab.com/app/unmanned-store/","industry_service","TOFU/MOFU","NONE_BY_EXACT_H1_STATIC_AUDIT","MONITOR"
"중고차 앱 개발","industry_service","앱·웹·AI 개발 파트너를 찾는 사업자와 실무자","https://reumlab.com/app/used-car/","industry_service","TOFU/MOFU","NONE_BY_EXACT_H1_STATIC_AUDIT","MONITOR"
"웨딩·돌잔치 앱 개발","industry_service","앱·웹·AI 개발 파트너를 찾는 사업자와 실무자","https://reumlab.com/app/wedding/","industry_service","TOFU/MOFU","NONE_BY_EXACT_H1_STATIC_AUDIT","MONITOR"
"도소매·유통 앱 개발","industry_service","앱·웹·AI 개발 파트너를 찾는 사업자와 실무자","https://reumlab.com/app/wholesale/","industry_service","TOFU/MOFU","NONE_BY_EXACT_H1_STATIC_AUDIT","MONITOR"
"요가원 회원관리 앱 개발","industry_service","앱·웹·AI 개발 파트너를 찾는 사업자와 실무자","https://reumlab.com/app/yoga/","industry_service","TOFU/MOFU","NONE_BY_EXACT_H1_STATIC_AUDIT","MONITOR"
"앱개발 업체 찾는 대표님께 — 소스코드까지 넘기는 앱 제작","service_or_hub","앱·웹·AI 개발 파트너를 찾는 사업자와 실무자","https://reumlab.com/app-agency/","service_or_hub","BOFU","NONE_BY_EXACT_H1_STATIC_AUDIT","IMPROVE"
"동탄 앱개발 외주","region_service","해당 지역에서 개발사를 찾는 사업자","https://reumlab.com/app-development/dongtan/","region_service","BOFU","NONE_BY_EXACT_H1_STATIC_AUDIT","MONITOR"
"화성 앱개발 외주","region_service","해당 지역에서 개발사를 찾는 사업자","https://reumlab.com/app-development/hwaseong/","region_service","BOFU","NONE_BY_EXACT_H1_STATIC_AUDIT","MONITOR"
"앱개발 외주 · App Development","service_or_hub","앱·웹·AI 개발 파트너를 찾는 사업자와 실무자","https://reumlab.com/app-development/","service_or_hub","BOFU","NONE_BY_EXACT_H1_STATIC_AUDIT","IMPROVE"
"수원 앱개발 외주","region_service","해당 지역에서 개발사를 찾는 사업자","https://reumlab.com/app-development/suwon/","region_service","BOFU","NONE_BY_EXACT_H1_STATIC_AUDIT","MONITOR"
"학원 수강관리 앱 만들기: 수강신청·출결·수납·학부모 알림 한 번에","blog","개발 전 비용·범위·절차를 조사하는 잠재 고객","https://reumlab.com/blog/academy-management-app/","article","TOFU/MOFU","NONE_BY_EXACT_H1_STATIC_AUDIT","MONITOR"
"병원·한의원 예약·접수·문진 앱: 대기 줄이고 노쇼 막는 법","blog","개발 전 비용·범위·절차를 조사하는 잠재 고객","https://reumlab.com/blog/clinic-reservation-app/","article","TOFU/MOFU","NONE_BY_EXACT_H1_STATIC_AUDIT","MONITOR"
"동탄 카페·학원·헬스장 예약앱 만들기: 노쇼 줄이는 5가지 기능","blog","개발 전 비용·범위·절차를 조사하는 잠재 고객","https://reumlab.com/blog/dongtan-reservation-app/","article","TOFU/MOFU","NONE_BY_EXACT_H1_STATIC_AUDIT","MONITOR"
"Flutter 앱개발 외주, 장단점 솔직 정리","blog","개발 전 비용·범위·절차를 조사하는 잠재 고객","https://reumlab.com/blog/flutter-oeju-jangdanjeom/","article","TOFU/MOFU","NONE_BY_EXACT_H1_STATIC_AUDIT","MONITOR"
"헬스장·필라테스 회원관리 앱: 회원권·PT·자동결제·출석 한 번에","blog","개발 전 비용·범위·절차를 조사하는 잠재 고객","https://reumlab.com/blog/gym-membership-app/","article","TOFU/MOFU","NONE_BY_EXACT_H1_STATIC_AUDIT","MONITOR"
"화성 동탄첨단산업단지 기업을 위한 업무용 웹·관리자 시스템 개발","blog","개발 전 비용·범위·절차를 조사하는 잠재 고객","https://reumlab.com/blog/hwaseong-dongtan-business-web/","article","TOFU/MOFU","NONE_BY_EXACT_H1_STATIC_AUDIT","MONITOR"
"앱·웹 개발 실무 칼럼","blog_hub","개발 전 비용·범위·절차를 조사하는 잠재 고객","https://reumlab.com/blog/","article","TOFU/MOFU","NONE_BY_EXACT_H1_STATIC_AUDIT","MONITOR"
"MVP 개발 비용, 견적보다 먼저 봐야 할 것은 따로 있습니다","blog","개발 전 비용·범위·절차를 조사하는 잠재 고객","https://reumlab.com/blog/mvp-cost-before-quote/","article","TOFU/MOFU","NONE_BY_EXACT_H1_STATIC_AUDIT","MONITOR"
"음식점·카페 주문·웨이팅·포인트 앱: 회전율 높이고 단골 만드는 법","blog","개발 전 비용·범위·절차를 조사하는 잠재 고객","https://reumlab.com/blog/restaurant-order-app/","article","TOFU/MOFU","NONE_BY_EXACT_H1_STATIC_AUDIT","MONITOR"
"수원 앱개발 업체 고르는 법","blog","개발 전 비용·범위·절차를 조사하는 잠재 고객","https://reumlab.com/blog/suwon-app-gaebal-upche/","article","TOFU/MOFU","NONE_BY_EXACT_H1_STATIC_AUDIT","MONITOR"
"소상공인, 홈페이지부터일까 앱부터일까? 선택 기준 5가지","blog","개발 전 비용·범위·절차를 조사하는 잠재 고객","https://reumlab.com/blog/website-or-app-first/","article","TOFU/MOFU","NONE_BY_EXACT_H1_STATIC_AUDIT","MONITOR"
"카페24 한계, 맞춤개발로 넘어서기","service_or_hub","앱·웹·AI 개발 파트너를 찾는 사업자와 실무자","https://reumlab.com/cafe24-limit/","service_or_hub","BOFU","NONE_BY_EXACT_H1_STATIC_AUDIT","IMPROVE"
"Flutter vs React Native, MVP에는 무엇이 맞을까","comparison","기술·업체 선택지를 비교하는 실무자","https://reumlab.com/compare/flutter-vs-react-native/","comparison","MOFU","NONE_BY_EXACT_H1_STATIC_AUDIT","RETAIN"
"외주개발 vs 자체개발, 초기에는 무엇이 맞을까","comparison","기술·업체 선택지를 비교하는 실무자","https://reumlab.com/compare/outsourcing-vs-inhouse/","comparison","MOFU","NONE_BY_EXACT_H1_STATIC_AUDIT","RETAIN"
"앱 외주 vs 노코드, 무엇을 선택할까","comparison","기술·업체 선택지를 비교하는 실무자","https://reumlab.com/compare/outsourcing-vs-nocode/","comparison","MOFU","NONE_BY_EXACT_H1_STATIC_AUDIT","RETAIN"
"학원·교육 앱 개발 비용","industry_cost","예산과 포함 범위를 비교하는 구매 의사결정자","https://reumlab.com/cost/academy/","cost_landing","BOFU","NONE_BY_EXACT_H1_STATIC_AUDIT","MONITOR"
"농업·산지직거래 앱 개발 비용","industry_cost","예산과 포함 범위를 비교하는 구매 의사결정자","https://reumlab.com/cost/agriculture/","cost_landing","BOFU","NONE_BY_EXACT_H1_STATIC_AUDIT","MONITOR"
"동물병원 앱 개발 비용","industry_cost","예산과 포함 범위를 비교하는 구매 의사결정자","https://reumlab.com/cost/animal-hospital/","cost_landing","BOFU","NONE_BY_EXACT_H1_STATIC_AUDIT","MONITOR"
"미술학원 앱 개발 비용","industry_cost","예산과 포함 범위를 비교하는 구매 의사결정자","https://reumlab.com/cost/art-academy/","cost_landing","BOFU","NONE_BY_EXACT_H1_STATIC_AUDIT","MONITOR"
"B2B SaaS·업무툴 앱 개발 비용","industry_cost","예산과 포함 범위를 비교하는 구매 의사결정자","https://reumlab.com/cost/b2b-saas/","cost_landing","BOFU","NONE_BY_EXACT_H1_STATIC_AUDIT","MONITOR"
"베이커리·디저트 앱 개발 비용","industry_cost","예산과 포함 범위를 비교하는 구매 의사결정자","https://reumlab.com/cost/bakery/","cost_landing","BOFU","NONE_BY_EXACT_H1_STATIC_AUDIT","MONITOR"
"당구장·볼링장 앱 개발 비용","industry_cost","예산과 포함 범위를 비교하는 구매 의사결정자","https://reumlab.com/cost/billiards/","cost_landing","BOFU","NONE_BY_EXACT_H1_STATIC_AUDIT","MONITOR"
"예약(미용·네일·공방) 앱 개발 비용","industry_cost","예산과 포함 범위를 비교하는 구매 의사결정자","https://reumlab.com/cost/booking/","cost_landing","BOFU","NONE_BY_EXACT_H1_STATIC_AUDIT","MONITOR"
"서점·북카페 앱 개발 비용","industry_cost","예산과 포함 범위를 비교하는 구매 의사결정자","https://reumlab.com/cost/bookstore/","cost_landing","BOFU","NONE_BY_EXACT_H1_STATIC_AUDIT","MONITOR"
"정육·수산 앱 개발 비용","industry_cost","예산과 포함 범위를 비교하는 구매 의사결정자","https://reumlab.com/cost/butcher/","cost_landing","BOFU","NONE_BY_EXACT_H1_STATIC_AUDIT","MONITOR"
"카페 앱 개발 비용","industry_cost","예산과 포함 범위를 비교하는 구매 의사결정자","https://reumlab.com/cost/cafe/","cost_landing","BOFU","NONE_BY_EXACT_H1_STATIC_AUDIT","MONITOR"
"캠핑·글램핑 앱 개발 비용","industry_cost","예산과 포함 범위를 비교하는 구매 의사결정자","https://reumlab.com/cost/camping/","cost_landing","BOFU","NONE_BY_EXACT_H1_STATIC_AUDIT","MONITOR"
"자동차정비 앱 개발 비용","industry_cost","예산과 포함 범위를 비교하는 구매 의사결정자","https://reumlab.com/cost/car-repair/","cost_landing","BOFU","NONE_BY_EXACT_H1_STATIC_AUDIT","MONITOR"
"세차·디테일링 앱 개발 비용","industry_cost","예산과 포함 범위를 비교하는 구매 의사결정자","https://reumlab.com/cost/car-wash/","cost_landing","BOFU","NONE_BY_EXACT_H1_STATIC_AUDIT","MONITOR"
"케이터링·출장뷔페 앱 개발 비용","industry_cost","예산과 포함 범위를 비교하는 구매 의사결정자","https://reumlab.com/cost/catering/","cost_landing","BOFU","NONE_BY_EXACT_H1_STATIC_AUDIT","MONITOR"
"유치원·어린이집 앱 개발 비용","industry_cost","예산과 포함 범위를 비교하는 구매 의사결정자","https://reumlab.com/cost/childcare/","cost_landing","BOFU","NONE_BY_EXACT_H1_STATIC_AUDIT","MONITOR"
"교회·종교시설 앱 개발 비용","industry_cost","예산과 포함 범위를 비교하는 구매 의사결정자","https://reumlab.com/cost/church/","cost_landing","BOFU","NONE_BY_EXACT_H1_STATIC_AUDIT","MONITOR"
"청소·홈서비스 앱 개발 비용","industry_cost","예산과 포함 범위를 비교하는 구매 의사결정자","https://reumlab.com/cost/cleaning/","cost_landing","BOFU","NONE_BY_EXACT_H1_STATIC_AUDIT","MONITOR"
"클라이밍짐 앱 개발 비용","industry_cost","예산과 포함 범위를 비교하는 구매 의사결정자","https://reumlab.com/cost/climbing/","cost_landing","BOFU","NONE_BY_EXACT_H1_STATIC_AUDIT","MONITOR"
"공유주방 앱 개발 비용","industry_cost","예산과 포함 범위를 비교하는 구매 의사결정자","https://reumlab.com/cost/cloud-kitchen/","cost_landing","BOFU","NONE_BY_EXACT_H1_STATIC_AUDIT","MONITOR"
"무인 코인세탁 앱 개발 비용","industry_cost","예산과 포함 범위를 비교하는 구매 의사결정자","https://reumlab.com/cost/coin-laundry/","cost_landing","BOFU","NONE_BY_EXACT_H1_STATIC_AUDIT","MONITOR"
"커뮤니티·모임 앱 개발 비용","industry_cost","예산과 포함 범위를 비교하는 구매 의사결정자","https://reumlab.com/cost/community/","cost_landing","BOFU","NONE_BY_EXACT_H1_STATIC_AUDIT","MONITOR"
"건설·현장관리 앱 개발 비용","industry_cost","예산과 포함 범위를 비교하는 구매 의사결정자","https://reumlab.com/cost/construction/","cost_landing","BOFU","NONE_BY_EXACT_H1_STATIC_AUDIT","MONITOR"
"요리·원데이 클래스 앱 개발 비용","industry_cost","예산과 포함 범위를 비교하는 구매 의사결정자","https://reumlab.com/cost/cooking-class/","cost_landing","BOFU","NONE_BY_EXACT_H1_STATIC_AUDIT","MONITOR"
"공유오피스 앱 개발 비용","industry_cost","예산과 포함 범위를 비교하는 구매 의사결정자","https://reumlab.com/cost/coworking/","cost_landing","BOFU","NONE_BY_EXACT_H1_STATIC_AUDIT","MONITOR"
"크리에이터·MCN 앱 개발 비용","industry_cost","예산과 포함 범위를 비교하는 구매 의사결정자","https://reumlab.com/cost/creator/","cost_landing","BOFU","NONE_BY_EXACT_H1_STATIC_AUDIT","MONITOR"
"무용·발레학원 앱 개발 비용","industry_cost","예산과 포함 범위를 비교하는 구매 의사결정자","https://reumlab.com/cost/dance-academy/","cost_landing","BOFU","NONE_BY_EXACT_H1_STATIC_AUDIT","MONITOR"
"배달·주문 앱 개발 비용","industry_cost","예산과 포함 범위를 비교하는 구매 의사결정자","https://reumlab.com/cost/delivery/","cost_landing","BOFU","NONE_BY_EXACT_H1_STATIC_AUDIT","MONITOR"
"치과 앱 개발 비용","industry_cost","예산과 포함 범위를 비교하는 구매 의사결정자","https://reumlab.com/cost/dental/","cost_landing","BOFU","NONE_BY_EXACT_H1_STATIC_AUDIT","MONITOR"
"운전학원 앱 개발 비용","industry_cost","예산과 포함 범위를 비교하는 구매 의사결정자","https://reumlab.com/cost/driving-school/","cost_landing","BOFU","NONE_BY_EXACT_H1_STATIC_AUDIT","MONITOR"
"영어학원 앱 개발 비용","industry_cost","예산과 포함 범위를 비교하는 구매 의사결정자","https://reumlab.com/cost/english-academy/","cost_landing","BOFU","NONE_BY_EXACT_H1_STATIC_AUDIT","MONITOR"
"에스테틱·스파 앱 개발 비용","industry_cost","예산과 포함 범위를 비교하는 구매 의사결정자","https://reumlab.com/cost/esthetic/","cost_landing","BOFU","NONE_BY_EXACT_H1_STATIC_AUDIT","MONITOR"
"행사·이벤트 대행 앱 개발 비용","industry_cost","예산과 포함 범위를 비교하는 구매 의사결정자","https://reumlab.com/cost/event-agency/","cost_landing","BOFU","NONE_BY_EXACT_H1_STATIC_AUDIT","MONITOR"
"낚시·선상 앱 개발 비용","industry_cost","예산과 포함 범위를 비교하는 구매 의사결정자","https://reumlab.com/cost/fishing/","cost_landing","BOFU","NONE_BY_EXACT_H1_STATIC_AUDIT","MONITOR"
"피트니스·헬스장 앱 개발 비용","industry_cost","예산과 포함 범위를 비교하는 구매 의사결정자","https://reumlab.com/cost/fitness/","cost_landing","BOFU","NONE_BY_EXACT_H1_STATIC_AUDIT","MONITOR"
"꽃집·화훼 앱 개발 비용","industry_cost","예산과 포함 범위를 비교하는 구매 의사결정자","https://reumlab.com/cost/flower/","cost_landing","BOFU","NONE_BY_EXACT_H1_STATIC_AUDIT","MONITOR"
"푸드테크·식단 앱 개발 비용","industry_cost","예산과 포함 범위를 비교하는 구매 의사결정자","https://reumlab.com/cost/foodtech/","cost_landing","BOFU","NONE_BY_EXACT_H1_STATIC_AUDIT","MONITOR"
"프랜차이즈 본사 앱 개발 비용","industry_cost","예산과 포함 범위를 비교하는 구매 의사결정자","https://reumlab.com/cost/franchise/","cost_landing","BOFU","NONE_BY_EXACT_H1_STATIC_AUDIT","MONITOR"
"상조·장례 앱 개발 비용","industry_cost","예산과 포함 범위를 비교하는 구매 의사결정자","https://reumlab.com/cost/funeral/","cost_landing","BOFU","NONE_BY_EXACT_H1_STATIC_AUDIT","MONITOR"
"가구·리빙 앱 개발 비용","industry_cost","예산과 포함 범위를 비교하는 구매 의사결정자","https://reumlab.com/cost/furniture/","cost_landing","BOFU","NONE_BY_EXACT_H1_STATIC_AUDIT","MONITOR"
"게임 개발 앱 개발 비용","industry_cost","예산과 포함 범위를 비교하는 구매 의사결정자","https://reumlab.com/cost/game-studio/","cost_landing","BOFU","NONE_BY_EXACT_H1_STATIC_AUDIT","MONITOR"
"골프·스포츠 예약 앱 개발 비용","industry_cost","예산과 포함 범위를 비교하는 구매 의사결정자","https://reumlab.com/cost/golf/","cost_landing","BOFU","NONE_BY_EXACT_H1_STATIC_AUDIT","MONITOR"
"골프연습장 앱 개발 비용","industry_cost","예산과 포함 범위를 비교하는 구매 의사결정자","https://reumlab.com/cost/golf-range/","cost_landing","BOFU","NONE_BY_EXACT_H1_STATIC_AUDIT","MONITOR"
"동네마트·장보기 앱 개발 비용","industry_cost","예산과 포함 범위를 비교하는 구매 의사결정자","https://reumlab.com/cost/grocery/","cost_landing","BOFU","NONE_BY_EXACT_H1_STATIC_AUDIT","MONITOR"
"미용실 앱 개발 비용","industry_cost","예산과 포함 범위를 비교하는 구매 의사결정자","https://reumlab.com/cost/hair-salon/","cost_landing","BOFU","NONE_BY_EXACT_H1_STATIC_AUDIT","MONITOR"
"병원·의원 앱 개발 비용","industry_cost","예산과 포함 범위를 비교하는 구매 의사결정자","https://reumlab.com/cost/hospital/","cost_landing","BOFU","NONE_BY_EXACT_H1_STATIC_AUDIT","MONITOR"
"업종별 앱 개발 비용 — 100개 업종 가격대·견적 기준","service_or_hub","예산과 포함 범위를 비교하는 구매 의사결정자","https://reumlab.com/cost/","cost_landing","BOFU","NONE_BY_EXACT_H1_STATIC_AUDIT","IMPROVE"
"보험 설계 앱 개발 비용","industry_cost","예산과 포함 범위를 비교하는 구매 의사결정자","https://reumlab.com/cost/insurance/","cost_landing","BOFU","NONE_BY_EXACT_H1_STATIC_AUDIT","MONITOR"
"인테리어·시공 앱 개발 비용","industry_cost","예산과 포함 범위를 비교하는 구매 의사결정자","https://reumlab.com/cost/interior/","cost_landing","BOFU","NONE_BY_EXACT_H1_STATIC_AUDIT","MONITOR"
"키즈카페 앱 개발 비용","industry_cost","예산과 포함 범위를 비교하는 구매 의사결정자","https://reumlab.com/cost/kids-cafe/","cost_landing","BOFU","NONE_BY_EXACT_H1_STATIC_AUDIT","MONITOR"
"노무·인사 앱 개발 비용","industry_cost","예산과 포함 범위를 비교하는 구매 의사결정자","https://reumlab.com/cost/labor-hr/","cost_landing","BOFU","NONE_BY_EXACT_H1_STATIC_AUDIT","MONITOR"
"세탁·수거배송 앱 개발 비용","industry_cost","예산과 포함 범위를 비교하는 구매 의사결정자","https://reumlab.com/cost/laundry/","cost_landing","BOFU","NONE_BY_EXACT_H1_STATIC_AUDIT","MONITOR"
"법무법인·변호사 앱 개발 비용","industry_cost","예산과 포함 범위를 비교하는 구매 의사결정자","https://reumlab.com/cost/law-firm/","cost_landing","BOFU","NONE_BY_EXACT_H1_STATIC_AUDIT","MONITOR"
"주류·와인샵 앱 개발 비용","industry_cost","예산과 포함 범위를 비교하는 구매 의사결정자","https://reumlab.com/cost/liquor-shop/","cost_landing","BOFU","NONE_BY_EXACT_H1_STATIC_AUDIT","MONITOR"
"대출·금융 상담 앱 개발 비용","industry_cost","예산과 포함 범위를 비교하는 구매 의사결정자","https://reumlab.com/cost/loan/","cost_landing","BOFU","NONE_BY_EXACT_H1_STATIC_AUDIT","MONITOR"
"숙박·펜션 앱 개발 비용","industry_cost","예산과 포함 범위를 비교하는 구매 의사결정자","https://reumlab.com/cost/lodging/","cost_landing","BOFU","NONE_BY_EXACT_H1_STATIC_AUDIT","MONITOR"
"물류·배송 앱 개발 비용","industry_cost","예산과 포함 범위를 비교하는 구매 의사결정자","https://reumlab.com/cost/logistics/","cost_landing","BOFU","NONE_BY_EXACT_H1_STATIC_AUDIT","MONITOR"
"제조·공장 앱 개발 비용","industry_cost","예산과 포함 범위를 비교하는 구매 의사결정자","https://reumlab.com/cost/manufacturing/","cost_landing","BOFU","NONE_BY_EXACT_H1_STATIC_AUDIT","MONITOR"
"마케팅 대행 앱 개발 비용","industry_cost","예산과 포함 범위를 비교하는 구매 의사결정자","https://reumlab.com/cost/marketing-agency/","cost_landing","BOFU","NONE_BY_EXACT_H1_STATIC_AUDIT","MONITOR"
"중고거래·마켓 앱 개발 비용","industry_cost","예산과 포함 범위를 비교하는 구매 의사결정자","https://reumlab.com/cost/marketplace/","cost_landing","BOFU","NONE_BY_EXACT_H1_STATIC_AUDIT","MONITOR"
"마사지·테라피 앱 개발 비용","industry_cost","예산과 포함 범위를 비교하는 구매 의사결정자","https://reumlab.com/cost/massage/","cost_landing","BOFU","NONE_BY_EXACT_H1_STATIC_AUDIT","MONITOR"
"수학·입시학원 앱 개발 비용","industry_cost","예산과 포함 범위를 비교하는 구매 의사결정자","https://reumlab.com/cost/math-academy/","cost_landing","BOFU","NONE_BY_EXACT_H1_STATIC_AUDIT","MONITOR"
"이사·용달 앱 개발 비용","industry_cost","예산과 포함 범위를 비교하는 구매 의사결정자","https://reumlab.com/cost/moving/","cost_landing","BOFU","NONE_BY_EXACT_H1_STATIC_AUDIT","MONITOR"
"음악학원 앱 개발 비용","industry_cost","예산과 포함 범위를 비교하는 구매 의사결정자","https://reumlab.com/cost/music-academy/","cost_landing","BOFU","NONE_BY_EXACT_H1_STATIC_AUDIT","MONITOR"
"네일·왁싱샵 앱 개발 비용","industry_cost","예산과 포함 범위를 비교하는 구매 의사결정자","https://reumlab.com/cost/nail-shop/","cost_landing","BOFU","NONE_BY_EXACT_H1_STATIC_AUDIT","MONITOR"
"비영리·협회 앱 개발 비용","industry_cost","예산과 포함 범위를 비교하는 구매 의사결정자","https://reumlab.com/cost/nonprofit/","cost_landing","BOFU","NONE_BY_EXACT_H1_STATIC_AUDIT","MONITOR"
"O2O 플랫폼 앱 개발 비용","industry_cost","예산과 포함 범위를 비교하는 구매 의사결정자","https://reumlab.com/cost/o2o/","cost_landing","BOFU","NONE_BY_EXACT_H1_STATIC_AUDIT","MONITOR"
"안경원 앱 개발 비용","industry_cost","예산과 포함 범위를 비교하는 구매 의사결정자","https://reumlab.com/cost/optician/","cost_landing","BOFU","NONE_BY_EXACT_H1_STATIC_AUDIT","MONITOR"
"한의원 앱 개발 비용","industry_cost","예산과 포함 범위를 비교하는 구매 의사결정자","https://reumlab.com/cost/oriental-medicine/","cost_landing","BOFU","NONE_BY_EXACT_H1_STATIC_AUDIT","MONITOR"
"주차장 앱 개발 비용","industry_cost","예산과 포함 범위를 비교하는 구매 의사결정자","https://reumlab.com/cost/parking/","cost_landing","BOFU","NONE_BY_EXACT_H1_STATIC_AUDIT","MONITOR"
"파티룸·대여공간 앱 개발 비용","industry_cost","예산과 포함 범위를 비교하는 구매 의사결정자","https://reumlab.com/cost/party-room/","cost_landing","BOFU","NONE_BY_EXACT_H1_STATIC_AUDIT","MONITOR"
"특허·지식재산 앱 개발 비용","industry_cost","예산과 포함 범위를 비교하는 구매 의사결정자","https://reumlab.com/cost/patent/","cost_landing","BOFU","NONE_BY_EXACT_H1_STATIC_AUDIT","MONITOR"
"PC방·무인매장 앱 개발 비용","industry_cost","예산과 포함 범위를 비교하는 구매 의사결정자","https://reumlab.com/cost/pc-cafe/","cost_landing","BOFU","NONE_BY_EXACT_H1_STATIC_AUDIT","MONITOR"
"펫·반려동물 앱 개발 비용","industry_cost","예산과 포함 범위를 비교하는 구매 의사결정자","https://reumlab.com/cost/pet/","cost_landing","BOFU","NONE_BY_EXACT_H1_STATIC_AUDIT","MONITOR"
"약국 앱 개발 비용","industry_cost","예산과 포함 범위를 비교하는 구매 의사결정자","https://reumlab.com/cost/pharmacy/","cost_landing","BOFU","NONE_BY_EXACT_H1_STATIC_AUDIT","MONITOR"
"사진관·스튜디오 앱 개발 비용","industry_cost","예산과 포함 범위를 비교하는 구매 의사결정자","https://reumlab.com/cost/photo-studio/","cost_landing","BOFU","NONE_BY_EXACT_H1_STATIC_AUDIT","MONITOR"
"도수치료·재활 앱 개발 비용","industry_cost","예산과 포함 범위를 비교하는 구매 의사결정자","https://reumlab.com/cost/physical-therapy/","cost_landing","BOFU","NONE_BY_EXACT_H1_STATIC_AUDIT","MONITOR"
"필라테스·요가 앱 개발 비용","industry_cost","예산과 포함 범위를 비교하는 구매 의사결정자","https://reumlab.com/cost/pilates/","cost_landing","BOFU","NONE_BY_EXACT_H1_STATIC_AUDIT","MONITOR"
"산후조리원 앱 개발 비용","industry_cost","예산과 포함 범위를 비교하는 구매 의사결정자","https://reumlab.com/cost/postpartum/","cost_landing","BOFU","NONE_BY_EXACT_H1_STATIC_AUDIT","MONITOR"
"인쇄·간판 앱 개발 비용","industry_cost","예산과 포함 범위를 비교하는 구매 의사결정자","https://reumlab.com/cost/printing/","cost_landing","BOFU","NONE_BY_EXACT_H1_STATIC_AUDIT","MONITOR"
"임대·건물관리 앱 개발 비용","industry_cost","예산과 포함 범위를 비교하는 구매 의사결정자","https://reumlab.com/cost/property-mgmt/","cost_landing","BOFU","NONE_BY_EXACT_H1_STATIC_AUDIT","MONITOR"
"심리상담센터 앱 개발 비용","industry_cost","예산과 포함 범위를 비교하는 구매 의사결정자","https://reumlab.com/cost/psychology/","cost_landing","BOFU","NONE_BY_EXACT_H1_STATIC_AUDIT","MONITOR"
"부동산·중개 앱 개발 비용","industry_cost","예산과 포함 범위를 비교하는 구매 의사결정자","https://reumlab.com/cost/realestate/","cost_landing","BOFU","NONE_BY_EXACT_H1_STATIC_AUDIT","MONITOR"
"채용·헤드헌팅 앱 개발 비용","industry_cost","예산과 포함 범위를 비교하는 구매 의사결정자","https://reumlab.com/cost/recruiting/","cost_landing","BOFU","NONE_BY_EXACT_H1_STATIC_AUDIT","MONITOR"
"렌탈·대여 앱 개발 비용","industry_cost","예산과 포함 범위를 비교하는 구매 의사결정자","https://reumlab.com/cost/rental/","cost_landing","BOFU","NONE_BY_EXACT_H1_STATIC_AUDIT","MONITOR"
"렌터카·차량대여 앱 개발 비용","industry_cost","예산과 포함 범위를 비교하는 구매 의사결정자","https://reumlab.com/cost/rental-car/","cost_landing","BOFU","NONE_BY_EXACT_H1_STATIC_AUDIT","MONITOR"
"리조트·워터파크 앱 개발 비용","industry_cost","예산과 포함 범위를 비교하는 구매 의사결정자","https://reumlab.com/cost/resort/","cost_landing","BOFU","NONE_BY_EXACT_H1_STATIC_AUDIT","MONITOR"
"식당·외식 앱 개발 비용","industry_cost","예산과 포함 범위를 비교하는 구매 의사결정자","https://reumlab.com/cost/restaurant/","cost_landing","BOFU","NONE_BY_EXACT_H1_STATIC_AUDIT","MONITOR"
"스크린골프 앱 개발 비용","industry_cost","예산과 포함 범위를 비교하는 구매 의사결정자","https://reumlab.com/cost/screen-golf/","cost_landing","BOFU","NONE_BY_EXACT_H1_STATIC_AUDIT","MONITOR"
"보안·경비 앱 개발 비용","industry_cost","예산과 포함 범위를 비교하는 구매 의사결정자","https://reumlab.com/cost/security/","cost_landing","BOFU","NONE_BY_EXACT_H1_STATIC_AUDIT","MONITOR"
"요양·주간보호 앱 개발 비용","industry_cost","예산과 포함 범위를 비교하는 구매 의사결정자","https://reumlab.com/cost/senior/","cost_landing","BOFU","NONE_BY_EXACT_H1_STATIC_AUDIT","MONITOR"
"쇼핑몰·커머스 앱 개발 비용","industry_cost","예산과 포함 범위를 비교하는 구매 의사결정자","https://reumlab.com/cost/shopping/","cost_landing","BOFU","NONE_BY_EXACT_H1_STATIC_AUDIT","MONITOR"
"반찬·밀키트 앱 개발 비용","industry_cost","예산과 포함 범위를 비교하는 구매 의사결정자","https://reumlab.com/cost/sidedish/","cost_landing","BOFU","NONE_BY_EXACT_H1_STATIC_AUDIT","MONITOR"
"피부과·성형외과 앱 개발 비용","industry_cost","예산과 포함 범위를 비교하는 구매 의사결정자","https://reumlab.com/cost/skin-clinic/","cost_landing","BOFU","NONE_BY_EXACT_H1_STATIC_AUDIT","MONITOR"
"태양광·에너지 앱 개발 비용","industry_cost","예산과 포함 범위를 비교하는 구매 의사결정자","https://reumlab.com/cost/solar/","cost_landing","BOFU","NONE_BY_EXACT_H1_STATIC_AUDIT","MONITOR"
"언어·발달치료 앱 개발 비용","industry_cost","예산과 포함 범위를 비교하는 구매 의사결정자","https://reumlab.com/cost/speech/","cost_landing","BOFU","NONE_BY_EXACT_H1_STATIC_AUDIT","MONITOR"
"셀프스토리지 앱 개발 비용","industry_cost","예산과 포함 범위를 비교하는 구매 의사결정자","https://reumlab.com/cost/storage/","cost_landing","BOFU","NONE_BY_EXACT_H1_STATIC_AUDIT","MONITOR"
"스터디카페·독서실 앱 개발 비용","industry_cost","예산과 포함 범위를 비교하는 구매 의사결정자","https://reumlab.com/cost/studycafe/","cost_landing","BOFU","NONE_BY_EXACT_H1_STATIC_AUDIT","MONITOR"
"구독 서비스 앱 개발 비용","industry_cost","예산과 포함 범위를 비교하는 구매 의사결정자","https://reumlab.com/cost/subscription/","cost_landing","BOFU","NONE_BY_EXACT_H1_STATIC_AUDIT","MONITOR"
"수영장·스포츠센터 앱 개발 비용","industry_cost","예산과 포함 범위를 비교하는 구매 의사결정자","https://reumlab.com/cost/swimming/","cost_landing","BOFU","NONE_BY_EXACT_H1_STATIC_AUDIT","MONITOR"
"태권도·체육관 앱 개발 비용","industry_cost","예산과 포함 범위를 비교하는 구매 의사결정자","https://reumlab.com/cost/taekwondo/","cost_landing","BOFU","NONE_BY_EXACT_H1_STATIC_AUDIT","MONITOR"
"맞춤정장·수선 앱 개발 비용","industry_cost","예산과 포함 범위를 비교하는 구매 의사결정자","https://reumlab.com/cost/tailor/","cost_landing","BOFU","NONE_BY_EXACT_H1_STATIC_AUDIT","MONITOR"
"세무·회계 앱 개발 비용","industry_cost","예산과 포함 범위를 비교하는 구매 의사결정자","https://reumlab.com/cost/tax-accounting/","cost_landing","BOFU","NONE_BY_EXACT_H1_STATIC_AUDIT","MONITOR"
"비대면 진료 앱 개발 비용","industry_cost","예산과 포함 범위를 비교하는 구매 의사결정자","https://reumlab.com/cost/telemedicine/","cost_landing","BOFU","NONE_BY_EXACT_H1_STATIC_AUDIT","MONITOR"
"번역·통역 앱 개발 비용","industry_cost","예산과 포함 범위를 비교하는 구매 의사결정자","https://reumlab.com/cost/translation/","cost_landing","BOFU","NONE_BY_EXACT_H1_STATIC_AUDIT","MONITOR"
"여행·투어 앱 개발 비용","industry_cost","예산과 포함 범위를 비교하는 구매 의사결정자","https://reumlab.com/cost/travel/","cost_landing","BOFU","NONE_BY_EXACT_H1_STATIC_AUDIT","MONITOR"
"과외·교습 매칭 앱 개발 비용","industry_cost","예산과 포함 범위를 비교하는 구매 의사결정자","https://reumlab.com/cost/tutoring/","cost_landing","BOFU","NONE_BY_EXACT_H1_STATIC_AUDIT","MONITOR"
"대학·평생교육 앱 개발 비용","industry_cost","예산과 포함 범위를 비교하는 구매 의사결정자","https://reumlab.com/cost/university/","cost_landing","BOFU","NONE_BY_EXACT_H1_STATIC_AUDIT","MONITOR"
"무인매장 앱 개발 비용","industry_cost","예산과 포함 범위를 비교하는 구매 의사결정자","https://reumlab.com/cost/unmanned-store/","cost_landing","BOFU","NONE_BY_EXACT_H1_STATIC_AUDIT","MONITOR"
"중고차 앱 개발 비용","industry_cost","예산과 포함 범위를 비교하는 구매 의사결정자","https://reumlab.com/cost/used-car/","cost_landing","BOFU","NONE_BY_EXACT_H1_STATIC_AUDIT","MONITOR"
"웨딩·돌잔치 앱 개발 비용","industry_cost","예산과 포함 범위를 비교하는 구매 의사결정자","https://reumlab.com/cost/wedding/","cost_landing","BOFU","NONE_BY_EXACT_H1_STATIC_AUDIT","MONITOR"
"도소매·유통 앱 개발 비용","industry_cost","예산과 포함 범위를 비교하는 구매 의사결정자","https://reumlab.com/cost/wholesale/","cost_landing","BOFU","NONE_BY_EXACT_H1_STATIC_AUDIT","MONITOR"
"요가원 앱 개발 비용","industry_cost","예산과 포함 범위를 비교하는 구매 의사결정자","https://reumlab.com/cost/yoga/","cost_landing","BOFU","NONE_BY_EXACT_H1_STATIC_AUDIT","MONITOR"
"데이터·SEO 자동화 구축 수작업으로 만들 수 없는 규모를 자동화로","service_or_hub","앱·웹·AI 개발 파트너를 찾는 사업자와 실무자","https://reumlab.com/data-seo/","service_or_hub","BOFU","NONE_BY_EXACT_H1_STATIC_AUDIT","IMPROVE"
"우리 회사 자료로 답하는 사내 AI 구축","service_or_hub","앱·웹·AI 개발 파트너를 찾는 사업자와 실무자","https://reumlab.com/enterprise-ai/","service_or_hub","BOFU","NONE_BY_EXACT_H1_STATIC_AUDIT","IMPROVE"
"맞춤형 ERP·관리 시스템 개발 엑셀과 반복 입력을 우리 회사 운영 시스템으로","service_or_hub","앱·웹·AI 개발 파트너를 찾는 사업자와 실무자","https://reumlab.com/erp/","service_or_hub","BOFU","NONE_BY_EXACT_H1_STATIC_AUDIT","IMPROVE"
"동탄 Flutter 앱개발","service_or_hub","앱·웹·AI 개발 파트너를 찾는 사업자와 실무자","https://reumlab.com/flutter/dongtan/","service_or_hub","BOFU","NONE_BY_EXACT_H1_STATIC_AUDIT","IMPROVE"
"화성 Flutter 앱개발","service_or_hub","앱·웹·AI 개발 파트너를 찾는 사업자와 실무자","https://reumlab.com/flutter/hwaseong/","service_or_hub","BOFU","NONE_BY_EXACT_H1_STATIC_AUDIT","IMPROVE"
"Flutter 앱개발 외주","service_or_hub","앱·웹·AI 개발 파트너를 찾는 사업자와 실무자","https://reumlab.com/flutter/","service_or_hub","BOFU","NONE_BY_EXACT_H1_STATIC_AUDIT","IMPROVE"
"수원 Flutter 앱개발","service_or_hub","앱·웹·AI 개발 파트너를 찾는 사업자와 실무자","https://reumlab.com/flutter/suwon/","service_or_hub","BOFU","NONE_BY_EXACT_H1_STATIC_AUDIT","IMPROVE"
"Flutter 앱개발 · Flutter Development","service_or_hub","앱·웹·AI 개발 파트너를 찾는 사업자와 실무자","https://reumlab.com/flutter-development/","service_or_hub","BOFU","NONE_BY_EXACT_H1_STATIC_AUDIT","IMPROVE"
"학원 앱 만들기, 등하원 알림이 먼저다","guide","개발 전 비용·범위·절차를 조사하는 잠재 고객","https://reumlab.com/guide/academy-app-guide/","guide","TOFU/MOFU","NONE_BY_EXACT_H1_STATIC_AUDIT","RETAIN"
"개발 업체를 고를 때 무엇을 확인해야 할까","guide","개발 전 비용·범위·절차를 조사하는 잠재 고객","https://reumlab.com/guide/agency-choice/","guide","TOFU/MOFU","NONE_BY_EXACT_H1_STATIC_AUDIT","RETAIN"
"AI 업무 자동화, 어떤 업무부터 적용할 수 있을까","guide","개발 전 비용·범위·절차를 조사하는 잠재 고객","https://reumlab.com/guide/ai-automation-guide/","guide","TOFU/MOFU","NONE_BY_EXACT_H1_STATIC_AUDIT","RETAIN"
"앱개발 비용, 무엇이 가격을 결정할까","guide","개발 전 비용·범위·절차를 조사하는 잠재 고객","https://reumlab.com/guide/app-cost/","guide","TOFU/MOFU","NONE_BY_EXACT_H1_STATIC_AUDIT","RETAIN"
"앱개발 기간은 무엇으로 정해질까","guide","개발 전 비용·범위·절차를 조사하는 잠재 고객","https://reumlab.com/guide/app-duration/","guide","TOFU/MOFU","NONE_BY_EXACT_H1_STATIC_AUDIT","RETAIN"
"B2B SaaS 만들기, 한 팀의 문제부터 풀어라","guide","개발 전 비용·범위·절차를 조사하는 잠재 고객","https://reumlab.com/guide/b2b-saas-guide/","guide","TOFU/MOFU","NONE_BY_EXACT_H1_STATIC_AUDIT","RETAIN"
"예약 앱 만들기, 노쇼와 응대를 함께 줄여라","guide","개발 전 비용·범위·절차를 조사하는 잠재 고객","https://reumlab.com/guide/booking-app-guide/","guide","TOFU/MOFU","NONE_BY_EXACT_H1_STATIC_AUDIT","RETAIN"
"카페 앱 만들기, 수수료 없이 단골을 잡아라","guide","개발 전 비용·범위·절차를 조사하는 잠재 고객","https://reumlab.com/guide/cafe-app-guide/","guide","TOFU/MOFU","NONE_BY_EXACT_H1_STATIC_AUDIT","RETAIN"
"AI 챗봇 개발 비용, 단계별로 접근하기","guide","개발 전 비용·범위·절차를 조사하는 잠재 고객","https://reumlab.com/guide/chatbot-cost/","guide","TOFU/MOFU","NONE_BY_EXACT_H1_STATIC_AUDIT","RETAIN"
"청소 앱 만들기, 준비된 방문을 만들어라","guide","개발 전 비용·범위·절차를 조사하는 잠재 고객","https://reumlab.com/guide/cleaning-app-guide/","guide","TOFU/MOFU","NONE_BY_EXACT_H1_STATIC_AUDIT","RETAIN"
"커뮤니티 앱 만들기, 기능보다 활동이 먼저다","guide","개발 전 비용·범위·절차를 조사하는 잠재 고객","https://reumlab.com/guide/community-app-guide/","guide","TOFU/MOFU","NONE_BY_EXACT_H1_STATIC_AUDIT","RETAIN"
"배달 앱 만들기, 수수료 없이 단골을 확보하라","guide","개발 전 비용·범위·절차를 조사하는 잠재 고객","https://reumlab.com/guide/delivery-app-guide/","guide","TOFU/MOFU","NONE_BY_EXACT_H1_STATIC_AUDIT","RETAIN"
"치과 앱 만들기, 리콜을 먼저 설계하라","guide","개발 전 비용·범위·절차를 조사하는 잠재 고객","https://reumlab.com/guide/dental-app-guide/","guide","TOFU/MOFU","NONE_BY_EXACT_H1_STATIC_AUDIT","RETAIN"
"외주 개발은 어떤 순서로 진행될까","guide","개발 전 비용·범위·절차를 조사하는 잠재 고객","https://reumlab.com/guide/dev-process/","guide","TOFU/MOFU","NONE_BY_EXACT_H1_STATIC_AUDIT","RETAIN"
"동탄·화성에서 앱·홈페이지 개발 업체 고르기","guide","개발 전 비용·범위·절차를 조사하는 잠재 고객","https://reumlab.com/guide/dongtan-hwaseong/","guide","TOFU/MOFU","NONE_BY_EXACT_H1_STATIC_AUDIT","RETAIN"
"기업 AI 도입 전 무엇부터 정해야 할까?","guide","개발 전 비용·범위·절차를 조사하는 잠재 고객","https://reumlab.com/guide/enterprise-ai-adoption/","guide","TOFU/MOFU","NONE_BY_EXACT_H1_STATIC_AUDIT","RETAIN"
"사내 AI 구축 비용은 무엇에 따라 달라질까?","guide","개발 전 비용·범위·절차를 조사하는 잠재 고객","https://reumlab.com/guide/enterprise-ai-cost/","guide","TOFU/MOFU","NONE_BY_EXACT_H1_STATIC_AUDIT","RETAIN"
"맞춤형 ERP 구축 비용, 무엇이 가격을 결정할까","guide","개발 전 비용·범위·절차를 조사하는 잠재 고객","https://reumlab.com/guide/erp-cost/","guide","TOFU/MOFU","NONE_BY_EXACT_H1_STATIC_AUDIT","RETAIN"
"헬스장 앱 만들기, 데스크 문의부터 줄여라","guide","개발 전 비용·범위·절차를 조사하는 잠재 고객","https://reumlab.com/guide/fitness-app-guide/","guide","TOFU/MOFU","NONE_BY_EXACT_H1_STATIC_AUDIT","RETAIN"
"Flutter 앱개발 비용이 합리적인 이유","guide","개발 전 비용·범위·절차를 조사하는 잠재 고객","https://reumlab.com/guide/flutter-cost/","guide","TOFU/MOFU","NONE_BY_EXACT_H1_STATIC_AUDIT","RETAIN"
"미용실 앱 만들기, 지정 손님 재방문을 설계하라","guide","개발 전 비용·범위·절차를 조사하는 잠재 고객","https://reumlab.com/guide/hair-salon-app-guide/","guide","TOFU/MOFU","NONE_BY_EXACT_H1_STATIC_AUDIT","RETAIN"
"병원 앱 만들기, 무엇부터 준비할까","guide","개발 전 비용·범위·절차를 조사하는 잠재 고객","https://reumlab.com/guide/hospital-app-guide/","guide","TOFU/MOFU","NONE_BY_EXACT_H1_STATIC_AUDIT","RETAIN"
"개발 가이드 모음 — 비용·견적·업종별 앱 만들기","guide_hub","개발 전 비용·범위·절차를 조사하는 잠재 고객","https://reumlab.com/guide/","guide","TOFU/MOFU","NONE_BY_EXACT_H1_STATIC_AUDIT","MONITOR"
"인테리어 앱 만들기, 진행을 투명하게 공유하라","guide","개발 전 비용·범위·절차를 조사하는 잠재 고객","https://reumlab.com/guide/interior-app-guide/","guide","TOFU/MOFU","NONE_BY_EXACT_H1_STATIC_AUDIT","RETAIN"
"키즈카페 앱 만들기, 주말 혼잡부터 관리하라","guide","개발 전 비용·범위·절차를 조사하는 잠재 고객","https://reumlab.com/guide/kids-cafe-app-guide/","guide","TOFU/MOFU","NONE_BY_EXACT_H1_STATIC_AUDIT","RETAIN"
"숙박 앱 만들기, 직접 예약을 키워라","guide","개발 전 비용·범위·절차를 조사하는 잠재 고객","https://reumlab.com/guide/lodging-app-guide/","guide","TOFU/MOFU","NONE_BY_EXACT_H1_STATIC_AUDIT","RETAIN"
"제조 시스템 만들기, ERP를 다 만들지 마라","guide","개발 전 비용·범위·절차를 조사하는 잠재 고객","https://reumlab.com/guide/manufacturing-app-guide/","guide","TOFU/MOFU","NONE_BY_EXACT_H1_STATIC_AUDIT","RETAIN"
"MVP 개발 비용, 범위 분할로 줄이기","guide","개발 전 비용·범위·절차를 조사하는 잠재 고객","https://reumlab.com/guide/mvp-cost/","guide","TOFU/MOFU","NONE_BY_EXACT_H1_STATIC_AUDIT","RETAIN"
"MVP에 넣을 기능은 어떻게 고를까","guide","개발 전 비용·범위·절차를 조사하는 잠재 고객","https://reumlab.com/guide/mvp-priority/","guide","TOFU/MOFU","NONE_BY_EXACT_H1_STATIC_AUDIT","RETAIN"
"비개발자 대표의 앱개발 외주 가이드","guide","개발 전 비용·범위·절차를 조사하는 잠재 고객","https://reumlab.com/guide/non-developer-app/","guide","TOFU/MOFU","NONE_BY_EXACT_H1_STATIC_AUDIT","RETAIN"
"외주 개발을 맡기기 전에 확인할 15가지","guide","개발 전 비용·범위·절차를 조사하는 잠재 고객","https://reumlab.com/guide/outsourcing-checklist/","guide","TOFU/MOFU","NONE_BY_EXACT_H1_STATIC_AUDIT","RETAIN"
"앱개발 외주 비용, 숨은 비용 없이 잡는 법","guide","개발 전 비용·범위·절차를 조사하는 잠재 고객","https://reumlab.com/guide/outsourcing-cost/","guide","TOFU/MOFU","NONE_BY_EXACT_H1_STATIC_AUDIT","RETAIN"
"반려동물 앱 만들기, 매일 여는 이유를 만들어라","guide","개발 전 비용·범위·절차를 조사하는 잠재 고객","https://reumlab.com/guide/pet-app-guide/","guide","TOFU/MOFU","NONE_BY_EXACT_H1_STATIC_AUDIT","RETAIN"
"필라테스 앱 만들기, 정원과 회차를 먼저 잡아라","guide","개발 전 비용·범위·절차를 조사하는 잠재 고객","https://reumlab.com/guide/pilates-app-guide/","guide","TOFU/MOFU","NONE_BY_EXACT_H1_STATIC_AUDIT","RETAIN"
"앱개발 외주 견적을 빨리 받는 법","guide","개발 전 비용·범위·절차를 조사하는 잠재 고객","https://reumlab.com/guide/quote/","guide","TOFU/MOFU","NONE_BY_EXACT_H1_STATIC_AUDIT","RETAIN"
"RAG 구축, 사내 문서를 AI에 연결하는 방법","guide","개발 전 비용·범위·절차를 조사하는 잠재 고객","https://reumlab.com/guide/rag-development/","guide","TOFU/MOFU","NONE_BY_EXACT_H1_STATIC_AUDIT","RETAIN"
"부동산 앱 만들기, 지도 비용부터 이해하라","guide","개발 전 비용·범위·절차를 조사하는 잠재 고객","https://reumlab.com/guide/realestate-app-guide/","guide","TOFU/MOFU","NONE_BY_EXACT_H1_STATIC_AUDIT","RETAIN"
"식당 앱 만들기, 테이블 오더와 웨이팅부터","guide","개발 전 비용·범위·절차를 조사하는 잠재 고객","https://reumlab.com/guide/restaurant-app-guide/","guide","TOFU/MOFU","NONE_BY_EXACT_H1_STATIC_AUDIT","RETAIN"
"쇼핑몰 앱 만들기, 매출 흐름부터 검증하라","guide","개발 전 비용·범위·절차를 조사하는 잠재 고객","https://reumlab.com/guide/shopping-app-guide/","guide","TOFU/MOFU","NONE_BY_EXACT_H1_STATIC_AUDIT","RETAIN"
"스타트업 MVP 개발, 빠른 검증을 위한 전략","guide","개발 전 비용·범위·절차를 조사하는 잠재 고객","https://reumlab.com/guide/startup-mvp/","guide","TOFU/MOFU","NONE_BY_EXACT_H1_STATIC_AUDIT","RETAIN"
"스터디카페 무인 시스템, 과금 흐름부터 잡아라","guide","개발 전 비용·범위·절차를 조사하는 잠재 고객","https://reumlab.com/guide/studycafe-app-guide/","guide","TOFU/MOFU","NONE_BY_EXACT_H1_STATIC_AUDIT","RETAIN"
"구독 앱 만들기, 결제보다 갱신·해지가 어렵다","guide","개발 전 비용·범위·절차를 조사하는 잠재 고객","https://reumlab.com/guide/subscription-app-guide/","guide","TOFU/MOFU","NONE_BY_EXACT_H1_STATIC_AUDIT","RETAIN"
"태권도 앱 만들기, 차량 안전 알림이 먼저다","guide","개발 전 비용·범위·절차를 조사하는 잠재 고객","https://reumlab.com/guide/taekwondo-app-guide/","guide","TOFU/MOFU","NONE_BY_EXACT_H1_STATIC_AUDIT","RETAIN"
"웹사이트 제작 비용, 어떻게 책정될까","guide","개발 전 비용·범위·절차를 조사하는 잠재 고객","https://reumlab.com/guide/web-cost/","guide","TOFU/MOFU","NONE_BY_EXACT_H1_STATIC_AUDIT","RETAIN"
"웨딩 앱 만들기, 중복 예약과 견적부터 잡아라","guide","개발 전 비용·범위·절차를 조사하는 잠재 고객","https://reumlab.com/guide/wedding-app-guide/","guide","TOFU/MOFU","NONE_BY_EXACT_H1_STATIC_AUDIT","RETAIN"
"B2B 주문 시스템 만들기, 차등 단가부터 자동화하라","guide","개발 전 비용·범위·절차를 조사하는 잠재 고객","https://reumlab.com/guide/wholesale-app-guide/","guide","TOFU/MOFU","NONE_BY_EXACT_H1_STATIC_AUDIT","RETAIN"
"학원","keyword_hub","앱·웹·AI 개발 파트너를 찾는 사업자와 실무자","https://reumlab.com/h/academy/","topic_hub","TOFU/MOFU","NONE_BY_EXACT_H1_STATIC_AUDIT","MONITOR"
"카페","keyword_hub","앱·웹·AI 개발 파트너를 찾는 사업자와 실무자","https://reumlab.com/h/cafe/","topic_hub","TOFU/MOFU","NONE_BY_EXACT_H1_STATIC_AUDIT","MONITOR"
"헬스장","keyword_hub","앱·웹·AI 개발 파트너를 찾는 사업자와 실무자","https://reumlab.com/h/gym/","topic_hub","TOFU/MOFU","NONE_BY_EXACT_H1_STATIC_AUDIT","MONITOR"
"식당","keyword_hub","앱·웹·AI 개발 파트너를 찾는 사업자와 실무자","https://reumlab.com/h/restaurant/","topic_hub","TOFU/MOFU","NONE_BY_EXACT_H1_STATIC_AUDIT","MONITOR"
"서비스 기획","keyword_hub","앱·웹·AI 개발 파트너를 찾는 사업자와 실무자","https://reumlab.com/h/service-plan/","topic_hub","TOFU/MOFU","NONE_BY_EXACT_H1_STATIC_AUDIT","MONITOR"
"쇼핑몰 제작","keyword_hub","앱·웹·AI 개발 파트너를 찾는 사업자와 실무자","https://reumlab.com/h/shopping-mall/","topic_hub","TOFU/MOFU","NONE_BY_EXACT_H1_STATIC_AUDIT","MONITOR"
"수원","keyword_hub","앱·웹·AI 개발 파트너를 찾는 사업자와 실무자","https://reumlab.com/h/suwon/","topic_hub","TOFU/MOFU","NONE_BY_EXACT_H1_STATIC_AUDIT","MONITOR"
"아이디어를 실제로 운영 가능한 서비스 로 만듭니다.","home","앱·웹·AI 개발 파트너를 찾는 사업자와 실무자","https://reumlab.com/","home","TOFU/MOFU","NONE_BY_EXACT_H1_STATIC_AUDIT","RETAIN"
"학원 쇼핑몰제작","legacy_landing","앱·웹·AI 개발 파트너를 찾는 사업자와 실무자","https://reumlab.com/l/academy-shopping-mall/","programmatic_landing","BOFU","NONE_BY_EXACT_H1_STATIC_AUDIT","MONITOR"
"카페 앱개발외주","legacy_landing","앱·웹·AI 개발 파트너를 찾는 사업자와 실무자","https://reumlab.com/l/cafe-app-dev-out/","programmatic_landing","BOFU","NONE_BY_EXACT_H1_STATIC_AUDIT","MONITOR"
"헬스장 웹개발","legacy_landing","앱·웹·AI 개발 파트너를 찾는 사업자와 실무자","https://reumlab.com/l/gym-web-dev/","programmatic_landing","BOFU","NONE_BY_EXACT_H1_STATIC_AUDIT","MONITOR"
"식당 웹사이트제작","legacy_landing","앱·웹·AI 개발 파트너를 찾는 사업자와 실무자","https://reumlab.com/l/restaurant-website-dev/","programmatic_landing","BOFU","NONE_BY_EXACT_H1_STATIC_AUDIT","MONITOR"
"서비스기획 비용","legacy_landing","앱·웹·AI 개발 파트너를 찾는 사업자와 실무자","https://reumlab.com/l/service-plan-cost/","programmatic_landing","BOFU","NONE_BY_EXACT_H1_STATIC_AUDIT","MONITOR"
"쇼핑몰제작 비용","legacy_landing","앱·웹·AI 개발 파트너를 찾는 사업자와 실무자","https://reumlab.com/l/shopping-mall-cost/","programmatic_landing","BOFU","NONE_BY_EXACT_H1_STATIC_AUDIT","MONITOR"
"수원 쇼핑몰제작","legacy_landing","앱·웹·AI 개발 파트너를 찾는 사업자와 실무자","https://reumlab.com/l/suwon-shopping-mall/","programmatic_landing","BOFU","NONE_BY_EXACT_H1_STATIC_AUDIT","MONITOR"
"앱·웹 유지보수 — 타사 개발 앱도 이어받습니다","service_or_hub","앱·웹·AI 개발 파트너를 찾는 사업자와 실무자","https://reumlab.com/maintenance/","service_or_hub","BOFU","NONE_BY_EXACT_H1_STATIC_AUDIT","IMPROVE"
"동탄 MVP 개발","region_service","해당 지역에서 개발사를 찾는 사업자","https://reumlab.com/mvp/dongtan/","region_service","BOFU","NONE_BY_EXACT_H1_STATIC_AUDIT","MONITOR"
"화성 MVP 개발","region_service","해당 지역에서 개발사를 찾는 사업자","https://reumlab.com/mvp/hwaseong/","region_service","BOFU","NONE_BY_EXACT_H1_STATIC_AUDIT","MONITOR"
"앱·웹 MVP 개발 아이디어를 직접 써볼 수 있는 서비스로","service_or_hub","앱·웹·AI 개발 파트너를 찾는 사업자와 실무자","https://reumlab.com/mvp/","service_or_hub","BOFU","NONE_BY_EXACT_H1_STATIC_AUDIT","IMPROVE"
"수원 MVP 개발","region_service","해당 지역에서 개발사를 찾는 사업자","https://reumlab.com/mvp/suwon/","region_service","BOFU","NONE_BY_EXACT_H1_STATIC_AUDIT","MONITOR"
"MVP 개발 · Startup MVP Development","service_or_hub","앱·웹·AI 개발 파트너를 찾는 사업자와 실무자","https://reumlab.com/mvp-development/","service_or_hub","BOFU","NONE_BY_EXACT_H1_STATIC_AUDIT","IMPROVE"
"노코드 한계, 맞춤개발로 넘어서기","service_or_hub","앱·웹·AI 개발 파트너를 찾는 사업자와 실무자","https://reumlab.com/nocode-limit/","service_or_hub","BOFU","NONE_BY_EXACT_H1_STATIC_AUDIT","IMPROVE"
"플랫폼·매칭 서비스 개발 고객과 공급자를 잇는 전체 흐름을 설계합니다","service_or_hub","앱·웹·AI 개발 파트너를 찾는 사업자와 실무자","https://reumlab.com/platform/","service_or_hub","BOFU","NONE_BY_EXACT_H1_STATIC_AUDIT","IMPROVE"
"AI 기반 영업 자동화 SaaS 개발 사례","case","구현 역량과 유사 사례를 검증하는 의사결정자","https://reumlab.com/portfolio/ai-sales/","case_study","MOFU","NONE_BY_EXACT_H1_STATIC_AUDIT","RETAIN"
"AI 업무 자동화 허브 개발 사례","case","구현 역량과 유사 사례를 검증하는 의사결정자","https://reumlab.com/portfolio/ai-work-hub/","case_study","MOFU","NONE_BY_EXACT_H1_STATIC_AUDIT","RETAIN"
"B2B 파트너·리드 관리 앱 개발 사례","case","구현 역량과 유사 사례를 검증하는 의사결정자","https://reumlab.com/portfolio/b2b-lead/","case_study","MOFU","NONE_BY_EXACT_H1_STATIC_AUDIT","RETAIN"
"대규모 데이터 수집·검색 시스템 개발 사례","case","구현 역량과 유사 사례를 검증하는 의사결정자","https://reumlab.com/portfolio/data-crawl/","case_study","MOFU","NONE_BY_EXACT_H1_STATIC_AUDIT","RETAIN"
"디지털 상품 마켓플레이스 개발 사례","case","구현 역량과 유사 사례를 검증하는 의사결정자","https://reumlab.com/portfolio/digital-market/","case_study","MOFU","NONE_BY_EXACT_H1_STATIC_AUDIT","RETAIN"
"교육기관 운영 ERP 개발 사례","case","구현 역량과 유사 사례를 검증하는 의사결정자","https://reumlab.com/portfolio/edu-erp/","case_study","MOFU","NONE_BY_EXACT_H1_STATIC_AUDIT","RETAIN"
"지역 교육정보 탐색·리뷰 앱 개발 사례","case","구현 역량과 유사 사례를 검증하는 의사결정자","https://reumlab.com/portfolio/edu-review/","case_study","MOFU","NONE_BY_EXACT_H1_STATIC_AUDIT","RETAIN"
"공공정보 AI 탐색 서비스 개발 사례","case","구현 역량과 유사 사례를 검증하는 의사결정자","https://reumlab.com/portfolio/gov-search/","case_study","MOFU","NONE_BY_EXACT_H1_STATIC_AUDIT","RETAIN"
"서비스 이름보다, 해결한 문제를 보여드립니다","case_hub","구현 역량과 유사 사례를 검증하는 의사결정자","https://reumlab.com/portfolio/","case_study","MOFU","NONE_BY_EXACT_H1_STATIC_AUDIT","RETAIN"
"생활서비스 매칭 플랫폼 개발 사례","case","구현 역량과 유사 사례를 검증하는 의사결정자","https://reumlab.com/portfolio/life-match/","case_study","MOFU","NONE_BY_EXACT_H1_STATIC_AUDIT","RETAIN"
"대규모 SEO 페이지 자동화 시스템 개발 사례","case","구현 역량과 유사 사례를 검증하는 의사결정자","https://reumlab.com/portfolio/pseo-engine/","case_study","MOFU","NONE_BY_EXACT_H1_STATIC_AUDIT","RETAIN"
"견적·청구 문서 자동화 도구 개발 사례","case","구현 역량과 유사 사례를 검증하는 의사결정자","https://reumlab.com/portfolio/quote-doc/","case_study","MOFU","NONE_BY_EXACT_H1_STATIC_AUDIT","RETAIN"
"연구·문서 작성 보조 서비스 개발 사례","case","구현 역량과 유사 사례를 검증하는 의사결정자","https://reumlab.com/portfolio/research-writer/","case_study","MOFU","NONE_BY_EXACT_H1_STATIC_AUDIT","RETAIN"
"SNS 콘텐츠 자동화 서비스 개발 사례","case","구현 역량과 유사 사례를 검증하는 의사결정자","https://reumlab.com/portfolio/sns-content/","case_study","MOFU","NONE_BY_EXACT_H1_STATIC_AUDIT","RETAIN"
"소상공인 운영 SaaS 개발 사례","case","구현 역량과 유사 사례를 검증하는 의사결정자","https://reumlab.com/portfolio/soho-saas/","case_study","MOFU","NONE_BY_EXACT_H1_STATIC_AUDIT","RETAIN"
"공간 예약·운영 웹 개발 사례","case","구현 역량과 유사 사례를 검증하는 의사결정자","https://reumlab.com/portfolio/space-booking/","case_study","MOFU","NONE_BY_EXACT_H1_STATIC_AUDIT","RETAIN"
"개인정보처리방침","legal","앱·웹·AI 개발 파트너를 찾는 사업자와 실무자","https://reumlab.com/privacy/","legal","TOFU/MOFU","NONE_BY_EXACT_H1_STATIC_AUDIT","MONITOR"
"광고 클릭을 실제 문의로 연결하는 부동산 랜딩페이지","service_or_hub","앱·웹·AI 개발 파트너를 찾는 사업자와 실무자","https://reumlab.com/realestate-landing/","service_or_hub","BOFU","NONE_BY_EXACT_H1_STATIC_AUDIT","IMPROVE"
"취소 및 환불 안내","legal","앱·웹·AI 개발 파트너를 찾는 사업자와 실무자","https://reumlab.com/refund/","legal","TOFU/MOFU","NONE_BY_EXACT_H1_STATIC_AUDIT","MONITOR"
"웹사이트 리뉴얼 — 오래된 홈페이지를 검색되는 사이트로","service_or_hub","앱·웹·AI 개발 파트너를 찾는 사업자와 실무자","https://reumlab.com/renewal/","service_or_hub","BOFU","NONE_BY_EXACT_H1_STATIC_AUDIT","IMPROVE"
"예약·결제 시스템 개발 예약부터 결제와 운영까지 한곳에서","service_or_hub","앱·웹·AI 개발 파트너를 찾는 사업자와 실무자","https://reumlab.com/reservation-commerce/","service_or_hub","BOFU","NONE_BY_EXACT_H1_STATIC_AUDIT","IMPROVE"
"기존 서비스 개선·인수 개발 멈춰 있는 서비스를 다시 운영 가능한 상태로","service_or_hub","앱·웹·AI 개발 파트너를 찾는 사업자와 실무자","https://reumlab.com/service-renewal/","service_or_hub","BOFU","NONE_BY_EXACT_H1_STATIC_AUDIT","IMPROVE"
"소상공인 홈페이지 제작 광고 없이 검색으로 손님이 찾아오게","service_or_hub","앱·웹·AI 개발 파트너를 찾는 사업자와 실무자","https://reumlab.com/soho/","service_or_hub","BOFU","NONE_BY_EXACT_H1_STATIC_AUDIT","IMPROVE"
"학원·교육 솔루션 구축","industry_service","앱·웹·AI 개발 파트너를 찾는 사업자와 실무자","https://reumlab.com/solution/academy/","industry_service","TOFU/MOFU","NONE_BY_EXACT_H1_STATIC_AUDIT","MONITOR"
"농업·산지직거래 솔루션 구축","industry_service","앱·웹·AI 개발 파트너를 찾는 사업자와 실무자","https://reumlab.com/solution/agriculture/","industry_service","TOFU/MOFU","NONE_BY_EXACT_H1_STATIC_AUDIT","MONITOR"
"동물병원 솔루션 구축","industry_service","앱·웹·AI 개발 파트너를 찾는 사업자와 실무자","https://reumlab.com/solution/animal-hospital/","industry_service","TOFU/MOFU","NONE_BY_EXACT_H1_STATIC_AUDIT","MONITOR"
"미술학원 솔루션 구축","industry_service","앱·웹·AI 개발 파트너를 찾는 사업자와 실무자","https://reumlab.com/solution/art-academy/","industry_service","TOFU/MOFU","NONE_BY_EXACT_H1_STATIC_AUDIT","MONITOR"
"B2B SaaS·업무툴 솔루션 구축","industry_service","앱·웹·AI 개발 파트너를 찾는 사업자와 실무자","https://reumlab.com/solution/b2b-saas/","industry_service","TOFU/MOFU","NONE_BY_EXACT_H1_STATIC_AUDIT","MONITOR"
"베이커리·디저트 솔루션 구축","industry_service","앱·웹·AI 개발 파트너를 찾는 사업자와 실무자","https://reumlab.com/solution/bakery/","industry_service","TOFU/MOFU","NONE_BY_EXACT_H1_STATIC_AUDIT","MONITOR"
"당구장·볼링장 솔루션 구축","industry_service","앱·웹·AI 개발 파트너를 찾는 사업자와 실무자","https://reumlab.com/solution/billiards/","industry_service","TOFU/MOFU","NONE_BY_EXACT_H1_STATIC_AUDIT","MONITOR"
"예약(미용·네일·공방) 솔루션 구축","industry_service","앱·웹·AI 개발 파트너를 찾는 사업자와 실무자","https://reumlab.com/solution/booking/","industry_service","TOFU/MOFU","NONE_BY_EXACT_H1_STATIC_AUDIT","MONITOR"
"서점·북카페 솔루션 구축","industry_service","앱·웹·AI 개발 파트너를 찾는 사업자와 실무자","https://reumlab.com/solution/bookstore/","industry_service","TOFU/MOFU","NONE_BY_EXACT_H1_STATIC_AUDIT","MONITOR"
"정육·수산 솔루션 구축","industry_service","앱·웹·AI 개발 파트너를 찾는 사업자와 실무자","https://reumlab.com/solution/butcher/","industry_service","TOFU/MOFU","NONE_BY_EXACT_H1_STATIC_AUDIT","MONITOR"
"카페 솔루션 구축","industry_service","앱·웹·AI 개발 파트너를 찾는 사업자와 실무자","https://reumlab.com/solution/cafe/","industry_service","TOFU/MOFU","NONE_BY_EXACT_H1_STATIC_AUDIT","MONITOR"
"캠핑·글램핑 솔루션 구축","industry_service","앱·웹·AI 개발 파트너를 찾는 사업자와 실무자","https://reumlab.com/solution/camping/","industry_service","TOFU/MOFU","NONE_BY_EXACT_H1_STATIC_AUDIT","MONITOR"
"자동차정비 솔루션 구축","industry_service","앱·웹·AI 개발 파트너를 찾는 사업자와 실무자","https://reumlab.com/solution/car-repair/","industry_service","TOFU/MOFU","NONE_BY_EXACT_H1_STATIC_AUDIT","MONITOR"
"세차·디테일링 솔루션 구축","industry_service","앱·웹·AI 개발 파트너를 찾는 사업자와 실무자","https://reumlab.com/solution/car-wash/","industry_service","TOFU/MOFU","NONE_BY_EXACT_H1_STATIC_AUDIT","MONITOR"
"케이터링·출장뷔페 솔루션 구축","industry_service","앱·웹·AI 개발 파트너를 찾는 사업자와 실무자","https://reumlab.com/solution/catering/","industry_service","TOFU/MOFU","NONE_BY_EXACT_H1_STATIC_AUDIT","MONITOR"
"유치원·어린이집 솔루션 구축","industry_service","앱·웹·AI 개발 파트너를 찾는 사업자와 실무자","https://reumlab.com/solution/childcare/","industry_service","TOFU/MOFU","NONE_BY_EXACT_H1_STATIC_AUDIT","MONITOR"
"교회·종교시설 솔루션 구축","industry_service","앱·웹·AI 개발 파트너를 찾는 사업자와 실무자","https://reumlab.com/solution/church/","industry_service","TOFU/MOFU","NONE_BY_EXACT_H1_STATIC_AUDIT","MONITOR"
"청소·홈서비스 솔루션 구축","industry_service","앱·웹·AI 개발 파트너를 찾는 사업자와 실무자","https://reumlab.com/solution/cleaning/","industry_service","TOFU/MOFU","NONE_BY_EXACT_H1_STATIC_AUDIT","MONITOR"
"클라이밍짐 솔루션 구축","industry_service","앱·웹·AI 개발 파트너를 찾는 사업자와 실무자","https://reumlab.com/solution/climbing/","industry_service","TOFU/MOFU","NONE_BY_EXACT_H1_STATIC_AUDIT","MONITOR"
"공유주방 솔루션 구축","industry_service","앱·웹·AI 개발 파트너를 찾는 사업자와 실무자","https://reumlab.com/solution/cloud-kitchen/","industry_service","TOFU/MOFU","NONE_BY_EXACT_H1_STATIC_AUDIT","MONITOR"
"무인 코인세탁 솔루션 구축","industry_service","앱·웹·AI 개발 파트너를 찾는 사업자와 실무자","https://reumlab.com/solution/coin-laundry/","industry_service","TOFU/MOFU","NONE_BY_EXACT_H1_STATIC_AUDIT","MONITOR"
"커뮤니티·모임 솔루션 구축","industry_service","앱·웹·AI 개발 파트너를 찾는 사업자와 실무자","https://reumlab.com/solution/community/","industry_service","TOFU/MOFU","NONE_BY_EXACT_H1_STATIC_AUDIT","MONITOR"
"건설·현장관리 솔루션 구축","industry_service","앱·웹·AI 개발 파트너를 찾는 사업자와 실무자","https://reumlab.com/solution/construction/","industry_service","TOFU/MOFU","NONE_BY_EXACT_H1_STATIC_AUDIT","MONITOR"
"요리·원데이 클래스 솔루션 구축","industry_service","앱·웹·AI 개발 파트너를 찾는 사업자와 실무자","https://reumlab.com/solution/cooking-class/","industry_service","TOFU/MOFU","NONE_BY_EXACT_H1_STATIC_AUDIT","MONITOR"
"공유오피스 솔루션 구축","industry_service","앱·웹·AI 개발 파트너를 찾는 사업자와 실무자","https://reumlab.com/solution/coworking/","industry_service","TOFU/MOFU","NONE_BY_EXACT_H1_STATIC_AUDIT","MONITOR"
"크리에이터·MCN 솔루션 구축","industry_service","앱·웹·AI 개발 파트너를 찾는 사업자와 실무자","https://reumlab.com/solution/creator/","industry_service","TOFU/MOFU","NONE_BY_EXACT_H1_STATIC_AUDIT","MONITOR"
"무용·발레학원 솔루션 구축","industry_service","앱·웹·AI 개발 파트너를 찾는 사업자와 실무자","https://reumlab.com/solution/dance-academy/","industry_service","TOFU/MOFU","NONE_BY_EXACT_H1_STATIC_AUDIT","MONITOR"
"배달·주문 솔루션 구축","industry_service","앱·웹·AI 개발 파트너를 찾는 사업자와 실무자","https://reumlab.com/solution/delivery/","industry_service","TOFU/MOFU","NONE_BY_EXACT_H1_STATIC_AUDIT","MONITOR"
"치과 솔루션 구축","industry_service","앱·웹·AI 개발 파트너를 찾는 사업자와 실무자","https://reumlab.com/solution/dental/","industry_service","TOFU/MOFU","NONE_BY_EXACT_H1_STATIC_AUDIT","MONITOR"
"운전학원 솔루션 구축","industry_service","앱·웹·AI 개발 파트너를 찾는 사업자와 실무자","https://reumlab.com/solution/driving-school/","industry_service","TOFU/MOFU","NONE_BY_EXACT_H1_STATIC_AUDIT","MONITOR"
"영어학원 솔루션 구축","industry_service","앱·웹·AI 개발 파트너를 찾는 사업자와 실무자","https://reumlab.com/solution/english-academy/","industry_service","TOFU/MOFU","NONE_BY_EXACT_H1_STATIC_AUDIT","MONITOR"
"에스테틱·스파 솔루션 구축","industry_service","앱·웹·AI 개발 파트너를 찾는 사업자와 실무자","https://reumlab.com/solution/esthetic/","industry_service","TOFU/MOFU","NONE_BY_EXACT_H1_STATIC_AUDIT","MONITOR"
"행사·이벤트 대행 솔루션 구축","industry_service","앱·웹·AI 개발 파트너를 찾는 사업자와 실무자","https://reumlab.com/solution/event-agency/","industry_service","TOFU/MOFU","NONE_BY_EXACT_H1_STATIC_AUDIT","MONITOR"
"낚시·선상 솔루션 구축","industry_service","앱·웹·AI 개발 파트너를 찾는 사업자와 실무자","https://reumlab.com/solution/fishing/","industry_service","TOFU/MOFU","NONE_BY_EXACT_H1_STATIC_AUDIT","MONITOR"
"피트니스·헬스장 솔루션 구축","industry_service","앱·웹·AI 개발 파트너를 찾는 사업자와 실무자","https://reumlab.com/solution/fitness/","industry_service","TOFU/MOFU","NONE_BY_EXACT_H1_STATIC_AUDIT","MONITOR"
"꽃집·화훼 솔루션 구축","industry_service","앱·웹·AI 개발 파트너를 찾는 사업자와 실무자","https://reumlab.com/solution/flower/","industry_service","TOFU/MOFU","NONE_BY_EXACT_H1_STATIC_AUDIT","MONITOR"
"푸드테크·식단 솔루션 구축","industry_service","앱·웹·AI 개발 파트너를 찾는 사업자와 실무자","https://reumlab.com/solution/foodtech/","industry_service","TOFU/MOFU","NONE_BY_EXACT_H1_STATIC_AUDIT","MONITOR"
"프랜차이즈 본사 솔루션 구축","industry_service","앱·웹·AI 개발 파트너를 찾는 사업자와 실무자","https://reumlab.com/solution/franchise/","industry_service","TOFU/MOFU","NONE_BY_EXACT_H1_STATIC_AUDIT","MONITOR"
"상조·장례 솔루션 구축","industry_service","앱·웹·AI 개발 파트너를 찾는 사업자와 실무자","https://reumlab.com/solution/funeral/","industry_service","TOFU/MOFU","NONE_BY_EXACT_H1_STATIC_AUDIT","MONITOR"
"가구·리빙 솔루션 구축","industry_service","앱·웹·AI 개발 파트너를 찾는 사업자와 실무자","https://reumlab.com/solution/furniture/","industry_service","TOFU/MOFU","NONE_BY_EXACT_H1_STATIC_AUDIT","MONITOR"
"게임 개발 솔루션 구축","industry_service","앱·웹·AI 개발 파트너를 찾는 사업자와 실무자","https://reumlab.com/solution/game-studio/","industry_service","TOFU/MOFU","NONE_BY_EXACT_H1_STATIC_AUDIT","MONITOR"
"골프·스포츠 예약 솔루션 구축","industry_service","앱·웹·AI 개발 파트너를 찾는 사업자와 실무자","https://reumlab.com/solution/golf/","industry_service","TOFU/MOFU","NONE_BY_EXACT_H1_STATIC_AUDIT","MONITOR"
"골프연습장 솔루션 구축","industry_service","앱·웹·AI 개발 파트너를 찾는 사업자와 실무자","https://reumlab.com/solution/golf-range/","industry_service","TOFU/MOFU","NONE_BY_EXACT_H1_STATIC_AUDIT","MONITOR"
"동네마트·장보기 솔루션 구축","industry_service","앱·웹·AI 개발 파트너를 찾는 사업자와 실무자","https://reumlab.com/solution/grocery/","industry_service","TOFU/MOFU","NONE_BY_EXACT_H1_STATIC_AUDIT","MONITOR"
"미용실 솔루션 구축","industry_service","앱·웹·AI 개발 파트너를 찾는 사업자와 실무자","https://reumlab.com/solution/hair-salon/","industry_service","TOFU/MOFU","NONE_BY_EXACT_H1_STATIC_AUDIT","MONITOR"
"병원·의원 솔루션 구축","industry_service","앱·웹·AI 개발 파트너를 찾는 사업자와 실무자","https://reumlab.com/solution/hospital/","industry_service","TOFU/MOFU","NONE_BY_EXACT_H1_STATIC_AUDIT","MONITOR"
"업종별 솔루션·시스템 구축 — 100개 업종 모듈·연동","service_or_hub","앱·웹·AI 개발 파트너를 찾는 사업자와 실무자","https://reumlab.com/solution/","service_or_hub","BOFU","NONE_BY_EXACT_H1_STATIC_AUDIT","IMPROVE"
"보험 설계 솔루션 구축","industry_service","앱·웹·AI 개발 파트너를 찾는 사업자와 실무자","https://reumlab.com/solution/insurance/","industry_service","TOFU/MOFU","NONE_BY_EXACT_H1_STATIC_AUDIT","MONITOR"
"인테리어·시공 솔루션 구축","industry_service","앱·웹·AI 개발 파트너를 찾는 사업자와 실무자","https://reumlab.com/solution/interior/","industry_service","TOFU/MOFU","NONE_BY_EXACT_H1_STATIC_AUDIT","MONITOR"
"키즈카페 솔루션 구축","industry_service","앱·웹·AI 개발 파트너를 찾는 사업자와 실무자","https://reumlab.com/solution/kids-cafe/","industry_service","TOFU/MOFU","NONE_BY_EXACT_H1_STATIC_AUDIT","MONITOR"
"노무·인사 솔루션 구축","industry_service","앱·웹·AI 개발 파트너를 찾는 사업자와 실무자","https://reumlab.com/solution/labor-hr/","industry_service","TOFU/MOFU","NONE_BY_EXACT_H1_STATIC_AUDIT","MONITOR"
"세탁·수거배송 솔루션 구축","industry_service","앱·웹·AI 개발 파트너를 찾는 사업자와 실무자","https://reumlab.com/solution/laundry/","industry_service","TOFU/MOFU","NONE_BY_EXACT_H1_STATIC_AUDIT","MONITOR"
"법무법인·변호사 솔루션 구축","industry_service","앱·웹·AI 개발 파트너를 찾는 사업자와 실무자","https://reumlab.com/solution/law-firm/","industry_service","TOFU/MOFU","NONE_BY_EXACT_H1_STATIC_AUDIT","MONITOR"
"주류·와인샵 솔루션 구축","industry_service","앱·웹·AI 개발 파트너를 찾는 사업자와 실무자","https://reumlab.com/solution/liquor-shop/","industry_service","TOFU/MOFU","NONE_BY_EXACT_H1_STATIC_AUDIT","MONITOR"
"대출·금융 상담 솔루션 구축","industry_service","앱·웹·AI 개발 파트너를 찾는 사업자와 실무자","https://reumlab.com/solution/loan/","industry_service","TOFU/MOFU","NONE_BY_EXACT_H1_STATIC_AUDIT","MONITOR"
"숙박·펜션 솔루션 구축","industry_service","앱·웹·AI 개발 파트너를 찾는 사업자와 실무자","https://reumlab.com/solution/lodging/","industry_service","TOFU/MOFU","NONE_BY_EXACT_H1_STATIC_AUDIT","MONITOR"
"물류·배송 솔루션 구축","industry_service","앱·웹·AI 개발 파트너를 찾는 사업자와 실무자","https://reumlab.com/solution/logistics/","industry_service","TOFU/MOFU","NONE_BY_EXACT_H1_STATIC_AUDIT","MONITOR"
"제조·공장 솔루션 구축","industry_service","앱·웹·AI 개발 파트너를 찾는 사업자와 실무자","https://reumlab.com/solution/manufacturing/","industry_service","TOFU/MOFU","NONE_BY_EXACT_H1_STATIC_AUDIT","MONITOR"
"마케팅 대행 솔루션 구축","industry_service","앱·웹·AI 개발 파트너를 찾는 사업자와 실무자","https://reumlab.com/solution/marketing-agency/","industry_service","TOFU/MOFU","NONE_BY_EXACT_H1_STATIC_AUDIT","MONITOR"
"중고거래·마켓 솔루션 구축","industry_service","앱·웹·AI 개발 파트너를 찾는 사업자와 실무자","https://reumlab.com/solution/marketplace/","industry_service","TOFU/MOFU","NONE_BY_EXACT_H1_STATIC_AUDIT","MONITOR"
"마사지·테라피 솔루션 구축","industry_service","앱·웹·AI 개발 파트너를 찾는 사업자와 실무자","https://reumlab.com/solution/massage/","industry_service","TOFU/MOFU","NONE_BY_EXACT_H1_STATIC_AUDIT","MONITOR"
"수학·입시학원 솔루션 구축","industry_service","앱·웹·AI 개발 파트너를 찾는 사업자와 실무자","https://reumlab.com/solution/math-academy/","industry_service","TOFU/MOFU","NONE_BY_EXACT_H1_STATIC_AUDIT","MONITOR"
"이사·용달 솔루션 구축","industry_service","앱·웹·AI 개발 파트너를 찾는 사업자와 실무자","https://reumlab.com/solution/moving/","industry_service","TOFU/MOFU","NONE_BY_EXACT_H1_STATIC_AUDIT","MONITOR"
"음악학원 솔루션 구축","industry_service","앱·웹·AI 개발 파트너를 찾는 사업자와 실무자","https://reumlab.com/solution/music-academy/","industry_service","TOFU/MOFU","NONE_BY_EXACT_H1_STATIC_AUDIT","MONITOR"
"네일·왁싱샵 솔루션 구축","industry_service","앱·웹·AI 개발 파트너를 찾는 사업자와 실무자","https://reumlab.com/solution/nail-shop/","industry_service","TOFU/MOFU","NONE_BY_EXACT_H1_STATIC_AUDIT","MONITOR"
"비영리·협회 솔루션 구축","industry_service","앱·웹·AI 개발 파트너를 찾는 사업자와 실무자","https://reumlab.com/solution/nonprofit/","industry_service","TOFU/MOFU","NONE_BY_EXACT_H1_STATIC_AUDIT","MONITOR"
"O2O 플랫폼 솔루션 구축","industry_service","앱·웹·AI 개발 파트너를 찾는 사업자와 실무자","https://reumlab.com/solution/o2o/","industry_service","TOFU/MOFU","NONE_BY_EXACT_H1_STATIC_AUDIT","MONITOR"
"안경원 솔루션 구축","industry_service","앱·웹·AI 개발 파트너를 찾는 사업자와 실무자","https://reumlab.com/solution/optician/","industry_service","TOFU/MOFU","NONE_BY_EXACT_H1_STATIC_AUDIT","MONITOR"
"한의원 솔루션 구축","industry_service","앱·웹·AI 개발 파트너를 찾는 사업자와 실무자","https://reumlab.com/solution/oriental-medicine/","industry_service","TOFU/MOFU","NONE_BY_EXACT_H1_STATIC_AUDIT","MONITOR"
"주차장 솔루션 구축","industry_service","앱·웹·AI 개발 파트너를 찾는 사업자와 실무자","https://reumlab.com/solution/parking/","industry_service","TOFU/MOFU","NONE_BY_EXACT_H1_STATIC_AUDIT","MONITOR"
"파티룸·대여공간 솔루션 구축","industry_service","앱·웹·AI 개발 파트너를 찾는 사업자와 실무자","https://reumlab.com/solution/party-room/","industry_service","TOFU/MOFU","NONE_BY_EXACT_H1_STATIC_AUDIT","MONITOR"
"특허·지식재산 솔루션 구축","industry_service","앱·웹·AI 개발 파트너를 찾는 사업자와 실무자","https://reumlab.com/solution/patent/","industry_service","TOFU/MOFU","NONE_BY_EXACT_H1_STATIC_AUDIT","MONITOR"
"PC방·무인매장 솔루션 구축","industry_service","앱·웹·AI 개발 파트너를 찾는 사업자와 실무자","https://reumlab.com/solution/pc-cafe/","industry_service","TOFU/MOFU","NONE_BY_EXACT_H1_STATIC_AUDIT","MONITOR"
"펫·반려동물 솔루션 구축","industry_service","앱·웹·AI 개발 파트너를 찾는 사업자와 실무자","https://reumlab.com/solution/pet/","industry_service","TOFU/MOFU","NONE_BY_EXACT_H1_STATIC_AUDIT","MONITOR"
"약국 솔루션 구축","industry_service","앱·웹·AI 개발 파트너를 찾는 사업자와 실무자","https://reumlab.com/solution/pharmacy/","industry_service","TOFU/MOFU","NONE_BY_EXACT_H1_STATIC_AUDIT","MONITOR"
"사진관·스튜디오 솔루션 구축","industry_service","앱·웹·AI 개발 파트너를 찾는 사업자와 실무자","https://reumlab.com/solution/photo-studio/","industry_service","TOFU/MOFU","NONE_BY_EXACT_H1_STATIC_AUDIT","MONITOR"
"도수치료·재활 솔루션 구축","industry_service","앱·웹·AI 개발 파트너를 찾는 사업자와 실무자","https://reumlab.com/solution/physical-therapy/","industry_service","TOFU/MOFU","NONE_BY_EXACT_H1_STATIC_AUDIT","MONITOR"
"필라테스·요가 솔루션 구축","industry_service","앱·웹·AI 개발 파트너를 찾는 사업자와 실무자","https://reumlab.com/solution/pilates/","industry_service","TOFU/MOFU","NONE_BY_EXACT_H1_STATIC_AUDIT","MONITOR"
"산후조리원 솔루션 구축","industry_service","앱·웹·AI 개발 파트너를 찾는 사업자와 실무자","https://reumlab.com/solution/postpartum/","industry_service","TOFU/MOFU","NONE_BY_EXACT_H1_STATIC_AUDIT","MONITOR"
"인쇄·간판 솔루션 구축","industry_service","앱·웹·AI 개발 파트너를 찾는 사업자와 실무자","https://reumlab.com/solution/printing/","industry_service","TOFU/MOFU","NONE_BY_EXACT_H1_STATIC_AUDIT","MONITOR"
"임대·건물관리 솔루션 구축","industry_service","앱·웹·AI 개발 파트너를 찾는 사업자와 실무자","https://reumlab.com/solution/property-mgmt/","industry_service","TOFU/MOFU","NONE_BY_EXACT_H1_STATIC_AUDIT","MONITOR"
"심리상담센터 솔루션 구축","industry_service","앱·웹·AI 개발 파트너를 찾는 사업자와 실무자","https://reumlab.com/solution/psychology/","industry_service","TOFU/MOFU","NONE_BY_EXACT_H1_STATIC_AUDIT","MONITOR"
"부동산·중개 솔루션 구축","industry_service","앱·웹·AI 개발 파트너를 찾는 사업자와 실무자","https://reumlab.com/solution/realestate/","industry_service","TOFU/MOFU","NONE_BY_EXACT_H1_STATIC_AUDIT","MONITOR"
"채용·헤드헌팅 솔루션 구축","industry_service","앱·웹·AI 개발 파트너를 찾는 사업자와 실무자","https://reumlab.com/solution/recruiting/","industry_service","TOFU/MOFU","NONE_BY_EXACT_H1_STATIC_AUDIT","MONITOR"
"렌탈·대여 솔루션 구축","industry_service","앱·웹·AI 개발 파트너를 찾는 사업자와 실무자","https://reumlab.com/solution/rental/","industry_service","TOFU/MOFU","NONE_BY_EXACT_H1_STATIC_AUDIT","MONITOR"
"렌터카·차량대여 솔루션 구축","industry_service","앱·웹·AI 개발 파트너를 찾는 사업자와 실무자","https://reumlab.com/solution/rental-car/","industry_service","TOFU/MOFU","NONE_BY_EXACT_H1_STATIC_AUDIT","MONITOR"
"리조트·워터파크 솔루션 구축","industry_service","앱·웹·AI 개발 파트너를 찾는 사업자와 실무자","https://reumlab.com/solution/resort/","industry_service","TOFU/MOFU","NONE_BY_EXACT_H1_STATIC_AUDIT","MONITOR"
"식당·외식 솔루션 구축","industry_service","앱·웹·AI 개발 파트너를 찾는 사업자와 실무자","https://reumlab.com/solution/restaurant/","industry_service","TOFU/MOFU","NONE_BY_EXACT_H1_STATIC_AUDIT","MONITOR"
"스크린골프 솔루션 구축","industry_service","앱·웹·AI 개발 파트너를 찾는 사업자와 실무자","https://reumlab.com/solution/screen-golf/","industry_service","TOFU/MOFU","NONE_BY_EXACT_H1_STATIC_AUDIT","MONITOR"
"보안·경비 솔루션 구축","industry_service","앱·웹·AI 개발 파트너를 찾는 사업자와 실무자","https://reumlab.com/solution/security/","industry_service","TOFU/MOFU","NONE_BY_EXACT_H1_STATIC_AUDIT","MONITOR"
"요양·주간보호 솔루션 구축","industry_service","앱·웹·AI 개발 파트너를 찾는 사업자와 실무자","https://reumlab.com/solution/senior/","industry_service","TOFU/MOFU","NONE_BY_EXACT_H1_STATIC_AUDIT","MONITOR"
"쇼핑몰·커머스 솔루션 구축","industry_service","앱·웹·AI 개발 파트너를 찾는 사업자와 실무자","https://reumlab.com/solution/shopping/","industry_service","TOFU/MOFU","NONE_BY_EXACT_H1_STATIC_AUDIT","MONITOR"
"반찬·밀키트 솔루션 구축","industry_service","앱·웹·AI 개발 파트너를 찾는 사업자와 실무자","https://reumlab.com/solution/sidedish/","industry_service","TOFU/MOFU","NONE_BY_EXACT_H1_STATIC_AUDIT","MONITOR"
"피부과·성형외과 솔루션 구축","industry_service","앱·웹·AI 개발 파트너를 찾는 사업자와 실무자","https://reumlab.com/solution/skin-clinic/","industry_service","TOFU/MOFU","NONE_BY_EXACT_H1_STATIC_AUDIT","MONITOR"
"태양광·에너지 솔루션 구축","industry_service","앱·웹·AI 개발 파트너를 찾는 사업자와 실무자","https://reumlab.com/solution/solar/","industry_service","TOFU/MOFU","NONE_BY_EXACT_H1_STATIC_AUDIT","MONITOR"
"언어·발달치료 솔루션 구축","industry_service","앱·웹·AI 개발 파트너를 찾는 사업자와 실무자","https://reumlab.com/solution/speech/","industry_service","TOFU/MOFU","NONE_BY_EXACT_H1_STATIC_AUDIT","MONITOR"
"셀프스토리지 솔루션 구축","industry_service","앱·웹·AI 개발 파트너를 찾는 사업자와 실무자","https://reumlab.com/solution/storage/","industry_service","TOFU/MOFU","NONE_BY_EXACT_H1_STATIC_AUDIT","MONITOR"
"스터디카페·독서실 솔루션 구축","industry_service","앱·웹·AI 개발 파트너를 찾는 사업자와 실무자","https://reumlab.com/solution/studycafe/","industry_service","TOFU/MOFU","NONE_BY_EXACT_H1_STATIC_AUDIT","MONITOR"
"구독 서비스 솔루션 구축","industry_service","앱·웹·AI 개발 파트너를 찾는 사업자와 실무자","https://reumlab.com/solution/subscription/","industry_service","TOFU/MOFU","NONE_BY_EXACT_H1_STATIC_AUDIT","MONITOR"
"수영장·스포츠센터 솔루션 구축","industry_service","앱·웹·AI 개발 파트너를 찾는 사업자와 실무자","https://reumlab.com/solution/swimming/","industry_service","TOFU/MOFU","NONE_BY_EXACT_H1_STATIC_AUDIT","MONITOR"
"태권도·체육관 솔루션 구축","industry_service","앱·웹·AI 개발 파트너를 찾는 사업자와 실무자","https://reumlab.com/solution/taekwondo/","industry_service","TOFU/MOFU","NONE_BY_EXACT_H1_STATIC_AUDIT","MONITOR"
"맞춤정장·수선 솔루션 구축","industry_service","앱·웹·AI 개발 파트너를 찾는 사업자와 실무자","https://reumlab.com/solution/tailor/","industry_service","TOFU/MOFU","NONE_BY_EXACT_H1_STATIC_AUDIT","MONITOR"
"세무·회계 솔루션 구축","industry_service","앱·웹·AI 개발 파트너를 찾는 사업자와 실무자","https://reumlab.com/solution/tax-accounting/","industry_service","TOFU/MOFU","NONE_BY_EXACT_H1_STATIC_AUDIT","MONITOR"
"비대면 진료 솔루션 구축","industry_service","앱·웹·AI 개발 파트너를 찾는 사업자와 실무자","https://reumlab.com/solution/telemedicine/","industry_service","TOFU/MOFU","NONE_BY_EXACT_H1_STATIC_AUDIT","MONITOR"
"번역·통역 솔루션 구축","industry_service","앱·웹·AI 개발 파트너를 찾는 사업자와 실무자","https://reumlab.com/solution/translation/","industry_service","TOFU/MOFU","NONE_BY_EXACT_H1_STATIC_AUDIT","MONITOR"
"여행·투어 솔루션 구축","industry_service","앱·웹·AI 개발 파트너를 찾는 사업자와 실무자","https://reumlab.com/solution/travel/","industry_service","TOFU/MOFU","NONE_BY_EXACT_H1_STATIC_AUDIT","MONITOR"
"과외·교습 매칭 솔루션 구축","industry_service","앱·웹·AI 개발 파트너를 찾는 사업자와 실무자","https://reumlab.com/solution/tutoring/","industry_service","TOFU/MOFU","NONE_BY_EXACT_H1_STATIC_AUDIT","MONITOR"
"대학·평생교육 솔루션 구축","industry_service","앱·웹·AI 개발 파트너를 찾는 사업자와 실무자","https://reumlab.com/solution/university/","industry_service","TOFU/MOFU","NONE_BY_EXACT_H1_STATIC_AUDIT","MONITOR"
"무인매장 솔루션 구축","industry_service","앱·웹·AI 개발 파트너를 찾는 사업자와 실무자","https://reumlab.com/solution/unmanned-store/","industry_service","TOFU/MOFU","NONE_BY_EXACT_H1_STATIC_AUDIT","MONITOR"
"중고차 솔루션 구축","industry_service","앱·웹·AI 개발 파트너를 찾는 사업자와 실무자","https://reumlab.com/solution/used-car/","industry_service","TOFU/MOFU","NONE_BY_EXACT_H1_STATIC_AUDIT","MONITOR"
"웨딩·돌잔치 솔루션 구축","industry_service","앱·웹·AI 개발 파트너를 찾는 사업자와 실무자","https://reumlab.com/solution/wedding/","industry_service","TOFU/MOFU","NONE_BY_EXACT_H1_STATIC_AUDIT","MONITOR"
"도소매·유통 솔루션 구축","industry_service","앱·웹·AI 개발 파트너를 찾는 사업자와 실무자","https://reumlab.com/solution/wholesale/","industry_service","TOFU/MOFU","NONE_BY_EXACT_H1_STATIC_AUDIT","MONITOR"
"요가원 솔루션 구축","industry_service","앱·웹·AI 개발 파트너를 찾는 사업자와 실무자","https://reumlab.com/solution/yoga/","industry_service","TOFU/MOFU","NONE_BY_EXACT_H1_STATIC_AUDIT","MONITOR"
"소스코드 이관 — 외주에 묶이지 않게","service_or_hub","앱·웹·AI 개발 파트너를 찾는 사업자와 실무자","https://reumlab.com/source-handover/","service_or_hub","BOFU","NONE_BY_EXACT_H1_STATIC_AUDIT","IMPROVE"
"기능 이름으로 찾는 개발","service_or_hub","앱·웹·AI 개발 파트너를 찾는 사업자와 실무자","https://reumlab.com/system/","service_or_hub","BOFU","NONE_BY_EXACT_H1_STATIC_AUDIT","IMPROVE"
"QR 주문 시스템 개발","system_service","앱·웹·AI 개발 파트너를 찾는 사업자와 실무자","https://reumlab.com/system/qr-order/","system_service","TOFU/MOFU","NONE_BY_EXACT_H1_STATIC_AUDIT","MONITOR"
"공간대여 예약·정산 시스템 개발","system_service","앱·웹·AI 개발 파트너를 찾는 사업자와 실무자","https://reumlab.com/system/space-rental/","system_service","TOFU/MOFU","NONE_BY_EXACT_H1_STATIC_AUDIT","MONITOR"
"정기배송·구독 관리 시스템 개발","system_service","앱·웹·AI 개발 파트너를 찾는 사업자와 실무자","https://reumlab.com/system/subscription-delivery/","system_service","TOFU/MOFU","NONE_BY_EXACT_H1_STATIC_AUDIT","MONITOR"
"무역·통관 업무 시스템 개발","system_service","앱·웹·AI 개발 파트너를 찾는 사업자와 실무자","https://reumlab.com/system/trade-ops/","system_service","TOFU/MOFU","NONE_BY_EXACT_H1_STATIC_AUDIT","MONITOR"
"차량 랩핑 시뮬레이션·견적 시스템 개발","system_service","앱·웹·AI 개발 파트너를 찾는 사업자와 실무자","https://reumlab.com/system/vehicle-visualizer/","system_service","TOFU/MOFU","NONE_BY_EXACT_H1_STATIC_AUDIT","MONITOR"
"웨이팅·대기번호 시스템 개발","system_service","앱·웹·AI 개발 파트너를 찾는 사업자와 실무자","https://reumlab.com/system/waiting/","system_service","TOFU/MOFU","NONE_BY_EXACT_H1_STATIC_AUDIT","MONITOR"
"인력·근태·업무관리 시스템 개발","system_service","앱·웹·AI 개발 파트너를 찾는 사업자와 실무자","https://reumlab.com/system/workforce/","system_service","TOFU/MOFU","NONE_BY_EXACT_H1_STATIC_AUDIT","MONITOR"
"이용약관","legal","앱·웹·AI 개발 파트너를 찾는 사업자와 실무자","https://reumlab.com/terms/","legal","TOFU/MOFU","NONE_BY_EXACT_H1_STATIC_AUDIT","MONITOR"
"동탄 웹사이트 제작","region_service","해당 지역에서 개발사를 찾는 사업자","https://reumlab.com/web-development/dongtan/","region_service","BOFU","NONE_BY_EXACT_H1_STATIC_AUDIT","MONITOR"
"화성 웹사이트 제작","region_service","해당 지역에서 개발사를 찾는 사업자","https://reumlab.com/web-development/hwaseong/","region_service","BOFU","NONE_BY_EXACT_H1_STATIC_AUDIT","MONITOR"
"웹사이트·랜딩페이지 제작 · Web Development","service_or_hub","앱·웹·AI 개발 파트너를 찾는 사업자와 실무자","https://reumlab.com/web-development/","service_or_hub","BOFU","NONE_BY_EXACT_H1_STATIC_AUDIT","IMPROVE"
"수원 웹사이트 제작","region_service","해당 지역에서 개발사를 찾는 사업자","https://reumlab.com/web-development/suwon/","region_service","BOFU","NONE_BY_EXACT_H1_STATIC_AUDIT","MONITOR"
"아동상담센터 홈페이지 제작","industry_service","앱·웹·AI 개발 파트너를 찾는 사업자와 실무자","https://reumlab.com/website/adongsangdamsenteo/","industry_service","TOFU/MOFU","NONE_BY_EXACT_H1_STATIC_AUDIT","MONITOR"
"앱개발업체 홈페이지 제작","industry_service","앱·웹·AI 개발 파트너를 찾는 사업자와 실무자","https://reumlab.com/website/aebgaebaleobche/","industry_service","TOFU/MOFU","NONE_BY_EXACT_H1_STATIC_AUDIT","MONITOR"
"악기점 홈페이지 제작","industry_service","앱·웹·AI 개발 파트너를 찾는 사업자와 실무자","https://reumlab.com/website/aggijeom/","industry_service","TOFU/MOFU","NONE_BY_EXACT_H1_STATIC_AUDIT","MONITOR"
"안과 홈페이지 제작","industry_service","앱·웹·AI 개발 파트너를 찾는 사업자와 실무자","https://reumlab.com/website/angwa/","industry_service","TOFU/MOFU","NONE_BY_EXACT_H1_STATIC_AUDIT","MONITOR"
"안경점 홈페이지 제작","industry_service","앱·웹·AI 개발 파트너를 찾는 사업자와 실무자","https://reumlab.com/website/angyeongjeom/","industry_service","TOFU/MOFU","NONE_BY_EXACT_H1_STATIC_AUDIT","MONITOR"
"배드민턴장 홈페이지 제작","industry_service","앱·웹·AI 개발 파트너를 찾는 사업자와 실무자","https://reumlab.com/website/baedeuminteonjang/","industry_service","TOFU/MOFU","NONE_BY_EXACT_H1_STATIC_AUDIT","MONITOR"
"발달센터 홈페이지 제작","industry_service","앱·웹·AI 개발 파트너를 찾는 사업자와 실무자","https://reumlab.com/website/baldalsenteo/","industry_service","TOFU/MOFU","NONE_BY_EXACT_H1_STATIC_AUDIT","MONITOR"
"반찬가게 홈페이지 제작","industry_service","앱·웹·AI 개발 파트너를 찾는 사업자와 실무자","https://reumlab.com/website/banchangage/","industry_service","TOFU/MOFU","NONE_BY_EXACT_H1_STATIC_AUDIT","MONITOR"
"방문학습 홈페이지 제작","industry_service","앱·웹·AI 개발 파트너를 찾는 사업자와 실무자","https://reumlab.com/website/bangmunhagseub/","industry_service","TOFU/MOFU","NONE_BY_EXACT_H1_STATIC_AUDIT","MONITOR"
"방문요양센터 홈페이지 제작","industry_service","앱·웹·AI 개발 파트너를 찾는 사업자와 실무자","https://reumlab.com/website/bangmunyoyangsenteo/","industry_service","TOFU/MOFU","NONE_BY_EXACT_H1_STATIC_AUDIT","MONITOR"
"방수업체 홈페이지 제작","industry_service","앱·웹·AI 개발 파트너를 찾는 사업자와 실무자","https://reumlab.com/website/bangsueobche/","industry_service","TOFU/MOFU","NONE_BY_EXACT_H1_STATIC_AUDIT","MONITOR"
"방역업체 홈페이지 제작","industry_service","앱·웹·AI 개발 파트너를 찾는 사업자와 실무자","https://reumlab.com/website/bangyeogeobche/","industry_service","TOFU/MOFU","NONE_BY_EXACT_H1_STATIC_AUDIT","MONITOR"
"반영구샵 홈페이지 제작","industry_service","앱·웹·AI 개발 파트너를 찾는 사업자와 실무자","https://reumlab.com/website/banyeonggusyab/","industry_service","TOFU/MOFU","NONE_BY_EXACT_H1_STATIC_AUDIT","MONITOR"
"베이비시터 홈페이지 제작","industry_service","앱·웹·AI 개발 파트너를 찾는 사업자와 실무자","https://reumlab.com/website/beibisiteo/","industry_service","TOFU/MOFU","NONE_BY_EXACT_H1_STATIC_AUDIT","MONITOR"
"베이커리 홈페이지 제작","industry_service","앱·웹·AI 개발 파트너를 찾는 사업자와 실무자","https://reumlab.com/website/beikeori/","industry_service","TOFU/MOFU","NONE_BY_EXACT_H1_STATIC_AUDIT","MONITOR"
"법무법인 홈페이지 제작","industry_service","앱·웹·AI 개발 파트너를 찾는 사업자와 실무자","https://reumlab.com/website/beobmubeobin/","industry_service","TOFU/MOFU","NONE_BY_EXACT_H1_STATIC_AUDIT","MONITOR"
"법무사 홈페이지 제작","industry_service","앱·웹·AI 개발 파트너를 찾는 사업자와 실무자","https://reumlab.com/website/beobmusa/","industry_service","TOFU/MOFU","NONE_BY_EXACT_H1_STATIC_AUDIT","MONITOR"
"법률사무소 홈페이지 제작","industry_service","앱·웹·AI 개발 파트너를 찾는 사업자와 실무자","https://reumlab.com/website/beobryulsamuso/","industry_service","TOFU/MOFU","NONE_BY_EXACT_H1_STATIC_AUDIT","MONITOR"
"번역사무소 홈페이지 제작","industry_service","앱·웹·AI 개발 파트너를 찾는 사업자와 실무자","https://reumlab.com/website/beonyeogsamuso/","industry_service","TOFU/MOFU","NONE_BY_EXACT_H1_STATIC_AUDIT","MONITOR"
"버스회사 홈페이지 제작","industry_service","앱·웹·AI 개발 파트너를 찾는 사업자와 실무자","https://reumlab.com/website/beoseuhoesa/","industry_service","TOFU/MOFU","NONE_BY_EXACT_H1_STATIC_AUDIT","MONITOR"
"블랙박스매장 홈페이지 제작","industry_service","앱·웹·AI 개발 파트너를 찾는 사업자와 실무자","https://reumlab.com/website/beulraegbagseumaejang/","industry_service","TOFU/MOFU","NONE_BY_EXACT_H1_STATIC_AUDIT","MONITOR"
"브랜딩회사 홈페이지 제작","industry_service","앱·웹·AI 개발 파트너를 찾는 사업자와 실무자","https://reumlab.com/website/beuraendinghoesa/","industry_service","TOFU/MOFU","NONE_BY_EXACT_H1_STATIC_AUDIT","MONITOR"
"비데업체 홈페이지 제작","industry_service","앱·웹·AI 개발 파트너를 찾는 사업자와 실무자","https://reumlab.com/website/bideeobche/","industry_service","TOFU/MOFU","NONE_BY_EXACT_H1_STATIC_AUDIT","MONITOR"
"비뇨기과 홈페이지 제작","industry_service","앱·웹·AI 개발 파트너를 찾는 사업자와 실무자","https://reumlab.com/website/binyogigwa/","industry_service","TOFU/MOFU","NONE_BY_EXACT_H1_STATIC_AUDIT","MONITOR"
"보안업체 홈페이지 제작","industry_service","앱·웹·AI 개발 파트너를 찾는 사업자와 실무자","https://reumlab.com/website/boaneobche/","industry_service","TOFU/MOFU","NONE_BY_EXACT_H1_STATIC_AUDIT","MONITOR"
"복싱장 홈페이지 제작","industry_service","앱·웹·AI 개발 파트너를 찾는 사업자와 실무자","https://reumlab.com/website/bogsingjang/","industry_service","TOFU/MOFU","NONE_BY_EXACT_H1_STATIC_AUDIT","MONITOR"
"보험대리점 홈페이지 제작","industry_service","앱·웹·AI 개발 파트너를 찾는 사업자와 실무자","https://reumlab.com/website/boheomdaerijeom/","industry_service","TOFU/MOFU","NONE_BY_EXACT_H1_STATIC_AUDIT","MONITOR"
"보일러업체 홈페이지 제작","industry_service","앱·웹·AI 개발 파트너를 찾는 사업자와 실무자","https://reumlab.com/website/boilreoeobche/","industry_service","TOFU/MOFU","NONE_BY_EXACT_H1_STATIC_AUDIT","MONITOR"
"볼링장 홈페이지 제작","industry_service","앱·웹·AI 개발 파트너를 찾는 사업자와 실무자","https://reumlab.com/website/bolringjang/","industry_service","TOFU/MOFU","NONE_BY_EXACT_H1_STATIC_AUDIT","MONITOR"
"부동산 홈페이지 제작","industry_service","앱·웹·AI 개발 파트너를 찾는 사업자와 실무자","https://reumlab.com/website/budongsan/","industry_service","TOFU/MOFU","NONE_BY_EXACT_H1_STATIC_AUDIT","MONITOR"
"부동산컨설팅 홈페이지 제작","industry_service","앱·웹·AI 개발 파트너를 찾는 사업자와 실무자","https://reumlab.com/website/budongsankeonseolting/","industry_service","TOFU/MOFU","NONE_BY_EXACT_H1_STATIC_AUDIT","MONITOR"
"분식집 홈페이지 제작","industry_service","앱·웹·AI 개발 파트너를 찾는 사업자와 실무자","https://reumlab.com/website/bunsigjib/","industry_service","TOFU/MOFU","NONE_BY_EXACT_H1_STATIC_AUDIT","MONITOR"
"분양대행사 홈페이지 제작","industry_service","앱·웹·AI 개발 파트너를 찾는 사업자와 실무자","https://reumlab.com/website/bunyangdaehaengsa/","industry_service","TOFU/MOFU","NONE_BY_EXACT_H1_STATIC_AUDIT","MONITOR"
"병원 홈페이지 제작","industry_service","앱·웹·AI 개발 파트너를 찾는 사업자와 실무자","https://reumlab.com/website/byeongwon/","industry_service","TOFU/MOFU","NONE_BY_EXACT_H1_STATIC_AUDIT","MONITOR"
"변호사 홈페이지 제작","industry_service","앱·웹·AI 개발 파트너를 찾는 사업자와 실무자","https://reumlab.com/website/byeonhosa/","industry_service","TOFU/MOFU","NONE_BY_EXACT_H1_STATIC_AUDIT","MONITOR"
"변리사 홈페이지 제작","industry_service","앱·웹·AI 개발 파트너를 찾는 사업자와 실무자","https://reumlab.com/website/byeonrisa/","industry_service","TOFU/MOFU","NONE_BY_EXACT_H1_STATIC_AUDIT","MONITOR"
"채권추심업체 홈페이지 제작","industry_service","앱·웹·AI 개발 파트너를 찾는 사업자와 실무자","https://reumlab.com/website/chaegwonchusimeobche/","industry_service","TOFU/MOFU","NONE_BY_EXACT_H1_STATIC_AUDIT","MONITOR"
"창업컨설팅 홈페이지 제작","industry_service","앱·웹·AI 개발 파트너를 찾는 사업자와 실무자","https://reumlab.com/website/changeobkeonseolting/","industry_service","TOFU/MOFU","NONE_BY_EXACT_H1_STATIC_AUDIT","MONITOR"
"창호업체 홈페이지 제작","industry_service","앱·웹·AI 개발 파트너를 찾는 사업자와 실무자","https://reumlab.com/website/changhoeobche/","industry_service","TOFU/MOFU","NONE_BY_EXACT_H1_STATIC_AUDIT","MONITOR"
"체험마을 홈페이지 제작","industry_service","앱·웹·AI 개발 파트너를 찾는 사업자와 실무자","https://reumlab.com/website/cheheommaeul/","industry_service","TOFU/MOFU","NONE_BY_EXACT_H1_STATIC_AUDIT","MONITOR"
"철거업체 홈페이지 제작","industry_service","앱·웹·AI 개발 파트너를 찾는 사업자와 실무자","https://reumlab.com/website/cheolgeoeobche/","industry_service","TOFU/MOFU","NONE_BY_EXACT_H1_STATIC_AUDIT","MONITOR"
"청첩장업체 홈페이지 제작","industry_service","앱·웹·AI 개발 파트너를 찾는 사업자와 실무자","https://reumlab.com/website/cheongcheobjangeobche/","industry_service","TOFU/MOFU","NONE_BY_EXACT_H1_STATIC_AUDIT","MONITOR"
"청소업체 홈페이지 제작","industry_service","앱·웹·AI 개발 파트너를 찾는 사업자와 실무자","https://reumlab.com/website/cheongsoeobche/","industry_service","TOFU/MOFU","NONE_BY_EXACT_H1_STATIC_AUDIT","MONITOR"
"청소년상담센터 홈페이지 제작","industry_service","앱·웹·AI 개발 파트너를 찾는 사업자와 실무자","https://reumlab.com/website/cheongsonyeonsangdamsenteo/","industry_service","TOFU/MOFU","NONE_BY_EXACT_H1_STATIC_AUDIT","MONITOR"
"치과 홈페이지 제작","industry_service","앱·웹·AI 개발 파트너를 찾는 사업자와 실무자","https://reumlab.com/website/chigwa/","industry_service","TOFU/MOFU","NONE_BY_EXACT_H1_STATIC_AUDIT","MONITOR"
"치킨집 홈페이지 제작","industry_service","앱·웹·AI 개발 파트너를 찾는 사업자와 실무자","https://reumlab.com/website/chikinjib/","industry_service","TOFU/MOFU","NONE_BY_EXACT_H1_STATIC_AUDIT","MONITOR"
"출장뷔페 홈페이지 제작","industry_service","앱·웹·AI 개발 파트너를 찾는 사업자와 실무자","https://reumlab.com/website/chuljangbwipe/","industry_service","TOFU/MOFU","NONE_BY_EXACT_H1_STATIC_AUDIT","MONITOR"
"출판사 홈페이지 제작","industry_service","앱·웹·AI 개발 파트너를 찾는 사업자와 실무자","https://reumlab.com/website/chulpansa/","industry_service","TOFU/MOFU","NONE_BY_EXACT_H1_STATIC_AUDIT","MONITOR"
"답례품업체 홈페이지 제작","industry_service","앱·웹·AI 개발 파트너를 찾는 사업자와 실무자","https://reumlab.com/website/dabryepumeobche/","industry_service","TOFU/MOFU","NONE_BY_EXACT_H1_STATIC_AUDIT","MONITOR"
"당구장 홈페이지 제작","industry_service","앱·웹·AI 개발 파트너를 찾는 사업자와 실무자","https://reumlab.com/website/danggujang/","industry_service","TOFU/MOFU","NONE_BY_EXACT_H1_STATIC_AUDIT","MONITOR"
"데이터복구업체 홈페이지 제작","industry_service","앱·웹·AI 개발 파트너를 찾는 사업자와 실무자","https://reumlab.com/website/deiteoboggueobche/","industry_service","TOFU/MOFU","NONE_BY_EXACT_H1_STATIC_AUDIT","MONITOR"
"드론촬영업체 홈페이지 제작","industry_service","앱·웹·AI 개발 파트너를 찾는 사업자와 실무자","https://reumlab.com/website/deuronchwalyeongeobche/","industry_service","TOFU/MOFU","NONE_BY_EXACT_H1_STATIC_AUDIT","MONITOR"
"디자인회사 홈페이지 제작","industry_service","앱·웹·AI 개발 파트너를 찾는 사업자와 실무자","https://reumlab.com/website/dijainhoesa/","industry_service","TOFU/MOFU","NONE_BY_EXACT_H1_STATIC_AUDIT","MONITOR"
"도배업체 홈페이지 제작","industry_service","앱·웹·AI 개발 파트너를 찾는 사업자와 실무자","https://reumlab.com/website/dobaeeobche/","industry_service","TOFU/MOFU","NONE_BY_EXACT_H1_STATIC_AUDIT","MONITOR"
"도어락업체 홈페이지 제작","industry_service","앱·웹·AI 개발 파트너를 찾는 사업자와 실무자","https://reumlab.com/website/doeorageobche/","industry_service","TOFU/MOFU","NONE_BY_EXACT_H1_STATIC_AUDIT","MONITOR"
"독서실 홈페이지 제작","industry_service","앱·웹·AI 개발 파트너를 찾는 사업자와 실무자","https://reumlab.com/website/dogseosil/","industry_service","TOFU/MOFU","NONE_BY_EXACT_H1_STATIC_AUDIT","MONITOR"
"돌잔치업체 홈페이지 제작","industry_service","앱·웹·AI 개발 파트너를 찾는 사업자와 실무자","https://reumlab.com/website/doljanchieobche/","industry_service","TOFU/MOFU","NONE_BY_EXACT_H1_STATIC_AUDIT","MONITOR"
"도매업 홈페이지 제작","industry_service","앱·웹·AI 개발 파트너를 찾는 사업자와 실무자","https://reumlab.com/website/domaeeob/","industry_service","TOFU/MOFU","NONE_BY_EXACT_H1_STATIC_AUDIT","MONITOR"
"동물병원 홈페이지 제작","industry_service","앱·웹·AI 개발 파트너를 찾는 사업자와 실무자","https://reumlab.com/website/dongmulbyeongwon/","industry_service","TOFU/MOFU","NONE_BY_EXACT_H1_STATIC_AUDIT","MONITOR"
"도시락업체 홈페이지 제작","industry_service","앱·웹·AI 개발 파트너를 찾는 사업자와 실무자","https://reumlab.com/website/dosirageobche/","industry_service","TOFU/MOFU","NONE_BY_EXACT_H1_STATIC_AUDIT","MONITOR"
"두피관리센터 홈페이지 제작","industry_service","앱·웹·AI 개발 파트너를 찾는 사업자와 실무자","https://reumlab.com/website/dupigwanrisenteo/","industry_service","TOFU/MOFU","NONE_BY_EXACT_H1_STATIC_AUDIT","MONITOR"
"에어컨업체 홈페이지 제작","industry_service","앱·웹·AI 개발 파트너를 찾는 사업자와 실무자","https://reumlab.com/website/eeokeoneobche/","industry_service","TOFU/MOFU","NONE_BY_EXACT_H1_STATIC_AUDIT","MONITOR"
"언어치료센터 홈페이지 제작","industry_service","앱·웹·AI 개발 파트너를 찾는 사업자와 실무자","https://reumlab.com/website/eoneochiryosenteo/","industry_service","TOFU/MOFU","NONE_BY_EXACT_H1_STATIC_AUDIT","MONITOR"
"언론사 홈페이지 제작","industry_service","앱·웹·AI 개발 파트너를 찾는 사업자와 실무자","https://reumlab.com/website/eonronsa/","industry_service","TOFU/MOFU","NONE_BY_EXACT_H1_STATIC_AUDIT","MONITOR"
"어린이집 홈페이지 제작","industry_service","앱·웹·AI 개발 파트너를 찾는 사업자와 실무자","https://reumlab.com/website/eorinijib/","industry_service","TOFU/MOFU","NONE_BY_EXACT_H1_STATIC_AUDIT","MONITOR"
"에스테틱 홈페이지 제작","industry_service","앱·웹·AI 개발 파트너를 찾는 사업자와 실무자","https://reumlab.com/website/eseutetig/","industry_service","TOFU/MOFU","NONE_BY_EXACT_H1_STATIC_AUDIT","MONITOR"
"음악학원 홈페이지 제작","industry_service","앱·웹·AI 개발 파트너를 찾는 사업자와 실무자","https://reumlab.com/website/eumaghagwon/","industry_service","TOFU/MOFU","NONE_BY_EXACT_H1_STATIC_AUDIT","MONITOR"
"음향업체 홈페이지 제작","industry_service","앱·웹·AI 개발 파트너를 찾는 사업자와 실무자","https://reumlab.com/website/eumhyangeobche/","industry_service","TOFU/MOFU","NONE_BY_EXACT_H1_STATIC_AUDIT","MONITOR"
"가방매장 홈페이지 제작","industry_service","앱·웹·AI 개발 파트너를 찾는 사업자와 실무자","https://reumlab.com/website/gabangmaejang/","industry_service","TOFU/MOFU","NONE_BY_EXACT_H1_STATIC_AUDIT","MONITOR"
"가구점 홈페이지 제작","industry_service","앱·웹·AI 개발 파트너를 찾는 사업자와 실무자","https://reumlab.com/website/gagujeom/","industry_service","TOFU/MOFU","NONE_BY_EXACT_H1_STATIC_AUDIT","MONITOR"
"가정상담소 홈페이지 제작","industry_service","앱·웹·AI 개발 파트너를 찾는 사업자와 실무자","https://reumlab.com/website/gajeongsangdamso/","industry_service","TOFU/MOFU","NONE_BY_EXACT_H1_STATIC_AUDIT","MONITOR"
"감정평가사 홈페이지 제작","industry_service","앱·웹·AI 개발 파트너를 찾는 사업자와 실무자","https://reumlab.com/website/gamjeongpyeonggasa/","industry_service","TOFU/MOFU","NONE_BY_EXACT_H1_STATIC_AUDIT","MONITOR"
"간병인 홈페이지 제작","industry_service","앱·웹·AI 개발 파트너를 찾는 사업자와 실무자","https://reumlab.com/website/ganbyeongin/","industry_service","TOFU/MOFU","NONE_BY_EXACT_H1_STATIC_AUDIT","MONITOR"
"게임회사 홈페이지 제작","industry_service","앱·웹·AI 개발 파트너를 찾는 사업자와 실무자","https://reumlab.com/website/geimhoesa/","industry_service","TOFU/MOFU","NONE_BY_EXACT_H1_STATIC_AUDIT","MONITOR"
"건축사사무소 홈페이지 제작","industry_service","앱·웹·AI 개발 파트너를 찾는 사업자와 실무자","https://reumlab.com/website/geonchugsasamuso/","industry_service","TOFU/MOFU","NONE_BY_EXACT_H1_STATIC_AUDIT","MONITOR"
"건강검진센터 홈페이지 제작","industry_service","앱·웹·AI 개발 파트너를 찾는 사업자와 실무자","https://reumlab.com/website/geonganggeomjinsenteo/","industry_service","TOFU/MOFU","NONE_BY_EXACT_H1_STATIC_AUDIT","MONITOR"
"건강식품 홈페이지 제작","industry_service","앱·웹·AI 개발 파트너를 찾는 사업자와 실무자","https://reumlab.com/website/geongangsigpum/","industry_service","TOFU/MOFU","NONE_BY_EXACT_H1_STATIC_AUDIT","MONITOR"
"건설회사 홈페이지 제작","industry_service","앱·웹·AI 개발 파트너를 찾는 사업자와 실무자","https://reumlab.com/website/geonseolhoesa/","industry_service","TOFU/MOFU","NONE_BY_EXACT_H1_STATIC_AUDIT","MONITOR"
"게스트하우스 홈페이지 제작","industry_service","앱·웹·AI 개발 파트너를 찾는 사업자와 실무자","https://reumlab.com/website/geseuteuhauseu/","industry_service","TOFU/MOFU","NONE_BY_EXACT_H1_STATIC_AUDIT","MONITOR"
"글램핑장 홈페이지 제작","industry_service","앱·웹·AI 개발 파트너를 찾는 사업자와 실무자","https://reumlab.com/website/geulraempingjang/","industry_service","TOFU/MOFU","NONE_BY_EXACT_H1_STATIC_AUDIT","MONITOR"
"금형업체 홈페이지 제작","industry_service","앱·웹·AI 개발 파트너를 찾는 사업자와 실무자","https://reumlab.com/website/geumhyeongeobche/","industry_service","TOFU/MOFU","NONE_BY_EXACT_H1_STATIC_AUDIT","MONITOR"
"금속가공업 홈페이지 제작","industry_service","앱·웹·AI 개발 파트너를 찾는 사업자와 실무자","https://reumlab.com/website/geumsoggagongeob/","industry_service","TOFU/MOFU","NONE_BY_EXACT_H1_STATIC_AUDIT","MONITOR"
"기업 홈페이지 제작","industry_service","앱·웹·AI 개발 파트너를 찾는 사업자와 실무자","https://reumlab.com/website/gieob/","industry_service","TOFU/MOFU","NONE_BY_EXACT_H1_STATIC_AUDIT","MONITOR"
"기계제조업 홈페이지 제작","industry_service","앱·웹·AI 개발 파트너를 찾는 사업자와 실무자","https://reumlab.com/website/gigyejejoeob/","industry_service","TOFU/MOFU","NONE_BY_EXACT_H1_STATIC_AUDIT","MONITOR"
"고깃집 홈페이지 제작","industry_service","앱·웹·AI 개발 파트너를 찾는 사업자와 실무자","https://reumlab.com/website/gogisjib/","industry_service","TOFU/MOFU","NONE_BY_EXACT_H1_STATIC_AUDIT","MONITOR"
"골프연습장 홈페이지 제작","industry_service","앱·웹·AI 개발 파트너를 찾는 사업자와 실무자","https://reumlab.com/website/golpeuyeonseubjang/","industry_service","TOFU/MOFU","NONE_BY_EXACT_H1_STATIC_AUDIT","MONITOR"
"공항픽업 홈페이지 제작","industry_service","앱·웹·AI 개발 파트너를 찾는 사업자와 실무자","https://reumlab.com/website/gonghangpigeob/","industry_service","TOFU/MOFU","NONE_BY_EXACT_H1_STATIC_AUDIT","MONITOR"
"공인중개사 홈페이지 제작","industry_service","앱·웹·AI 개발 파트너를 찾는 사업자와 실무자","https://reumlab.com/website/gonginjunggaesa/","industry_service","TOFU/MOFU","NONE_BY_EXACT_H1_STATIC_AUDIT","MONITOR"
"공장 홈페이지 제작","industry_service","앱·웹·AI 개발 파트너를 찾는 사업자와 실무자","https://reumlab.com/website/gongjang/","industry_service","TOFU/MOFU","NONE_BY_EXACT_H1_STATIC_AUDIT","MONITOR"
"공연기획사 홈페이지 제작","industry_service","앱·웹·AI 개발 파트너를 찾는 사업자와 실무자","https://reumlab.com/website/gongyeongihoegsa/","industry_service","TOFU/MOFU","NONE_BY_EXACT_H1_STATIC_AUDIT","MONITOR"
"광고대행사 홈페이지 제작","industry_service","앱·웹·AI 개발 파트너를 찾는 사업자와 실무자","https://reumlab.com/website/gwanggodaehaengsa/","industry_service","TOFU/MOFU","NONE_BY_EXACT_H1_STATIC_AUDIT","MONITOR"
"관광버스 홈페이지 제작","industry_service","앱·웹·AI 개발 파트너를 찾는 사업자와 실무자","https://reumlab.com/website/gwangwangbeoseu/","industry_service","TOFU/MOFU","NONE_BY_EXACT_H1_STATIC_AUDIT","MONITOR"
"관광농원 홈페이지 제작","industry_service","앱·웹·AI 개발 파트너를 찾는 사업자와 실무자","https://reumlab.com/website/gwangwangnongwon/","industry_service","TOFU/MOFU","NONE_BY_EXACT_H1_STATIC_AUDIT","MONITOR"
"관세사 홈페이지 제작","industry_service","앱·웹·AI 개발 파트너를 찾는 사업자와 실무자","https://reumlab.com/website/gwansesa/","industry_service","TOFU/MOFU","NONE_BY_EXACT_H1_STATIC_AUDIT","MONITOR"
"과외 홈페이지 제작","industry_service","앱·웹·AI 개발 파트너를 찾는 사업자와 실무자","https://reumlab.com/website/gwaoe/","industry_service","TOFU/MOFU","NONE_BY_EXACT_H1_STATIC_AUDIT","MONITOR"
"경비업체 홈페이지 제작","industry_service","앱·웹·AI 개발 파트너를 찾는 사업자와 실무자","https://reumlab.com/website/gyeongbieobche/","industry_service","TOFU/MOFU","NONE_BY_EXACT_H1_STATIC_AUDIT","MONITOR"
"경영컨설팅 홈페이지 제작","industry_service","앱·웹·AI 개발 파트너를 찾는 사업자와 실무자","https://reumlab.com/website/gyeongyeongkeonseolting/","industry_service","TOFU/MOFU","NONE_BY_EXACT_H1_STATIC_AUDIT","MONITOR"
"행정사 홈페이지 제작","industry_service","앱·웹·AI 개발 파트너를 찾는 사업자와 실무자","https://reumlab.com/website/haengjeongsa/","industry_service","TOFU/MOFU","NONE_BY_EXACT_H1_STATIC_AUDIT","MONITOR"
"행사대행사 홈페이지 제작","industry_service","앱·웹·AI 개발 파트너를 찾는 사업자와 실무자","https://reumlab.com/website/haengsadaehaengsa/","industry_service","TOFU/MOFU","NONE_BY_EXACT_H1_STATIC_AUDIT","MONITOR"
"학원 홈페이지 제작","industry_service","앱·웹·AI 개발 파트너를 찾는 사업자와 실무자","https://reumlab.com/website/hagwon/","industry_service","TOFU/MOFU","NONE_BY_EXACT_H1_STATIC_AUDIT","MONITOR"
"한복집 홈페이지 제작","industry_service","앱·웹·AI 개발 파트너를 찾는 사업자와 실무자","https://reumlab.com/website/hanbogjib/","industry_service","TOFU/MOFU","NONE_BY_EXACT_H1_STATIC_AUDIT","MONITOR"
"한옥스테이 홈페이지 제작","industry_service","앱·웹·AI 개발 파트너를 찾는 사업자와 실무자","https://reumlab.com/website/hanogseutei/","industry_service","TOFU/MOFU","NONE_BY_EXACT_H1_STATIC_AUDIT","MONITOR"
"한식당 홈페이지 제작","industry_service","앱·웹·AI 개발 파트너를 찾는 사업자와 실무자","https://reumlab.com/website/hansigdang/","industry_service","TOFU/MOFU","NONE_BY_EXACT_H1_STATIC_AUDIT","MONITOR"
"한의원 홈페이지 제작","industry_service","앱·웹·AI 개발 파트너를 찾는 사업자와 실무자","https://reumlab.com/website/hanuiwon/","industry_service","TOFU/MOFU","NONE_BY_EXACT_H1_STATIC_AUDIT","MONITOR"
"하수구업체 홈페이지 제작","industry_service","앱·웹·AI 개발 파트너를 찾는 사업자와 실무자","https://reumlab.com/website/hasugueobche/","industry_service","TOFU/MOFU","NONE_BY_EXACT_H1_STATIC_AUDIT","MONITOR"
"헬스장 홈페이지 제작","industry_service","앱·웹·AI 개발 파트너를 찾는 사업자와 실무자","https://reumlab.com/website/helseujang/","industry_service","TOFU/MOFU","NONE_BY_EXACT_H1_STATIC_AUDIT","MONITOR"
"회계사 홈페이지 제작","industry_service","앱·웹·AI 개발 파트너를 찾는 사업자와 실무자","https://reumlab.com/website/hoegyesa/","industry_service","TOFU/MOFU","NONE_BY_EXACT_H1_STATIC_AUDIT","MONITOR"
"횟집 홈페이지 제작","industry_service","앱·웹·AI 개발 파트너를 찾는 사업자와 실무자","https://reumlab.com/website/hoesjib/","industry_service","TOFU/MOFU","NONE_BY_EXACT_H1_STATIC_AUDIT","MONITOR"
"호스팅업체 홈페이지 제작","industry_service","앱·웹·AI 개발 파트너를 찾는 사업자와 실무자","https://reumlab.com/website/hoseutingeobche/","industry_service","TOFU/MOFU","NONE_BY_EXACT_H1_STATIC_AUDIT","MONITOR"
"호텔 홈페이지 제작","industry_service","앱·웹·AI 개발 파트너를 찾는 사업자와 실무자","https://reumlab.com/website/hotel/","industry_service","TOFU/MOFU","NONE_BY_EXACT_H1_STATIC_AUDIT","MONITOR"
"화장품제조업 홈페이지 제작","industry_service","앱·웹·AI 개발 파트너를 찾는 사업자와 실무자","https://reumlab.com/website/hwajangpumjejoeob/","industry_service","TOFU/MOFU","NONE_BY_EXACT_H1_STATIC_AUDIT","MONITOR"
"화물운송업체 홈페이지 제작","industry_service","앱·웹·AI 개발 파트너를 찾는 사업자와 실무자","https://reumlab.com/website/hwamulunsongeobche/","industry_service","TOFU/MOFU","NONE_BY_EXACT_H1_STATIC_AUDIT","MONITOR"
"휴대폰매장 홈페이지 제작","industry_service","앱·웹·AI 개발 파트너를 찾는 사업자와 실무자","https://reumlab.com/website/hyudaeponmaejang/","industry_service","TOFU/MOFU","NONE_BY_EXACT_H1_STATIC_AUDIT","MONITOR"
"휴양림 홈페이지 제작","industry_service","앱·웹·AI 개발 파트너를 찾는 사업자와 실무자","https://reumlab.com/website/hyuyangrim/","industry_service","TOFU/MOFU","NONE_BY_EXACT_H1_STATIC_AUDIT","MONITOR"
"이벤트업체 홈페이지 제작","industry_service","앱·웹·AI 개발 파트너를 찾는 사업자와 실무자","https://reumlab.com/website/ibenteueobche/","industry_service","TOFU/MOFU","NONE_BY_EXACT_H1_STATIC_AUDIT","MONITOR"
"이비인후과 홈페이지 제작","industry_service","앱·웹·AI 개발 파트너를 찾는 사업자와 실무자","https://reumlab.com/website/ibiinhugwa/","industry_service","TOFU/MOFU","NONE_BY_EXACT_H1_STATIC_AUDIT","MONITOR"
"입주청소업체 홈페이지 제작","industry_service","앱·웹·AI 개발 파트너를 찾는 사업자와 실무자","https://reumlab.com/website/ibjucheongsoeobche/","industry_service","TOFU/MOFU","NONE_BY_EXACT_H1_STATIC_AUDIT","MONITOR"
"입시학원 홈페이지 제작","industry_service","앱·웹·AI 개발 파트너를 찾는 사업자와 실무자","https://reumlab.com/website/ibsihagwon/","industry_service","TOFU/MOFU","NONE_BY_EXACT_H1_STATIC_AUDIT","MONITOR"
"일식당 홈페이지 제작","industry_service","앱·웹·AI 개발 파트너를 찾는 사업자와 실무자","https://reumlab.com/website/ilsigdang/","industry_service","TOFU/MOFU","NONE_BY_EXACT_H1_STATIC_AUDIT","MONITOR"
"홈페이지·랜딩페이지 제작 예쁜 사이트를 넘어 문의가 들어오는 구조로","service_or_hub","앱·웹·AI 개발 파트너를 찾는 사업자와 실무자","https://reumlab.com/website/","service_or_hub","BOFU","NONE_BY_EXACT_H1_STATIC_AUDIT","IMPROVE"
"인쇄업체 홈페이지 제작","industry_service","앱·웹·AI 개발 파트너를 찾는 사업자와 실무자","https://reumlab.com/website/inswaeeobche/","industry_service","TOFU/MOFU","NONE_BY_EXACT_H1_STATIC_AUDIT","MONITOR"
"인쇄소 홈페이지 제작","industry_service","앱·웹·AI 개발 파트너를 찾는 사업자와 실무자","https://reumlab.com/website/inswaeso/","industry_service","TOFU/MOFU","NONE_BY_EXACT_H1_STATIC_AUDIT","MONITOR"
"인테리어업체 홈페이지 제작","industry_service","앱·웹·AI 개발 파트너를 찾는 사업자와 실무자","https://reumlab.com/website/interieoeobche/","industry_service","TOFU/MOFU","NONE_BY_EXACT_H1_STATIC_AUDIT","MONITOR"
"인테리어소품샵 홈페이지 제작","industry_service","앱·웹·AI 개발 파트너를 찾는 사업자와 실무자","https://reumlab.com/website/interieosopumsyab/","industry_service","TOFU/MOFU","NONE_BY_EXACT_H1_STATIC_AUDIT","MONITOR"
"이사업체 홈페이지 제작","industry_service","앱·웹·AI 개발 파트너를 찾는 사업자와 실무자","https://reumlab.com/website/isaeobche/","industry_service","TOFU/MOFU","NONE_BY_EXACT_H1_STATIC_AUDIT","MONITOR"
"IT기업 홈페이지 제작","industry_service","앱·웹·AI 개발 파트너를 찾는 사업자와 실무자","https://reumlab.com/website/it-company/","industry_service","TOFU/MOFU","NONE_BY_EXACT_H1_STATIC_AUDIT","MONITOR"
"자동차 정비소 홈페이지 제작","industry_service","앱·웹·AI 개발 파트너를 찾는 사업자와 실무자","https://reumlab.com/website/jadongcha-jeongbiso/","industry_service","TOFU/MOFU","NONE_BY_EXACT_H1_STATIC_AUDIT","MONITOR"
"자동차부품제조업 홈페이지 제작","industry_service","앱·웹·AI 개발 파트너를 찾는 사업자와 실무자","https://reumlab.com/website/jadongchabupumjejoeob/","industry_service","TOFU/MOFU","NONE_BY_EXACT_H1_STATIC_AUDIT","MONITOR"
"자동차공업사 홈페이지 제작","industry_service","앱·웹·AI 개발 파트너를 찾는 사업자와 실무자","https://reumlab.com/website/jadongchagongeobsa/","industry_service","TOFU/MOFU","NONE_BY_EXACT_H1_STATIC_AUDIT","MONITOR"
"자동차광택업체 홈페이지 제작","industry_service","앱·웹·AI 개발 파트너를 찾는 사업자와 실무자","https://reumlab.com/website/jadongchagwangtaegeobche/","industry_service","TOFU/MOFU","NONE_BY_EXACT_H1_STATIC_AUDIT","MONITOR"
"자동차튜닝샵 홈페이지 제작","industry_service","앱·웹·AI 개발 파트너를 찾는 사업자와 실무자","https://reumlab.com/website/jadongchatyuningsyab/","industry_service","TOFU/MOFU","NONE_BY_EXACT_H1_STATIC_AUDIT","MONITOR"
"자동차유리업체 홈페이지 제작","industry_service","앱·웹·AI 개발 파트너를 찾는 사업자와 실무자","https://reumlab.com/website/jadongchayurieobche/","industry_service","TOFU/MOFU","NONE_BY_EXACT_H1_STATIC_AUDIT","MONITOR"
"재가복지센터 홈페이지 제작","industry_service","앱·웹·AI 개발 파트너를 찾는 사업자와 실무자","https://reumlab.com/website/jaegabogjisenteo/","industry_service","TOFU/MOFU","NONE_BY_EXACT_H1_STATIC_AUDIT","MONITOR"
"재활의학과 홈페이지 제작","industry_service","앱·웹·AI 개발 파트너를 찾는 사업자와 실무자","https://reumlab.com/website/jaehwaluihaggwa/","industry_service","TOFU/MOFU","NONE_BY_EXACT_H1_STATIC_AUDIT","MONITOR"
"자전거매장 홈페이지 제작","industry_service","앱·웹·AI 개발 파트너를 찾는 사업자와 실무자","https://reumlab.com/website/jajeongeomaejang/","industry_service","TOFU/MOFU","NONE_BY_EXACT_H1_STATIC_AUDIT","MONITOR"
"장애인복지관 홈페이지 제작","industry_service","앱·웹·AI 개발 파트너를 찾는 사업자와 실무자","https://reumlab.com/website/jangaeinbogjigwan/","industry_service","TOFU/MOFU","NONE_BY_EXACT_H1_STATIC_AUDIT","MONITOR"
"장례식장 홈페이지 제작","industry_service","앱·웹·AI 개발 파트너를 찾는 사업자와 실무자","https://reumlab.com/website/jangryesigjang/","industry_service","TOFU/MOFU","NONE_BY_EXACT_H1_STATIC_AUDIT","MONITOR"
"제조업 홈페이지 제작","industry_service","앱·웹·AI 개발 파트너를 찾는 사업자와 실무자","https://reumlab.com/website/jejoeob/","industry_service","TOFU/MOFU","NONE_BY_EXACT_H1_STATIC_AUDIT","MONITOR"
"정형외과 홈페이지 제작","industry_service","앱·웹·AI 개발 파트너를 찾는 사업자와 실무자","https://reumlab.com/website/jeonghyeongoegwa/","industry_service","TOFU/MOFU","NONE_BY_EXACT_H1_STATIC_AUDIT","MONITOR"
"전기공사업체 홈페이지 제작","industry_service","앱·웹·AI 개발 파트너를 찾는 사업자와 실무자","https://reumlab.com/website/jeongigongsaeobche/","industry_service","TOFU/MOFU","NONE_BY_EXACT_H1_STATIC_AUDIT","MONITOR"
"정신건강의학과 홈페이지 제작","industry_service","앱·웹·AI 개발 파트너를 찾는 사업자와 실무자","https://reumlab.com/website/jeongsingeonganguihaggwa/","industry_service","TOFU/MOFU","NONE_BY_EXACT_H1_STATIC_AUDIT","MONITOR"
"정수기업체 홈페이지 제작","industry_service","앱·웹·AI 개발 파트너를 찾는 사업자와 실무자","https://reumlab.com/website/jeongsugieobche/","industry_service","TOFU/MOFU","NONE_BY_EXACT_H1_STATIC_AUDIT","MONITOR"
"전자부품제조업 홈페이지 제작","industry_service","앱·웹·AI 개발 파트너를 찾는 사업자와 실무자","https://reumlab.com/website/jeonjabupumjejoeob/","industry_service","TOFU/MOFU","NONE_BY_EXACT_H1_STATIC_AUDIT","MONITOR"
"전자제품매장 홈페이지 제작","industry_service","앱·웹·AI 개발 파트너를 찾는 사업자와 실무자","https://reumlab.com/website/jeonjajepummaejang/","industry_service","TOFU/MOFU","NONE_BY_EXACT_H1_STATIC_AUDIT","MONITOR"
"전문건설업 홈페이지 제작","industry_service","앱·웹·AI 개발 파트너를 찾는 사업자와 실무자","https://reumlab.com/website/jeonmungeonseoleob/","industry_service","TOFU/MOFU","NONE_BY_EXACT_H1_STATIC_AUDIT","MONITOR"
"전시기획사 홈페이지 제작","industry_service","앱·웹·AI 개발 파트너를 찾는 사업자와 실무자","https://reumlab.com/website/jeonsigihoegsa/","industry_service","TOFU/MOFU","NONE_BY_EXACT_H1_STATIC_AUDIT","MONITOR"
"전통시장 홈페이지 제작","industry_service","앱·웹·AI 개발 파트너를 찾는 사업자와 실무자","https://reumlab.com/website/jeontongsijang/","industry_service","TOFU/MOFU","NONE_BY_EXACT_H1_STATIC_AUDIT","MONITOR"
"직업전문학교 홈페이지 제작","industry_service","앱·웹·AI 개발 파트너를 찾는 사업자와 실무자","https://reumlab.com/website/jigeobjeonmunhaggyo/","industry_service","TOFU/MOFU","NONE_BY_EXACT_H1_STATIC_AUDIT","MONITOR"
"조경업체 홈페이지 제작","industry_service","앱·웹·AI 개발 파트너를 찾는 사업자와 실무자","https://reumlab.com/website/jogyeongeobche/","industry_service","TOFU/MOFU","NONE_BY_EXACT_H1_STATIC_AUDIT","MONITOR"
"조명업체 홈페이지 제작","industry_service","앱·웹·AI 개발 파트너를 찾는 사업자와 실무자","https://reumlab.com/website/jomyeongeobche/","industry_service","TOFU/MOFU","NONE_BY_EXACT_H1_STATIC_AUDIT","MONITOR"
"종합건설업 홈페이지 제작","industry_service","앱·웹·AI 개발 파트너를 찾는 사업자와 실무자","https://reumlab.com/website/jonghabgeonseoleob/","industry_service","TOFU/MOFU","NONE_BY_EXACT_H1_STATIC_AUDIT","MONITOR"
"종합유통업 홈페이지 제작","industry_service","앱·웹·AI 개발 파트너를 찾는 사업자와 실무자","https://reumlab.com/website/jonghabyutongeob/","industry_service","TOFU/MOFU","NONE_BY_EXACT_H1_STATIC_AUDIT","MONITOR"
"주차장 홈페이지 제작","industry_service","앱·웹·AI 개발 파트너를 찾는 사업자와 실무자","https://reumlab.com/website/juchajang/","industry_service","TOFU/MOFU","NONE_BY_EXACT_H1_STATIC_AUDIT","MONITOR"
"주얼리샵 홈페이지 제작","industry_service","앱·웹·AI 개발 파트너를 찾는 사업자와 실무자","https://reumlab.com/website/jueolrisyab/","industry_service","TOFU/MOFU","NONE_BY_EXACT_H1_STATIC_AUDIT","MONITOR"
"주간보호센터 홈페이지 제작","industry_service","앱·웹·AI 개발 파트너를 찾는 사업자와 실무자","https://reumlab.com/website/juganbohosenteo/","industry_service","TOFU/MOFU","NONE_BY_EXACT_H1_STATIC_AUDIT","MONITOR"
"주짓수도장 홈페이지 제작","industry_service","앱·웹·AI 개발 파트너를 찾는 사업자와 실무자","https://reumlab.com/website/jujissudojang/","industry_service","TOFU/MOFU","NONE_BY_EXACT_H1_STATIC_AUDIT","MONITOR"
"중고차매매업체 홈페이지 제작","industry_service","앱·웹·AI 개발 파트너를 찾는 사업자와 실무자","https://reumlab.com/website/junggochamaemaeeobche/","industry_service","TOFU/MOFU","NONE_BY_EXACT_H1_STATIC_AUDIT","MONITOR"
"중고매장 홈페이지 제작","industry_service","앱·웹·AI 개발 파트너를 찾는 사업자와 실무자","https://reumlab.com/website/junggomaejang/","industry_service","TOFU/MOFU","NONE_BY_EXACT_H1_STATIC_AUDIT","MONITOR"
"중식당 홈페이지 제작","industry_service","앱·웹·AI 개발 파트너를 찾는 사업자와 실무자","https://reumlab.com/website/jungsigdang/","industry_service","TOFU/MOFU","NONE_BY_EXACT_H1_STATIC_AUDIT","MONITOR"
"캠핑장 홈페이지 제작","industry_service","앱·웹·AI 개발 파트너를 찾는 사업자와 실무자","https://reumlab.com/website/kaempingjang/","industry_service","TOFU/MOFU","NONE_BY_EXACT_H1_STATIC_AUDIT","MONITOR"
"캠핑펜션 홈페이지 제작","industry_service","앱·웹·AI 개발 파트너를 찾는 사업자와 실무자","https://reumlab.com/website/kaempingpensyeon/","industry_service","TOFU/MOFU","NONE_BY_EXACT_H1_STATIC_AUDIT","MONITOR"
"카페 홈페이지 제작","industry_service","앱·웹·AI 개발 파트너를 찾는 사업자와 실무자","https://reumlab.com/website/kape/","industry_service","TOFU/MOFU","NONE_BY_EXACT_H1_STATIC_AUDIT","MONITOR"
"카센터 홈페이지 제작","industry_service","앱·웹·AI 개발 파트너를 찾는 사업자와 실무자","https://reumlab.com/website/kasenteo/","industry_service","TOFU/MOFU","NONE_BY_EXACT_H1_STATIC_AUDIT","MONITOR"
"케이터링 홈페이지 제작","industry_service","앱·웹·AI 개발 파트너를 찾는 사업자와 실무자","https://reumlab.com/website/keiteoring/","industry_service","TOFU/MOFU","NONE_BY_EXACT_H1_STATIC_AUDIT","MONITOR"
"컴퓨터수리업체 홈페이지 제작","industry_service","앱·웹·AI 개발 파트너를 찾는 사업자와 실무자","https://reumlab.com/website/keompyuteosurieobche/","industry_service","TOFU/MOFU","NONE_BY_EXACT_H1_STATIC_AUDIT","MONITOR"
"클라이밍짐 홈페이지 제작","industry_service","앱·웹·AI 개발 파트너를 찾는 사업자와 실무자","https://reumlab.com/website/keulraimingjim/","industry_service","TOFU/MOFU","NONE_BY_EXACT_H1_STATIC_AUDIT","MONITOR"
"크로스핏 홈페이지 제작","industry_service","앱·웹·AI 개발 파트너를 찾는 사업자와 실무자","https://reumlab.com/website/keuroseupis/","industry_service","TOFU/MOFU","NONE_BY_EXACT_H1_STATIC_AUDIT","MONITOR"
"꽃집 홈페이지 제작","industry_service","앱·웹·AI 개발 파트너를 찾는 사업자와 실무자","https://reumlab.com/website/kkochjib/","industry_service","TOFU/MOFU","NONE_BY_EXACT_H1_STATIC_AUDIT","MONITOR"
"코딩학원 홈페이지 제작","industry_service","앱·웹·AI 개발 파트너를 찾는 사업자와 실무자","https://reumlab.com/website/kodinghagwon/","industry_service","TOFU/MOFU","NONE_BY_EXACT_H1_STATIC_AUDIT","MONITOR"
"코인세탁소 홈페이지 제작","industry_service","앱·웹·AI 개발 파트너를 찾는 사업자와 실무자","https://reumlab.com/website/koinsetagso/","industry_service","TOFU/MOFU","NONE_BY_EXACT_H1_STATIC_AUDIT","MONITOR"
"퀵서비스 홈페이지 제작","industry_service","앱·웹·AI 개발 파트너를 찾는 사업자와 실무자","https://reumlab.com/website/kwigseobiseu/","industry_service","TOFU/MOFU","NONE_BY_EXACT_H1_STATIC_AUDIT","MONITOR"
"맞춤정장 홈페이지 제작","industry_service","앱·웹·AI 개발 파트너를 찾는 사업자와 실무자","https://reumlab.com/website/majchumjeongjang/","industry_service","TOFU/MOFU","NONE_BY_EXACT_H1_STATIC_AUDIT","MONITOR"
"마케팅대행사 홈페이지 제작","industry_service","앱·웹·AI 개발 파트너를 찾는 사업자와 실무자","https://reumlab.com/website/maketingdaehaengsa/","industry_service","TOFU/MOFU","NONE_BY_EXACT_H1_STATIC_AUDIT","MONITOR"
"마사지샵 홈페이지 제작","industry_service","앱·웹·AI 개발 파트너를 찾는 사업자와 실무자","https://reumlab.com/website/masajisyab/","industry_service","TOFU/MOFU","NONE_BY_EXACT_H1_STATIC_AUDIT","MONITOR"
"마트 홈페이지 제작","industry_service","앱·웹·AI 개발 파트너를 찾는 사업자와 실무자","https://reumlab.com/website/mateu/","industry_service","TOFU/MOFU","NONE_BY_EXACT_H1_STATIC_AUDIT","MONITOR"
"MCN회사 홈페이지 제작","industry_service","앱·웹·AI 개발 파트너를 찾는 사업자와 실무자","https://reumlab.com/website/mcn-agency/","industry_service","TOFU/MOFU","NONE_BY_EXACT_H1_STATIC_AUDIT","MONITOR"
"메이크업샵 홈페이지 제작","industry_service","앱·웹·AI 개발 파트너를 찾는 사업자와 실무자","https://reumlab.com/website/meikeueobsyab/","industry_service","TOFU/MOFU","NONE_BY_EXACT_H1_STATIC_AUDIT","MONITOR"
"민박 홈페이지 제작","industry_service","앱·웹·AI 개발 파트너를 찾는 사업자와 실무자","https://reumlab.com/website/minbag/","industry_service","TOFU/MOFU","NONE_BY_EXACT_H1_STATIC_AUDIT","MONITOR"
"미술학원 홈페이지 제작","industry_service","앱·웹·AI 개발 파트너를 찾는 사업자와 실무자","https://reumlab.com/website/misulhagwon/","industry_service","TOFU/MOFU","NONE_BY_EXACT_H1_STATIC_AUDIT","MONITOR"
"미용실 홈페이지 제작","industry_service","앱·웹·AI 개발 파트너를 찾는 사업자와 실무자","https://reumlab.com/website/miyongsil/","industry_service","TOFU/MOFU","NONE_BY_EXACT_H1_STATIC_AUDIT","MONITOR"
"모텔 홈페이지 제작","industry_service","앱·웹·AI 개발 파트너를 찾는 사업자와 실무자","https://reumlab.com/website/motel/","industry_service","TOFU/MOFU","NONE_BY_EXACT_H1_STATIC_AUDIT","MONITOR"
"물류회사 홈페이지 제작","industry_service","앱·웹·AI 개발 파트너를 찾는 사업자와 실무자","https://reumlab.com/website/mulryuhoesa/","industry_service","TOFU/MOFU","NONE_BY_EXACT_H1_STATIC_AUDIT","MONITOR"
"무역회사 홈페이지 제작","industry_service","앱·웹·AI 개발 파트너를 찾는 사업자와 실무자","https://reumlab.com/website/muyeoghoesa/","industry_service","TOFU/MOFU","NONE_BY_EXACT_H1_STATIC_AUDIT","MONITOR"
"내과 홈페이지 제작","industry_service","앱·웹·AI 개발 파트너를 찾는 사업자와 실무자","https://reumlab.com/website/naegwa/","industry_service","TOFU/MOFU","NONE_BY_EXACT_H1_STATIC_AUDIT","MONITOR"
"낚시터 홈페이지 제작","industry_service","앱·웹·AI 개발 파트너를 찾는 사업자와 실무자","https://reumlab.com/website/nakksiteo/","industry_service","TOFU/MOFU","NONE_BY_EXACT_H1_STATIC_AUDIT","MONITOR"
"네일샵 홈페이지 제작","industry_service","앱·웹·AI 개발 파트너를 찾는 사업자와 실무자","https://reumlab.com/website/neilsyab/","industry_service","TOFU/MOFU","NONE_BY_EXACT_H1_STATIC_AUDIT","MONITOR"
"노인복지관 홈페이지 제작","industry_service","앱·웹·AI 개발 파트너를 찾는 사업자와 실무자","https://reumlab.com/website/noinbogjigwan/","industry_service","TOFU/MOFU","NONE_BY_EXACT_H1_STATIC_AUDIT","MONITOR"
"노무사 홈페이지 제작","industry_service","앱·웹·AI 개발 파트너를 찾는 사업자와 실무자","https://reumlab.com/website/nomusa/","industry_service","TOFU/MOFU","NONE_BY_EXACT_H1_STATIC_AUDIT","MONITOR"
"농산물판매 홈페이지 제작","industry_service","앱·웹·AI 개발 파트너를 찾는 사업자와 실무자","https://reumlab.com/website/nongsanmulpanmae/","industry_service","TOFU/MOFU","NONE_BY_EXACT_H1_STATIC_AUDIT","MONITOR"
"누수탐지업체 홈페이지 제작","industry_service","앱·웹·AI 개발 파트너를 찾는 사업자와 실무자","https://reumlab.com/website/nusutamjieobche/","industry_service","TOFU/MOFU","NONE_BY_EXACT_H1_STATIC_AUDIT","MONITOR"
"온라인쇼핑몰 홈페이지 제작","industry_service","앱·웹·AI 개발 파트너를 찾는 사업자와 실무자","https://reumlab.com/website/onrainsyopingmol/","industry_service","TOFU/MOFU","NONE_BY_EXACT_H1_STATIC_AUDIT","MONITOR"
"오토바이매장 홈페이지 제작","industry_service","앱·웹·AI 개발 파트너를 찾는 사업자와 실무자","https://reumlab.com/website/otobaimaejang/","industry_service","TOFU/MOFU","NONE_BY_EXACT_H1_STATIC_AUDIT","MONITOR"
"판촉물업체 홈페이지 제작","industry_service","앱·웹·AI 개발 파트너를 찾는 사업자와 실무자","https://reumlab.com/website/panchogmuleobche/","industry_service","TOFU/MOFU","NONE_BY_EXACT_H1_STATIC_AUDIT","MONITOR"
"파티룸 홈페이지 제작","industry_service","앱·웹·AI 개발 파트너를 찾는 사업자와 실무자","https://reumlab.com/website/patirum/","industry_service","TOFU/MOFU","NONE_BY_EXACT_H1_STATIC_AUDIT","MONITOR"
"펜션 홈페이지 제작","industry_service","앱·웹·AI 개발 파트너를 찾는 사업자와 실무자","https://reumlab.com/website/pensyeon/","industry_service","TOFU/MOFU","NONE_BY_EXACT_H1_STATIC_AUDIT","MONITOR"
"퍼스널컬러 홈페이지 제작","industry_service","앱·웹·AI 개발 파트너를 찾는 사업자와 실무자","https://reumlab.com/website/peoseuneolkeolreo/","industry_service","TOFU/MOFU","NONE_BY_EXACT_H1_STATIC_AUDIT","MONITOR"
"플라스틱제조업 홈페이지 제작","industry_service","앱·웹·AI 개발 파트너를 찾는 사업자와 실무자","https://reumlab.com/website/peulraseutigjejoeob/","industry_service","TOFU/MOFU","NONE_BY_EXACT_H1_STATIC_AUDIT","MONITOR"
"플라워샵 홈페이지 제작","industry_service","앱·웹·AI 개발 파트너를 찾는 사업자와 실무자","https://reumlab.com/website/peulrawosyab/","industry_service","TOFU/MOFU","NONE_BY_EXACT_H1_STATIC_AUDIT","MONITOR"
"피아노학원 홈페이지 제작","industry_service","앱·웹·AI 개발 파트너를 찾는 사업자와 실무자","https://reumlab.com/website/pianohagwon/","industry_service","TOFU/MOFU","NONE_BY_EXACT_H1_STATIC_AUDIT","MONITOR"
"피부과 홈페이지 제작","industry_service","앱·웹·AI 개발 파트너를 찾는 사업자와 실무자","https://reumlab.com/website/pibugwa/","industry_service","TOFU/MOFU","NONE_BY_EXACT_H1_STATIC_AUDIT","MONITOR"
"피부관리샵 홈페이지 제작","industry_service","앱·웹·AI 개발 파트너를 찾는 사업자와 실무자","https://reumlab.com/website/pibugwanrisyab/","industry_service","TOFU/MOFU","NONE_BY_EXACT_H1_STATIC_AUDIT","MONITOR"
"피자집 홈페이지 제작","industry_service","앱·웹·AI 개발 파트너를 찾는 사업자와 실무자","https://reumlab.com/website/pijajib/","industry_service","TOFU/MOFU","NONE_BY_EXACT_H1_STATIC_AUDIT","MONITOR"
"필라테스 홈페이지 제작","industry_service","앱·웹·AI 개발 파트너를 찾는 사업자와 실무자","https://reumlab.com/website/pilrateseu/","industry_service","TOFU/MOFU","NONE_BY_EXACT_H1_STATIC_AUDIT","MONITOR"
"포장재제조업 홈페이지 제작","industry_service","앱·웹·AI 개발 파트너를 찾는 사업자와 실무자","https://reumlab.com/website/pojangjaejejoeob/","industry_service","TOFU/MOFU","NONE_BY_EXACT_H1_STATIC_AUDIT","MONITOR"
"포토부스업체 홈페이지 제작","industry_service","앱·웹·AI 개발 파트너를 찾는 사업자와 실무자","https://reumlab.com/website/potobuseueobche/","industry_service","TOFU/MOFU","NONE_BY_EXACT_H1_STATIC_AUDIT","MONITOR"
"PT샵 홈페이지 제작","industry_service","앱·웹·AI 개발 파트너를 찾는 사업자와 실무자","https://reumlab.com/website/pt-shop/","industry_service","TOFU/MOFU","NONE_BY_EXACT_H1_STATIC_AUDIT","MONITOR"
"푸드트럭 홈페이지 제작","industry_service","앱·웹·AI 개발 파트너를 찾는 사업자와 실무자","https://reumlab.com/website/pudeuteureog/","industry_service","TOFU/MOFU","NONE_BY_EXACT_H1_STATIC_AUDIT","MONITOR"
"풀빌라 홈페이지 제작","industry_service","앱·웹·AI 개발 파트너를 찾는 사업자와 실무자","https://reumlab.com/website/pulbilra/","industry_service","TOFU/MOFU","NONE_BY_EXACT_H1_STATIC_AUDIT","MONITOR"
"폐기물처리업체 홈페이지 제작","industry_service","앱·웹·AI 개발 파트너를 찾는 사업자와 실무자","https://reumlab.com/website/pyegimulcheorieobche/","industry_service","TOFU/MOFU","NONE_BY_EXACT_H1_STATIC_AUDIT","MONITOR"
"편의점 홈페이지 제작","industry_service","앱·웹·AI 개발 파트너를 찾는 사업자와 실무자","https://reumlab.com/website/pyeonuijeom/","industry_service","TOFU/MOFU","NONE_BY_EXACT_H1_STATIC_AUDIT","MONITOR"
"레저스포츠 홈페이지 제작","industry_service","앱·웹·AI 개발 파트너를 찾는 사업자와 실무자","https://reumlab.com/website/rejeoseupocheu/","industry_service","TOFU/MOFU","NONE_BY_EXACT_H1_STATIC_AUDIT","MONITOR"
"렌탈업체 홈페이지 제작","industry_service","앱·웹·AI 개발 파트너를 찾는 사업자와 실무자","https://reumlab.com/website/rentaleobche/","industry_service","TOFU/MOFU","NONE_BY_EXACT_H1_STATIC_AUDIT","MONITOR"
"렌터카 홈페이지 제작","industry_service","앱·웹·AI 개발 파트너를 찾는 사업자와 실무자","https://reumlab.com/website/renteoka/","industry_service","TOFU/MOFU","NONE_BY_EXACT_H1_STATIC_AUDIT","MONITOR"
"리조트 홈페이지 제작","industry_service","앱·웹·AI 개발 파트너를 찾는 사업자와 실무자","https://reumlab.com/website/rijoteu/","industry_service","TOFU/MOFU","NONE_BY_EXACT_H1_STATIC_AUDIT","MONITOR"
"리모델링업체 홈페이지 제작","industry_service","앱·웹·AI 개발 파트너를 찾는 사업자와 실무자","https://reumlab.com/website/rimodelringeobche/","industry_service","TOFU/MOFU","NONE_BY_EXACT_H1_STATIC_AUDIT","MONITOR"
"사회복지관 홈페이지 제작","industry_service","앱·웹·AI 개발 파트너를 찾는 사업자와 실무자","https://reumlab.com/website/sahoebogjigwan/","industry_service","TOFU/MOFU","NONE_BY_EXACT_H1_STATIC_AUDIT","MONITOR"
"사진관 홈페이지 제작","industry_service","앱·웹·AI 개발 파트너를 찾는 사업자와 실무자","https://reumlab.com/website/sajingwan/","industry_service","TOFU/MOFU","NONE_BY_EXACT_H1_STATIC_AUDIT","MONITOR"
"산부인과 홈페이지 제작","industry_service","앱·웹·AI 개발 파트너를 찾는 사업자와 실무자","https://reumlab.com/website/sanbuingwa/","industry_service","TOFU/MOFU","NONE_BY_EXACT_H1_STATIC_AUDIT","MONITOR"
"산업장비업체 홈페이지 제작","industry_service","앱·웹·AI 개발 파트너를 찾는 사업자와 실무자","https://reumlab.com/website/saneobjangbieobche/","industry_service","TOFU/MOFU","NONE_BY_EXACT_H1_STATIC_AUDIT","MONITOR"
"상조회사 홈페이지 제작","industry_service","앱·웹·AI 개발 파트너를 찾는 사업자와 실무자","https://reumlab.com/website/sangjohoesa/","industry_service","TOFU/MOFU","NONE_BY_EXACT_H1_STATIC_AUDIT","MONITOR"
"산후도우미 홈페이지 제작","industry_service","앱·웹·AI 개발 파트너를 찾는 사업자와 실무자","https://reumlab.com/website/sanhudoumi/","industry_service","TOFU/MOFU","NONE_BY_EXACT_H1_STATIC_AUDIT","MONITOR"
"산후조리원 홈페이지 제작","industry_service","앱·웹·AI 개발 파트너를 찾는 사업자와 실무자","https://reumlab.com/website/sanhujoriwon/","industry_service","TOFU/MOFU","NONE_BY_EXACT_H1_STATIC_AUDIT","MONITOR"
"세차장 홈페이지 제작","industry_service","앱·웹·AI 개발 파트너를 찾는 사업자와 실무자","https://reumlab.com/website/sechajang/","industry_service","TOFU/MOFU","NONE_BY_EXACT_H1_STATIC_AUDIT","MONITOR"
"세무사 홈페이지 제작","industry_service","앱·웹·AI 개발 파트너를 찾는 사업자와 실무자","https://reumlab.com/website/semusa/","industry_service","TOFU/MOFU","NONE_BY_EXACT_H1_STATIC_AUDIT","MONITOR"
"서점 홈페이지 제작","industry_service","앱·웹·AI 개발 파트너를 찾는 사업자와 실무자","https://reumlab.com/website/seojeom/","industry_service","TOFU/MOFU","NONE_BY_EXACT_H1_STATIC_AUDIT","MONITOR"
"설비업체 홈페이지 제작","industry_service","앱·웹·AI 개발 파트너를 찾는 사업자와 실무자","https://reumlab.com/website/seolbieobche/","industry_service","TOFU/MOFU","NONE_BY_EXACT_H1_STATIC_AUDIT","MONITOR"
"섬유제조업 홈페이지 제작","industry_service","앱·웹·AI 개발 파트너를 찾는 사업자와 실무자","https://reumlab.com/website/seomyujejoeob/","industry_service","TOFU/MOFU","NONE_BY_EXACT_H1_STATIC_AUDIT","MONITOR"
"성형외과 홈페이지 제작","industry_service","앱·웹·AI 개발 파트너를 찾는 사업자와 실무자","https://reumlab.com/website/seonghyeongoegwa/","industry_service","TOFU/MOFU","NONE_BY_EXACT_H1_STATIC_AUDIT","MONITOR"
"세탁소 홈페이지 제작","industry_service","앱·웹·AI 개발 파트너를 찾는 사업자와 실무자","https://reumlab.com/website/setagso/","industry_service","TOFU/MOFU","NONE_BY_EXACT_H1_STATIC_AUDIT","MONITOR"
"스크린골프 홈페이지 제작","industry_service","앱·웹·AI 개발 파트너를 찾는 사업자와 실무자","https://reumlab.com/website/seukeuringolpeu/","industry_service","TOFU/MOFU","NONE_BY_EXACT_H1_STATIC_AUDIT","MONITOR"
"승마장 홈페이지 제작","industry_service","앱·웹·AI 개발 파트너를 찾는 사업자와 실무자","https://reumlab.com/website/seungmajang/","industry_service","TOFU/MOFU","NONE_BY_EXACT_H1_STATIC_AUDIT","MONITOR"
"스파 홈페이지 제작","industry_service","앱·웹·AI 개발 파트너를 찾는 사업자와 실무자","https://reumlab.com/website/seupa/","industry_service","TOFU/MOFU","NONE_BY_EXACT_H1_STATIC_AUDIT","MONITOR"
"스타트업 홈페이지 제작","industry_service","앱·웹·AI 개발 파트너를 찾는 사업자와 실무자","https://reumlab.com/website/seutateueob/","industry_service","TOFU/MOFU","NONE_BY_EXACT_H1_STATIC_AUDIT","MONITOR"
"스터디카페 홈페이지 제작","industry_service","앱·웹·AI 개발 파트너를 찾는 사업자와 실무자","https://reumlab.com/website/seuteodikape/","industry_service","TOFU/MOFU","NONE_BY_EXACT_H1_STATIC_AUDIT","MONITOR"
"스튜디오 홈페이지 제작","industry_service","앱·웹·AI 개발 파트너를 찾는 사업자와 실무자","https://reumlab.com/website/seutyudio/","industry_service","TOFU/MOFU","NONE_BY_EXACT_H1_STATIC_AUDIT","MONITOR"
"식당 홈페이지 제작","industry_service","앱·웹·AI 개발 파트너를 찾는 사업자와 실무자","https://reumlab.com/website/sigdang/","industry_service","TOFU/MOFU","NONE_BY_EXACT_H1_STATIC_AUDIT","MONITOR"
"식품가공업 홈페이지 제작","industry_service","앱·웹·AI 개발 파트너를 찾는 사업자와 실무자","https://reumlab.com/website/sigpumgagongeob/","industry_service","TOFU/MOFU","NONE_BY_EXACT_H1_STATIC_AUDIT","MONITOR"
"식품제조업 홈페이지 제작","industry_service","앱·웹·AI 개발 파트너를 찾는 사업자와 실무자","https://reumlab.com/website/sigpumjejoeob/","industry_service","TOFU/MOFU","NONE_BY_EXACT_H1_STATIC_AUDIT","MONITOR"
"실버타운 홈페이지 제작","industry_service","앱·웹·AI 개발 파트너를 찾는 사업자와 실무자","https://reumlab.com/website/silbeotaun/","industry_service","TOFU/MOFU","NONE_BY_EXACT_H1_STATIC_AUDIT","MONITOR"
"심리상담센터 홈페이지 제작","industry_service","앱·웹·AI 개발 파트너를 찾는 사업자와 실무자","https://reumlab.com/website/simrisangdamsenteo/","industry_service","TOFU/MOFU","NONE_BY_EXACT_H1_STATIC_AUDIT","MONITOR"
"신발매장 홈페이지 제작","industry_service","앱·웹·AI 개발 파트너를 찾는 사업자와 실무자","https://reumlab.com/website/sinbalmaejang/","industry_service","TOFU/MOFU","NONE_BY_EXACT_H1_STATIC_AUDIT","MONITOR"
"신차딜러 홈페이지 제작","industry_service","앱·웹·AI 개발 파트너를 찾는 사업자와 실무자","https://reumlab.com/website/sinchadilreo/","industry_service","TOFU/MOFU","NONE_BY_EXACT_H1_STATIC_AUDIT","MONITOR"
"신경외과 홈페이지 제작","industry_service","앱·웹·AI 개발 파트너를 찾는 사업자와 실무자","https://reumlab.com/website/singyeongoegwa/","industry_service","TOFU/MOFU","NONE_BY_EXACT_H1_STATIC_AUDIT","MONITOR"
"신용정보회사 홈페이지 제작","industry_service","앱·웹·AI 개발 파트너를 찾는 사업자와 실무자","https://reumlab.com/website/sinyongjeongbohoesa/","industry_service","TOFU/MOFU","NONE_BY_EXACT_H1_STATIC_AUDIT","MONITOR"
"소아과 홈페이지 제작","industry_service","앱·웹·AI 개발 파트너를 찾는 사업자와 실무자","https://reumlab.com/website/soagwa/","industry_service","TOFU/MOFU","NONE_BY_EXACT_H1_STATIC_AUDIT","MONITOR"
"소독업체 홈페이지 제작","industry_service","앱·웹·AI 개발 파트너를 찾는 사업자와 실무자","https://reumlab.com/website/sodogeobche/","industry_service","TOFU/MOFU","NONE_BY_EXACT_H1_STATIC_AUDIT","MONITOR"
"속눈썹샵 홈페이지 제작","industry_service","앱·웹·AI 개발 파트너를 찾는 사업자와 실무자","https://reumlab.com/website/sognunsseobsyab/","industry_service","TOFU/MOFU","NONE_BY_EXACT_H1_STATIC_AUDIT","MONITOR"
"솔루션업체 홈페이지 제작","industry_service","앱·웹·AI 개발 파트너를 찾는 사업자와 실무자","https://reumlab.com/website/solrusyeoneobche/","industry_service","TOFU/MOFU","NONE_BY_EXACT_H1_STATIC_AUDIT","MONITOR"
"소매업 홈페이지 제작","industry_service","앱·웹·AI 개발 파트너를 찾는 사업자와 실무자","https://reumlab.com/website/somaeeob/","industry_service","TOFU/MOFU","NONE_BY_EXACT_H1_STATIC_AUDIT","MONITOR"
"손해사정사 홈페이지 제작","industry_service","앱·웹·AI 개발 파트너를 찾는 사업자와 실무자","https://reumlab.com/website/sonhaesajeongsa/","industry_service","TOFU/MOFU","NONE_BY_EXACT_H1_STATIC_AUDIT","MONITOR"
"손세차장 홈페이지 제작","industry_service","앱·웹·AI 개발 파트너를 찾는 사업자와 실무자","https://reumlab.com/website/sonsechajang/","industry_service","TOFU/MOFU","NONE_BY_EXACT_H1_STATIC_AUDIT","MONITOR"
"소프트웨어개발사 홈페이지 제작","industry_service","앱·웹·AI 개발 파트너를 찾는 사업자와 실무자","https://reumlab.com/website/sopeuteuweeogaebalsa/","industry_service","TOFU/MOFU","NONE_BY_EXACT_H1_STATIC_AUDIT","MONITOR"
"수학학원 홈페이지 제작","industry_service","앱·웹·AI 개발 파트너를 찾는 사업자와 실무자","https://reumlab.com/website/suhaghagwon/","industry_service","TOFU/MOFU","NONE_BY_EXACT_H1_STATIC_AUDIT","MONITOR"
"수입판매업 홈페이지 제작","industry_service","앱·웹·AI 개발 파트너를 찾는 사업자와 실무자","https://reumlab.com/website/suibpanmaeeob/","industry_service","TOFU/MOFU","NONE_BY_EXACT_H1_STATIC_AUDIT","MONITOR"
"수영장 홈페이지 제작","industry_service","앱·웹·AI 개발 파트너를 찾는 사업자와 실무자","https://reumlab.com/website/suyeongjang/","industry_service","TOFU/MOFU","NONE_BY_EXACT_H1_STATIC_AUDIT","MONITOR"
"쇼핑몰 홈페이지 제작","industry_service","앱·웹·AI 개발 파트너를 찾는 사업자와 실무자","https://reumlab.com/website/syopingmol/","industry_service","TOFU/MOFU","NONE_BY_EXACT_H1_STATIC_AUDIT","MONITOR"
"택배업체 홈페이지 제작","industry_service","앱·웹·AI 개발 파트너를 찾는 사업자와 실무자","https://reumlab.com/website/taegbaeeobche/","industry_service","TOFU/MOFU","NONE_BY_EXACT_H1_STATIC_AUDIT","MONITOR"
"태권도장 홈페이지 제작","industry_service","앱·웹·AI 개발 파트너를 찾는 사업자와 실무자","https://reumlab.com/website/taegwondojang/","industry_service","TOFU/MOFU","NONE_BY_EXACT_H1_STATIC_AUDIT","MONITOR"
"타이어매장 홈페이지 제작","industry_service","앱·웹·AI 개발 파트너를 찾는 사업자와 실무자","https://reumlab.com/website/taieomaejang/","industry_service","TOFU/MOFU","NONE_BY_EXACT_H1_STATIC_AUDIT","MONITOR"
"타일업체 홈페이지 제작","industry_service","앱·웹·AI 개발 파트너를 찾는 사업자와 실무자","https://reumlab.com/website/taileobche/","industry_service","TOFU/MOFU","NONE_BY_EXACT_H1_STATIC_AUDIT","MONITOR"
"테마파크 홈페이지 제작","industry_service","앱·웹·AI 개발 파트너를 찾는 사업자와 실무자","https://reumlab.com/website/temapakeu/","industry_service","TOFU/MOFU","NONE_BY_EXACT_H1_STATIC_AUDIT","MONITOR"
"테니스장 홈페이지 제작","industry_service","앱·웹·AI 개발 파트너를 찾는 사업자와 실무자","https://reumlab.com/website/teniseujang/","industry_service","TOFU/MOFU","NONE_BY_EXACT_H1_STATIC_AUDIT","MONITOR"
"특허사무소 홈페이지 제작","industry_service","앱·웹·AI 개발 파트너를 찾는 사업자와 실무자","https://reumlab.com/website/teugheosamuso/","industry_service","TOFU/MOFU","NONE_BY_EXACT_H1_STATIC_AUDIT","MONITOR"
"토목회사 홈페이지 제작","industry_service","앱·웹·AI 개발 파트너를 찾는 사업자와 실무자","https://reumlab.com/website/tomoghoesa/","industry_service","TOFU/MOFU","NONE_BY_EXACT_H1_STATIC_AUDIT","MONITOR"
"통증의학과 홈페이지 제작","industry_service","앱·웹·AI 개발 파트너를 찾는 사업자와 실무자","https://reumlab.com/website/tongjeunguihaggwa/","industry_service","TOFU/MOFU","NONE_BY_EXACT_H1_STATIC_AUDIT","MONITOR"
"떡집 홈페이지 제작","industry_service","앱·웹·AI 개발 파트너를 찾는 사업자와 실무자","https://reumlab.com/website/tteogjib/","industry_service","TOFU/MOFU","NONE_BY_EXACT_H1_STATIC_AUDIT","MONITOR"
"의료기기제조업 홈페이지 제작","industry_service","앱·웹·AI 개발 파트너를 찾는 사업자와 실무자","https://reumlab.com/website/uiryogigijejoeob/","industry_service","TOFU/MOFU","NONE_BY_EXACT_H1_STATIC_AUDIT","MONITOR"
"의류매장 홈페이지 제작","industry_service","앱·웹·AI 개발 파트너를 찾는 사업자와 실무자","https://reumlab.com/website/uiryumaejang/","industry_service","TOFU/MOFU","NONE_BY_EXACT_H1_STATIC_AUDIT","MONITOR"
"운전학원 홈페이지 제작","industry_service","앱·웹·AI 개발 파트너를 찾는 사업자와 실무자","https://reumlab.com/website/unjeonhagwon/","industry_service","TOFU/MOFU","NONE_BY_EXACT_H1_STATIC_AUDIT","MONITOR"
"왁싱샵 홈페이지 제작","industry_service","앱·웹·AI 개발 파트너를 찾는 사업자와 실무자","https://reumlab.com/website/wagsingsyab/","industry_service","TOFU/MOFU","NONE_BY_EXACT_H1_STATIC_AUDIT","MONITOR"
"완구점 홈페이지 제작","industry_service","앱·웹·AI 개발 파트너를 찾는 사업자와 실무자","https://reumlab.com/website/wangujeom/","industry_service","TOFU/MOFU","NONE_BY_EXACT_H1_STATIC_AUDIT","MONITOR"
"웹에이전시 홈페이지 제작","industry_service","앱·웹·AI 개발 파트너를 찾는 사업자와 실무자","https://reumlab.com/website/webeijeonsi/","industry_service","TOFU/MOFU","NONE_BY_EXACT_H1_STATIC_AUDIT","MONITOR"
"웨딩드레스샵 홈페이지 제작","industry_service","앱·웹·AI 개발 파트너를 찾는 사업자와 실무자","https://reumlab.com/website/wedingdeureseusyab/","industry_service","TOFU/MOFU","NONE_BY_EXACT_H1_STATIC_AUDIT","MONITOR"
"웨딩홀 홈페이지 제작","industry_service","앱·웹·AI 개발 파트너를 찾는 사업자와 실무자","https://reumlab.com/website/wedinghol/","industry_service","TOFU/MOFU","NONE_BY_EXACT_H1_STATIC_AUDIT","MONITOR"
"웨딩플래너 홈페이지 제작","industry_service","앱·웹·AI 개발 파트너를 찾는 사업자와 실무자","https://reumlab.com/website/wedingpeulraeneo/","industry_service","TOFU/MOFU","NONE_BY_EXACT_H1_STATIC_AUDIT","MONITOR"
"웨딩스튜디오 홈페이지 제작","industry_service","앱·웹·AI 개발 파트너를 찾는 사업자와 실무자","https://reumlab.com/website/wedingseutyudio/","industry_service","TOFU/MOFU","NONE_BY_EXACT_H1_STATIC_AUDIT","MONITOR"
"워터파크 홈페이지 제작","industry_service","앱·웹·AI 개발 파트너를 찾는 사업자와 실무자","https://reumlab.com/website/woteopakeu/","industry_service","TOFU/MOFU","NONE_BY_EXACT_H1_STATIC_AUDIT","MONITOR"
"약국 홈페이지 제작","industry_service","앱·웹·AI 개발 파트너를 찾는 사업자와 실무자","https://reumlab.com/website/yaggug/","industry_service","TOFU/MOFU","NONE_BY_EXACT_H1_STATIC_AUDIT","MONITOR"
"양식당 홈페이지 제작","industry_service","앱·웹·AI 개발 파트너를 찾는 사업자와 실무자","https://reumlab.com/website/yangsigdang/","industry_service","TOFU/MOFU","NONE_BY_EXACT_H1_STATIC_AUDIT","MONITOR"
"여행사 홈페이지 제작","industry_service","앱·웹·AI 개발 파트너를 찾는 사업자와 실무자","https://reumlab.com/website/yeohaengsa/","industry_service","TOFU/MOFU","NONE_BY_EXACT_H1_STATIC_AUDIT","MONITOR"
"열쇠업체 홈페이지 제작","industry_service","앱·웹·AI 개발 파트너를 찾는 사업자와 실무자","https://reumlab.com/website/yeolsoeeobche/","industry_service","TOFU/MOFU","NONE_BY_EXACT_H1_STATIC_AUDIT","MONITOR"
"영어학원 홈페이지 제작","industry_service","앱·웹·AI 개발 파트너를 찾는 사업자와 실무자","https://reumlab.com/website/yeongeohagwon/","industry_service","TOFU/MOFU","NONE_BY_EXACT_H1_STATIC_AUDIT","MONITOR"
"영상제작업체 홈페이지 제작","industry_service","앱·웹·AI 개발 파트너를 찾는 사업자와 실무자","https://reumlab.com/website/yeongsangjejageobche/","industry_service","TOFU/MOFU","NONE_BY_EXACT_H1_STATIC_AUDIT","MONITOR"
"연구소 홈페이지 제작","industry_service","앱·웹·AI 개발 파트너를 찾는 사업자와 실무자","https://reumlab.com/website/yeonguso/","industry_service","TOFU/MOFU","NONE_BY_EXACT_H1_STATIC_AUDIT","MONITOR"
"요가원 홈페이지 제작","industry_service","앱·웹·AI 개발 파트너를 찾는 사업자와 실무자","https://reumlab.com/website/yogawon/","industry_service","TOFU/MOFU","NONE_BY_EXACT_H1_STATIC_AUDIT","MONITOR"
"용달업체 홈페이지 제작","industry_service","앱·웹·AI 개발 파트너를 찾는 사업자와 실무자","https://reumlab.com/website/yongdaleobche/","industry_service","TOFU/MOFU","NONE_BY_EXACT_H1_STATIC_AUDIT","MONITOR"
"용접업체 홈페이지 제작","industry_service","앱·웹·AI 개발 파트너를 찾는 사업자와 실무자","https://reumlab.com/website/yongjeobeobche/","industry_service","TOFU/MOFU","NONE_BY_EXACT_H1_STATIC_AUDIT","MONITOR"
"요리학원 홈페이지 제작","industry_service","앱·웹·AI 개발 파트너를 찾는 사업자와 실무자","https://reumlab.com/website/yorihagwon/","industry_service","TOFU/MOFU","NONE_BY_EXACT_H1_STATIC_AUDIT","MONITOR"
"요양병원 홈페이지 제작","industry_service","앱·웹·AI 개발 파트너를 찾는 사업자와 실무자","https://reumlab.com/website/yoyangbyeongwon/","industry_service","TOFU/MOFU","NONE_BY_EXACT_H1_STATIC_AUDIT","MONITOR"
"요양원 홈페이지 제작","industry_service","앱·웹·AI 개발 파트너를 찾는 사업자와 실무자","https://reumlab.com/website/yoyangwon/","industry_service","TOFU/MOFU","NONE_BY_EXACT_H1_STATIC_AUDIT","MONITOR"
"유치원 홈페이지 제작","industry_service","앱·웹·AI 개발 파트너를 찾는 사업자와 실무자","https://reumlab.com/website/yuchiwon/","industry_service","TOFU/MOFU","NONE_BY_EXACT_H1_STATIC_AUDIT","MONITOR"
"유학원 홈페이지 제작","industry_service","앱·웹·AI 개발 파트너를 찾는 사업자와 실무자","https://reumlab.com/website/yuhagwon/","industry_service","TOFU/MOFU","NONE_BY_EXACT_H1_STATIC_AUDIT","MONITOR"
"유람선 홈페이지 제작","industry_service","앱·웹·AI 개발 파트너를 찾는 사업자와 실무자","https://reumlab.com/website/yuramseon/","industry_service","TOFU/MOFU","NONE_BY_EXACT_H1_STATIC_AUDIT","MONITOR"
"유통컨설팅 홈페이지 제작","industry_service","앱·웹·AI 개발 파트너를 찾는 사업자와 실무자","https://reumlab.com/website/yutongkeonseolting/","industry_service","TOFU/MOFU","NONE_BY_EXACT_H1_STATIC_AUDIT","MONITOR"
"유튜브제작사 홈페이지 제작","industry_service","앱·웹·AI 개발 파트너를 찾는 사업자와 실무자","https://reumlab.com/website/yutyubeujejagsa/","industry_service","TOFU/MOFU","NONE_BY_EXACT_H1_STATIC_AUDIT","MONITOR"
"홈페이지 제작 업체 찾을 때 — 검색되고 소스코드 주는 곳","service_or_hub","앱·웹·AI 개발 파트너를 찾는 사업자와 실무자","https://reumlab.com/website-agency/","service_or_hub","BOFU","NONE_BY_EXACT_H1_STATIC_AUDIT","IMPROVE"
"윈도우 앱·데스크톱 프로그램 개발 외주","service_or_hub","앱·웹·AI 개발 파트너를 찾는 사업자와 실무자","https://reumlab.com/windows-app-development/","service_or_hub","BOFU","NONE_BY_EXACT_H1_STATIC_AUDIT","IMPROVE"
