"canonical URL","page type","primary intent","target audience","Google clicks","Google impressions","Google CTR","Google average position","Bing clicks","Bing citations","Naver impressions","Naver clicks","organic sessions","AI referral sessions","successful leads","backlinks / independent mentions","first-party evidence","content uniqueness","query overlap","closest competing internal URL","index status","action","reason","priority","owner"
"https://reumlab.com/academy-shopping-mall/","service_or_hub","service_or_hub","앱·웹·AI 개발 파트너를 찾는 사업자와 실무자","OWNER_DATA_REQUIRED:GSC","OWNER_DATA_REQUIRED:GSC","OWNER_DATA_REQUIRED:GSC","OWNER_DATA_REQUIRED:GSC","OWNER_DATA_REQUIRED:BING","OWNER_DATA_REQUIRED:BING_AI_PERFORMANCE","OWNER_DATA_REQUIRED:NAVER","OWNER_DATA_REQUIRED:NAVER","OWNER_DATA_REQUIRED:GA4","OWNER_DATA_REQUIRED:GA4","OWNER_DATA_REQUIRED:GA4_NETLIFY","NOT_MEASURED","moderate","exact-unique","NO_EXACT_H1_DUPLICATE; GSC_QUERY_DATA_REQUIRED","https://reumlab.com/admin-page-development/","INDEX / SELF_CANONICAL_STATIC_VERIFIED","IMPROVE","핵심 의도와 기술 품질은 유효하나 인용 가능한 1차 근거 보강 여지 있음","P1","content+SEO"
"https://reumlab.com/admin-page-development/","service_or_hub","service_or_hub","앱·웹·AI 개발 파트너를 찾는 사업자와 실무자","OWNER_DATA_REQUIRED:GSC","OWNER_DATA_REQUIRED:GSC","OWNER_DATA_REQUIRED:GSC","OWNER_DATA_REQUIRED:GSC","OWNER_DATA_REQUIRED:BING","OWNER_DATA_REQUIRED:BING_AI_PERFORMANCE","OWNER_DATA_REQUIRED:NAVER","OWNER_DATA_REQUIRED:NAVER","OWNER_DATA_REQUIRED:GA4","OWNER_DATA_REQUIRED:GA4","OWNER_DATA_REQUIRED:GA4_NETLIFY","NOT_MEASURED","moderate","exact-unique","NO_EXACT_H1_DUPLICATE; GSC_QUERY_DATA_REQUIRED","https://reumlab.com/academy-shopping-mall/","INDEX / SELF_CANONICAL_STATIC_VERIFIED","IMPROVE","핵심 의도와 기술 품질은 유효하나 인용 가능한 1차 근거 보강 여지 있음","P1","content+SEO"
"https://reumlab.com/ai-automation/","service_or_hub","service_or_hub","앱·웹·AI 개발 파트너를 찾는 사업자와 실무자","OWNER_DATA_REQUIRED:GSC","OWNER_DATA_REQUIRED:GSC","OWNER_DATA_REQUIRED:GSC","OWNER_DATA_REQUIRED:GSC","OWNER_DATA_REQUIRED:BING","OWNER_DATA_REQUIRED:BING_AI_PERFORMANCE","OWNER_DATA_REQUIRED:NAVER","OWNER_DATA_REQUIRED:NAVER","OWNER_DATA_REQUIRED:GA4","OWNER_DATA_REQUIRED:GA4","OWNER_DATA_REQUIRED:GA4_NETLIFY","NOT_MEASURED","moderate","exact-unique","NO_EXACT_H1_DUPLICATE; GSC_QUERY_DATA_REQUIRED","https://reumlab.com/academy-shopping-mall/","INDEX / SELF_CANONICAL_STATIC_VERIFIED","IMPROVE","핵심 의도와 기술 품질은 유효하나 인용 가능한 1차 근거 보강 여지 있음","P1","content+SEO"
"https://reumlab.com/ai-development/dongtan/","region_service","region_service","해당 지역에서 개발사를 찾는 사업자","OWNER_DATA_REQUIRED:GSC","OWNER_DATA_REQUIRED:GSC","OWNER_DATA_REQUIRED:GSC","OWNER_DATA_REQUIRED:GSC","OWNER_DATA_REQUIRED:BING","OWNER_DATA_REQUIRED:BING_AI_PERFORMANCE","OWNER_DATA_REQUIRED:NAVER","OWNER_DATA_REQUIRED:NAVER","OWNER_DATA_REQUIRED:GA4","OWNER_DATA_REQUIRED:GA4","OWNER_DATA_REQUIRED:GA4_NETLIFY","NOT_MEASURED","templated-review","exact-unique","NO_EXACT_H1_DUPLICATE; GSC_QUERY_DATA_REQUIRED","https://reumlab.com/ai-development/hwaseong/","INDEX / SELF_CANONICAL_STATIC_VERIFIED","MONITOR","템플릿 유사 가능성은 있으나 검색·전환 데이터 없이 삭제·통합하지 않음","P2-monitor","SEO owner"
"https://reumlab.com/ai-development/hwaseong/","region_service","region_service","해당 지역에서 개발사를 찾는 사업자","OWNER_DATA_REQUIRED:GSC","OWNER_DATA_REQUIRED:GSC","OWNER_DATA_REQUIRED:GSC","OWNER_DATA_REQUIRED:GSC","OWNER_DATA_REQUIRED:BING","OWNER_DATA_REQUIRED:BING_AI_PERFORMANCE","OWNER_DATA_REQUIRED:NAVER","OWNER_DATA_REQUIRED:NAVER","OWNER_DATA_REQUIRED:GA4","OWNER_DATA_REQUIRED:GA4","OWNER_DATA_REQUIRED:GA4_NETLIFY","NOT_MEASURED","templated-review","exact-unique","NO_EXACT_H1_DUPLICATE; GSC_QUERY_DATA_REQUIRED","https://reumlab.com/ai-development/dongtan/","INDEX / SELF_CANONICAL_STATIC_VERIFIED","MONITOR","템플릿 유사 가능성은 있으나 검색·전환 데이터 없이 삭제·통합하지 않음","P2-monitor","SEO owner"
"https://reumlab.com/ai-development/","service_or_hub","service_or_hub","앱·웹·AI 개발 파트너를 찾는 사업자와 실무자","OWNER_DATA_REQUIRED:GSC","OWNER_DATA_REQUIRED:GSC","OWNER_DATA_REQUIRED:GSC","OWNER_DATA_REQUIRED:GSC","OWNER_DATA_REQUIRED:BING","OWNER_DATA_REQUIRED:BING_AI_PERFORMANCE","OWNER_DATA_REQUIRED:NAVER","OWNER_DATA_REQUIRED:NAVER","OWNER_DATA_REQUIRED:GA4","OWNER_DATA_REQUIRED:GA4","OWNER_DATA_REQUIRED:GA4_NETLIFY","NOT_MEASURED","moderate","exact-unique","NO_EXACT_H1_DUPLICATE; GSC_QUERY_DATA_REQUIRED","https://reumlab.com/academy-shopping-mall/","INDEX / SELF_CANONICAL_STATIC_VERIFIED","IMPROVE","핵심 의도와 기술 품질은 유효하나 인용 가능한 1차 근거 보강 여지 있음","P1","content+SEO"
"https://reumlab.com/ai-development/suwon/","region_service","region_service","해당 지역에서 개발사를 찾는 사업자","OWNER_DATA_REQUIRED:GSC","OWNER_DATA_REQUIRED:GSC","OWNER_DATA_REQUIRED:GSC","OWNER_DATA_REQUIRED:GSC","OWNER_DATA_REQUIRED:BING","OWNER_DATA_REQUIRED:BING_AI_PERFORMANCE","OWNER_DATA_REQUIRED:NAVER","OWNER_DATA_REQUIRED:NAVER","OWNER_DATA_REQUIRED:GA4","OWNER_DATA_REQUIRED:GA4","OWNER_DATA_REQUIRED:GA4_NETLIFY","NOT_MEASURED","templated-review","exact-unique","NO_EXACT_H1_DUPLICATE; GSC_QUERY_DATA_REQUIRED","https://reumlab.com/ai-development/dongtan/","INDEX / SELF_CANONICAL_STATIC_VERIFIED","MONITOR","템플릿 유사 가능성은 있으나 검색·전환 데이터 없이 삭제·통합하지 않음","P2-monitor","SEO owner"
"https://reumlab.com/app/academy/","industry_service","industry_service","앱·웹·AI 개발 파트너를 찾는 사업자와 실무자","OWNER_DATA_REQUIRED:GSC","OWNER_DATA_REQUIRED:GSC","OWNER_DATA_REQUIRED:GSC","OWNER_DATA_REQUIRED:GSC","OWNER_DATA_REQUIRED:BING","OWNER_DATA_REQUIRED:BING_AI_PERFORMANCE","OWNER_DATA_REQUIRED:NAVER","OWNER_DATA_REQUIRED:NAVER","OWNER_DATA_REQUIRED:GA4","OWNER_DATA_REQUIRED:GA4","OWNER_DATA_REQUIRED:GA4_NETLIFY","NOT_MEASURED","templated-review","exact-unique","NO_EXACT_H1_DUPLICATE; GSC_QUERY_DATA_REQUIRED","https://reumlab.com/app/agriculture/","INDEX / SELF_CANONICAL_STATIC_VERIFIED","MONITOR","템플릿 유사 가능성은 있으나 검색·전환 데이터 없이 삭제·통합하지 않음","P2-monitor","SEO owner"
"https://reumlab.com/app/agriculture/","industry_service","industry_service","앱·웹·AI 개발 파트너를 찾는 사업자와 실무자","OWNER_DATA_REQUIRED:GSC","OWNER_DATA_REQUIRED:GSC","OWNER_DATA_REQUIRED:GSC","OWNER_DATA_REQUIRED:GSC","OWNER_DATA_REQUIRED:BING","OWNER_DATA_REQUIRED:BING_AI_PERFORMANCE","OWNER_DATA_REQUIRED:NAVER","OWNER_DATA_REQUIRED:NAVER","OWNER_DATA_REQUIRED:GA4","OWNER_DATA_REQUIRED:GA4","OWNER_DATA_REQUIRED:GA4_NETLIFY","NOT_MEASURED","templated-review","exact-unique","NO_EXACT_H1_DUPLICATE; GSC_QUERY_DATA_REQUIRED","https://reumlab.com/app/academy/","INDEX / SELF_CANONICAL_STATIC_VERIFIED","MONITOR","템플릿 유사 가능성은 있으나 검색·전환 데이터 없이 삭제·통합하지 않음","P2-monitor","SEO owner"
"https://reumlab.com/app/animal-hospital/","industry_service","industry_service","앱·웹·AI 개발 파트너를 찾는 사업자와 실무자","OWNER_DATA_REQUIRED:GSC","OWNER_DATA_REQUIRED:GSC","OWNER_DATA_REQUIRED:GSC","OWNER_DATA_REQUIRED:GSC","OWNER_DATA_REQUIRED:BING","OWNER_DATA_REQUIRED:BING_AI_PERFORMANCE","OWNER_DATA_REQUIRED:NAVER","OWNER_DATA_REQUIRED:NAVER","OWNER_DATA_REQUIRED:GA4","OWNER_DATA_REQUIRED:GA4","OWNER_DATA_REQUIRED:GA4_NETLIFY","NOT_MEASURED","templated-review","exact-unique","NO_EXACT_H1_DUPLICATE; GSC_QUERY_DATA_REQUIRED","https://reumlab.com/app/academy/","INDEX / SELF_CANONICAL_STATIC_VERIFIED","MONITOR","템플릿 유사 가능성은 있으나 검색·전환 데이터 없이 삭제·통합하지 않음","P2-monitor","SEO owner"
"https://reumlab.com/app/art-academy/","industry_service","industry_service","앱·웹·AI 개발 파트너를 찾는 사업자와 실무자","OWNER_DATA_REQUIRED:GSC","OWNER_DATA_REQUIRED:GSC","OWNER_DATA_REQUIRED:GSC","OWNER_DATA_REQUIRED:GSC","OWNER_DATA_REQUIRED:BING","OWNER_DATA_REQUIRED:BING_AI_PERFORMANCE","OWNER_DATA_REQUIRED:NAVER","OWNER_DATA_REQUIRED:NAVER","OWNER_DATA_REQUIRED:GA4","OWNER_DATA_REQUIRED:GA4","OWNER_DATA_REQUIRED:GA4_NETLIFY","NOT_MEASURED","templated-review","exact-unique","NO_EXACT_H1_DUPLICATE; GSC_QUERY_DATA_REQUIRED","https://reumlab.com/app/academy/","INDEX / SELF_CANONICAL_STATIC_VERIFIED","MONITOR","템플릿 유사 가능성은 있으나 검색·전환 데이터 없이 삭제·통합하지 않음","P2-monitor","SEO owner"
"https://reumlab.com/app/b2b-saas/","industry_service","industry_service","앱·웹·AI 개발 파트너를 찾는 사업자와 실무자","OWNER_DATA_REQUIRED:GSC","OWNER_DATA_REQUIRED:GSC","OWNER_DATA_REQUIRED:GSC","OWNER_DATA_REQUIRED:GSC","OWNER_DATA_REQUIRED:BING","OWNER_DATA_REQUIRED:BING_AI_PERFORMANCE","OWNER_DATA_REQUIRED:NAVER","OWNER_DATA_REQUIRED:NAVER","OWNER_DATA_REQUIRED:GA4","OWNER_DATA_REQUIRED:GA4","OWNER_DATA_REQUIRED:GA4_NETLIFY","NOT_MEASURED","templated-review","exact-unique","NO_EXACT_H1_DUPLICATE; GSC_QUERY_DATA_REQUIRED","https://reumlab.com/app/academy/","INDEX / SELF_CANONICAL_STATIC_VERIFIED","MONITOR","템플릿 유사 가능성은 있으나 검색·전환 데이터 없이 삭제·통합하지 않음","P2-monitor","SEO owner"
"https://reumlab.com/app/bakery/","industry_service","industry_service","앱·웹·AI 개발 파트너를 찾는 사업자와 실무자","OWNER_DATA_REQUIRED:GSC","OWNER_DATA_REQUIRED:GSC","OWNER_DATA_REQUIRED:GSC","OWNER_DATA_REQUIRED:GSC","OWNER_DATA_REQUIRED:BING","OWNER_DATA_REQUIRED:BING_AI_PERFORMANCE","OWNER_DATA_REQUIRED:NAVER","OWNER_DATA_REQUIRED:NAVER","OWNER_DATA_REQUIRED:GA4","OWNER_DATA_REQUIRED:GA4","OWNER_DATA_REQUIRED:GA4_NETLIFY","NOT_MEASURED","templated-review","exact-unique","NO_EXACT_H1_DUPLICATE; GSC_QUERY_DATA_REQUIRED","https://reumlab.com/app/academy/","INDEX / SELF_CANONICAL_STATIC_VERIFIED","MONITOR","템플릿 유사 가능성은 있으나 검색·전환 데이터 없이 삭제·통합하지 않음","P2-monitor","SEO owner"
"https://reumlab.com/app/billiards/","industry_service","industry_service","앱·웹·AI 개발 파트너를 찾는 사업자와 실무자","OWNER_DATA_REQUIRED:GSC","OWNER_DATA_REQUIRED:GSC","OWNER_DATA_REQUIRED:GSC","OWNER_DATA_REQUIRED:GSC","OWNER_DATA_REQUIRED:BING","OWNER_DATA_REQUIRED:BING_AI_PERFORMANCE","OWNER_DATA_REQUIRED:NAVER","OWNER_DATA_REQUIRED:NAVER","OWNER_DATA_REQUIRED:GA4","OWNER_DATA_REQUIRED:GA4","OWNER_DATA_REQUIRED:GA4_NETLIFY","NOT_MEASURED","templated-review","exact-unique","NO_EXACT_H1_DUPLICATE; GSC_QUERY_DATA_REQUIRED","https://reumlab.com/app/academy/","INDEX / SELF_CANONICAL_STATIC_VERIFIED","MONITOR","템플릿 유사 가능성은 있으나 검색·전환 데이터 없이 삭제·통합하지 않음","P2-monitor","SEO owner"
"https://reumlab.com/app/booking/","industry_service","industry_service","앱·웹·AI 개발 파트너를 찾는 사업자와 실무자","OWNER_DATA_REQUIRED:GSC","OWNER_DATA_REQUIRED:GSC","OWNER_DATA_REQUIRED:GSC","OWNER_DATA_REQUIRED:GSC","OWNER_DATA_REQUIRED:BING","OWNER_DATA_REQUIRED:BING_AI_PERFORMANCE","OWNER_DATA_REQUIRED:NAVER","OWNER_DATA_REQUIRED:NAVER","OWNER_DATA_REQUIRED:GA4","OWNER_DATA_REQUIRED:GA4","OWNER_DATA_REQUIRED:GA4_NETLIFY","NOT_MEASURED","templated-review","exact-unique","NO_EXACT_H1_DUPLICATE; GSC_QUERY_DATA_REQUIRED","https://reumlab.com/app/academy/","INDEX / SELF_CANONICAL_STATIC_VERIFIED","MONITOR","템플릿 유사 가능성은 있으나 검색·전환 데이터 없이 삭제·통합하지 않음","P2-monitor","SEO owner"
"https://reumlab.com/app/bookstore/","industry_service","industry_service","앱·웹·AI 개발 파트너를 찾는 사업자와 실무자","OWNER_DATA_REQUIRED:GSC","OWNER_DATA_REQUIRED:GSC","OWNER_DATA_REQUIRED:GSC","OWNER_DATA_REQUIRED:GSC","OWNER_DATA_REQUIRED:BING","OWNER_DATA_REQUIRED:BING_AI_PERFORMANCE","OWNER_DATA_REQUIRED:NAVER","OWNER_DATA_REQUIRED:NAVER","OWNER_DATA_REQUIRED:GA4","OWNER_DATA_REQUIRED:GA4","OWNER_DATA_REQUIRED:GA4_NETLIFY","NOT_MEASURED","templated-review","exact-unique","NO_EXACT_H1_DUPLICATE; GSC_QUERY_DATA_REQUIRED","https://reumlab.com/app/academy/","INDEX / SELF_CANONICAL_STATIC_VERIFIED","MONITOR","템플릿 유사 가능성은 있으나 검색·전환 데이터 없이 삭제·통합하지 않음","P2-monitor","SEO owner"
"https://reumlab.com/app/butcher/","industry_service","industry_service","앱·웹·AI 개발 파트너를 찾는 사업자와 실무자","OWNER_DATA_REQUIRED:GSC","OWNER_DATA_REQUIRED:GSC","OWNER_DATA_REQUIRED:GSC","OWNER_DATA_REQUIRED:GSC","OWNER_DATA_REQUIRED:BING","OWNER_DATA_REQUIRED:BING_AI_PERFORMANCE","OWNER_DATA_REQUIRED:NAVER","OWNER_DATA_REQUIRED:NAVER","OWNER_DATA_REQUIRED:GA4","OWNER_DATA_REQUIRED:GA4","OWNER_DATA_REQUIRED:GA4_NETLIFY","NOT_MEASURED","templated-review","exact-unique","NO_EXACT_H1_DUPLICATE; GSC_QUERY_DATA_REQUIRED","https://reumlab.com/app/academy/","INDEX / SELF_CANONICAL_STATIC_VERIFIED","MONITOR","템플릿 유사 가능성은 있으나 검색·전환 데이터 없이 삭제·통합하지 않음","P2-monitor","SEO owner"
"https://reumlab.com/app/cafe/","industry_service","industry_service","앱·웹·AI 개발 파트너를 찾는 사업자와 실무자","OWNER_DATA_REQUIRED:GSC","OWNER_DATA_REQUIRED:GSC","OWNER_DATA_REQUIRED:GSC","OWNER_DATA_REQUIRED:GSC","OWNER_DATA_REQUIRED:BING","OWNER_DATA_REQUIRED:BING_AI_PERFORMANCE","OWNER_DATA_REQUIRED:NAVER","OWNER_DATA_REQUIRED:NAVER","OWNER_DATA_REQUIRED:GA4","OWNER_DATA_REQUIRED:GA4","OWNER_DATA_REQUIRED:GA4_NETLIFY","NOT_MEASURED","templated-review","exact-unique","NO_EXACT_H1_DUPLICATE; GSC_QUERY_DATA_REQUIRED","https://reumlab.com/app/academy/","INDEX / SELF_CANONICAL_STATIC_VERIFIED","MONITOR","템플릿 유사 가능성은 있으나 검색·전환 데이터 없이 삭제·통합하지 않음","P2-monitor","SEO owner"
"https://reumlab.com/app/camping/","industry_service","industry_service","앱·웹·AI 개발 파트너를 찾는 사업자와 실무자","OWNER_DATA_REQUIRED:GSC","OWNER_DATA_REQUIRED:GSC","OWNER_DATA_REQUIRED:GSC","OWNER_DATA_REQUIRED:GSC","OWNER_DATA_REQUIRED:BING","OWNER_DATA_REQUIRED:BING_AI_PERFORMANCE","OWNER_DATA_REQUIRED:NAVER","OWNER_DATA_REQUIRED:NAVER","OWNER_DATA_REQUIRED:GA4","OWNER_DATA_REQUIRED:GA4","OWNER_DATA_REQUIRED:GA4_NETLIFY","NOT_MEASURED","templated-review","exact-unique","NO_EXACT_H1_DUPLICATE; GSC_QUERY_DATA_REQUIRED","https://reumlab.com/app/academy/","INDEX / SELF_CANONICAL_STATIC_VERIFIED","MONITOR","템플릿 유사 가능성은 있으나 검색·전환 데이터 없이 삭제·통합하지 않음","P2-monitor","SEO owner"
"https://reumlab.com/app/car-repair/","industry_service","industry_service","앱·웹·AI 개발 파트너를 찾는 사업자와 실무자","OWNER_DATA_REQUIRED:GSC","OWNER_DATA_REQUIRED:GSC","OWNER_DATA_REQUIRED:GSC","OWNER_DATA_REQUIRED:GSC","OWNER_DATA_REQUIRED:BING","OWNER_DATA_REQUIRED:BING_AI_PERFORMANCE","OWNER_DATA_REQUIRED:NAVER","OWNER_DATA_REQUIRED:NAVER","OWNER_DATA_REQUIRED:GA4","OWNER_DATA_REQUIRED:GA4","OWNER_DATA_REQUIRED:GA4_NETLIFY","NOT_MEASURED","templated-review","exact-unique","NO_EXACT_H1_DUPLICATE; GSC_QUERY_DATA_REQUIRED","https://reumlab.com/app/academy/","INDEX / SELF_CANONICAL_STATIC_VERIFIED","MONITOR","템플릿 유사 가능성은 있으나 검색·전환 데이터 없이 삭제·통합하지 않음","P2-monitor","SEO owner"
"https://reumlab.com/app/car-wash/","industry_service","industry_service","앱·웹·AI 개발 파트너를 찾는 사업자와 실무자","OWNER_DATA_REQUIRED:GSC","OWNER_DATA_REQUIRED:GSC","OWNER_DATA_REQUIRED:GSC","OWNER_DATA_REQUIRED:GSC","OWNER_DATA_REQUIRED:BING","OWNER_DATA_REQUIRED:BING_AI_PERFORMANCE","OWNER_DATA_REQUIRED:NAVER","OWNER_DATA_REQUIRED:NAVER","OWNER_DATA_REQUIRED:GA4","OWNER_DATA_REQUIRED:GA4","OWNER_DATA_REQUIRED:GA4_NETLIFY","NOT_MEASURED","templated-review","exact-unique","NO_EXACT_H1_DUPLICATE; GSC_QUERY_DATA_REQUIRED","https://reumlab.com/app/academy/","INDEX / SELF_CANONICAL_STATIC_VERIFIED","MONITOR","템플릿 유사 가능성은 있으나 검색·전환 데이터 없이 삭제·통합하지 않음","P2-monitor","SEO owner"
"https://reumlab.com/app/catering/","industry_service","industry_service","앱·웹·AI 개발 파트너를 찾는 사업자와 실무자","OWNER_DATA_REQUIRED:GSC","OWNER_DATA_REQUIRED:GSC","OWNER_DATA_REQUIRED:GSC","OWNER_DATA_REQUIRED:GSC","OWNER_DATA_REQUIRED:BING","OWNER_DATA_REQUIRED:BING_AI_PERFORMANCE","OWNER_DATA_REQUIRED:NAVER","OWNER_DATA_REQUIRED:NAVER","OWNER_DATA_REQUIRED:GA4","OWNER_DATA_REQUIRED:GA4","OWNER_DATA_REQUIRED:GA4_NETLIFY","NOT_MEASURED","templated-review","exact-unique","NO_EXACT_H1_DUPLICATE; GSC_QUERY_DATA_REQUIRED","https://reumlab.com/app/academy/","INDEX / SELF_CANONICAL_STATIC_VERIFIED","MONITOR","템플릿 유사 가능성은 있으나 검색·전환 데이터 없이 삭제·통합하지 않음","P2-monitor","SEO owner"
"https://reumlab.com/app/childcare/","industry_service","industry_service","앱·웹·AI 개발 파트너를 찾는 사업자와 실무자","OWNER_DATA_REQUIRED:GSC","OWNER_DATA_REQUIRED:GSC","OWNER_DATA_REQUIRED:GSC","OWNER_DATA_REQUIRED:GSC","OWNER_DATA_REQUIRED:BING","OWNER_DATA_REQUIRED:BING_AI_PERFORMANCE","OWNER_DATA_REQUIRED:NAVER","OWNER_DATA_REQUIRED:NAVER","OWNER_DATA_REQUIRED:GA4","OWNER_DATA_REQUIRED:GA4","OWNER_DATA_REQUIRED:GA4_NETLIFY","NOT_MEASURED","templated-review","exact-unique","NO_EXACT_H1_DUPLICATE; GSC_QUERY_DATA_REQUIRED","https://reumlab.com/app/academy/","INDEX / SELF_CANONICAL_STATIC_VERIFIED","MONITOR","템플릿 유사 가능성은 있으나 검색·전환 데이터 없이 삭제·통합하지 않음","P2-monitor","SEO owner"
"https://reumlab.com/app/church/","industry_service","industry_service","앱·웹·AI 개발 파트너를 찾는 사업자와 실무자","OWNER_DATA_REQUIRED:GSC","OWNER_DATA_REQUIRED:GSC","OWNER_DATA_REQUIRED:GSC","OWNER_DATA_REQUIRED:GSC","OWNER_DATA_REQUIRED:BING","OWNER_DATA_REQUIRED:BING_AI_PERFORMANCE","OWNER_DATA_REQUIRED:NAVER","OWNER_DATA_REQUIRED:NAVER","OWNER_DATA_REQUIRED:GA4","OWNER_DATA_REQUIRED:GA4","OWNER_DATA_REQUIRED:GA4_NETLIFY","NOT_MEASURED","templated-review","exact-unique","NO_EXACT_H1_DUPLICATE; GSC_QUERY_DATA_REQUIRED","https://reumlab.com/app/academy/","INDEX / SELF_CANONICAL_STATIC_VERIFIED","MONITOR","템플릿 유사 가능성은 있으나 검색·전환 데이터 없이 삭제·통합하지 않음","P2-monitor","SEO owner"
"https://reumlab.com/app/cleaning/","industry_service","industry_service","앱·웹·AI 개발 파트너를 찾는 사업자와 실무자","OWNER_DATA_REQUIRED:GSC","OWNER_DATA_REQUIRED:GSC","OWNER_DATA_REQUIRED:GSC","OWNER_DATA_REQUIRED:GSC","OWNER_DATA_REQUIRED:BING","OWNER_DATA_REQUIRED:BING_AI_PERFORMANCE","OWNER_DATA_REQUIRED:NAVER","OWNER_DATA_REQUIRED:NAVER","OWNER_DATA_REQUIRED:GA4","OWNER_DATA_REQUIRED:GA4","OWNER_DATA_REQUIRED:GA4_NETLIFY","NOT_MEASURED","templated-review","exact-unique","NO_EXACT_H1_DUPLICATE; GSC_QUERY_DATA_REQUIRED","https://reumlab.com/app/academy/","INDEX / SELF_CANONICAL_STATIC_VERIFIED","MONITOR","템플릿 유사 가능성은 있으나 검색·전환 데이터 없이 삭제·통합하지 않음","P2-monitor","SEO owner"
"https://reumlab.com/app/climbing/","industry_service","industry_service","앱·웹·AI 개발 파트너를 찾는 사업자와 실무자","OWNER_DATA_REQUIRED:GSC","OWNER_DATA_REQUIRED:GSC","OWNER_DATA_REQUIRED:GSC","OWNER_DATA_REQUIRED:GSC","OWNER_DATA_REQUIRED:BING","OWNER_DATA_REQUIRED:BING_AI_PERFORMANCE","OWNER_DATA_REQUIRED:NAVER","OWNER_DATA_REQUIRED:NAVER","OWNER_DATA_REQUIRED:GA4","OWNER_DATA_REQUIRED:GA4","OWNER_DATA_REQUIRED:GA4_NETLIFY","NOT_MEASURED","templated-review","exact-unique","NO_EXACT_H1_DUPLICATE; GSC_QUERY_DATA_REQUIRED","https://reumlab.com/app/academy/","INDEX / SELF_CANONICAL_STATIC_VERIFIED","MONITOR","템플릿 유사 가능성은 있으나 검색·전환 데이터 없이 삭제·통합하지 않음","P2-monitor","SEO owner"
"https://reumlab.com/app/cloud-kitchen/","industry_service","industry_service","앱·웹·AI 개발 파트너를 찾는 사업자와 실무자","OWNER_DATA_REQUIRED:GSC","OWNER_DATA_REQUIRED:GSC","OWNER_DATA_REQUIRED:GSC","OWNER_DATA_REQUIRED:GSC","OWNER_DATA_REQUIRED:BING","OWNER_DATA_REQUIRED:BING_AI_PERFORMANCE","OWNER_DATA_REQUIRED:NAVER","OWNER_DATA_REQUIRED:NAVER","OWNER_DATA_REQUIRED:GA4","OWNER_DATA_REQUIRED:GA4","OWNER_DATA_REQUIRED:GA4_NETLIFY","NOT_MEASURED","templated-review","exact-unique","NO_EXACT_H1_DUPLICATE; GSC_QUERY_DATA_REQUIRED","https://reumlab.com/app/academy/","INDEX / SELF_CANONICAL_STATIC_VERIFIED","MONITOR","템플릿 유사 가능성은 있으나 검색·전환 데이터 없이 삭제·통합하지 않음","P2-monitor","SEO owner"
"https://reumlab.com/app/coin-laundry/","industry_service","industry_service","앱·웹·AI 개발 파트너를 찾는 사업자와 실무자","OWNER_DATA_REQUIRED:GSC","OWNER_DATA_REQUIRED:GSC","OWNER_DATA_REQUIRED:GSC","OWNER_DATA_REQUIRED:GSC","OWNER_DATA_REQUIRED:BING","OWNER_DATA_REQUIRED:BING_AI_PERFORMANCE","OWNER_DATA_REQUIRED:NAVER","OWNER_DATA_REQUIRED:NAVER","OWNER_DATA_REQUIRED:GA4","OWNER_DATA_REQUIRED:GA4","OWNER_DATA_REQUIRED:GA4_NETLIFY","NOT_MEASURED","templated-review","exact-unique","NO_EXACT_H1_DUPLICATE; GSC_QUERY_DATA_REQUIRED","https://reumlab.com/app/academy/","INDEX / SELF_CANONICAL_STATIC_VERIFIED","MONITOR","템플릿 유사 가능성은 있으나 검색·전환 데이터 없이 삭제·통합하지 않음","P2-monitor","SEO owner"
"https://reumlab.com/app/community/","industry_service","industry_service","앱·웹·AI 개발 파트너를 찾는 사업자와 실무자","OWNER_DATA_REQUIRED:GSC","OWNER_DATA_REQUIRED:GSC","OWNER_DATA_REQUIRED:GSC","OWNER_DATA_REQUIRED:GSC","OWNER_DATA_REQUIRED:BING","OWNER_DATA_REQUIRED:BING_AI_PERFORMANCE","OWNER_DATA_REQUIRED:NAVER","OWNER_DATA_REQUIRED:NAVER","OWNER_DATA_REQUIRED:GA4","OWNER_DATA_REQUIRED:GA4","OWNER_DATA_REQUIRED:GA4_NETLIFY","NOT_MEASURED","templated-review","exact-unique","NO_EXACT_H1_DUPLICATE; GSC_QUERY_DATA_REQUIRED","https://reumlab.com/app/academy/","INDEX / SELF_CANONICAL_STATIC_VERIFIED","MONITOR","템플릿 유사 가능성은 있으나 검색·전환 데이터 없이 삭제·통합하지 않음","P2-monitor","SEO owner"
"https://reumlab.com/app/construction/","industry_service","industry_service","앱·웹·AI 개발 파트너를 찾는 사업자와 실무자","OWNER_DATA_REQUIRED:GSC","OWNER_DATA_REQUIRED:GSC","OWNER_DATA_REQUIRED:GSC","OWNER_DATA_REQUIRED:GSC","OWNER_DATA_REQUIRED:BING","OWNER_DATA_REQUIRED:BING_AI_PERFORMANCE","OWNER_DATA_REQUIRED:NAVER","OWNER_DATA_REQUIRED:NAVER","OWNER_DATA_REQUIRED:GA4","OWNER_DATA_REQUIRED:GA4","OWNER_DATA_REQUIRED:GA4_NETLIFY","NOT_MEASURED","templated-review","exact-unique","NO_EXACT_H1_DUPLICATE; GSC_QUERY_DATA_REQUIRED","https://reumlab.com/app/academy/","INDEX / SELF_CANONICAL_STATIC_VERIFIED","MONITOR","템플릿 유사 가능성은 있으나 검색·전환 데이터 없이 삭제·통합하지 않음","P2-monitor","SEO owner"
"https://reumlab.com/app/cooking-class/","industry_service","industry_service","앱·웹·AI 개발 파트너를 찾는 사업자와 실무자","OWNER_DATA_REQUIRED:GSC","OWNER_DATA_REQUIRED:GSC","OWNER_DATA_REQUIRED:GSC","OWNER_DATA_REQUIRED:GSC","OWNER_DATA_REQUIRED:BING","OWNER_DATA_REQUIRED:BING_AI_PERFORMANCE","OWNER_DATA_REQUIRED:NAVER","OWNER_DATA_REQUIRED:NAVER","OWNER_DATA_REQUIRED:GA4","OWNER_DATA_REQUIRED:GA4","OWNER_DATA_REQUIRED:GA4_NETLIFY","NOT_MEASURED","templated-review","exact-unique","NO_EXACT_H1_DUPLICATE; GSC_QUERY_DATA_REQUIRED","https://reumlab.com/app/academy/","INDEX / SELF_CANONICAL_STATIC_VERIFIED","MONITOR","템플릿 유사 가능성은 있으나 검색·전환 데이터 없이 삭제·통합하지 않음","P2-monitor","SEO owner"
"https://reumlab.com/app/coworking/","industry_service","industry_service","앱·웹·AI 개발 파트너를 찾는 사업자와 실무자","OWNER_DATA_REQUIRED:GSC","OWNER_DATA_REQUIRED:GSC","OWNER_DATA_REQUIRED:GSC","OWNER_DATA_REQUIRED:GSC","OWNER_DATA_REQUIRED:BING","OWNER_DATA_REQUIRED:BING_AI_PERFORMANCE","OWNER_DATA_REQUIRED:NAVER","OWNER_DATA_REQUIRED:NAVER","OWNER_DATA_REQUIRED:GA4","OWNER_DATA_REQUIRED:GA4","OWNER_DATA_REQUIRED:GA4_NETLIFY","NOT_MEASURED","templated-review","exact-unique","NO_EXACT_H1_DUPLICATE; GSC_QUERY_DATA_REQUIRED","https://reumlab.com/app/academy/","INDEX / SELF_CANONICAL_STATIC_VERIFIED","MONITOR","템플릿 유사 가능성은 있으나 검색·전환 데이터 없이 삭제·통합하지 않음","P2-monitor","SEO owner"
"https://reumlab.com/app/creator/","industry_service","industry_service","앱·웹·AI 개발 파트너를 찾는 사업자와 실무자","OWNER_DATA_REQUIRED:GSC","OWNER_DATA_REQUIRED:GSC","OWNER_DATA_REQUIRED:GSC","OWNER_DATA_REQUIRED:GSC","OWNER_DATA_REQUIRED:BING","OWNER_DATA_REQUIRED:BING_AI_PERFORMANCE","OWNER_DATA_REQUIRED:NAVER","OWNER_DATA_REQUIRED:NAVER","OWNER_DATA_REQUIRED:GA4","OWNER_DATA_REQUIRED:GA4","OWNER_DATA_REQUIRED:GA4_NETLIFY","NOT_MEASURED","templated-review","exact-unique","NO_EXACT_H1_DUPLICATE; GSC_QUERY_DATA_REQUIRED","https://reumlab.com/app/academy/","INDEX / SELF_CANONICAL_STATIC_VERIFIED","MONITOR","템플릿 유사 가능성은 있으나 검색·전환 데이터 없이 삭제·통합하지 않음","P2-monitor","SEO owner"
"https://reumlab.com/app/dance-academy/","industry_service","industry_service","앱·웹·AI 개발 파트너를 찾는 사업자와 실무자","OWNER_DATA_REQUIRED:GSC","OWNER_DATA_REQUIRED:GSC","OWNER_DATA_REQUIRED:GSC","OWNER_DATA_REQUIRED:GSC","OWNER_DATA_REQUIRED:BING","OWNER_DATA_REQUIRED:BING_AI_PERFORMANCE","OWNER_DATA_REQUIRED:NAVER","OWNER_DATA_REQUIRED:NAVER","OWNER_DATA_REQUIRED:GA4","OWNER_DATA_REQUIRED:GA4","OWNER_DATA_REQUIRED:GA4_NETLIFY","NOT_MEASURED","templated-review","exact-unique","NO_EXACT_H1_DUPLICATE; GSC_QUERY_DATA_REQUIRED","https://reumlab.com/app/academy/","INDEX / SELF_CANONICAL_STATIC_VERIFIED","MONITOR","템플릿 유사 가능성은 있으나 검색·전환 데이터 없이 삭제·통합하지 않음","P2-monitor","SEO owner"
"https://reumlab.com/app/delivery/","industry_service","industry_service","앱·웹·AI 개발 파트너를 찾는 사업자와 실무자","OWNER_DATA_REQUIRED:GSC","OWNER_DATA_REQUIRED:GSC","OWNER_DATA_REQUIRED:GSC","OWNER_DATA_REQUIRED:GSC","OWNER_DATA_REQUIRED:BING","OWNER_DATA_REQUIRED:BING_AI_PERFORMANCE","OWNER_DATA_REQUIRED:NAVER","OWNER_DATA_REQUIRED:NAVER","OWNER_DATA_REQUIRED:GA4","OWNER_DATA_REQUIRED:GA4","OWNER_DATA_REQUIRED:GA4_NETLIFY","NOT_MEASURED","templated-review","exact-unique","NO_EXACT_H1_DUPLICATE; GSC_QUERY_DATA_REQUIRED","https://reumlab.com/app/academy/","INDEX / SELF_CANONICAL_STATIC_VERIFIED","MONITOR","템플릿 유사 가능성은 있으나 검색·전환 데이터 없이 삭제·통합하지 않음","P2-monitor","SEO owner"
"https://reumlab.com/app/dental/","industry_service","industry_service","앱·웹·AI 개발 파트너를 찾는 사업자와 실무자","OWNER_DATA_REQUIRED:GSC","OWNER_DATA_REQUIRED:GSC","OWNER_DATA_REQUIRED:GSC","OWNER_DATA_REQUIRED:GSC","OWNER_DATA_REQUIRED:BING","OWNER_DATA_REQUIRED:BING_AI_PERFORMANCE","OWNER_DATA_REQUIRED:NAVER","OWNER_DATA_REQUIRED:NAVER","OWNER_DATA_REQUIRED:GA4","OWNER_DATA_REQUIRED:GA4","OWNER_DATA_REQUIRED:GA4_NETLIFY","NOT_MEASURED","templated-review","exact-unique","NO_EXACT_H1_DUPLICATE; GSC_QUERY_DATA_REQUIRED","https://reumlab.com/app/academy/","INDEX / SELF_CANONICAL_STATIC_VERIFIED","MONITOR","템플릿 유사 가능성은 있으나 검색·전환 데이터 없이 삭제·통합하지 않음","P2-monitor","SEO owner"
"https://reumlab.com/app/driving-school/","industry_service","industry_service","앱·웹·AI 개발 파트너를 찾는 사업자와 실무자","OWNER_DATA_REQUIRED:GSC","OWNER_DATA_REQUIRED:GSC","OWNER_DATA_REQUIRED:GSC","OWNER_DATA_REQUIRED:GSC","OWNER_DATA_REQUIRED:BING","OWNER_DATA_REQUIRED:BING_AI_PERFORMANCE","OWNER_DATA_REQUIRED:NAVER","OWNER_DATA_REQUIRED:NAVER","OWNER_DATA_REQUIRED:GA4","OWNER_DATA_REQUIRED:GA4","OWNER_DATA_REQUIRED:GA4_NETLIFY","NOT_MEASURED","templated-review","exact-unique","NO_EXACT_H1_DUPLICATE; GSC_QUERY_DATA_REQUIRED","https://reumlab.com/app/academy/","INDEX / SELF_CANONICAL_STATIC_VERIFIED","MONITOR","템플릿 유사 가능성은 있으나 검색·전환 데이터 없이 삭제·통합하지 않음","P2-monitor","SEO owner"
"https://reumlab.com/app/english-academy/","industry_service","industry_service","앱·웹·AI 개발 파트너를 찾는 사업자와 실무자","OWNER_DATA_REQUIRED:GSC","OWNER_DATA_REQUIRED:GSC","OWNER_DATA_REQUIRED:GSC","OWNER_DATA_REQUIRED:GSC","OWNER_DATA_REQUIRED:BING","OWNER_DATA_REQUIRED:BING_AI_PERFORMANCE","OWNER_DATA_REQUIRED:NAVER","OWNER_DATA_REQUIRED:NAVER","OWNER_DATA_REQUIRED:GA4","OWNER_DATA_REQUIRED:GA4","OWNER_DATA_REQUIRED:GA4_NETLIFY","NOT_MEASURED","templated-review","exact-unique","NO_EXACT_H1_DUPLICATE; GSC_QUERY_DATA_REQUIRED","https://reumlab.com/app/academy/","INDEX / SELF_CANONICAL_STATIC_VERIFIED","MONITOR","템플릿 유사 가능성은 있으나 검색·전환 데이터 없이 삭제·통합하지 않음","P2-monitor","SEO owner"
"https://reumlab.com/app/esthetic/","industry_service","industry_service","앱·웹·AI 개발 파트너를 찾는 사업자와 실무자","OWNER_DATA_REQUIRED:GSC","OWNER_DATA_REQUIRED:GSC","OWNER_DATA_REQUIRED:GSC","OWNER_DATA_REQUIRED:GSC","OWNER_DATA_REQUIRED:BING","OWNER_DATA_REQUIRED:BING_AI_PERFORMANCE","OWNER_DATA_REQUIRED:NAVER","OWNER_DATA_REQUIRED:NAVER","OWNER_DATA_REQUIRED:GA4","OWNER_DATA_REQUIRED:GA4","OWNER_DATA_REQUIRED:GA4_NETLIFY","NOT_MEASURED","templated-review","exact-unique","NO_EXACT_H1_DUPLICATE; GSC_QUERY_DATA_REQUIRED","https://reumlab.com/app/academy/","INDEX / SELF_CANONICAL_STATIC_VERIFIED","MONITOR","템플릿 유사 가능성은 있으나 검색·전환 데이터 없이 삭제·통합하지 않음","P2-monitor","SEO owner"
"https://reumlab.com/app/event-agency/","industry_service","industry_service","앱·웹·AI 개발 파트너를 찾는 사업자와 실무자","OWNER_DATA_REQUIRED:GSC","OWNER_DATA_REQUIRED:GSC","OWNER_DATA_REQUIRED:GSC","OWNER_DATA_REQUIRED:GSC","OWNER_DATA_REQUIRED:BING","OWNER_DATA_REQUIRED:BING_AI_PERFORMANCE","OWNER_DATA_REQUIRED:NAVER","OWNER_DATA_REQUIRED:NAVER","OWNER_DATA_REQUIRED:GA4","OWNER_DATA_REQUIRED:GA4","OWNER_DATA_REQUIRED:GA4_NETLIFY","NOT_MEASURED","templated-review","exact-unique","NO_EXACT_H1_DUPLICATE; GSC_QUERY_DATA_REQUIRED","https://reumlab.com/app/academy/","INDEX / SELF_CANONICAL_STATIC_VERIFIED","MONITOR","템플릿 유사 가능성은 있으나 검색·전환 데이터 없이 삭제·통합하지 않음","P2-monitor","SEO owner"
"https://reumlab.com/app/fishing/","industry_service","industry_service","앱·웹·AI 개발 파트너를 찾는 사업자와 실무자","OWNER_DATA_REQUIRED:GSC","OWNER_DATA_REQUIRED:GSC","OWNER_DATA_REQUIRED:GSC","OWNER_DATA_REQUIRED:GSC","OWNER_DATA_REQUIRED:BING","OWNER_DATA_REQUIRED:BING_AI_PERFORMANCE","OWNER_DATA_REQUIRED:NAVER","OWNER_DATA_REQUIRED:NAVER","OWNER_DATA_REQUIRED:GA4","OWNER_DATA_REQUIRED:GA4","OWNER_DATA_REQUIRED:GA4_NETLIFY","NOT_MEASURED","templated-review","exact-unique","NO_EXACT_H1_DUPLICATE; GSC_QUERY_DATA_REQUIRED","https://reumlab.com/app/academy/","INDEX / SELF_CANONICAL_STATIC_VERIFIED","MONITOR","템플릿 유사 가능성은 있으나 검색·전환 데이터 없이 삭제·통합하지 않음","P2-monitor","SEO owner"
"https://reumlab.com/app/fitness/","industry_service","industry_service","앱·웹·AI 개발 파트너를 찾는 사업자와 실무자","OWNER_DATA_REQUIRED:GSC","OWNER_DATA_REQUIRED:GSC","OWNER_DATA_REQUIRED:GSC","OWNER_DATA_REQUIRED:GSC","OWNER_DATA_REQUIRED:BING","OWNER_DATA_REQUIRED:BING_AI_PERFORMANCE","OWNER_DATA_REQUIRED:NAVER","OWNER_DATA_REQUIRED:NAVER","OWNER_DATA_REQUIRED:GA4","OWNER_DATA_REQUIRED:GA4","OWNER_DATA_REQUIRED:GA4_NETLIFY","NOT_MEASURED","templated-review","exact-unique","NO_EXACT_H1_DUPLICATE; GSC_QUERY_DATA_REQUIRED","https://reumlab.com/app/academy/","INDEX / SELF_CANONICAL_STATIC_VERIFIED","MONITOR","템플릿 유사 가능성은 있으나 검색·전환 데이터 없이 삭제·통합하지 않음","P2-monitor","SEO owner"
"https://reumlab.com/app/flower/","industry_service","industry_service","앱·웹·AI 개발 파트너를 찾는 사업자와 실무자","OWNER_DATA_REQUIRED:GSC","OWNER_DATA_REQUIRED:GSC","OWNER_DATA_REQUIRED:GSC","OWNER_DATA_REQUIRED:GSC","OWNER_DATA_REQUIRED:BING","OWNER_DATA_REQUIRED:BING_AI_PERFORMANCE","OWNER_DATA_REQUIRED:NAVER","OWNER_DATA_REQUIRED:NAVER","OWNER_DATA_REQUIRED:GA4","OWNER_DATA_REQUIRED:GA4","OWNER_DATA_REQUIRED:GA4_NETLIFY","NOT_MEASURED","templated-review","exact-unique","NO_EXACT_H1_DUPLICATE; GSC_QUERY_DATA_REQUIRED","https://reumlab.com/app/academy/","INDEX / SELF_CANONICAL_STATIC_VERIFIED","MONITOR","템플릿 유사 가능성은 있으나 검색·전환 데이터 없이 삭제·통합하지 않음","P2-monitor","SEO owner"
"https://reumlab.com/app/foodtech/","industry_service","industry_service","앱·웹·AI 개발 파트너를 찾는 사업자와 실무자","OWNER_DATA_REQUIRED:GSC","OWNER_DATA_REQUIRED:GSC","OWNER_DATA_REQUIRED:GSC","OWNER_DATA_REQUIRED:GSC","OWNER_DATA_REQUIRED:BING","OWNER_DATA_REQUIRED:BING_AI_PERFORMANCE","OWNER_DATA_REQUIRED:NAVER","OWNER_DATA_REQUIRED:NAVER","OWNER_DATA_REQUIRED:GA4","OWNER_DATA_REQUIRED:GA4","OWNER_DATA_REQUIRED:GA4_NETLIFY","NOT_MEASURED","templated-review","exact-unique","NO_EXACT_H1_DUPLICATE; GSC_QUERY_DATA_REQUIRED","https://reumlab.com/app/academy/","INDEX / SELF_CANONICAL_STATIC_VERIFIED","MONITOR","템플릿 유사 가능성은 있으나 검색·전환 데이터 없이 삭제·통합하지 않음","P2-monitor","SEO owner"
"https://reumlab.com/app/franchise/","industry_service","industry_service","앱·웹·AI 개발 파트너를 찾는 사업자와 실무자","OWNER_DATA_REQUIRED:GSC","OWNER_DATA_REQUIRED:GSC","OWNER_DATA_REQUIRED:GSC","OWNER_DATA_REQUIRED:GSC","OWNER_DATA_REQUIRED:BING","OWNER_DATA_REQUIRED:BING_AI_PERFORMANCE","OWNER_DATA_REQUIRED:NAVER","OWNER_DATA_REQUIRED:NAVER","OWNER_DATA_REQUIRED:GA4","OWNER_DATA_REQUIRED:GA4","OWNER_DATA_REQUIRED:GA4_NETLIFY","NOT_MEASURED","templated-review","exact-unique","NO_EXACT_H1_DUPLICATE; GSC_QUERY_DATA_REQUIRED","https://reumlab.com/app/academy/","INDEX / SELF_CANONICAL_STATIC_VERIFIED","MONITOR","템플릿 유사 가능성은 있으나 검색·전환 데이터 없이 삭제·통합하지 않음","P2-monitor","SEO owner"
"https://reumlab.com/app/funeral/","industry_service","industry_service","앱·웹·AI 개발 파트너를 찾는 사업자와 실무자","OWNER_DATA_REQUIRED:GSC","OWNER_DATA_REQUIRED:GSC","OWNER_DATA_REQUIRED:GSC","OWNER_DATA_REQUIRED:GSC","OWNER_DATA_REQUIRED:BING","OWNER_DATA_REQUIRED:BING_AI_PERFORMANCE","OWNER_DATA_REQUIRED:NAVER","OWNER_DATA_REQUIRED:NAVER","OWNER_DATA_REQUIRED:GA4","OWNER_DATA_REQUIRED:GA4","OWNER_DATA_REQUIRED:GA4_NETLIFY","NOT_MEASURED","templated-review","exact-unique","NO_EXACT_H1_DUPLICATE; GSC_QUERY_DATA_REQUIRED","https://reumlab.com/app/academy/","INDEX / SELF_CANONICAL_STATIC_VERIFIED","MONITOR","템플릿 유사 가능성은 있으나 검색·전환 데이터 없이 삭제·통합하지 않음","P2-monitor","SEO owner"
"https://reumlab.com/app/furniture/","industry_service","industry_service","앱·웹·AI 개발 파트너를 찾는 사업자와 실무자","OWNER_DATA_REQUIRED:GSC","OWNER_DATA_REQUIRED:GSC","OWNER_DATA_REQUIRED:GSC","OWNER_DATA_REQUIRED:GSC","OWNER_DATA_REQUIRED:BING","OWNER_DATA_REQUIRED:BING_AI_PERFORMANCE","OWNER_DATA_REQUIRED:NAVER","OWNER_DATA_REQUIRED:NAVER","OWNER_DATA_REQUIRED:GA4","OWNER_DATA_REQUIRED:GA4","OWNER_DATA_REQUIRED:GA4_NETLIFY","NOT_MEASURED","templated-review","exact-unique","NO_EXACT_H1_DUPLICATE; GSC_QUERY_DATA_REQUIRED","https://reumlab.com/app/academy/","INDEX / SELF_CANONICAL_STATIC_VERIFIED","MONITOR","템플릿 유사 가능성은 있으나 검색·전환 데이터 없이 삭제·통합하지 않음","P2-monitor","SEO owner"
"https://reumlab.com/app/game-studio/","industry_service","industry_service","앱·웹·AI 개발 파트너를 찾는 사업자와 실무자","OWNER_DATA_REQUIRED:GSC","OWNER_DATA_REQUIRED:GSC","OWNER_DATA_REQUIRED:GSC","OWNER_DATA_REQUIRED:GSC","OWNER_DATA_REQUIRED:BING","OWNER_DATA_REQUIRED:BING_AI_PERFORMANCE","OWNER_DATA_REQUIRED:NAVER","OWNER_DATA_REQUIRED:NAVER","OWNER_DATA_REQUIRED:GA4","OWNER_DATA_REQUIRED:GA4","OWNER_DATA_REQUIRED:GA4_NETLIFY","NOT_MEASURED","templated-review","exact-unique","NO_EXACT_H1_DUPLICATE; GSC_QUERY_DATA_REQUIRED","https://reumlab.com/app/academy/","INDEX / SELF_CANONICAL_STATIC_VERIFIED","MONITOR","템플릿 유사 가능성은 있으나 검색·전환 데이터 없이 삭제·통합하지 않음","P2-monitor","SEO owner"
"https://reumlab.com/app/golf/","industry_service","industry_service","앱·웹·AI 개발 파트너를 찾는 사업자와 실무자","OWNER_DATA_REQUIRED:GSC","OWNER_DATA_REQUIRED:GSC","OWNER_DATA_REQUIRED:GSC","OWNER_DATA_REQUIRED:GSC","OWNER_DATA_REQUIRED:BING","OWNER_DATA_REQUIRED:BING_AI_PERFORMANCE","OWNER_DATA_REQUIRED:NAVER","OWNER_DATA_REQUIRED:NAVER","OWNER_DATA_REQUIRED:GA4","OWNER_DATA_REQUIRED:GA4","OWNER_DATA_REQUIRED:GA4_NETLIFY","NOT_MEASURED","templated-review","exact-unique","NO_EXACT_H1_DUPLICATE; GSC_QUERY_DATA_REQUIRED","https://reumlab.com/app/academy/","INDEX / SELF_CANONICAL_STATIC_VERIFIED","MONITOR","템플릿 유사 가능성은 있으나 검색·전환 데이터 없이 삭제·통합하지 않음","P2-monitor","SEO owner"
"https://reumlab.com/app/golf-range/","industry_service","industry_service","앱·웹·AI 개발 파트너를 찾는 사업자와 실무자","OWNER_DATA_REQUIRED:GSC","OWNER_DATA_REQUIRED:GSC","OWNER_DATA_REQUIRED:GSC","OWNER_DATA_REQUIRED:GSC","OWNER_DATA_REQUIRED:BING","OWNER_DATA_REQUIRED:BING_AI_PERFORMANCE","OWNER_DATA_REQUIRED:NAVER","OWNER_DATA_REQUIRED:NAVER","OWNER_DATA_REQUIRED:GA4","OWNER_DATA_REQUIRED:GA4","OWNER_DATA_REQUIRED:GA4_NETLIFY","NOT_MEASURED","templated-review","exact-unique","NO_EXACT_H1_DUPLICATE; GSC_QUERY_DATA_REQUIRED","https://reumlab.com/app/academy/","INDEX / SELF_CANONICAL_STATIC_VERIFIED","MONITOR","템플릿 유사 가능성은 있으나 검색·전환 데이터 없이 삭제·통합하지 않음","P2-monitor","SEO owner"
"https://reumlab.com/app/grocery/","industry_service","industry_service","앱·웹·AI 개발 파트너를 찾는 사업자와 실무자","OWNER_DATA_REQUIRED:GSC","OWNER_DATA_REQUIRED:GSC","OWNER_DATA_REQUIRED:GSC","OWNER_DATA_REQUIRED:GSC","OWNER_DATA_REQUIRED:BING","OWNER_DATA_REQUIRED:BING_AI_PERFORMANCE","OWNER_DATA_REQUIRED:NAVER","OWNER_DATA_REQUIRED:NAVER","OWNER_DATA_REQUIRED:GA4","OWNER_DATA_REQUIRED:GA4","OWNER_DATA_REQUIRED:GA4_NETLIFY","NOT_MEASURED","templated-review","exact-unique","NO_EXACT_H1_DUPLICATE; GSC_QUERY_DATA_REQUIRED","https://reumlab.com/app/academy/","INDEX / SELF_CANONICAL_STATIC_VERIFIED","MONITOR","템플릿 유사 가능성은 있으나 검색·전환 데이터 없이 삭제·통합하지 않음","P2-monitor","SEO owner"
"https://reumlab.com/app/hair-salon/","industry_service","industry_service","앱·웹·AI 개발 파트너를 찾는 사업자와 실무자","OWNER_DATA_REQUIRED:GSC","OWNER_DATA_REQUIRED:GSC","OWNER_DATA_REQUIRED:GSC","OWNER_DATA_REQUIRED:GSC","OWNER_DATA_REQUIRED:BING","OWNER_DATA_REQUIRED:BING_AI_PERFORMANCE","OWNER_DATA_REQUIRED:NAVER","OWNER_DATA_REQUIRED:NAVER","OWNER_DATA_REQUIRED:GA4","OWNER_DATA_REQUIRED:GA4","OWNER_DATA_REQUIRED:GA4_NETLIFY","NOT_MEASURED","templated-review","exact-unique","NO_EXACT_H1_DUPLICATE; GSC_QUERY_DATA_REQUIRED","https://reumlab.com/app/academy/","INDEX / SELF_CANONICAL_STATIC_VERIFIED","MONITOR","템플릿 유사 가능성은 있으나 검색·전환 데이터 없이 삭제·통합하지 않음","P2-monitor","SEO owner"
"https://reumlab.com/app/hospital/","industry_service","industry_service","앱·웹·AI 개발 파트너를 찾는 사업자와 실무자","OWNER_DATA_REQUIRED:GSC","OWNER_DATA_REQUIRED:GSC","OWNER_DATA_REQUIRED:GSC","OWNER_DATA_REQUIRED:GSC","OWNER_DATA_REQUIRED:BING","OWNER_DATA_REQUIRED:BING_AI_PERFORMANCE","OWNER_DATA_REQUIRED:NAVER","OWNER_DATA_REQUIRED:NAVER","OWNER_DATA_REQUIRED:GA4","OWNER_DATA_REQUIRED:GA4","OWNER_DATA_REQUIRED:GA4_NETLIFY","NOT_MEASURED","templated-review","exact-unique","NO_EXACT_H1_DUPLICATE; GSC_QUERY_DATA_REQUIRED","https://reumlab.com/app/academy/","INDEX / SELF_CANONICAL_STATIC_VERIFIED","MONITOR","템플릿 유사 가능성은 있으나 검색·전환 데이터 없이 삭제·통합하지 않음","P2-monitor","SEO owner"
"https://reumlab.com/app/","service_or_hub","service_or_hub","앱·웹·AI 개발 파트너를 찾는 사업자와 실무자","OWNER_DATA_REQUIRED:GSC","OWNER_DATA_REQUIRED:GSC","OWNER_DATA_REQUIRED:GSC","OWNER_DATA_REQUIRED:GSC","OWNER_DATA_REQUIRED:BING","OWNER_DATA_REQUIRED:BING_AI_PERFORMANCE","OWNER_DATA_REQUIRED:NAVER","OWNER_DATA_REQUIRED:NAVER","OWNER_DATA_REQUIRED:GA4","OWNER_DATA_REQUIRED:GA4","OWNER_DATA_REQUIRED:GA4_NETLIFY","NOT_MEASURED","moderate","exact-unique","NO_EXACT_H1_DUPLICATE; GSC_QUERY_DATA_REQUIRED","https://reumlab.com/academy-shopping-mall/","INDEX / SELF_CANONICAL_STATIC_VERIFIED","IMPROVE","핵심 의도와 기술 품질은 유효하나 인용 가능한 1차 근거 보강 여지 있음","P1","content+SEO"
"https://reumlab.com/app/insurance/","industry_service","industry_service","앱·웹·AI 개발 파트너를 찾는 사업자와 실무자","OWNER_DATA_REQUIRED:GSC","OWNER_DATA_REQUIRED:GSC","OWNER_DATA_REQUIRED:GSC","OWNER_DATA_REQUIRED:GSC","OWNER_DATA_REQUIRED:BING","OWNER_DATA_REQUIRED:BING_AI_PERFORMANCE","OWNER_DATA_REQUIRED:NAVER","OWNER_DATA_REQUIRED:NAVER","OWNER_DATA_REQUIRED:GA4","OWNER_DATA_REQUIRED:GA4","OWNER_DATA_REQUIRED:GA4_NETLIFY","NOT_MEASURED","templated-review","exact-unique","NO_EXACT_H1_DUPLICATE; GSC_QUERY_DATA_REQUIRED","https://reumlab.com/app/academy/","INDEX / SELF_CANONICAL_STATIC_VERIFIED","MONITOR","템플릿 유사 가능성은 있으나 검색·전환 데이터 없이 삭제·통합하지 않음","P2-monitor","SEO owner"
"https://reumlab.com/app/interior/","industry_service","industry_service","앱·웹·AI 개발 파트너를 찾는 사업자와 실무자","OWNER_DATA_REQUIRED:GSC","OWNER_DATA_REQUIRED:GSC","OWNER_DATA_REQUIRED:GSC","OWNER_DATA_REQUIRED:GSC","OWNER_DATA_REQUIRED:BING","OWNER_DATA_REQUIRED:BING_AI_PERFORMANCE","OWNER_DATA_REQUIRED:NAVER","OWNER_DATA_REQUIRED:NAVER","OWNER_DATA_REQUIRED:GA4","OWNER_DATA_REQUIRED:GA4","OWNER_DATA_REQUIRED:GA4_NETLIFY","NOT_MEASURED","templated-review","exact-unique","NO_EXACT_H1_DUPLICATE; GSC_QUERY_DATA_REQUIRED","https://reumlab.com/app/academy/","INDEX / SELF_CANONICAL_STATIC_VERIFIED","MONITOR","템플릿 유사 가능성은 있으나 검색·전환 데이터 없이 삭제·통합하지 않음","P2-monitor","SEO owner"
"https://reumlab.com/app/kids-cafe/","industry_service","industry_service","앱·웹·AI 개발 파트너를 찾는 사업자와 실무자","OWNER_DATA_REQUIRED:GSC","OWNER_DATA_REQUIRED:GSC","OWNER_DATA_REQUIRED:GSC","OWNER_DATA_REQUIRED:GSC","OWNER_DATA_REQUIRED:BING","OWNER_DATA_REQUIRED:BING_AI_PERFORMANCE","OWNER_DATA_REQUIRED:NAVER","OWNER_DATA_REQUIRED:NAVER","OWNER_DATA_REQUIRED:GA4","OWNER_DATA_REQUIRED:GA4","OWNER_DATA_REQUIRED:GA4_NETLIFY","NOT_MEASURED","templated-review","exact-unique","NO_EXACT_H1_DUPLICATE; GSC_QUERY_DATA_REQUIRED","https://reumlab.com/app/academy/","INDEX / SELF_CANONICAL_STATIC_VERIFIED","MONITOR","템플릿 유사 가능성은 있으나 검색·전환 데이터 없이 삭제·통합하지 않음","P2-monitor","SEO owner"
"https://reumlab.com/app/labor-hr/","industry_service","industry_service","앱·웹·AI 개발 파트너를 찾는 사업자와 실무자","OWNER_DATA_REQUIRED:GSC","OWNER_DATA_REQUIRED:GSC","OWNER_DATA_REQUIRED:GSC","OWNER_DATA_REQUIRED:GSC","OWNER_DATA_REQUIRED:BING","OWNER_DATA_REQUIRED:BING_AI_PERFORMANCE","OWNER_DATA_REQUIRED:NAVER","OWNER_DATA_REQUIRED:NAVER","OWNER_DATA_REQUIRED:GA4","OWNER_DATA_REQUIRED:GA4","OWNER_DATA_REQUIRED:GA4_NETLIFY","NOT_MEASURED","templated-review","exact-unique","NO_EXACT_H1_DUPLICATE; GSC_QUERY_DATA_REQUIRED","https://reumlab.com/app/academy/","INDEX / SELF_CANONICAL_STATIC_VERIFIED","MONITOR","템플릿 유사 가능성은 있으나 검색·전환 데이터 없이 삭제·통합하지 않음","P2-monitor","SEO owner"
"https://reumlab.com/app/laundry/","industry_service","industry_service","앱·웹·AI 개발 파트너를 찾는 사업자와 실무자","OWNER_DATA_REQUIRED:GSC","OWNER_DATA_REQUIRED:GSC","OWNER_DATA_REQUIRED:GSC","OWNER_DATA_REQUIRED:GSC","OWNER_DATA_REQUIRED:BING","OWNER_DATA_REQUIRED:BING_AI_PERFORMANCE","OWNER_DATA_REQUIRED:NAVER","OWNER_DATA_REQUIRED:NAVER","OWNER_DATA_REQUIRED:GA4","OWNER_DATA_REQUIRED:GA4","OWNER_DATA_REQUIRED:GA4_NETLIFY","NOT_MEASURED","templated-review","exact-unique","NO_EXACT_H1_DUPLICATE; GSC_QUERY_DATA_REQUIRED","https://reumlab.com/app/academy/","INDEX / SELF_CANONICAL_STATIC_VERIFIED","MONITOR","템플릿 유사 가능성은 있으나 검색·전환 데이터 없이 삭제·통합하지 않음","P2-monitor","SEO owner"
"https://reumlab.com/app/law-firm/","industry_service","industry_service","앱·웹·AI 개발 파트너를 찾는 사업자와 실무자","OWNER_DATA_REQUIRED:GSC","OWNER_DATA_REQUIRED:GSC","OWNER_DATA_REQUIRED:GSC","OWNER_DATA_REQUIRED:GSC","OWNER_DATA_REQUIRED:BING","OWNER_DATA_REQUIRED:BING_AI_PERFORMANCE","OWNER_DATA_REQUIRED:NAVER","OWNER_DATA_REQUIRED:NAVER","OWNER_DATA_REQUIRED:GA4","OWNER_DATA_REQUIRED:GA4","OWNER_DATA_REQUIRED:GA4_NETLIFY","NOT_MEASURED","templated-review","exact-unique","NO_EXACT_H1_DUPLICATE; GSC_QUERY_DATA_REQUIRED","https://reumlab.com/app/academy/","INDEX / SELF_CANONICAL_STATIC_VERIFIED","MONITOR","템플릿 유사 가능성은 있으나 검색·전환 데이터 없이 삭제·통합하지 않음","P2-monitor","SEO owner"
"https://reumlab.com/app/liquor-shop/","industry_service","industry_service","앱·웹·AI 개발 파트너를 찾는 사업자와 실무자","OWNER_DATA_REQUIRED:GSC","OWNER_DATA_REQUIRED:GSC","OWNER_DATA_REQUIRED:GSC","OWNER_DATA_REQUIRED:GSC","OWNER_DATA_REQUIRED:BING","OWNER_DATA_REQUIRED:BING_AI_PERFORMANCE","OWNER_DATA_REQUIRED:NAVER","OWNER_DATA_REQUIRED:NAVER","OWNER_DATA_REQUIRED:GA4","OWNER_DATA_REQUIRED:GA4","OWNER_DATA_REQUIRED:GA4_NETLIFY","NOT_MEASURED","templated-review","exact-unique","NO_EXACT_H1_DUPLICATE; GSC_QUERY_DATA_REQUIRED","https://reumlab.com/app/academy/","INDEX / SELF_CANONICAL_STATIC_VERIFIED","MONITOR","템플릿 유사 가능성은 있으나 검색·전환 데이터 없이 삭제·통합하지 않음","P2-monitor","SEO owner"
"https://reumlab.com/app/loan/","industry_service","industry_service","앱·웹·AI 개발 파트너를 찾는 사업자와 실무자","OWNER_DATA_REQUIRED:GSC","OWNER_DATA_REQUIRED:GSC","OWNER_DATA_REQUIRED:GSC","OWNER_DATA_REQUIRED:GSC","OWNER_DATA_REQUIRED:BING","OWNER_DATA_REQUIRED:BING_AI_PERFORMANCE","OWNER_DATA_REQUIRED:NAVER","OWNER_DATA_REQUIRED:NAVER","OWNER_DATA_REQUIRED:GA4","OWNER_DATA_REQUIRED:GA4","OWNER_DATA_REQUIRED:GA4_NETLIFY","NOT_MEASURED","templated-review","exact-unique","NO_EXACT_H1_DUPLICATE; GSC_QUERY_DATA_REQUIRED","https://reumlab.com/app/academy/","INDEX / SELF_CANONICAL_STATIC_VERIFIED","MONITOR","템플릿 유사 가능성은 있으나 검색·전환 데이터 없이 삭제·통합하지 않음","P2-monitor","SEO owner"
"https://reumlab.com/app/lodging/","industry_service","industry_service","앱·웹·AI 개발 파트너를 찾는 사업자와 실무자","OWNER_DATA_REQUIRED:GSC","OWNER_DATA_REQUIRED:GSC","OWNER_DATA_REQUIRED:GSC","OWNER_DATA_REQUIRED:GSC","OWNER_DATA_REQUIRED:BING","OWNER_DATA_REQUIRED:BING_AI_PERFORMANCE","OWNER_DATA_REQUIRED:NAVER","OWNER_DATA_REQUIRED:NAVER","OWNER_DATA_REQUIRED:GA4","OWNER_DATA_REQUIRED:GA4","OWNER_DATA_REQUIRED:GA4_NETLIFY","NOT_MEASURED","templated-review","exact-unique","NO_EXACT_H1_DUPLICATE; GSC_QUERY_DATA_REQUIRED","https://reumlab.com/app/academy/","INDEX / SELF_CANONICAL_STATIC_VERIFIED","MONITOR","템플릿 유사 가능성은 있으나 검색·전환 데이터 없이 삭제·통합하지 않음","P2-monitor","SEO owner"
"https://reumlab.com/app/logistics/","industry_service","industry_service","앱·웹·AI 개발 파트너를 찾는 사업자와 실무자","OWNER_DATA_REQUIRED:GSC","OWNER_DATA_REQUIRED:GSC","OWNER_DATA_REQUIRED:GSC","OWNER_DATA_REQUIRED:GSC","OWNER_DATA_REQUIRED:BING","OWNER_DATA_REQUIRED:BING_AI_PERFORMANCE","OWNER_DATA_REQUIRED:NAVER","OWNER_DATA_REQUIRED:NAVER","OWNER_DATA_REQUIRED:GA4","OWNER_DATA_REQUIRED:GA4","OWNER_DATA_REQUIRED:GA4_NETLIFY","NOT_MEASURED","templated-review","exact-unique","NO_EXACT_H1_DUPLICATE; GSC_QUERY_DATA_REQUIRED","https://reumlab.com/app/academy/","INDEX / SELF_CANONICAL_STATIC_VERIFIED","MONITOR","템플릿 유사 가능성은 있으나 검색·전환 데이터 없이 삭제·통합하지 않음","P2-monitor","SEO owner"
"https://reumlab.com/app/manufacturing/","industry_service","industry_service","앱·웹·AI 개발 파트너를 찾는 사업자와 실무자","OWNER_DATA_REQUIRED:GSC","OWNER_DATA_REQUIRED:GSC","OWNER_DATA_REQUIRED:GSC","OWNER_DATA_REQUIRED:GSC","OWNER_DATA_REQUIRED:BING","OWNER_DATA_REQUIRED:BING_AI_PERFORMANCE","OWNER_DATA_REQUIRED:NAVER","OWNER_DATA_REQUIRED:NAVER","OWNER_DATA_REQUIRED:GA4","OWNER_DATA_REQUIRED:GA4","OWNER_DATA_REQUIRED:GA4_NETLIFY","NOT_MEASURED","templated-review","exact-unique","NO_EXACT_H1_DUPLICATE; GSC_QUERY_DATA_REQUIRED","https://reumlab.com/app/academy/","INDEX / SELF_CANONICAL_STATIC_VERIFIED","MONITOR","템플릿 유사 가능성은 있으나 검색·전환 데이터 없이 삭제·통합하지 않음","P2-monitor","SEO owner"
"https://reumlab.com/app/marketing-agency/","industry_service","industry_service","앱·웹·AI 개발 파트너를 찾는 사업자와 실무자","OWNER_DATA_REQUIRED:GSC","OWNER_DATA_REQUIRED:GSC","OWNER_DATA_REQUIRED:GSC","OWNER_DATA_REQUIRED:GSC","OWNER_DATA_REQUIRED:BING","OWNER_DATA_REQUIRED:BING_AI_PERFORMANCE","OWNER_DATA_REQUIRED:NAVER","OWNER_DATA_REQUIRED:NAVER","OWNER_DATA_REQUIRED:GA4","OWNER_DATA_REQUIRED:GA4","OWNER_DATA_REQUIRED:GA4_NETLIFY","NOT_MEASURED","templated-review","exact-unique","NO_EXACT_H1_DUPLICATE; GSC_QUERY_DATA_REQUIRED","https://reumlab.com/app/academy/","INDEX / SELF_CANONICAL_STATIC_VERIFIED","MONITOR","템플릿 유사 가능성은 있으나 검색·전환 데이터 없이 삭제·통합하지 않음","P2-monitor","SEO owner"
"https://reumlab.com/app/marketplace/","industry_service","industry_service","앱·웹·AI 개발 파트너를 찾는 사업자와 실무자","OWNER_DATA_REQUIRED:GSC","OWNER_DATA_REQUIRED:GSC","OWNER_DATA_REQUIRED:GSC","OWNER_DATA_REQUIRED:GSC","OWNER_DATA_REQUIRED:BING","OWNER_DATA_REQUIRED:BING_AI_PERFORMANCE","OWNER_DATA_REQUIRED:NAVER","OWNER_DATA_REQUIRED:NAVER","OWNER_DATA_REQUIRED:GA4","OWNER_DATA_REQUIRED:GA4","OWNER_DATA_REQUIRED:GA4_NETLIFY","NOT_MEASURED","templated-review","exact-unique","NO_EXACT_H1_DUPLICATE; GSC_QUERY_DATA_REQUIRED","https://reumlab.com/app/academy/","INDEX / SELF_CANONICAL_STATIC_VERIFIED","MONITOR","템플릿 유사 가능성은 있으나 검색·전환 데이터 없이 삭제·통합하지 않음","P2-monitor","SEO owner"
"https://reumlab.com/app/massage/","industry_service","industry_service","앱·웹·AI 개발 파트너를 찾는 사업자와 실무자","OWNER_DATA_REQUIRED:GSC","OWNER_DATA_REQUIRED:GSC","OWNER_DATA_REQUIRED:GSC","OWNER_DATA_REQUIRED:GSC","OWNER_DATA_REQUIRED:BING","OWNER_DATA_REQUIRED:BING_AI_PERFORMANCE","OWNER_DATA_REQUIRED:NAVER","OWNER_DATA_REQUIRED:NAVER","OWNER_DATA_REQUIRED:GA4","OWNER_DATA_REQUIRED:GA4","OWNER_DATA_REQUIRED:GA4_NETLIFY","NOT_MEASURED","templated-review","exact-unique","NO_EXACT_H1_DUPLICATE; GSC_QUERY_DATA_REQUIRED","https://reumlab.com/app/academy/","INDEX / SELF_CANONICAL_STATIC_VERIFIED","MONITOR","템플릿 유사 가능성은 있으나 검색·전환 데이터 없이 삭제·통합하지 않음","P2-monitor","SEO owner"
"https://reumlab.com/app/math-academy/","industry_service","industry_service","앱·웹·AI 개발 파트너를 찾는 사업자와 실무자","OWNER_DATA_REQUIRED:GSC","OWNER_DATA_REQUIRED:GSC","OWNER_DATA_REQUIRED:GSC","OWNER_DATA_REQUIRED:GSC","OWNER_DATA_REQUIRED:BING","OWNER_DATA_REQUIRED:BING_AI_PERFORMANCE","OWNER_DATA_REQUIRED:NAVER","OWNER_DATA_REQUIRED:NAVER","OWNER_DATA_REQUIRED:GA4","OWNER_DATA_REQUIRED:GA4","OWNER_DATA_REQUIRED:GA4_NETLIFY","NOT_MEASURED","templated-review","exact-unique","NO_EXACT_H1_DUPLICATE; GSC_QUERY_DATA_REQUIRED","https://reumlab.com/app/academy/","INDEX / SELF_CANONICAL_STATIC_VERIFIED","MONITOR","템플릿 유사 가능성은 있으나 검색·전환 데이터 없이 삭제·통합하지 않음","P2-monitor","SEO owner"
"https://reumlab.com/app/moving/","industry_service","industry_service","앱·웹·AI 개발 파트너를 찾는 사업자와 실무자","OWNER_DATA_REQUIRED:GSC","OWNER_DATA_REQUIRED:GSC","OWNER_DATA_REQUIRED:GSC","OWNER_DATA_REQUIRED:GSC","OWNER_DATA_REQUIRED:BING","OWNER_DATA_REQUIRED:BING_AI_PERFORMANCE","OWNER_DATA_REQUIRED:NAVER","OWNER_DATA_REQUIRED:NAVER","OWNER_DATA_REQUIRED:GA4","OWNER_DATA_REQUIRED:GA4","OWNER_DATA_REQUIRED:GA4_NETLIFY","NOT_MEASURED","templated-review","exact-unique","NO_EXACT_H1_DUPLICATE; GSC_QUERY_DATA_REQUIRED","https://reumlab.com/app/academy/","INDEX / SELF_CANONICAL_STATIC_VERIFIED","MONITOR","템플릿 유사 가능성은 있으나 검색·전환 데이터 없이 삭제·통합하지 않음","P2-monitor","SEO owner"
"https://reumlab.com/app/music-academy/","industry_service","industry_service","앱·웹·AI 개발 파트너를 찾는 사업자와 실무자","OWNER_DATA_REQUIRED:GSC","OWNER_DATA_REQUIRED:GSC","OWNER_DATA_REQUIRED:GSC","OWNER_DATA_REQUIRED:GSC","OWNER_DATA_REQUIRED:BING","OWNER_DATA_REQUIRED:BING_AI_PERFORMANCE","OWNER_DATA_REQUIRED:NAVER","OWNER_DATA_REQUIRED:NAVER","OWNER_DATA_REQUIRED:GA4","OWNER_DATA_REQUIRED:GA4","OWNER_DATA_REQUIRED:GA4_NETLIFY","NOT_MEASURED","templated-review","exact-unique","NO_EXACT_H1_DUPLICATE; GSC_QUERY_DATA_REQUIRED","https://reumlab.com/app/academy/","INDEX / SELF_CANONICAL_STATIC_VERIFIED","MONITOR","템플릿 유사 가능성은 있으나 검색·전환 데이터 없이 삭제·통합하지 않음","P2-monitor","SEO owner"
"https://reumlab.com/app/nail-shop/","industry_service","industry_service","앱·웹·AI 개발 파트너를 찾는 사업자와 실무자","OWNER_DATA_REQUIRED:GSC","OWNER_DATA_REQUIRED:GSC","OWNER_DATA_REQUIRED:GSC","OWNER_DATA_REQUIRED:GSC","OWNER_DATA_REQUIRED:BING","OWNER_DATA_REQUIRED:BING_AI_PERFORMANCE","OWNER_DATA_REQUIRED:NAVER","OWNER_DATA_REQUIRED:NAVER","OWNER_DATA_REQUIRED:GA4","OWNER_DATA_REQUIRED:GA4","OWNER_DATA_REQUIRED:GA4_NETLIFY","NOT_MEASURED","templated-review","exact-unique","NO_EXACT_H1_DUPLICATE; GSC_QUERY_DATA_REQUIRED","https://reumlab.com/app/academy/","INDEX / SELF_CANONICAL_STATIC_VERIFIED","MONITOR","템플릿 유사 가능성은 있으나 검색·전환 데이터 없이 삭제·통합하지 않음","P2-monitor","SEO owner"
"https://reumlab.com/app/nonprofit/","industry_service","industry_service","앱·웹·AI 개발 파트너를 찾는 사업자와 실무자","OWNER_DATA_REQUIRED:GSC","OWNER_DATA_REQUIRED:GSC","OWNER_DATA_REQUIRED:GSC","OWNER_DATA_REQUIRED:GSC","OWNER_DATA_REQUIRED:BING","OWNER_DATA_REQUIRED:BING_AI_PERFORMANCE","OWNER_DATA_REQUIRED:NAVER","OWNER_DATA_REQUIRED:NAVER","OWNER_DATA_REQUIRED:GA4","OWNER_DATA_REQUIRED:GA4","OWNER_DATA_REQUIRED:GA4_NETLIFY","NOT_MEASURED","templated-review","exact-unique","NO_EXACT_H1_DUPLICATE; GSC_QUERY_DATA_REQUIRED","https://reumlab.com/app/academy/","INDEX / SELF_CANONICAL_STATIC_VERIFIED","MONITOR","템플릿 유사 가능성은 있으나 검색·전환 데이터 없이 삭제·통합하지 않음","P2-monitor","SEO owner"
"https://reumlab.com/app/o2o/","industry_service","industry_service","앱·웹·AI 개발 파트너를 찾는 사업자와 실무자","OWNER_DATA_REQUIRED:GSC","OWNER_DATA_REQUIRED:GSC","OWNER_DATA_REQUIRED:GSC","OWNER_DATA_REQUIRED:GSC","OWNER_DATA_REQUIRED:BING","OWNER_DATA_REQUIRED:BING_AI_PERFORMANCE","OWNER_DATA_REQUIRED:NAVER","OWNER_DATA_REQUIRED:NAVER","OWNER_DATA_REQUIRED:GA4","OWNER_DATA_REQUIRED:GA4","OWNER_DATA_REQUIRED:GA4_NETLIFY","NOT_MEASURED","templated-review","exact-unique","NO_EXACT_H1_DUPLICATE; GSC_QUERY_DATA_REQUIRED","https://reumlab.com/app/academy/","INDEX / SELF_CANONICAL_STATIC_VERIFIED","MONITOR","템플릿 유사 가능성은 있으나 검색·전환 데이터 없이 삭제·통합하지 않음","P2-monitor","SEO owner"
"https://reumlab.com/app/optician/","industry_service","industry_service","앱·웹·AI 개발 파트너를 찾는 사업자와 실무자","OWNER_DATA_REQUIRED:GSC","OWNER_DATA_REQUIRED:GSC","OWNER_DATA_REQUIRED:GSC","OWNER_DATA_REQUIRED:GSC","OWNER_DATA_REQUIRED:BING","OWNER_DATA_REQUIRED:BING_AI_PERFORMANCE","OWNER_DATA_REQUIRED:NAVER","OWNER_DATA_REQUIRED:NAVER","OWNER_DATA_REQUIRED:GA4","OWNER_DATA_REQUIRED:GA4","OWNER_DATA_REQUIRED:GA4_NETLIFY","NOT_MEASURED","templated-review","exact-unique","NO_EXACT_H1_DUPLICATE; GSC_QUERY_DATA_REQUIRED","https://reumlab.com/app/academy/","INDEX / SELF_CANONICAL_STATIC_VERIFIED","MONITOR","템플릿 유사 가능성은 있으나 검색·전환 데이터 없이 삭제·통합하지 않음","P2-monitor","SEO owner"
"https://reumlab.com/app/oriental-medicine/","industry_service","industry_service","앱·웹·AI 개발 파트너를 찾는 사업자와 실무자","OWNER_DATA_REQUIRED:GSC","OWNER_DATA_REQUIRED:GSC","OWNER_DATA_REQUIRED:GSC","OWNER_DATA_REQUIRED:GSC","OWNER_DATA_REQUIRED:BING","OWNER_DATA_REQUIRED:BING_AI_PERFORMANCE","OWNER_DATA_REQUIRED:NAVER","OWNER_DATA_REQUIRED:NAVER","OWNER_DATA_REQUIRED:GA4","OWNER_DATA_REQUIRED:GA4","OWNER_DATA_REQUIRED:GA4_NETLIFY","NOT_MEASURED","templated-review","exact-unique","NO_EXACT_H1_DUPLICATE; GSC_QUERY_DATA_REQUIRED","https://reumlab.com/app/academy/","INDEX / SELF_CANONICAL_STATIC_VERIFIED","MONITOR","템플릿 유사 가능성은 있으나 검색·전환 데이터 없이 삭제·통합하지 않음","P2-monitor","SEO owner"
"https://reumlab.com/app/parking/","industry_service","industry_service","앱·웹·AI 개발 파트너를 찾는 사업자와 실무자","OWNER_DATA_REQUIRED:GSC","OWNER_DATA_REQUIRED:GSC","OWNER_DATA_REQUIRED:GSC","OWNER_DATA_REQUIRED:GSC","OWNER_DATA_REQUIRED:BING","OWNER_DATA_REQUIRED:BING_AI_PERFORMANCE","OWNER_DATA_REQUIRED:NAVER","OWNER_DATA_REQUIRED:NAVER","OWNER_DATA_REQUIRED:GA4","OWNER_DATA_REQUIRED:GA4","OWNER_DATA_REQUIRED:GA4_NETLIFY","NOT_MEASURED","templated-review","exact-unique","NO_EXACT_H1_DUPLICATE; GSC_QUERY_DATA_REQUIRED","https://reumlab.com/app/academy/","INDEX / SELF_CANONICAL_STATIC_VERIFIED","MONITOR","템플릿 유사 가능성은 있으나 검색·전환 데이터 없이 삭제·통합하지 않음","P2-monitor","SEO owner"
"https://reumlab.com/app/party-room/","industry_service","industry_service","앱·웹·AI 개발 파트너를 찾는 사업자와 실무자","OWNER_DATA_REQUIRED:GSC","OWNER_DATA_REQUIRED:GSC","OWNER_DATA_REQUIRED:GSC","OWNER_DATA_REQUIRED:GSC","OWNER_DATA_REQUIRED:BING","OWNER_DATA_REQUIRED:BING_AI_PERFORMANCE","OWNER_DATA_REQUIRED:NAVER","OWNER_DATA_REQUIRED:NAVER","OWNER_DATA_REQUIRED:GA4","OWNER_DATA_REQUIRED:GA4","OWNER_DATA_REQUIRED:GA4_NETLIFY","NOT_MEASURED","templated-review","exact-unique","NO_EXACT_H1_DUPLICATE; GSC_QUERY_DATA_REQUIRED","https://reumlab.com/app/academy/","INDEX / SELF_CANONICAL_STATIC_VERIFIED","MONITOR","템플릿 유사 가능성은 있으나 검색·전환 데이터 없이 삭제·통합하지 않음","P2-monitor","SEO owner"
"https://reumlab.com/app/patent/","industry_service","industry_service","앱·웹·AI 개발 파트너를 찾는 사업자와 실무자","OWNER_DATA_REQUIRED:GSC","OWNER_DATA_REQUIRED:GSC","OWNER_DATA_REQUIRED:GSC","OWNER_DATA_REQUIRED:GSC","OWNER_DATA_REQUIRED:BING","OWNER_DATA_REQUIRED:BING_AI_PERFORMANCE","OWNER_DATA_REQUIRED:NAVER","OWNER_DATA_REQUIRED:NAVER","OWNER_DATA_REQUIRED:GA4","OWNER_DATA_REQUIRED:GA4","OWNER_DATA_REQUIRED:GA4_NETLIFY","NOT_MEASURED","templated-review","exact-unique","NO_EXACT_H1_DUPLICATE; GSC_QUERY_DATA_REQUIRED","https://reumlab.com/app/academy/","INDEX / SELF_CANONICAL_STATIC_VERIFIED","MONITOR","템플릿 유사 가능성은 있으나 검색·전환 데이터 없이 삭제·통합하지 않음","P2-monitor","SEO owner"
"https://reumlab.com/app/pc-cafe/","industry_service","industry_service","앱·웹·AI 개발 파트너를 찾는 사업자와 실무자","OWNER_DATA_REQUIRED:GSC","OWNER_DATA_REQUIRED:GSC","OWNER_DATA_REQUIRED:GSC","OWNER_DATA_REQUIRED:GSC","OWNER_DATA_REQUIRED:BING","OWNER_DATA_REQUIRED:BING_AI_PERFORMANCE","OWNER_DATA_REQUIRED:NAVER","OWNER_DATA_REQUIRED:NAVER","OWNER_DATA_REQUIRED:GA4","OWNER_DATA_REQUIRED:GA4","OWNER_DATA_REQUIRED:GA4_NETLIFY","NOT_MEASURED","templated-review","exact-unique","NO_EXACT_H1_DUPLICATE; GSC_QUERY_DATA_REQUIRED","https://reumlab.com/app/academy/","INDEX / SELF_CANONICAL_STATIC_VERIFIED","MONITOR","템플릿 유사 가능성은 있으나 검색·전환 데이터 없이 삭제·통합하지 않음","P2-monitor","SEO owner"
"https://reumlab.com/app/pet/","industry_service","industry_service","앱·웹·AI 개발 파트너를 찾는 사업자와 실무자","OWNER_DATA_REQUIRED:GSC","OWNER_DATA_REQUIRED:GSC","OWNER_DATA_REQUIRED:GSC","OWNER_DATA_REQUIRED:GSC","OWNER_DATA_REQUIRED:BING","OWNER_DATA_REQUIRED:BING_AI_PERFORMANCE","OWNER_DATA_REQUIRED:NAVER","OWNER_DATA_REQUIRED:NAVER","OWNER_DATA_REQUIRED:GA4","OWNER_DATA_REQUIRED:GA4","OWNER_DATA_REQUIRED:GA4_NETLIFY","NOT_MEASURED","templated-review","exact-unique","NO_EXACT_H1_DUPLICATE; GSC_QUERY_DATA_REQUIRED","https://reumlab.com/app/academy/","INDEX / SELF_CANONICAL_STATIC_VERIFIED","MONITOR","템플릿 유사 가능성은 있으나 검색·전환 데이터 없이 삭제·통합하지 않음","P2-monitor","SEO owner"
"https://reumlab.com/app/pharmacy/","industry_service","industry_service","앱·웹·AI 개발 파트너를 찾는 사업자와 실무자","OWNER_DATA_REQUIRED:GSC","OWNER_DATA_REQUIRED:GSC","OWNER_DATA_REQUIRED:GSC","OWNER_DATA_REQUIRED:GSC","OWNER_DATA_REQUIRED:BING","OWNER_DATA_REQUIRED:BING_AI_PERFORMANCE","OWNER_DATA_REQUIRED:NAVER","OWNER_DATA_REQUIRED:NAVER","OWNER_DATA_REQUIRED:GA4","OWNER_DATA_REQUIRED:GA4","OWNER_DATA_REQUIRED:GA4_NETLIFY","NOT_MEASURED","templated-review","exact-unique","NO_EXACT_H1_DUPLICATE; GSC_QUERY_DATA_REQUIRED","https://reumlab.com/app/academy/","INDEX / SELF_CANONICAL_STATIC_VERIFIED","MONITOR","템플릿 유사 가능성은 있으나 검색·전환 데이터 없이 삭제·통합하지 않음","P2-monitor","SEO owner"
"https://reumlab.com/app/photo-studio/","industry_service","industry_service","앱·웹·AI 개발 파트너를 찾는 사업자와 실무자","OWNER_DATA_REQUIRED:GSC","OWNER_DATA_REQUIRED:GSC","OWNER_DATA_REQUIRED:GSC","OWNER_DATA_REQUIRED:GSC","OWNER_DATA_REQUIRED:BING","OWNER_DATA_REQUIRED:BING_AI_PERFORMANCE","OWNER_DATA_REQUIRED:NAVER","OWNER_DATA_REQUIRED:NAVER","OWNER_DATA_REQUIRED:GA4","OWNER_DATA_REQUIRED:GA4","OWNER_DATA_REQUIRED:GA4_NETLIFY","NOT_MEASURED","templated-review","exact-unique","NO_EXACT_H1_DUPLICATE; GSC_QUERY_DATA_REQUIRED","https://reumlab.com/app/academy/","INDEX / SELF_CANONICAL_STATIC_VERIFIED","MONITOR","템플릿 유사 가능성은 있으나 검색·전환 데이터 없이 삭제·통합하지 않음","P2-monitor","SEO owner"
"https://reumlab.com/app/physical-therapy/","industry_service","industry_service","앱·웹·AI 개발 파트너를 찾는 사업자와 실무자","OWNER_DATA_REQUIRED:GSC","OWNER_DATA_REQUIRED:GSC","OWNER_DATA_REQUIRED:GSC","OWNER_DATA_REQUIRED:GSC","OWNER_DATA_REQUIRED:BING","OWNER_DATA_REQUIRED:BING_AI_PERFORMANCE","OWNER_DATA_REQUIRED:NAVER","OWNER_DATA_REQUIRED:NAVER","OWNER_DATA_REQUIRED:GA4","OWNER_DATA_REQUIRED:GA4","OWNER_DATA_REQUIRED:GA4_NETLIFY","NOT_MEASURED","templated-review","exact-unique","NO_EXACT_H1_DUPLICATE; GSC_QUERY_DATA_REQUIRED","https://reumlab.com/app/academy/","INDEX / SELF_CANONICAL_STATIC_VERIFIED","MONITOR","템플릿 유사 가능성은 있으나 검색·전환 데이터 없이 삭제·통합하지 않음","P2-monitor","SEO owner"
"https://reumlab.com/app/pilates/","industry_service","industry_service","앱·웹·AI 개발 파트너를 찾는 사업자와 실무자","OWNER_DATA_REQUIRED:GSC","OWNER_DATA_REQUIRED:GSC","OWNER_DATA_REQUIRED:GSC","OWNER_DATA_REQUIRED:GSC","OWNER_DATA_REQUIRED:BING","OWNER_DATA_REQUIRED:BING_AI_PERFORMANCE","OWNER_DATA_REQUIRED:NAVER","OWNER_DATA_REQUIRED:NAVER","OWNER_DATA_REQUIRED:GA4","OWNER_DATA_REQUIRED:GA4","OWNER_DATA_REQUIRED:GA4_NETLIFY","NOT_MEASURED","templated-review","exact-unique","NO_EXACT_H1_DUPLICATE; GSC_QUERY_DATA_REQUIRED","https://reumlab.com/app/academy/","INDEX / SELF_CANONICAL_STATIC_VERIFIED","MONITOR","템플릿 유사 가능성은 있으나 검색·전환 데이터 없이 삭제·통합하지 않음","P2-monitor","SEO owner"
"https://reumlab.com/app/postpartum/","industry_service","industry_service","앱·웹·AI 개발 파트너를 찾는 사업자와 실무자","OWNER_DATA_REQUIRED:GSC","OWNER_DATA_REQUIRED:GSC","OWNER_DATA_REQUIRED:GSC","OWNER_DATA_REQUIRED:GSC","OWNER_DATA_REQUIRED:BING","OWNER_DATA_REQUIRED:BING_AI_PERFORMANCE","OWNER_DATA_REQUIRED:NAVER","OWNER_DATA_REQUIRED:NAVER","OWNER_DATA_REQUIRED:GA4","OWNER_DATA_REQUIRED:GA4","OWNER_DATA_REQUIRED:GA4_NETLIFY","NOT_MEASURED","templated-review","exact-unique","NO_EXACT_H1_DUPLICATE; GSC_QUERY_DATA_REQUIRED","https://reumlab.com/app/academy/","INDEX / SELF_CANONICAL_STATIC_VERIFIED","MONITOR","템플릿 유사 가능성은 있으나 검색·전환 데이터 없이 삭제·통합하지 않음","P2-monitor","SEO owner"
"https://reumlab.com/app/printing/","industry_service","industry_service","앱·웹·AI 개발 파트너를 찾는 사업자와 실무자","OWNER_DATA_REQUIRED:GSC","OWNER_DATA_REQUIRED:GSC","OWNER_DATA_REQUIRED:GSC","OWNER_DATA_REQUIRED:GSC","OWNER_DATA_REQUIRED:BING","OWNER_DATA_REQUIRED:BING_AI_PERFORMANCE","OWNER_DATA_REQUIRED:NAVER","OWNER_DATA_REQUIRED:NAVER","OWNER_DATA_REQUIRED:GA4","OWNER_DATA_REQUIRED:GA4","OWNER_DATA_REQUIRED:GA4_NETLIFY","NOT_MEASURED","templated-review","exact-unique","NO_EXACT_H1_DUPLICATE; GSC_QUERY_DATA_REQUIRED","https://reumlab.com/app/academy/","INDEX / SELF_CANONICAL_STATIC_VERIFIED","MONITOR","템플릿 유사 가능성은 있으나 검색·전환 데이터 없이 삭제·통합하지 않음","P2-monitor","SEO owner"
"https://reumlab.com/app/property-mgmt/","industry_service","industry_service","앱·웹·AI 개발 파트너를 찾는 사업자와 실무자","OWNER_DATA_REQUIRED:GSC","OWNER_DATA_REQUIRED:GSC","OWNER_DATA_REQUIRED:GSC","OWNER_DATA_REQUIRED:GSC","OWNER_DATA_REQUIRED:BING","OWNER_DATA_REQUIRED:BING_AI_PERFORMANCE","OWNER_DATA_REQUIRED:NAVER","OWNER_DATA_REQUIRED:NAVER","OWNER_DATA_REQUIRED:GA4","OWNER_DATA_REQUIRED:GA4","OWNER_DATA_REQUIRED:GA4_NETLIFY","NOT_MEASURED","templated-review","exact-unique","NO_EXACT_H1_DUPLICATE; GSC_QUERY_DATA_REQUIRED","https://reumlab.com/app/academy/","INDEX / SELF_CANONICAL_STATIC_VERIFIED","MONITOR","템플릿 유사 가능성은 있으나 검색·전환 데이터 없이 삭제·통합하지 않음","P2-monitor","SEO owner"
"https://reumlab.com/app/psychology/","industry_service","industry_service","앱·웹·AI 개발 파트너를 찾는 사업자와 실무자","OWNER_DATA_REQUIRED:GSC","OWNER_DATA_REQUIRED:GSC","OWNER_DATA_REQUIRED:GSC","OWNER_DATA_REQUIRED:GSC","OWNER_DATA_REQUIRED:BING","OWNER_DATA_REQUIRED:BING_AI_PERFORMANCE","OWNER_DATA_REQUIRED:NAVER","OWNER_DATA_REQUIRED:NAVER","OWNER_DATA_REQUIRED:GA4","OWNER_DATA_REQUIRED:GA4","OWNER_DATA_REQUIRED:GA4_NETLIFY","NOT_MEASURED","templated-review","exact-unique","NO_EXACT_H1_DUPLICATE; GSC_QUERY_DATA_REQUIRED","https://reumlab.com/app/academy/","INDEX / SELF_CANONICAL_STATIC_VERIFIED","MONITOR","템플릿 유사 가능성은 있으나 검색·전환 데이터 없이 삭제·통합하지 않음","P2-monitor","SEO owner"
"https://reumlab.com/app/realestate/","industry_service","industry_service","앱·웹·AI 개발 파트너를 찾는 사업자와 실무자","OWNER_DATA_REQUIRED:GSC","OWNER_DATA_REQUIRED:GSC","OWNER_DATA_REQUIRED:GSC","OWNER_DATA_REQUIRED:GSC","OWNER_DATA_REQUIRED:BING","OWNER_DATA_REQUIRED:BING_AI_PERFORMANCE","OWNER_DATA_REQUIRED:NAVER","OWNER_DATA_REQUIRED:NAVER","OWNER_DATA_REQUIRED:GA4","OWNER_DATA_REQUIRED:GA4","OWNER_DATA_REQUIRED:GA4_NETLIFY","NOT_MEASURED","templated-review","exact-unique","NO_EXACT_H1_DUPLICATE; GSC_QUERY_DATA_REQUIRED","https://reumlab.com/app/academy/","INDEX / SELF_CANONICAL_STATIC_VERIFIED","MONITOR","템플릿 유사 가능성은 있으나 검색·전환 데이터 없이 삭제·통합하지 않음","P2-monitor","SEO owner"
"https://reumlab.com/app/recruiting/","industry_service","industry_service","앱·웹·AI 개발 파트너를 찾는 사업자와 실무자","OWNER_DATA_REQUIRED:GSC","OWNER_DATA_REQUIRED:GSC","OWNER_DATA_REQUIRED:GSC","OWNER_DATA_REQUIRED:GSC","OWNER_DATA_REQUIRED:BING","OWNER_DATA_REQUIRED:BING_AI_PERFORMANCE","OWNER_DATA_REQUIRED:NAVER","OWNER_DATA_REQUIRED:NAVER","OWNER_DATA_REQUIRED:GA4","OWNER_DATA_REQUIRED:GA4","OWNER_DATA_REQUIRED:GA4_NETLIFY","NOT_MEASURED","templated-review","exact-unique","NO_EXACT_H1_DUPLICATE; GSC_QUERY_DATA_REQUIRED","https://reumlab.com/app/academy/","INDEX / SELF_CANONICAL_STATIC_VERIFIED","MONITOR","템플릿 유사 가능성은 있으나 검색·전환 데이터 없이 삭제·통합하지 않음","P2-monitor","SEO owner"
"https://reumlab.com/app/rental/","industry_service","industry_service","앱·웹·AI 개발 파트너를 찾는 사업자와 실무자","OWNER_DATA_REQUIRED:GSC","OWNER_DATA_REQUIRED:GSC","OWNER_DATA_REQUIRED:GSC","OWNER_DATA_REQUIRED:GSC","OWNER_DATA_REQUIRED:BING","OWNER_DATA_REQUIRED:BING_AI_PERFORMANCE","OWNER_DATA_REQUIRED:NAVER","OWNER_DATA_REQUIRED:NAVER","OWNER_DATA_REQUIRED:GA4","OWNER_DATA_REQUIRED:GA4","OWNER_DATA_REQUIRED:GA4_NETLIFY","NOT_MEASURED","templated-review","exact-unique","NO_EXACT_H1_DUPLICATE; GSC_QUERY_DATA_REQUIRED","https://reumlab.com/app/academy/","INDEX / SELF_CANONICAL_STATIC_VERIFIED","MONITOR","템플릿 유사 가능성은 있으나 검색·전환 데이터 없이 삭제·통합하지 않음","P2-monitor","SEO owner"
"https://reumlab.com/app/rental-car/","industry_service","industry_service","앱·웹·AI 개발 파트너를 찾는 사업자와 실무자","OWNER_DATA_REQUIRED:GSC","OWNER_DATA_REQUIRED:GSC","OWNER_DATA_REQUIRED:GSC","OWNER_DATA_REQUIRED:GSC","OWNER_DATA_REQUIRED:BING","OWNER_DATA_REQUIRED:BING_AI_PERFORMANCE","OWNER_DATA_REQUIRED:NAVER","OWNER_DATA_REQUIRED:NAVER","OWNER_DATA_REQUIRED:GA4","OWNER_DATA_REQUIRED:GA4","OWNER_DATA_REQUIRED:GA4_NETLIFY","NOT_MEASURED","templated-review","exact-unique","NO_EXACT_H1_DUPLICATE; GSC_QUERY_DATA_REQUIRED","https://reumlab.com/app/academy/","INDEX / SELF_CANONICAL_STATIC_VERIFIED","MONITOR","템플릿 유사 가능성은 있으나 검색·전환 데이터 없이 삭제·통합하지 않음","P2-monitor","SEO owner"
"https://reumlab.com/app/resort/","industry_service","industry_service","앱·웹·AI 개발 파트너를 찾는 사업자와 실무자","OWNER_DATA_REQUIRED:GSC","OWNER_DATA_REQUIRED:GSC","OWNER_DATA_REQUIRED:GSC","OWNER_DATA_REQUIRED:GSC","OWNER_DATA_REQUIRED:BING","OWNER_DATA_REQUIRED:BING_AI_PERFORMANCE","OWNER_DATA_REQUIRED:NAVER","OWNER_DATA_REQUIRED:NAVER","OWNER_DATA_REQUIRED:GA4","OWNER_DATA_REQUIRED:GA4","OWNER_DATA_REQUIRED:GA4_NETLIFY","NOT_MEASURED","templated-review","exact-unique","NO_EXACT_H1_DUPLICATE; GSC_QUERY_DATA_REQUIRED","https://reumlab.com/app/academy/","INDEX / SELF_CANONICAL_STATIC_VERIFIED","MONITOR","템플릿 유사 가능성은 있으나 검색·전환 데이터 없이 삭제·통합하지 않음","P2-monitor","SEO owner"
"https://reumlab.com/app/restaurant/","industry_service","industry_service","앱·웹·AI 개발 파트너를 찾는 사업자와 실무자","OWNER_DATA_REQUIRED:GSC","OWNER_DATA_REQUIRED:GSC","OWNER_DATA_REQUIRED:GSC","OWNER_DATA_REQUIRED:GSC","OWNER_DATA_REQUIRED:BING","OWNER_DATA_REQUIRED:BING_AI_PERFORMANCE","OWNER_DATA_REQUIRED:NAVER","OWNER_DATA_REQUIRED:NAVER","OWNER_DATA_REQUIRED:GA4","OWNER_DATA_REQUIRED:GA4","OWNER_DATA_REQUIRED:GA4_NETLIFY","NOT_MEASURED","templated-review","exact-unique","NO_EXACT_H1_DUPLICATE; GSC_QUERY_DATA_REQUIRED","https://reumlab.com/app/academy/","INDEX / SELF_CANONICAL_STATIC_VERIFIED","MONITOR","템플릿 유사 가능성은 있으나 검색·전환 데이터 없이 삭제·통합하지 않음","P2-monitor","SEO owner"
"https://reumlab.com/app/screen-golf/","industry_service","industry_service","앱·웹·AI 개발 파트너를 찾는 사업자와 실무자","OWNER_DATA_REQUIRED:GSC","OWNER_DATA_REQUIRED:GSC","OWNER_DATA_REQUIRED:GSC","OWNER_DATA_REQUIRED:GSC","OWNER_DATA_REQUIRED:BING","OWNER_DATA_REQUIRED:BING_AI_PERFORMANCE","OWNER_DATA_REQUIRED:NAVER","OWNER_DATA_REQUIRED:NAVER","OWNER_DATA_REQUIRED:GA4","OWNER_DATA_REQUIRED:GA4","OWNER_DATA_REQUIRED:GA4_NETLIFY","NOT_MEASURED","templated-review","exact-unique","NO_EXACT_H1_DUPLICATE; GSC_QUERY_DATA_REQUIRED","https://reumlab.com/app/academy/","INDEX / SELF_CANONICAL_STATIC_VERIFIED","MONITOR","템플릿 유사 가능성은 있으나 검색·전환 데이터 없이 삭제·통합하지 않음","P2-monitor","SEO owner"
"https://reumlab.com/app/security/","industry_service","industry_service","앱·웹·AI 개발 파트너를 찾는 사업자와 실무자","OWNER_DATA_REQUIRED:GSC","OWNER_DATA_REQUIRED:GSC","OWNER_DATA_REQUIRED:GSC","OWNER_DATA_REQUIRED:GSC","OWNER_DATA_REQUIRED:BING","OWNER_DATA_REQUIRED:BING_AI_PERFORMANCE","OWNER_DATA_REQUIRED:NAVER","OWNER_DATA_REQUIRED:NAVER","OWNER_DATA_REQUIRED:GA4","OWNER_DATA_REQUIRED:GA4","OWNER_DATA_REQUIRED:GA4_NETLIFY","NOT_MEASURED","templated-review","exact-unique","NO_EXACT_H1_DUPLICATE; GSC_QUERY_DATA_REQUIRED","https://reumlab.com/app/academy/","INDEX / SELF_CANONICAL_STATIC_VERIFIED","MONITOR","템플릿 유사 가능성은 있으나 검색·전환 데이터 없이 삭제·통합하지 않음","P2-monitor","SEO owner"
"https://reumlab.com/app/senior/","industry_service","industry_service","앱·웹·AI 개발 파트너를 찾는 사업자와 실무자","OWNER_DATA_REQUIRED:GSC","OWNER_DATA_REQUIRED:GSC","OWNER_DATA_REQUIRED:GSC","OWNER_DATA_REQUIRED:GSC","OWNER_DATA_REQUIRED:BING","OWNER_DATA_REQUIRED:BING_AI_PERFORMANCE","OWNER_DATA_REQUIRED:NAVER","OWNER_DATA_REQUIRED:NAVER","OWNER_DATA_REQUIRED:GA4","OWNER_DATA_REQUIRED:GA4","OWNER_DATA_REQUIRED:GA4_NETLIFY","NOT_MEASURED","templated-review","exact-unique","NO_EXACT_H1_DUPLICATE; GSC_QUERY_DATA_REQUIRED","https://reumlab.com/app/academy/","INDEX / SELF_CANONICAL_STATIC_VERIFIED","MONITOR","템플릿 유사 가능성은 있으나 검색·전환 데이터 없이 삭제·통합하지 않음","P2-monitor","SEO owner"
"https://reumlab.com/app/shopping/","industry_service","industry_service","앱·웹·AI 개발 파트너를 찾는 사업자와 실무자","OWNER_DATA_REQUIRED:GSC","OWNER_DATA_REQUIRED:GSC","OWNER_DATA_REQUIRED:GSC","OWNER_DATA_REQUIRED:GSC","OWNER_DATA_REQUIRED:BING","OWNER_DATA_REQUIRED:BING_AI_PERFORMANCE","OWNER_DATA_REQUIRED:NAVER","OWNER_DATA_REQUIRED:NAVER","OWNER_DATA_REQUIRED:GA4","OWNER_DATA_REQUIRED:GA4","OWNER_DATA_REQUIRED:GA4_NETLIFY","NOT_MEASURED","templated-review","exact-unique","NO_EXACT_H1_DUPLICATE; GSC_QUERY_DATA_REQUIRED","https://reumlab.com/app/academy/","INDEX / SELF_CANONICAL_STATIC_VERIFIED","MONITOR","템플릿 유사 가능성은 있으나 검색·전환 데이터 없이 삭제·통합하지 않음","P2-monitor","SEO owner"
"https://reumlab.com/app/sidedish/","industry_service","industry_service","앱·웹·AI 개발 파트너를 찾는 사업자와 실무자","OWNER_DATA_REQUIRED:GSC","OWNER_DATA_REQUIRED:GSC","OWNER_DATA_REQUIRED:GSC","OWNER_DATA_REQUIRED:GSC","OWNER_DATA_REQUIRED:BING","OWNER_DATA_REQUIRED:BING_AI_PERFORMANCE","OWNER_DATA_REQUIRED:NAVER","OWNER_DATA_REQUIRED:NAVER","OWNER_DATA_REQUIRED:GA4","OWNER_DATA_REQUIRED:GA4","OWNER_DATA_REQUIRED:GA4_NETLIFY","NOT_MEASURED","templated-review","exact-unique","NO_EXACT_H1_DUPLICATE; GSC_QUERY_DATA_REQUIRED","https://reumlab.com/app/academy/","INDEX / SELF_CANONICAL_STATIC_VERIFIED","MONITOR","템플릿 유사 가능성은 있으나 검색·전환 데이터 없이 삭제·통합하지 않음","P2-monitor","SEO owner"
"https://reumlab.com/app/skin-clinic/","industry_service","industry_service","앱·웹·AI 개발 파트너를 찾는 사업자와 실무자","OWNER_DATA_REQUIRED:GSC","OWNER_DATA_REQUIRED:GSC","OWNER_DATA_REQUIRED:GSC","OWNER_DATA_REQUIRED:GSC","OWNER_DATA_REQUIRED:BING","OWNER_DATA_REQUIRED:BING_AI_PERFORMANCE","OWNER_DATA_REQUIRED:NAVER","OWNER_DATA_REQUIRED:NAVER","OWNER_DATA_REQUIRED:GA4","OWNER_DATA_REQUIRED:GA4","OWNER_DATA_REQUIRED:GA4_NETLIFY","NOT_MEASURED","templated-review","exact-unique","NO_EXACT_H1_DUPLICATE; GSC_QUERY_DATA_REQUIRED","https://reumlab.com/app/academy/","INDEX / SELF_CANONICAL_STATIC_VERIFIED","MONITOR","템플릿 유사 가능성은 있으나 검색·전환 데이터 없이 삭제·통합하지 않음","P2-monitor","SEO owner"
"https://reumlab.com/app/solar/","industry_service","industry_service","앱·웹·AI 개발 파트너를 찾는 사업자와 실무자","OWNER_DATA_REQUIRED:GSC","OWNER_DATA_REQUIRED:GSC","OWNER_DATA_REQUIRED:GSC","OWNER_DATA_REQUIRED:GSC","OWNER_DATA_REQUIRED:BING","OWNER_DATA_REQUIRED:BING_AI_PERFORMANCE","OWNER_DATA_REQUIRED:NAVER","OWNER_DATA_REQUIRED:NAVER","OWNER_DATA_REQUIRED:GA4","OWNER_DATA_REQUIRED:GA4","OWNER_DATA_REQUIRED:GA4_NETLIFY","NOT_MEASURED","templated-review","exact-unique","NO_EXACT_H1_DUPLICATE; GSC_QUERY_DATA_REQUIRED","https://reumlab.com/app/academy/","INDEX / SELF_CANONICAL_STATIC_VERIFIED","MONITOR","템플릿 유사 가능성은 있으나 검색·전환 데이터 없이 삭제·통합하지 않음","P2-monitor","SEO owner"
"https://reumlab.com/app/speech/","industry_service","industry_service","앱·웹·AI 개발 파트너를 찾는 사업자와 실무자","OWNER_DATA_REQUIRED:GSC","OWNER_DATA_REQUIRED:GSC","OWNER_DATA_REQUIRED:GSC","OWNER_DATA_REQUIRED:GSC","OWNER_DATA_REQUIRED:BING","OWNER_DATA_REQUIRED:BING_AI_PERFORMANCE","OWNER_DATA_REQUIRED:NAVER","OWNER_DATA_REQUIRED:NAVER","OWNER_DATA_REQUIRED:GA4","OWNER_DATA_REQUIRED:GA4","OWNER_DATA_REQUIRED:GA4_NETLIFY","NOT_MEASURED","templated-review","exact-unique","NO_EXACT_H1_DUPLICATE; GSC_QUERY_DATA_REQUIRED","https://reumlab.com/app/academy/","INDEX / SELF_CANONICAL_STATIC_VERIFIED","MONITOR","템플릿 유사 가능성은 있으나 검색·전환 데이터 없이 삭제·통합하지 않음","P2-monitor","SEO owner"
"https://reumlab.com/app/storage/","industry_service","industry_service","앱·웹·AI 개발 파트너를 찾는 사업자와 실무자","OWNER_DATA_REQUIRED:GSC","OWNER_DATA_REQUIRED:GSC","OWNER_DATA_REQUIRED:GSC","OWNER_DATA_REQUIRED:GSC","OWNER_DATA_REQUIRED:BING","OWNER_DATA_REQUIRED:BING_AI_PERFORMANCE","OWNER_DATA_REQUIRED:NAVER","OWNER_DATA_REQUIRED:NAVER","OWNER_DATA_REQUIRED:GA4","OWNER_DATA_REQUIRED:GA4","OWNER_DATA_REQUIRED:GA4_NETLIFY","NOT_MEASURED","templated-review","exact-unique","NO_EXACT_H1_DUPLICATE; GSC_QUERY_DATA_REQUIRED","https://reumlab.com/app/academy/","INDEX / SELF_CANONICAL_STATIC_VERIFIED","MONITOR","템플릿 유사 가능성은 있으나 검색·전환 데이터 없이 삭제·통합하지 않음","P2-monitor","SEO owner"
"https://reumlab.com/app/studycafe/","industry_service","industry_service","앱·웹·AI 개발 파트너를 찾는 사업자와 실무자","OWNER_DATA_REQUIRED:GSC","OWNER_DATA_REQUIRED:GSC","OWNER_DATA_REQUIRED:GSC","OWNER_DATA_REQUIRED:GSC","OWNER_DATA_REQUIRED:BING","OWNER_DATA_REQUIRED:BING_AI_PERFORMANCE","OWNER_DATA_REQUIRED:NAVER","OWNER_DATA_REQUIRED:NAVER","OWNER_DATA_REQUIRED:GA4","OWNER_DATA_REQUIRED:GA4","OWNER_DATA_REQUIRED:GA4_NETLIFY","NOT_MEASURED","templated-review","exact-unique","NO_EXACT_H1_DUPLICATE; GSC_QUERY_DATA_REQUIRED","https://reumlab.com/app/academy/","INDEX / SELF_CANONICAL_STATIC_VERIFIED","MONITOR","템플릿 유사 가능성은 있으나 검색·전환 데이터 없이 삭제·통합하지 않음","P2-monitor","SEO owner"
"https://reumlab.com/app/subscription/","industry_service","industry_service","앱·웹·AI 개발 파트너를 찾는 사업자와 실무자","OWNER_DATA_REQUIRED:GSC","OWNER_DATA_REQUIRED:GSC","OWNER_DATA_REQUIRED:GSC","OWNER_DATA_REQUIRED:GSC","OWNER_DATA_REQUIRED:BING","OWNER_DATA_REQUIRED:BING_AI_PERFORMANCE","OWNER_DATA_REQUIRED:NAVER","OWNER_DATA_REQUIRED:NAVER","OWNER_DATA_REQUIRED:GA4","OWNER_DATA_REQUIRED:GA4","OWNER_DATA_REQUIRED:GA4_NETLIFY","NOT_MEASURED","templated-review","exact-unique","NO_EXACT_H1_DUPLICATE; GSC_QUERY_DATA_REQUIRED","https://reumlab.com/app/academy/","INDEX / SELF_CANONICAL_STATIC_VERIFIED","MONITOR","템플릿 유사 가능성은 있으나 검색·전환 데이터 없이 삭제·통합하지 않음","P2-monitor","SEO owner"
"https://reumlab.com/app/swimming/","industry_service","industry_service","앱·웹·AI 개발 파트너를 찾는 사업자와 실무자","OWNER_DATA_REQUIRED:GSC","OWNER_DATA_REQUIRED:GSC","OWNER_DATA_REQUIRED:GSC","OWNER_DATA_REQUIRED:GSC","OWNER_DATA_REQUIRED:BING","OWNER_DATA_REQUIRED:BING_AI_PERFORMANCE","OWNER_DATA_REQUIRED:NAVER","OWNER_DATA_REQUIRED:NAVER","OWNER_DATA_REQUIRED:GA4","OWNER_DATA_REQUIRED:GA4","OWNER_DATA_REQUIRED:GA4_NETLIFY","NOT_MEASURED","templated-review","exact-unique","NO_EXACT_H1_DUPLICATE; GSC_QUERY_DATA_REQUIRED","https://reumlab.com/app/academy/","INDEX / SELF_CANONICAL_STATIC_VERIFIED","MONITOR","템플릿 유사 가능성은 있으나 검색·전환 데이터 없이 삭제·통합하지 않음","P2-monitor","SEO owner"
"https://reumlab.com/app/taekwondo/","industry_service","industry_service","앱·웹·AI 개발 파트너를 찾는 사업자와 실무자","OWNER_DATA_REQUIRED:GSC","OWNER_DATA_REQUIRED:GSC","OWNER_DATA_REQUIRED:GSC","OWNER_DATA_REQUIRED:GSC","OWNER_DATA_REQUIRED:BING","OWNER_DATA_REQUIRED:BING_AI_PERFORMANCE","OWNER_DATA_REQUIRED:NAVER","OWNER_DATA_REQUIRED:NAVER","OWNER_DATA_REQUIRED:GA4","OWNER_DATA_REQUIRED:GA4","OWNER_DATA_REQUIRED:GA4_NETLIFY","NOT_MEASURED","templated-review","exact-unique","NO_EXACT_H1_DUPLICATE; GSC_QUERY_DATA_REQUIRED","https://reumlab.com/app/academy/","INDEX / SELF_CANONICAL_STATIC_VERIFIED","MONITOR","템플릿 유사 가능성은 있으나 검색·전환 데이터 없이 삭제·통합하지 않음","P2-monitor","SEO owner"
"https://reumlab.com/app/tailor/","industry_service","industry_service","앱·웹·AI 개발 파트너를 찾는 사업자와 실무자","OWNER_DATA_REQUIRED:GSC","OWNER_DATA_REQUIRED:GSC","OWNER_DATA_REQUIRED:GSC","OWNER_DATA_REQUIRED:GSC","OWNER_DATA_REQUIRED:BING","OWNER_DATA_REQUIRED:BING_AI_PERFORMANCE","OWNER_DATA_REQUIRED:NAVER","OWNER_DATA_REQUIRED:NAVER","OWNER_DATA_REQUIRED:GA4","OWNER_DATA_REQUIRED:GA4","OWNER_DATA_REQUIRED:GA4_NETLIFY","NOT_MEASURED","templated-review","exact-unique","NO_EXACT_H1_DUPLICATE; GSC_QUERY_DATA_REQUIRED","https://reumlab.com/app/academy/","INDEX / SELF_CANONICAL_STATIC_VERIFIED","MONITOR","템플릿 유사 가능성은 있으나 검색·전환 데이터 없이 삭제·통합하지 않음","P2-monitor","SEO owner"
"https://reumlab.com/app/tax-accounting/","industry_service","industry_service","앱·웹·AI 개발 파트너를 찾는 사업자와 실무자","OWNER_DATA_REQUIRED:GSC","OWNER_DATA_REQUIRED:GSC","OWNER_DATA_REQUIRED:GSC","OWNER_DATA_REQUIRED:GSC","OWNER_DATA_REQUIRED:BING","OWNER_DATA_REQUIRED:BING_AI_PERFORMANCE","OWNER_DATA_REQUIRED:NAVER","OWNER_DATA_REQUIRED:NAVER","OWNER_DATA_REQUIRED:GA4","OWNER_DATA_REQUIRED:GA4","OWNER_DATA_REQUIRED:GA4_NETLIFY","NOT_MEASURED","templated-review","exact-unique","NO_EXACT_H1_DUPLICATE; GSC_QUERY_DATA_REQUIRED","https://reumlab.com/app/academy/","INDEX / SELF_CANONICAL_STATIC_VERIFIED","MONITOR","템플릿 유사 가능성은 있으나 검색·전환 데이터 없이 삭제·통합하지 않음","P2-monitor","SEO owner"
"https://reumlab.com/app/telemedicine/","industry_service","industry_service","앱·웹·AI 개발 파트너를 찾는 사업자와 실무자","OWNER_DATA_REQUIRED:GSC","OWNER_DATA_REQUIRED:GSC","OWNER_DATA_REQUIRED:GSC","OWNER_DATA_REQUIRED:GSC","OWNER_DATA_REQUIRED:BING","OWNER_DATA_REQUIRED:BING_AI_PERFORMANCE","OWNER_DATA_REQUIRED:NAVER","OWNER_DATA_REQUIRED:NAVER","OWNER_DATA_REQUIRED:GA4","OWNER_DATA_REQUIRED:GA4","OWNER_DATA_REQUIRED:GA4_NETLIFY","NOT_MEASURED","templated-review","exact-unique","NO_EXACT_H1_DUPLICATE; GSC_QUERY_DATA_REQUIRED","https://reumlab.com/app/academy/","INDEX / SELF_CANONICAL_STATIC_VERIFIED","MONITOR","템플릿 유사 가능성은 있으나 검색·전환 데이터 없이 삭제·통합하지 않음","P2-monitor","SEO owner"
"https://reumlab.com/app/translation/","industry_service","industry_service","앱·웹·AI 개발 파트너를 찾는 사업자와 실무자","OWNER_DATA_REQUIRED:GSC","OWNER_DATA_REQUIRED:GSC","OWNER_DATA_REQUIRED:GSC","OWNER_DATA_REQUIRED:GSC","OWNER_DATA_REQUIRED:BING","OWNER_DATA_REQUIRED:BING_AI_PERFORMANCE","OWNER_DATA_REQUIRED:NAVER","OWNER_DATA_REQUIRED:NAVER","OWNER_DATA_REQUIRED:GA4","OWNER_DATA_REQUIRED:GA4","OWNER_DATA_REQUIRED:GA4_NETLIFY","NOT_MEASURED","templated-review","exact-unique","NO_EXACT_H1_DUPLICATE; GSC_QUERY_DATA_REQUIRED","https://reumlab.com/app/academy/","INDEX / SELF_CANONICAL_STATIC_VERIFIED","MONITOR","템플릿 유사 가능성은 있으나 검색·전환 데이터 없이 삭제·통합하지 않음","P2-monitor","SEO owner"
"https://reumlab.com/app/travel/","industry_service","industry_service","앱·웹·AI 개발 파트너를 찾는 사업자와 실무자","OWNER_DATA_REQUIRED:GSC","OWNER_DATA_REQUIRED:GSC","OWNER_DATA_REQUIRED:GSC","OWNER_DATA_REQUIRED:GSC","OWNER_DATA_REQUIRED:BING","OWNER_DATA_REQUIRED:BING_AI_PERFORMANCE","OWNER_DATA_REQUIRED:NAVER","OWNER_DATA_REQUIRED:NAVER","OWNER_DATA_REQUIRED:GA4","OWNER_DATA_REQUIRED:GA4","OWNER_DATA_REQUIRED:GA4_NETLIFY","NOT_MEASURED","templated-review","exact-unique","NO_EXACT_H1_DUPLICATE; GSC_QUERY_DATA_REQUIRED","https://reumlab.com/app/academy/","INDEX / SELF_CANONICAL_STATIC_VERIFIED","MONITOR","템플릿 유사 가능성은 있으나 검색·전환 데이터 없이 삭제·통합하지 않음","P2-monitor","SEO owner"
"https://reumlab.com/app/tutoring/","industry_service","industry_service","앱·웹·AI 개발 파트너를 찾는 사업자와 실무자","OWNER_DATA_REQUIRED:GSC","OWNER_DATA_REQUIRED:GSC","OWNER_DATA_REQUIRED:GSC","OWNER_DATA_REQUIRED:GSC","OWNER_DATA_REQUIRED:BING","OWNER_DATA_REQUIRED:BING_AI_PERFORMANCE","OWNER_DATA_REQUIRED:NAVER","OWNER_DATA_REQUIRED:NAVER","OWNER_DATA_REQUIRED:GA4","OWNER_DATA_REQUIRED:GA4","OWNER_DATA_REQUIRED:GA4_NETLIFY","NOT_MEASURED","templated-review","exact-unique","NO_EXACT_H1_DUPLICATE; GSC_QUERY_DATA_REQUIRED","https://reumlab.com/app/academy/","INDEX / SELF_CANONICAL_STATIC_VERIFIED","MONITOR","템플릿 유사 가능성은 있으나 검색·전환 데이터 없이 삭제·통합하지 않음","P2-monitor","SEO owner"
"https://reumlab.com/app/university/","industry_service","industry_service","앱·웹·AI 개발 파트너를 찾는 사업자와 실무자","OWNER_DATA_REQUIRED:GSC","OWNER_DATA_REQUIRED:GSC","OWNER_DATA_REQUIRED:GSC","OWNER_DATA_REQUIRED:GSC","OWNER_DATA_REQUIRED:BING","OWNER_DATA_REQUIRED:BING_AI_PERFORMANCE","OWNER_DATA_REQUIRED:NAVER","OWNER_DATA_REQUIRED:NAVER","OWNER_DATA_REQUIRED:GA4","OWNER_DATA_REQUIRED:GA4","OWNER_DATA_REQUIRED:GA4_NETLIFY","NOT_MEASURED","templated-review","exact-unique","NO_EXACT_H1_DUPLICATE; GSC_QUERY_DATA_REQUIRED","https://reumlab.com/app/academy/","INDEX / SELF_CANONICAL_STATIC_VERIFIED","MONITOR","템플릿 유사 가능성은 있으나 검색·전환 데이터 없이 삭제·통합하지 않음","P2-monitor","SEO owner"
"https://reumlab.com/app/unmanned-store/","industry_service","industry_service","앱·웹·AI 개발 파트너를 찾는 사업자와 실무자","OWNER_DATA_REQUIRED:GSC","OWNER_DATA_REQUIRED:GSC","OWNER_DATA_REQUIRED:GSC","OWNER_DATA_REQUIRED:GSC","OWNER_DATA_REQUIRED:BING","OWNER_DATA_REQUIRED:BING_AI_PERFORMANCE","OWNER_DATA_REQUIRED:NAVER","OWNER_DATA_REQUIRED:NAVER","OWNER_DATA_REQUIRED:GA4","OWNER_DATA_REQUIRED:GA4","OWNER_DATA_REQUIRED:GA4_NETLIFY","NOT_MEASURED","templated-review","exact-unique","NO_EXACT_H1_DUPLICATE; GSC_QUERY_DATA_REQUIRED","https://reumlab.com/app/academy/","INDEX / SELF_CANONICAL_STATIC_VERIFIED","MONITOR","템플릿 유사 가능성은 있으나 검색·전환 데이터 없이 삭제·통합하지 않음","P2-monitor","SEO owner"
"https://reumlab.com/app/used-car/","industry_service","industry_service","앱·웹·AI 개발 파트너를 찾는 사업자와 실무자","OWNER_DATA_REQUIRED:GSC","OWNER_DATA_REQUIRED:GSC","OWNER_DATA_REQUIRED:GSC","OWNER_DATA_REQUIRED:GSC","OWNER_DATA_REQUIRED:BING","OWNER_DATA_REQUIRED:BING_AI_PERFORMANCE","OWNER_DATA_REQUIRED:NAVER","OWNER_DATA_REQUIRED:NAVER","OWNER_DATA_REQUIRED:GA4","OWNER_DATA_REQUIRED:GA4","OWNER_DATA_REQUIRED:GA4_NETLIFY","NOT_MEASURED","templated-review","exact-unique","NO_EXACT_H1_DUPLICATE; GSC_QUERY_DATA_REQUIRED","https://reumlab.com/app/academy/","INDEX / SELF_CANONICAL_STATIC_VERIFIED","MONITOR","템플릿 유사 가능성은 있으나 검색·전환 데이터 없이 삭제·통합하지 않음","P2-monitor","SEO owner"
"https://reumlab.com/app/wedding/","industry_service","industry_service","앱·웹·AI 개발 파트너를 찾는 사업자와 실무자","OWNER_DATA_REQUIRED:GSC","OWNER_DATA_REQUIRED:GSC","OWNER_DATA_REQUIRED:GSC","OWNER_DATA_REQUIRED:GSC","OWNER_DATA_REQUIRED:BING","OWNER_DATA_REQUIRED:BING_AI_PERFORMANCE","OWNER_DATA_REQUIRED:NAVER","OWNER_DATA_REQUIRED:NAVER","OWNER_DATA_REQUIRED:GA4","OWNER_DATA_REQUIRED:GA4","OWNER_DATA_REQUIRED:GA4_NETLIFY","NOT_MEASURED","templated-review","exact-unique","NO_EXACT_H1_DUPLICATE; GSC_QUERY_DATA_REQUIRED","https://reumlab.com/app/academy/","INDEX / SELF_CANONICAL_STATIC_VERIFIED","MONITOR","템플릿 유사 가능성은 있으나 검색·전환 데이터 없이 삭제·통합하지 않음","P2-monitor","SEO owner"
"https://reumlab.com/app/wholesale/","industry_service","industry_service","앱·웹·AI 개발 파트너를 찾는 사업자와 실무자","OWNER_DATA_REQUIRED:GSC","OWNER_DATA_REQUIRED:GSC","OWNER_DATA_REQUIRED:GSC","OWNER_DATA_REQUIRED:GSC","OWNER_DATA_REQUIRED:BING","OWNER_DATA_REQUIRED:BING_AI_PERFORMANCE","OWNER_DATA_REQUIRED:NAVER","OWNER_DATA_REQUIRED:NAVER","OWNER_DATA_REQUIRED:GA4","OWNER_DATA_REQUIRED:GA4","OWNER_DATA_REQUIRED:GA4_NETLIFY","NOT_MEASURED","templated-review","exact-unique","NO_EXACT_H1_DUPLICATE; GSC_QUERY_DATA_REQUIRED","https://reumlab.com/app/academy/","INDEX / SELF_CANONICAL_STATIC_VERIFIED","MONITOR","템플릿 유사 가능성은 있으나 검색·전환 데이터 없이 삭제·통합하지 않음","P2-monitor","SEO owner"
"https://reumlab.com/app/yoga/","industry_service","industry_service","앱·웹·AI 개발 파트너를 찾는 사업자와 실무자","OWNER_DATA_REQUIRED:GSC","OWNER_DATA_REQUIRED:GSC","OWNER_DATA_REQUIRED:GSC","OWNER_DATA_REQUIRED:GSC","OWNER_DATA_REQUIRED:BING","OWNER_DATA_REQUIRED:BING_AI_PERFORMANCE","OWNER_DATA_REQUIRED:NAVER","OWNER_DATA_REQUIRED:NAVER","OWNER_DATA_REQUIRED:GA4","OWNER_DATA_REQUIRED:GA4","OWNER_DATA_REQUIRED:GA4_NETLIFY","NOT_MEASURED","templated-review","exact-unique","NO_EXACT_H1_DUPLICATE; GSC_QUERY_DATA_REQUIRED","https://reumlab.com/app/academy/","INDEX / SELF_CANONICAL_STATIC_VERIFIED","MONITOR","템플릿 유사 가능성은 있으나 검색·전환 데이터 없이 삭제·통합하지 않음","P2-monitor","SEO owner"
"https://reumlab.com/app-agency/","service_or_hub","service_or_hub","앱·웹·AI 개발 파트너를 찾는 사업자와 실무자","OWNER_DATA_REQUIRED:GSC","OWNER_DATA_REQUIRED:GSC","OWNER_DATA_REQUIRED:GSC","OWNER_DATA_REQUIRED:GSC","OWNER_DATA_REQUIRED:BING","OWNER_DATA_REQUIRED:BING_AI_PERFORMANCE","OWNER_DATA_REQUIRED:NAVER","OWNER_DATA_REQUIRED:NAVER","OWNER_DATA_REQUIRED:GA4","OWNER_DATA_REQUIRED:GA4","OWNER_DATA_REQUIRED:GA4_NETLIFY","NOT_MEASURED","moderate","exact-unique","NO_EXACT_H1_DUPLICATE; GSC_QUERY_DATA_REQUIRED","https://reumlab.com/academy-shopping-mall/","INDEX / SELF_CANONICAL_STATIC_VERIFIED","IMPROVE","핵심 의도와 기술 품질은 유효하나 인용 가능한 1차 근거 보강 여지 있음","P1","content+SEO"
"https://reumlab.com/app-development/dongtan/","region_service","region_service","해당 지역에서 개발사를 찾는 사업자","OWNER_DATA_REQUIRED:GSC","OWNER_DATA_REQUIRED:GSC","OWNER_DATA_REQUIRED:GSC","OWNER_DATA_REQUIRED:GSC","OWNER_DATA_REQUIRED:BING","OWNER_DATA_REQUIRED:BING_AI_PERFORMANCE","OWNER_DATA_REQUIRED:NAVER","OWNER_DATA_REQUIRED:NAVER","OWNER_DATA_REQUIRED:GA4","OWNER_DATA_REQUIRED:GA4","OWNER_DATA_REQUIRED:GA4_NETLIFY","NOT_MEASURED","templated-review","exact-unique","NO_EXACT_H1_DUPLICATE; GSC_QUERY_DATA_REQUIRED","https://reumlab.com/ai-development/dongtan/","INDEX / SELF_CANONICAL_STATIC_VERIFIED","MONITOR","템플릿 유사 가능성은 있으나 검색·전환 데이터 없이 삭제·통합하지 않음","P2-monitor","SEO owner"
"https://reumlab.com/app-development/hwaseong/","region_service","region_service","해당 지역에서 개발사를 찾는 사업자","OWNER_DATA_REQUIRED:GSC","OWNER_DATA_REQUIRED:GSC","OWNER_DATA_REQUIRED:GSC","OWNER_DATA_REQUIRED:GSC","OWNER_DATA_REQUIRED:BING","OWNER_DATA_REQUIRED:BING_AI_PERFORMANCE","OWNER_DATA_REQUIRED:NAVER","OWNER_DATA_REQUIRED:NAVER","OWNER_DATA_REQUIRED:GA4","OWNER_DATA_REQUIRED:GA4","OWNER_DATA_REQUIRED:GA4_NETLIFY","NOT_MEASURED","templated-review","exact-unique","NO_EXACT_H1_DUPLICATE; GSC_QUERY_DATA_REQUIRED","https://reumlab.com/ai-development/dongtan/","INDEX / SELF_CANONICAL_STATIC_VERIFIED","MONITOR","템플릿 유사 가능성은 있으나 검색·전환 데이터 없이 삭제·통합하지 않음","P2-monitor","SEO owner"
"https://reumlab.com/app-development/","service_or_hub","service_or_hub","앱·웹·AI 개발 파트너를 찾는 사업자와 실무자","OWNER_DATA_REQUIRED:GSC","OWNER_DATA_REQUIRED:GSC","OWNER_DATA_REQUIRED:GSC","OWNER_DATA_REQUIRED:GSC","OWNER_DATA_REQUIRED:BING","OWNER_DATA_REQUIRED:BING_AI_PERFORMANCE","OWNER_DATA_REQUIRED:NAVER","OWNER_DATA_REQUIRED:NAVER","OWNER_DATA_REQUIRED:GA4","OWNER_DATA_REQUIRED:GA4","OWNER_DATA_REQUIRED:GA4_NETLIFY","NOT_MEASURED","moderate","exact-unique","NO_EXACT_H1_DUPLICATE; GSC_QUERY_DATA_REQUIRED","https://reumlab.com/academy-shopping-mall/","INDEX / SELF_CANONICAL_STATIC_VERIFIED","IMPROVE","핵심 의도와 기술 품질은 유효하나 인용 가능한 1차 근거 보강 여지 있음","P1","content+SEO"
"https://reumlab.com/app-development/suwon/","region_service","region_service","해당 지역에서 개발사를 찾는 사업자","OWNER_DATA_REQUIRED:GSC","OWNER_DATA_REQUIRED:GSC","OWNER_DATA_REQUIRED:GSC","OWNER_DATA_REQUIRED:GSC","OWNER_DATA_REQUIRED:BING","OWNER_DATA_REQUIRED:BING_AI_PERFORMANCE","OWNER_DATA_REQUIRED:NAVER","OWNER_DATA_REQUIRED:NAVER","OWNER_DATA_REQUIRED:GA4","OWNER_DATA_REQUIRED:GA4","OWNER_DATA_REQUIRED:GA4_NETLIFY","NOT_MEASURED","templated-review","exact-unique","NO_EXACT_H1_DUPLICATE; GSC_QUERY_DATA_REQUIRED","https://reumlab.com/ai-development/dongtan/","INDEX / SELF_CANONICAL_STATIC_VERIFIED","MONITOR","템플릿 유사 가능성은 있으나 검색·전환 데이터 없이 삭제·통합하지 않음","P2-monitor","SEO owner"
"https://reumlab.com/blog/academy-management-app/","article","blog","개발 전 비용·범위·절차를 조사하는 잠재 고객","OWNER_DATA_REQUIRED:GSC","OWNER_DATA_REQUIRED:GSC","OWNER_DATA_REQUIRED:GSC","OWNER_DATA_REQUIRED:GSC","OWNER_DATA_REQUIRED:BING","OWNER_DATA_REQUIRED:BING_AI_PERFORMANCE","OWNER_DATA_REQUIRED:NAVER","OWNER_DATA_REQUIRED:NAVER","OWNER_DATA_REQUIRED:GA4","OWNER_DATA_REQUIRED:GA4","OWNER_DATA_REQUIRED:GA4_NETLIFY","NOT_MEASURED","moderate","exact-unique","NO_EXACT_H1_DUPLICATE; GSC_QUERY_DATA_REQUIRED","https://reumlab.com/blog/clinic-reservation-app/","INDEX / SELF_CANONICAL_STATIC_VERIFIED","MONITOR","템플릿 유사 가능성은 있으나 검색·전환 데이터 없이 삭제·통합하지 않음","P2-monitor","SEO owner"
"https://reumlab.com/blog/clinic-reservation-app/","article","blog","개발 전 비용·범위·절차를 조사하는 잠재 고객","OWNER_DATA_REQUIRED:GSC","OWNER_DATA_REQUIRED:GSC","OWNER_DATA_REQUIRED:GSC","OWNER_DATA_REQUIRED:GSC","OWNER_DATA_REQUIRED:BING","OWNER_DATA_REQUIRED:BING_AI_PERFORMANCE","OWNER_DATA_REQUIRED:NAVER","OWNER_DATA_REQUIRED:NAVER","OWNER_DATA_REQUIRED:GA4","OWNER_DATA_REQUIRED:GA4","OWNER_DATA_REQUIRED:GA4_NETLIFY","NOT_MEASURED","moderate","exact-unique","NO_EXACT_H1_DUPLICATE; GSC_QUERY_DATA_REQUIRED","https://reumlab.com/blog/academy-management-app/","INDEX / SELF_CANONICAL_STATIC_VERIFIED","MONITOR","템플릿 유사 가능성은 있으나 검색·전환 데이터 없이 삭제·통합하지 않음","P2-monitor","SEO owner"
"https://reumlab.com/blog/dongtan-reservation-app/","article","blog","개발 전 비용·범위·절차를 조사하는 잠재 고객","OWNER_DATA_REQUIRED:GSC","OWNER_DATA_REQUIRED:GSC","OWNER_DATA_REQUIRED:GSC","OWNER_DATA_REQUIRED:GSC","OWNER_DATA_REQUIRED:BING","OWNER_DATA_REQUIRED:BING_AI_PERFORMANCE","OWNER_DATA_REQUIRED:NAVER","OWNER_DATA_REQUIRED:NAVER","OWNER_DATA_REQUIRED:GA4","OWNER_DATA_REQUIRED:GA4","OWNER_DATA_REQUIRED:GA4_NETLIFY","NOT_MEASURED","moderate","exact-unique","NO_EXACT_H1_DUPLICATE; GSC_QUERY_DATA_REQUIRED","https://reumlab.com/blog/academy-management-app/","INDEX / SELF_CANONICAL_STATIC_VERIFIED","MONITOR","템플릿 유사 가능성은 있으나 검색·전환 데이터 없이 삭제·통합하지 않음","P2-monitor","SEO owner"
"https://reumlab.com/blog/flutter-oeju-jangdanjeom/","article","blog","개발 전 비용·범위·절차를 조사하는 잠재 고객","OWNER_DATA_REQUIRED:GSC","OWNER_DATA_REQUIRED:GSC","OWNER_DATA_REQUIRED:GSC","OWNER_DATA_REQUIRED:GSC","OWNER_DATA_REQUIRED:BING","OWNER_DATA_REQUIRED:BING_AI_PERFORMANCE","OWNER_DATA_REQUIRED:NAVER","OWNER_DATA_REQUIRED:NAVER","OWNER_DATA_REQUIRED:GA4","OWNER_DATA_REQUIRED:GA4","OWNER_DATA_REQUIRED:GA4_NETLIFY","NOT_MEASURED","moderate","exact-unique","NO_EXACT_H1_DUPLICATE; GSC_QUERY_DATA_REQUIRED","https://reumlab.com/blog/academy-management-app/","INDEX / SELF_CANONICAL_STATIC_VERIFIED","MONITOR","템플릿 유사 가능성은 있으나 검색·전환 데이터 없이 삭제·통합하지 않음","P2-monitor","SEO owner"
"https://reumlab.com/blog/gym-membership-app/","article","blog","개발 전 비용·범위·절차를 조사하는 잠재 고객","OWNER_DATA_REQUIRED:GSC","OWNER_DATA_REQUIRED:GSC","OWNER_DATA_REQUIRED:GSC","OWNER_DATA_REQUIRED:GSC","OWNER_DATA_REQUIRED:BING","OWNER_DATA_REQUIRED:BING_AI_PERFORMANCE","OWNER_DATA_REQUIRED:NAVER","OWNER_DATA_REQUIRED:NAVER","OWNER_DATA_REQUIRED:GA4","OWNER_DATA_REQUIRED:GA4","OWNER_DATA_REQUIRED:GA4_NETLIFY","NOT_MEASURED","moderate","exact-unique","NO_EXACT_H1_DUPLICATE; GSC_QUERY_DATA_REQUIRED","https://reumlab.com/blog/academy-management-app/","INDEX / SELF_CANONICAL_STATIC_VERIFIED","MONITOR","템플릿 유사 가능성은 있으나 검색·전환 데이터 없이 삭제·통합하지 않음","P2-monitor","SEO owner"
"https://reumlab.com/blog/hwaseong-dongtan-business-web/","article","blog","개발 전 비용·범위·절차를 조사하는 잠재 고객","OWNER_DATA_REQUIRED:GSC","OWNER_DATA_REQUIRED:GSC","OWNER_DATA_REQUIRED:GSC","OWNER_DATA_REQUIRED:GSC","OWNER_DATA_REQUIRED:BING","OWNER_DATA_REQUIRED:BING_AI_PERFORMANCE","OWNER_DATA_REQUIRED:NAVER","OWNER_DATA_REQUIRED:NAVER","OWNER_DATA_REQUIRED:GA4","OWNER_DATA_REQUIRED:GA4","OWNER_DATA_REQUIRED:GA4_NETLIFY","NOT_MEASURED","moderate","exact-unique","NO_EXACT_H1_DUPLICATE; GSC_QUERY_DATA_REQUIRED","https://reumlab.com/blog/academy-management-app/","INDEX / SELF_CANONICAL_STATIC_VERIFIED","MONITOR","템플릿 유사 가능성은 있으나 검색·전환 데이터 없이 삭제·통합하지 않음","P2-monitor","SEO owner"
"https://reumlab.com/blog/","article","blog_hub","개발 전 비용·범위·절차를 조사하는 잠재 고객","OWNER_DATA_REQUIRED:GSC","OWNER_DATA_REQUIRED:GSC","OWNER_DATA_REQUIRED:GSC","OWNER_DATA_REQUIRED:GSC","OWNER_DATA_REQUIRED:BING","OWNER_DATA_REQUIRED:BING_AI_PERFORMANCE","OWNER_DATA_REQUIRED:NAVER","OWNER_DATA_REQUIRED:NAVER","OWNER_DATA_REQUIRED:GA4","OWNER_DATA_REQUIRED:GA4","OWNER_DATA_REQUIRED:GA4_NETLIFY","NOT_MEASURED","templated-review","exact-unique","NO_EXACT_H1_DUPLICATE; GSC_QUERY_DATA_REQUIRED","NONE_IN_STATIC_INTENT_GROUP","INDEX / SELF_CANONICAL_STATIC_VERIFIED","MONITOR","템플릿 유사 가능성은 있으나 검색·전환 데이터 없이 삭제·통합하지 않음","P2-monitor","SEO owner"
"https://reumlab.com/blog/mvp-cost-before-quote/","article","blog","개발 전 비용·범위·절차를 조사하는 잠재 고객","OWNER_DATA_REQUIRED:GSC","OWNER_DATA_REQUIRED:GSC","OWNER_DATA_REQUIRED:GSC","OWNER_DATA_REQUIRED:GSC","OWNER_DATA_REQUIRED:BING","OWNER_DATA_REQUIRED:BING_AI_PERFORMANCE","OWNER_DATA_REQUIRED:NAVER","OWNER_DATA_REQUIRED:NAVER","OWNER_DATA_REQUIRED:GA4","OWNER_DATA_REQUIRED:GA4","OWNER_DATA_REQUIRED:GA4_NETLIFY","NOT_MEASURED","moderate","exact-unique","NO_EXACT_H1_DUPLICATE; GSC_QUERY_DATA_REQUIRED","https://reumlab.com/blog/academy-management-app/","INDEX / SELF_CANONICAL_STATIC_VERIFIED","MONITOR","템플릿 유사 가능성은 있으나 검색·전환 데이터 없이 삭제·통합하지 않음","P2-monitor","SEO owner"
"https://reumlab.com/blog/restaurant-order-app/","article","blog","개발 전 비용·범위·절차를 조사하는 잠재 고객","OWNER_DATA_REQUIRED:GSC","OWNER_DATA_REQUIRED:GSC","OWNER_DATA_REQUIRED:GSC","OWNER_DATA_REQUIRED:GSC","OWNER_DATA_REQUIRED:BING","OWNER_DATA_REQUIRED:BING_AI_PERFORMANCE","OWNER_DATA_REQUIRED:NAVER","OWNER_DATA_REQUIRED:NAVER","OWNER_DATA_REQUIRED:GA4","OWNER_DATA_REQUIRED:GA4","OWNER_DATA_REQUIRED:GA4_NETLIFY","NOT_MEASURED","moderate","exact-unique","NO_EXACT_H1_DUPLICATE; GSC_QUERY_DATA_REQUIRED","https://reumlab.com/blog/academy-management-app/","INDEX / SELF_CANONICAL_STATIC_VERIFIED","MONITOR","템플릿 유사 가능성은 있으나 검색·전환 데이터 없이 삭제·통합하지 않음","P2-monitor","SEO owner"
"https://reumlab.com/blog/suwon-app-gaebal-upche/","article","blog","개발 전 비용·범위·절차를 조사하는 잠재 고객","OWNER_DATA_REQUIRED:GSC","OWNER_DATA_REQUIRED:GSC","OWNER_DATA_REQUIRED:GSC","OWNER_DATA_REQUIRED:GSC","OWNER_DATA_REQUIRED:BING","OWNER_DATA_REQUIRED:BING_AI_PERFORMANCE","OWNER_DATA_REQUIRED:NAVER","OWNER_DATA_REQUIRED:NAVER","OWNER_DATA_REQUIRED:GA4","OWNER_DATA_REQUIRED:GA4","OWNER_DATA_REQUIRED:GA4_NETLIFY","NOT_MEASURED","moderate","exact-unique","NO_EXACT_H1_DUPLICATE; GSC_QUERY_DATA_REQUIRED","https://reumlab.com/blog/academy-management-app/","INDEX / SELF_CANONICAL_STATIC_VERIFIED","MONITOR","템플릿 유사 가능성은 있으나 검색·전환 데이터 없이 삭제·통합하지 않음","P2-monitor","SEO owner"
"https://reumlab.com/blog/website-or-app-first/","article","blog","개발 전 비용·범위·절차를 조사하는 잠재 고객","OWNER_DATA_REQUIRED:GSC","OWNER_DATA_REQUIRED:GSC","OWNER_DATA_REQUIRED:GSC","OWNER_DATA_REQUIRED:GSC","OWNER_DATA_REQUIRED:BING","OWNER_DATA_REQUIRED:BING_AI_PERFORMANCE","OWNER_DATA_REQUIRED:NAVER","OWNER_DATA_REQUIRED:NAVER","OWNER_DATA_REQUIRED:GA4","OWNER_DATA_REQUIRED:GA4","OWNER_DATA_REQUIRED:GA4_NETLIFY","NOT_MEASURED","moderate","exact-unique","NO_EXACT_H1_DUPLICATE; GSC_QUERY_DATA_REQUIRED","https://reumlab.com/blog/academy-management-app/","INDEX / SELF_CANONICAL_STATIC_VERIFIED","MONITOR","템플릿 유사 가능성은 있으나 검색·전환 데이터 없이 삭제·통합하지 않음","P2-monitor","SEO owner"
"https://reumlab.com/cafe24-limit/","service_or_hub","service_or_hub","앱·웹·AI 개발 파트너를 찾는 사업자와 실무자","OWNER_DATA_REQUIRED:GSC","OWNER_DATA_REQUIRED:GSC","OWNER_DATA_REQUIRED:GSC","OWNER_DATA_REQUIRED:GSC","OWNER_DATA_REQUIRED:BING","OWNER_DATA_REQUIRED:BING_AI_PERFORMANCE","OWNER_DATA_REQUIRED:NAVER","OWNER_DATA_REQUIRED:NAVER","OWNER_DATA_REQUIRED:GA4","OWNER_DATA_REQUIRED:GA4","OWNER_DATA_REQUIRED:GA4_NETLIFY","NOT_MEASURED","moderate","exact-unique","NO_EXACT_H1_DUPLICATE; GSC_QUERY_DATA_REQUIRED","https://reumlab.com/academy-shopping-mall/","INDEX / SELF_CANONICAL_STATIC_VERIFIED","IMPROVE","핵심 의도와 기술 품질은 유효하나 인용 가능한 1차 근거 보강 여지 있음","P1","content+SEO"
"https://reumlab.com/compare/flutter-vs-react-native/","comparison","comparison","기술·업체 선택지를 비교하는 실무자","OWNER_DATA_REQUIRED:GSC","OWNER_DATA_REQUIRED:GSC","OWNER_DATA_REQUIRED:GSC","OWNER_DATA_REQUIRED:GSC","OWNER_DATA_REQUIRED:BING","OWNER_DATA_REQUIRED:BING_AI_PERFORMANCE","OWNER_DATA_REQUIRED:NAVER","OWNER_DATA_REQUIRED:NAVER","OWNER_DATA_REQUIRED:GA4","OWNER_DATA_REQUIRED:GA4","OWNER_DATA_REQUIRED:GA4_NETLIFY","NOT_MEASURED","strong","exact-unique","NO_EXACT_H1_DUPLICATE; GSC_QUERY_DATA_REQUIRED","https://reumlab.com/compare/outsourcing-vs-inhouse/","INDEX / SELF_CANONICAL_STATIC_VERIFIED","RETAIN","정적 품질 신호와 1차 근거가 강함; 성과 데이터로 유지 확인","P2-monitor","SEO owner"
"https://reumlab.com/compare/outsourcing-vs-inhouse/","comparison","comparison","기술·업체 선택지를 비교하는 실무자","OWNER_DATA_REQUIRED:GSC","OWNER_DATA_REQUIRED:GSC","OWNER_DATA_REQUIRED:GSC","OWNER_DATA_REQUIRED:GSC","OWNER_DATA_REQUIRED:BING","OWNER_DATA_REQUIRED:BING_AI_PERFORMANCE","OWNER_DATA_REQUIRED:NAVER","OWNER_DATA_REQUIRED:NAVER","OWNER_DATA_REQUIRED:GA4","OWNER_DATA_REQUIRED:GA4","OWNER_DATA_REQUIRED:GA4_NETLIFY","NOT_MEASURED","strong","exact-unique","NO_EXACT_H1_DUPLICATE; GSC_QUERY_DATA_REQUIRED","https://reumlab.com/compare/flutter-vs-react-native/","INDEX / SELF_CANONICAL_STATIC_VERIFIED","RETAIN","정적 품질 신호와 1차 근거가 강함; 성과 데이터로 유지 확인","P2-monitor","SEO owner"
"https://reumlab.com/compare/outsourcing-vs-nocode/","comparison","comparison","기술·업체 선택지를 비교하는 실무자","OWNER_DATA_REQUIRED:GSC","OWNER_DATA_REQUIRED:GSC","OWNER_DATA_REQUIRED:GSC","OWNER_DATA_REQUIRED:GSC","OWNER_DATA_REQUIRED:BING","OWNER_DATA_REQUIRED:BING_AI_PERFORMANCE","OWNER_DATA_REQUIRED:NAVER","OWNER_DATA_REQUIRED:NAVER","OWNER_DATA_REQUIRED:GA4","OWNER_DATA_REQUIRED:GA4","OWNER_DATA_REQUIRED:GA4_NETLIFY","NOT_MEASURED","strong","exact-unique","NO_EXACT_H1_DUPLICATE; GSC_QUERY_DATA_REQUIRED","https://reumlab.com/compare/flutter-vs-react-native/","INDEX / SELF_CANONICAL_STATIC_VERIFIED","RETAIN","정적 품질 신호와 1차 근거가 강함; 성과 데이터로 유지 확인","P2-monitor","SEO owner"
"https://reumlab.com/cost/academy/","cost_landing","industry_cost","예산과 포함 범위를 비교하는 구매 의사결정자","OWNER_DATA_REQUIRED:GSC","OWNER_DATA_REQUIRED:GSC","OWNER_DATA_REQUIRED:GSC","OWNER_DATA_REQUIRED:GSC","OWNER_DATA_REQUIRED:BING","OWNER_DATA_REQUIRED:BING_AI_PERFORMANCE","OWNER_DATA_REQUIRED:NAVER","OWNER_DATA_REQUIRED:NAVER","OWNER_DATA_REQUIRED:GA4","OWNER_DATA_REQUIRED:GA4","OWNER_DATA_REQUIRED:GA4_NETLIFY","NOT_MEASURED","templated-review","exact-unique","NO_EXACT_H1_DUPLICATE; GSC_QUERY_DATA_REQUIRED","https://reumlab.com/cost/agriculture/","INDEX / SELF_CANONICAL_STATIC_VERIFIED","MONITOR","템플릿 유사 가능성은 있으나 검색·전환 데이터 없이 삭제·통합하지 않음","P2-monitor","SEO owner"
"https://reumlab.com/cost/agriculture/","cost_landing","industry_cost","예산과 포함 범위를 비교하는 구매 의사결정자","OWNER_DATA_REQUIRED:GSC","OWNER_DATA_REQUIRED:GSC","OWNER_DATA_REQUIRED:GSC","OWNER_DATA_REQUIRED:GSC","OWNER_DATA_REQUIRED:BING","OWNER_DATA_REQUIRED:BING_AI_PERFORMANCE","OWNER_DATA_REQUIRED:NAVER","OWNER_DATA_REQUIRED:NAVER","OWNER_DATA_REQUIRED:GA4","OWNER_DATA_REQUIRED:GA4","OWNER_DATA_REQUIRED:GA4_NETLIFY","NOT_MEASURED","templated-review","exact-unique","NO_EXACT_H1_DUPLICATE; GSC_QUERY_DATA_REQUIRED","https://reumlab.com/cost/academy/","INDEX / SELF_CANONICAL_STATIC_VERIFIED","MONITOR","템플릿 유사 가능성은 있으나 검색·전환 데이터 없이 삭제·통합하지 않음","P2-monitor","SEO owner"
"https://reumlab.com/cost/animal-hospital/","cost_landing","industry_cost","예산과 포함 범위를 비교하는 구매 의사결정자","OWNER_DATA_REQUIRED:GSC","OWNER_DATA_REQUIRED:GSC","OWNER_DATA_REQUIRED:GSC","OWNER_DATA_REQUIRED:GSC","OWNER_DATA_REQUIRED:BING","OWNER_DATA_REQUIRED:BING_AI_PERFORMANCE","OWNER_DATA_REQUIRED:NAVER","OWNER_DATA_REQUIRED:NAVER","OWNER_DATA_REQUIRED:GA4","OWNER_DATA_REQUIRED:GA4","OWNER_DATA_REQUIRED:GA4_NETLIFY","NOT_MEASURED","templated-review","exact-unique","NO_EXACT_H1_DUPLICATE; GSC_QUERY_DATA_REQUIRED","https://reumlab.com/cost/academy/","INDEX / SELF_CANONICAL_STATIC_VERIFIED","MONITOR","템플릿 유사 가능성은 있으나 검색·전환 데이터 없이 삭제·통합하지 않음","P2-monitor","SEO owner"
"https://reumlab.com/cost/art-academy/","cost_landing","industry_cost","예산과 포함 범위를 비교하는 구매 의사결정자","OWNER_DATA_REQUIRED:GSC","OWNER_DATA_REQUIRED:GSC","OWNER_DATA_REQUIRED:GSC","OWNER_DATA_REQUIRED:GSC","OWNER_DATA_REQUIRED:BING","OWNER_DATA_REQUIRED:BING_AI_PERFORMANCE","OWNER_DATA_REQUIRED:NAVER","OWNER_DATA_REQUIRED:NAVER","OWNER_DATA_REQUIRED:GA4","OWNER_DATA_REQUIRED:GA4","OWNER_DATA_REQUIRED:GA4_NETLIFY","NOT_MEASURED","templated-review","exact-unique","NO_EXACT_H1_DUPLICATE; GSC_QUERY_DATA_REQUIRED","https://reumlab.com/cost/academy/","INDEX / SELF_CANONICAL_STATIC_VERIFIED","MONITOR","템플릿 유사 가능성은 있으나 검색·전환 데이터 없이 삭제·통합하지 않음","P2-monitor","SEO owner"
"https://reumlab.com/cost/b2b-saas/","cost_landing","industry_cost","예산과 포함 범위를 비교하는 구매 의사결정자","OWNER_DATA_REQUIRED:GSC","OWNER_DATA_REQUIRED:GSC","OWNER_DATA_REQUIRED:GSC","OWNER_DATA_REQUIRED:GSC","OWNER_DATA_REQUIRED:BING","OWNER_DATA_REQUIRED:BING_AI_PERFORMANCE","OWNER_DATA_REQUIRED:NAVER","OWNER_DATA_REQUIRED:NAVER","OWNER_DATA_REQUIRED:GA4","OWNER_DATA_REQUIRED:GA4","OWNER_DATA_REQUIRED:GA4_NETLIFY","NOT_MEASURED","templated-review","exact-unique","NO_EXACT_H1_DUPLICATE; GSC_QUERY_DATA_REQUIRED","https://reumlab.com/cost/academy/","INDEX / SELF_CANONICAL_STATIC_VERIFIED","MONITOR","템플릿 유사 가능성은 있으나 검색·전환 데이터 없이 삭제·통합하지 않음","P2-monitor","SEO owner"
"https://reumlab.com/cost/bakery/","cost_landing","industry_cost","예산과 포함 범위를 비교하는 구매 의사결정자","OWNER_DATA_REQUIRED:GSC","OWNER_DATA_REQUIRED:GSC","OWNER_DATA_REQUIRED:GSC","OWNER_DATA_REQUIRED:GSC","OWNER_DATA_REQUIRED:BING","OWNER_DATA_REQUIRED:BING_AI_PERFORMANCE","OWNER_DATA_REQUIRED:NAVER","OWNER_DATA_REQUIRED:NAVER","OWNER_DATA_REQUIRED:GA4","OWNER_DATA_REQUIRED:GA4","OWNER_DATA_REQUIRED:GA4_NETLIFY","NOT_MEASURED","templated-review","exact-unique","NO_EXACT_H1_DUPLICATE; GSC_QUERY_DATA_REQUIRED","https://reumlab.com/cost/academy/","INDEX / SELF_CANONICAL_STATIC_VERIFIED","MONITOR","템플릿 유사 가능성은 있으나 검색·전환 데이터 없이 삭제·통합하지 않음","P2-monitor","SEO owner"
"https://reumlab.com/cost/billiards/","cost_landing","industry_cost","예산과 포함 범위를 비교하는 구매 의사결정자","OWNER_DATA_REQUIRED:GSC","OWNER_DATA_REQUIRED:GSC","OWNER_DATA_REQUIRED:GSC","OWNER_DATA_REQUIRED:GSC","OWNER_DATA_REQUIRED:BING","OWNER_DATA_REQUIRED:BING_AI_PERFORMANCE","OWNER_DATA_REQUIRED:NAVER","OWNER_DATA_REQUIRED:NAVER","OWNER_DATA_REQUIRED:GA4","OWNER_DATA_REQUIRED:GA4","OWNER_DATA_REQUIRED:GA4_NETLIFY","NOT_MEASURED","templated-review","exact-unique","NO_EXACT_H1_DUPLICATE; GSC_QUERY_DATA_REQUIRED","https://reumlab.com/cost/academy/","INDEX / SELF_CANONICAL_STATIC_VERIFIED","MONITOR","템플릿 유사 가능성은 있으나 검색·전환 데이터 없이 삭제·통합하지 않음","P2-monitor","SEO owner"
"https://reumlab.com/cost/booking/","cost_landing","industry_cost","예산과 포함 범위를 비교하는 구매 의사결정자","OWNER_DATA_REQUIRED:GSC","OWNER_DATA_REQUIRED:GSC","OWNER_DATA_REQUIRED:GSC","OWNER_DATA_REQUIRED:GSC","OWNER_DATA_REQUIRED:BING","OWNER_DATA_REQUIRED:BING_AI_PERFORMANCE","OWNER_DATA_REQUIRED:NAVER","OWNER_DATA_REQUIRED:NAVER","OWNER_DATA_REQUIRED:GA4","OWNER_DATA_REQUIRED:GA4","OWNER_DATA_REQUIRED:GA4_NETLIFY","NOT_MEASURED","templated-review","exact-unique","NO_EXACT_H1_DUPLICATE; GSC_QUERY_DATA_REQUIRED","https://reumlab.com/cost/academy/","INDEX / SELF_CANONICAL_STATIC_VERIFIED","MONITOR","템플릿 유사 가능성은 있으나 검색·전환 데이터 없이 삭제·통합하지 않음","P2-monitor","SEO owner"
"https://reumlab.com/cost/bookstore/","cost_landing","industry_cost","예산과 포함 범위를 비교하는 구매 의사결정자","OWNER_DATA_REQUIRED:GSC","OWNER_DATA_REQUIRED:GSC","OWNER_DATA_REQUIRED:GSC","OWNER_DATA_REQUIRED:GSC","OWNER_DATA_REQUIRED:BING","OWNER_DATA_REQUIRED:BING_AI_PERFORMANCE","OWNER_DATA_REQUIRED:NAVER","OWNER_DATA_REQUIRED:NAVER","OWNER_DATA_REQUIRED:GA4","OWNER_DATA_REQUIRED:GA4","OWNER_DATA_REQUIRED:GA4_NETLIFY","NOT_MEASURED","templated-review","exact-unique","NO_EXACT_H1_DUPLICATE; GSC_QUERY_DATA_REQUIRED","https://reumlab.com/cost/academy/","INDEX / SELF_CANONICAL_STATIC_VERIFIED","MONITOR","템플릿 유사 가능성은 있으나 검색·전환 데이터 없이 삭제·통합하지 않음","P2-monitor","SEO owner"
"https://reumlab.com/cost/butcher/","cost_landing","industry_cost","예산과 포함 범위를 비교하는 구매 의사결정자","OWNER_DATA_REQUIRED:GSC","OWNER_DATA_REQUIRED:GSC","OWNER_DATA_REQUIRED:GSC","OWNER_DATA_REQUIRED:GSC","OWNER_DATA_REQUIRED:BING","OWNER_DATA_REQUIRED:BING_AI_PERFORMANCE","OWNER_DATA_REQUIRED:NAVER","OWNER_DATA_REQUIRED:NAVER","OWNER_DATA_REQUIRED:GA4","OWNER_DATA_REQUIRED:GA4","OWNER_DATA_REQUIRED:GA4_NETLIFY","NOT_MEASURED","templated-review","exact-unique","NO_EXACT_H1_DUPLICATE; GSC_QUERY_DATA_REQUIRED","https://reumlab.com/cost/academy/","INDEX / SELF_CANONICAL_STATIC_VERIFIED","MONITOR","템플릿 유사 가능성은 있으나 검색·전환 데이터 없이 삭제·통합하지 않음","P2-monitor","SEO owner"
"https://reumlab.com/cost/cafe/","cost_landing","industry_cost","예산과 포함 범위를 비교하는 구매 의사결정자","OWNER_DATA_REQUIRED:GSC","OWNER_DATA_REQUIRED:GSC","OWNER_DATA_REQUIRED:GSC","OWNER_DATA_REQUIRED:GSC","OWNER_DATA_REQUIRED:BING","OWNER_DATA_REQUIRED:BING_AI_PERFORMANCE","OWNER_DATA_REQUIRED:NAVER","OWNER_DATA_REQUIRED:NAVER","OWNER_DATA_REQUIRED:GA4","OWNER_DATA_REQUIRED:GA4","OWNER_DATA_REQUIRED:GA4_NETLIFY","NOT_MEASURED","templated-review","exact-unique","NO_EXACT_H1_DUPLICATE; GSC_QUERY_DATA_REQUIRED","https://reumlab.com/cost/academy/","INDEX / SELF_CANONICAL_STATIC_VERIFIED","MONITOR","템플릿 유사 가능성은 있으나 검색·전환 데이터 없이 삭제·통합하지 않음","P2-monitor","SEO owner"
"https://reumlab.com/cost/camping/","cost_landing","industry_cost","예산과 포함 범위를 비교하는 구매 의사결정자","OWNER_DATA_REQUIRED:GSC","OWNER_DATA_REQUIRED:GSC","OWNER_DATA_REQUIRED:GSC","OWNER_DATA_REQUIRED:GSC","OWNER_DATA_REQUIRED:BING","OWNER_DATA_REQUIRED:BING_AI_PERFORMANCE","OWNER_DATA_REQUIRED:NAVER","OWNER_DATA_REQUIRED:NAVER","OWNER_DATA_REQUIRED:GA4","OWNER_DATA_REQUIRED:GA4","OWNER_DATA_REQUIRED:GA4_NETLIFY","NOT_MEASURED","templated-review","exact-unique","NO_EXACT_H1_DUPLICATE; GSC_QUERY_DATA_REQUIRED","https://reumlab.com/cost/academy/","INDEX / SELF_CANONICAL_STATIC_VERIFIED","MONITOR","템플릿 유사 가능성은 있으나 검색·전환 데이터 없이 삭제·통합하지 않음","P2-monitor","SEO owner"
"https://reumlab.com/cost/car-repair/","cost_landing","industry_cost","예산과 포함 범위를 비교하는 구매 의사결정자","OWNER_DATA_REQUIRED:GSC","OWNER_DATA_REQUIRED:GSC","OWNER_DATA_REQUIRED:GSC","OWNER_DATA_REQUIRED:GSC","OWNER_DATA_REQUIRED:BING","OWNER_DATA_REQUIRED:BING_AI_PERFORMANCE","OWNER_DATA_REQUIRED:NAVER","OWNER_DATA_REQUIRED:NAVER","OWNER_DATA_REQUIRED:GA4","OWNER_DATA_REQUIRED:GA4","OWNER_DATA_REQUIRED:GA4_NETLIFY","NOT_MEASURED","templated-review","exact-unique","NO_EXACT_H1_DUPLICATE; GSC_QUERY_DATA_REQUIRED","https://reumlab.com/cost/academy/","INDEX / SELF_CANONICAL_STATIC_VERIFIED","MONITOR","템플릿 유사 가능성은 있으나 검색·전환 데이터 없이 삭제·통합하지 않음","P2-monitor","SEO owner"
"https://reumlab.com/cost/car-wash/","cost_landing","industry_cost","예산과 포함 범위를 비교하는 구매 의사결정자","OWNER_DATA_REQUIRED:GSC","OWNER_DATA_REQUIRED:GSC","OWNER_DATA_REQUIRED:GSC","OWNER_DATA_REQUIRED:GSC","OWNER_DATA_REQUIRED:BING","OWNER_DATA_REQUIRED:BING_AI_PERFORMANCE","OWNER_DATA_REQUIRED:NAVER","OWNER_DATA_REQUIRED:NAVER","OWNER_DATA_REQUIRED:GA4","OWNER_DATA_REQUIRED:GA4","OWNER_DATA_REQUIRED:GA4_NETLIFY","NOT_MEASURED","templated-review","exact-unique","NO_EXACT_H1_DUPLICATE; GSC_QUERY_DATA_REQUIRED","https://reumlab.com/cost/academy/","INDEX / SELF_CANONICAL_STATIC_VERIFIED","MONITOR","템플릿 유사 가능성은 있으나 검색·전환 데이터 없이 삭제·통합하지 않음","P2-monitor","SEO owner"
"https://reumlab.com/cost/catering/","cost_landing","industry_cost","예산과 포함 범위를 비교하는 구매 의사결정자","OWNER_DATA_REQUIRED:GSC","OWNER_DATA_REQUIRED:GSC","OWNER_DATA_REQUIRED:GSC","OWNER_DATA_REQUIRED:GSC","OWNER_DATA_REQUIRED:BING","OWNER_DATA_REQUIRED:BING_AI_PERFORMANCE","OWNER_DATA_REQUIRED:NAVER","OWNER_DATA_REQUIRED:NAVER","OWNER_DATA_REQUIRED:GA4","OWNER_DATA_REQUIRED:GA4","OWNER_DATA_REQUIRED:GA4_NETLIFY","NOT_MEASURED","templated-review","exact-unique","NO_EXACT_H1_DUPLICATE; GSC_QUERY_DATA_REQUIRED","https://reumlab.com/cost/academy/","INDEX / SELF_CANONICAL_STATIC_VERIFIED","MONITOR","템플릿 유사 가능성은 있으나 검색·전환 데이터 없이 삭제·통합하지 않음","P2-monitor","SEO owner"
"https://reumlab.com/cost/childcare/","cost_landing","industry_cost","예산과 포함 범위를 비교하는 구매 의사결정자","OWNER_DATA_REQUIRED:GSC","OWNER_DATA_REQUIRED:GSC","OWNER_DATA_REQUIRED:GSC","OWNER_DATA_REQUIRED:GSC","OWNER_DATA_REQUIRED:BING","OWNER_DATA_REQUIRED:BING_AI_PERFORMANCE","OWNER_DATA_REQUIRED:NAVER","OWNER_DATA_REQUIRED:NAVER","OWNER_DATA_REQUIRED:GA4","OWNER_DATA_REQUIRED:GA4","OWNER_DATA_REQUIRED:GA4_NETLIFY","NOT_MEASURED","templated-review","exact-unique","NO_EXACT_H1_DUPLICATE; GSC_QUERY_DATA_REQUIRED","https://reumlab.com/cost/academy/","INDEX / SELF_CANONICAL_STATIC_VERIFIED","MONITOR","템플릿 유사 가능성은 있으나 검색·전환 데이터 없이 삭제·통합하지 않음","P2-monitor","SEO owner"
"https://reumlab.com/cost/church/","cost_landing","industry_cost","예산과 포함 범위를 비교하는 구매 의사결정자","OWNER_DATA_REQUIRED:GSC","OWNER_DATA_REQUIRED:GSC","OWNER_DATA_REQUIRED:GSC","OWNER_DATA_REQUIRED:GSC","OWNER_DATA_REQUIRED:BING","OWNER_DATA_REQUIRED:BING_AI_PERFORMANCE","OWNER_DATA_REQUIRED:NAVER","OWNER_DATA_REQUIRED:NAVER","OWNER_DATA_REQUIRED:GA4","OWNER_DATA_REQUIRED:GA4","OWNER_DATA_REQUIRED:GA4_NETLIFY","NOT_MEASURED","templated-review","exact-unique","NO_EXACT_H1_DUPLICATE; GSC_QUERY_DATA_REQUIRED","https://reumlab.com/cost/academy/","INDEX / SELF_CANONICAL_STATIC_VERIFIED","MONITOR","템플릿 유사 가능성은 있으나 검색·전환 데이터 없이 삭제·통합하지 않음","P2-monitor","SEO owner"
"https://reumlab.com/cost/cleaning/","cost_landing","industry_cost","예산과 포함 범위를 비교하는 구매 의사결정자","OWNER_DATA_REQUIRED:GSC","OWNER_DATA_REQUIRED:GSC","OWNER_DATA_REQUIRED:GSC","OWNER_DATA_REQUIRED:GSC","OWNER_DATA_REQUIRED:BING","OWNER_DATA_REQUIRED:BING_AI_PERFORMANCE","OWNER_DATA_REQUIRED:NAVER","OWNER_DATA_REQUIRED:NAVER","OWNER_DATA_REQUIRED:GA4","OWNER_DATA_REQUIRED:GA4","OWNER_DATA_REQUIRED:GA4_NETLIFY","NOT_MEASURED","templated-review","exact-unique","NO_EXACT_H1_DUPLICATE; GSC_QUERY_DATA_REQUIRED","https://reumlab.com/cost/academy/","INDEX / SELF_CANONICAL_STATIC_VERIFIED","MONITOR","템플릿 유사 가능성은 있으나 검색·전환 데이터 없이 삭제·통합하지 않음","P2-monitor","SEO owner"
"https://reumlab.com/cost/climbing/","cost_landing","industry_cost","예산과 포함 범위를 비교하는 구매 의사결정자","OWNER_DATA_REQUIRED:GSC","OWNER_DATA_REQUIRED:GSC","OWNER_DATA_REQUIRED:GSC","OWNER_DATA_REQUIRED:GSC","OWNER_DATA_REQUIRED:BING","OWNER_DATA_REQUIRED:BING_AI_PERFORMANCE","OWNER_DATA_REQUIRED:NAVER","OWNER_DATA_REQUIRED:NAVER","OWNER_DATA_REQUIRED:GA4","OWNER_DATA_REQUIRED:GA4","OWNER_DATA_REQUIRED:GA4_NETLIFY","NOT_MEASURED","templated-review","exact-unique","NO_EXACT_H1_DUPLICATE; GSC_QUERY_DATA_REQUIRED","https://reumlab.com/cost/academy/","INDEX / SELF_CANONICAL_STATIC_VERIFIED","MONITOR","템플릿 유사 가능성은 있으나 검색·전환 데이터 없이 삭제·통합하지 않음","P2-monitor","SEO owner"
"https://reumlab.com/cost/cloud-kitchen/","cost_landing","industry_cost","예산과 포함 범위를 비교하는 구매 의사결정자","OWNER_DATA_REQUIRED:GSC","OWNER_DATA_REQUIRED:GSC","OWNER_DATA_REQUIRED:GSC","OWNER_DATA_REQUIRED:GSC","OWNER_DATA_REQUIRED:BING","OWNER_DATA_REQUIRED:BING_AI_PERFORMANCE","OWNER_DATA_REQUIRED:NAVER","OWNER_DATA_REQUIRED:NAVER","OWNER_DATA_REQUIRED:GA4","OWNER_DATA_REQUIRED:GA4","OWNER_DATA_REQUIRED:GA4_NETLIFY","NOT_MEASURED","templated-review","exact-unique","NO_EXACT_H1_DUPLICATE; GSC_QUERY_DATA_REQUIRED","https://reumlab.com/cost/academy/","INDEX / SELF_CANONICAL_STATIC_VERIFIED","MONITOR","템플릿 유사 가능성은 있으나 검색·전환 데이터 없이 삭제·통합하지 않음","P2-monitor","SEO owner"
"https://reumlab.com/cost/coin-laundry/","cost_landing","industry_cost","예산과 포함 범위를 비교하는 구매 의사결정자","OWNER_DATA_REQUIRED:GSC","OWNER_DATA_REQUIRED:GSC","OWNER_DATA_REQUIRED:GSC","OWNER_DATA_REQUIRED:GSC","OWNER_DATA_REQUIRED:BING","OWNER_DATA_REQUIRED:BING_AI_PERFORMANCE","OWNER_DATA_REQUIRED:NAVER","OWNER_DATA_REQUIRED:NAVER","OWNER_DATA_REQUIRED:GA4","OWNER_DATA_REQUIRED:GA4","OWNER_DATA_REQUIRED:GA4_NETLIFY","NOT_MEASURED","templated-review","exact-unique","NO_EXACT_H1_DUPLICATE; GSC_QUERY_DATA_REQUIRED","https://reumlab.com/cost/academy/","INDEX / SELF_CANONICAL_STATIC_VERIFIED","MONITOR","템플릿 유사 가능성은 있으나 검색·전환 데이터 없이 삭제·통합하지 않음","P2-monitor","SEO owner"
"https://reumlab.com/cost/community/","cost_landing","industry_cost","예산과 포함 범위를 비교하는 구매 의사결정자","OWNER_DATA_REQUIRED:GSC","OWNER_DATA_REQUIRED:GSC","OWNER_DATA_REQUIRED:GSC","OWNER_DATA_REQUIRED:GSC","OWNER_DATA_REQUIRED:BING","OWNER_DATA_REQUIRED:BING_AI_PERFORMANCE","OWNER_DATA_REQUIRED:NAVER","OWNER_DATA_REQUIRED:NAVER","OWNER_DATA_REQUIRED:GA4","OWNER_DATA_REQUIRED:GA4","OWNER_DATA_REQUIRED:GA4_NETLIFY","NOT_MEASURED","templated-review","exact-unique","NO_EXACT_H1_DUPLICATE; GSC_QUERY_DATA_REQUIRED","https://reumlab.com/cost/academy/","INDEX / SELF_CANONICAL_STATIC_VERIFIED","MONITOR","템플릿 유사 가능성은 있으나 검색·전환 데이터 없이 삭제·통합하지 않음","P2-monitor","SEO owner"
"https://reumlab.com/cost/construction/","cost_landing","industry_cost","예산과 포함 범위를 비교하는 구매 의사결정자","OWNER_DATA_REQUIRED:GSC","OWNER_DATA_REQUIRED:GSC","OWNER_DATA_REQUIRED:GSC","OWNER_DATA_REQUIRED:GSC","OWNER_DATA_REQUIRED:BING","OWNER_DATA_REQUIRED:BING_AI_PERFORMANCE","OWNER_DATA_REQUIRED:NAVER","OWNER_DATA_REQUIRED:NAVER","OWNER_DATA_REQUIRED:GA4","OWNER_DATA_REQUIRED:GA4","OWNER_DATA_REQUIRED:GA4_NETLIFY","NOT_MEASURED","templated-review","exact-unique","NO_EXACT_H1_DUPLICATE; GSC_QUERY_DATA_REQUIRED","https://reumlab.com/cost/academy/","INDEX / SELF_CANONICAL_STATIC_VERIFIED","MONITOR","템플릿 유사 가능성은 있으나 검색·전환 데이터 없이 삭제·통합하지 않음","P2-monitor","SEO owner"
"https://reumlab.com/cost/cooking-class/","cost_landing","industry_cost","예산과 포함 범위를 비교하는 구매 의사결정자","OWNER_DATA_REQUIRED:GSC","OWNER_DATA_REQUIRED:GSC","OWNER_DATA_REQUIRED:GSC","OWNER_DATA_REQUIRED:GSC","OWNER_DATA_REQUIRED:BING","OWNER_DATA_REQUIRED:BING_AI_PERFORMANCE","OWNER_DATA_REQUIRED:NAVER","OWNER_DATA_REQUIRED:NAVER","OWNER_DATA_REQUIRED:GA4","OWNER_DATA_REQUIRED:GA4","OWNER_DATA_REQUIRED:GA4_NETLIFY","NOT_MEASURED","templated-review","exact-unique","NO_EXACT_H1_DUPLICATE; GSC_QUERY_DATA_REQUIRED","https://reumlab.com/cost/academy/","INDEX / SELF_CANONICAL_STATIC_VERIFIED","MONITOR","템플릿 유사 가능성은 있으나 검색·전환 데이터 없이 삭제·통합하지 않음","P2-monitor","SEO owner"
"https://reumlab.com/cost/coworking/","cost_landing","industry_cost","예산과 포함 범위를 비교하는 구매 의사결정자","OWNER_DATA_REQUIRED:GSC","OWNER_DATA_REQUIRED:GSC","OWNER_DATA_REQUIRED:GSC","OWNER_DATA_REQUIRED:GSC","OWNER_DATA_REQUIRED:BING","OWNER_DATA_REQUIRED:BING_AI_PERFORMANCE","OWNER_DATA_REQUIRED:NAVER","OWNER_DATA_REQUIRED:NAVER","OWNER_DATA_REQUIRED:GA4","OWNER_DATA_REQUIRED:GA4","OWNER_DATA_REQUIRED:GA4_NETLIFY","NOT_MEASURED","templated-review","exact-unique","NO_EXACT_H1_DUPLICATE; GSC_QUERY_DATA_REQUIRED","https://reumlab.com/cost/academy/","INDEX / SELF_CANONICAL_STATIC_VERIFIED","MONITOR","템플릿 유사 가능성은 있으나 검색·전환 데이터 없이 삭제·통합하지 않음","P2-monitor","SEO owner"
"https://reumlab.com/cost/creator/","cost_landing","industry_cost","예산과 포함 범위를 비교하는 구매 의사결정자","OWNER_DATA_REQUIRED:GSC","OWNER_DATA_REQUIRED:GSC","OWNER_DATA_REQUIRED:GSC","OWNER_DATA_REQUIRED:GSC","OWNER_DATA_REQUIRED:BING","OWNER_DATA_REQUIRED:BING_AI_PERFORMANCE","OWNER_DATA_REQUIRED:NAVER","OWNER_DATA_REQUIRED:NAVER","OWNER_DATA_REQUIRED:GA4","OWNER_DATA_REQUIRED:GA4","OWNER_DATA_REQUIRED:GA4_NETLIFY","NOT_MEASURED","templated-review","exact-unique","NO_EXACT_H1_DUPLICATE; GSC_QUERY_DATA_REQUIRED","https://reumlab.com/cost/academy/","INDEX / SELF_CANONICAL_STATIC_VERIFIED","MONITOR","템플릿 유사 가능성은 있으나 검색·전환 데이터 없이 삭제·통합하지 않음","P2-monitor","SEO owner"
"https://reumlab.com/cost/dance-academy/","cost_landing","industry_cost","예산과 포함 범위를 비교하는 구매 의사결정자","OWNER_DATA_REQUIRED:GSC","OWNER_DATA_REQUIRED:GSC","OWNER_DATA_REQUIRED:GSC","OWNER_DATA_REQUIRED:GSC","OWNER_DATA_REQUIRED:BING","OWNER_DATA_REQUIRED:BING_AI_PERFORMANCE","OWNER_DATA_REQUIRED:NAVER","OWNER_DATA_REQUIRED:NAVER","OWNER_DATA_REQUIRED:GA4","OWNER_DATA_REQUIRED:GA4","OWNER_DATA_REQUIRED:GA4_NETLIFY","NOT_MEASURED","templated-review","exact-unique","NO_EXACT_H1_DUPLICATE; GSC_QUERY_DATA_REQUIRED","https://reumlab.com/cost/academy/","INDEX / SELF_CANONICAL_STATIC_VERIFIED","MONITOR","템플릿 유사 가능성은 있으나 검색·전환 데이터 없이 삭제·통합하지 않음","P2-monitor","SEO owner"
"https://reumlab.com/cost/delivery/","cost_landing","industry_cost","예산과 포함 범위를 비교하는 구매 의사결정자","OWNER_DATA_REQUIRED:GSC","OWNER_DATA_REQUIRED:GSC","OWNER_DATA_REQUIRED:GSC","OWNER_DATA_REQUIRED:GSC","OWNER_DATA_REQUIRED:BING","OWNER_DATA_REQUIRED:BING_AI_PERFORMANCE","OWNER_DATA_REQUIRED:NAVER","OWNER_DATA_REQUIRED:NAVER","OWNER_DATA_REQUIRED:GA4","OWNER_DATA_REQUIRED:GA4","OWNER_DATA_REQUIRED:GA4_NETLIFY","NOT_MEASURED","templated-review","exact-unique","NO_EXACT_H1_DUPLICATE; GSC_QUERY_DATA_REQUIRED","https://reumlab.com/cost/academy/","INDEX / SELF_CANONICAL_STATIC_VERIFIED","MONITOR","템플릿 유사 가능성은 있으나 검색·전환 데이터 없이 삭제·통합하지 않음","P2-monitor","SEO owner"
"https://reumlab.com/cost/dental/","cost_landing","industry_cost","예산과 포함 범위를 비교하는 구매 의사결정자","OWNER_DATA_REQUIRED:GSC","OWNER_DATA_REQUIRED:GSC","OWNER_DATA_REQUIRED:GSC","OWNER_DATA_REQUIRED:GSC","OWNER_DATA_REQUIRED:BING","OWNER_DATA_REQUIRED:BING_AI_PERFORMANCE","OWNER_DATA_REQUIRED:NAVER","OWNER_DATA_REQUIRED:NAVER","OWNER_DATA_REQUIRED:GA4","OWNER_DATA_REQUIRED:GA4","OWNER_DATA_REQUIRED:GA4_NETLIFY","NOT_MEASURED","templated-review","exact-unique","NO_EXACT_H1_DUPLICATE; GSC_QUERY_DATA_REQUIRED","https://reumlab.com/cost/academy/","INDEX / SELF_CANONICAL_STATIC_VERIFIED","MONITOR","템플릿 유사 가능성은 있으나 검색·전환 데이터 없이 삭제·통합하지 않음","P2-monitor","SEO owner"
"https://reumlab.com/cost/driving-school/","cost_landing","industry_cost","예산과 포함 범위를 비교하는 구매 의사결정자","OWNER_DATA_REQUIRED:GSC","OWNER_DATA_REQUIRED:GSC","OWNER_DATA_REQUIRED:GSC","OWNER_DATA_REQUIRED:GSC","OWNER_DATA_REQUIRED:BING","OWNER_DATA_REQUIRED:BING_AI_PERFORMANCE","OWNER_DATA_REQUIRED:NAVER","OWNER_DATA_REQUIRED:NAVER","OWNER_DATA_REQUIRED:GA4","OWNER_DATA_REQUIRED:GA4","OWNER_DATA_REQUIRED:GA4_NETLIFY","NOT_MEASURED","templated-review","exact-unique","NO_EXACT_H1_DUPLICATE; GSC_QUERY_DATA_REQUIRED","https://reumlab.com/cost/academy/","INDEX / SELF_CANONICAL_STATIC_VERIFIED","MONITOR","템플릿 유사 가능성은 있으나 검색·전환 데이터 없이 삭제·통합하지 않음","P2-monitor","SEO owner"
"https://reumlab.com/cost/english-academy/","cost_landing","industry_cost","예산과 포함 범위를 비교하는 구매 의사결정자","OWNER_DATA_REQUIRED:GSC","OWNER_DATA_REQUIRED:GSC","OWNER_DATA_REQUIRED:GSC","OWNER_DATA_REQUIRED:GSC","OWNER_DATA_REQUIRED:BING","OWNER_DATA_REQUIRED:BING_AI_PERFORMANCE","OWNER_DATA_REQUIRED:NAVER","OWNER_DATA_REQUIRED:NAVER","OWNER_DATA_REQUIRED:GA4","OWNER_DATA_REQUIRED:GA4","OWNER_DATA_REQUIRED:GA4_NETLIFY","NOT_MEASURED","templated-review","exact-unique","NO_EXACT_H1_DUPLICATE; GSC_QUERY_DATA_REQUIRED","https://reumlab.com/cost/academy/","INDEX / SELF_CANONICAL_STATIC_VERIFIED","MONITOR","템플릿 유사 가능성은 있으나 검색·전환 데이터 없이 삭제·통합하지 않음","P2-monitor","SEO owner"
"https://reumlab.com/cost/esthetic/","cost_landing","industry_cost","예산과 포함 범위를 비교하는 구매 의사결정자","OWNER_DATA_REQUIRED:GSC","OWNER_DATA_REQUIRED:GSC","OWNER_DATA_REQUIRED:GSC","OWNER_DATA_REQUIRED:GSC","OWNER_DATA_REQUIRED:BING","OWNER_DATA_REQUIRED:BING_AI_PERFORMANCE","OWNER_DATA_REQUIRED:NAVER","OWNER_DATA_REQUIRED:NAVER","OWNER_DATA_REQUIRED:GA4","OWNER_DATA_REQUIRED:GA4","OWNER_DATA_REQUIRED:GA4_NETLIFY","NOT_MEASURED","templated-review","exact-unique","NO_EXACT_H1_DUPLICATE; GSC_QUERY_DATA_REQUIRED","https://reumlab.com/cost/academy/","INDEX / SELF_CANONICAL_STATIC_VERIFIED","MONITOR","템플릿 유사 가능성은 있으나 검색·전환 데이터 없이 삭제·통합하지 않음","P2-monitor","SEO owner"
"https://reumlab.com/cost/event-agency/","cost_landing","industry_cost","예산과 포함 범위를 비교하는 구매 의사결정자","OWNER_DATA_REQUIRED:GSC","OWNER_DATA_REQUIRED:GSC","OWNER_DATA_REQUIRED:GSC","OWNER_DATA_REQUIRED:GSC","OWNER_DATA_REQUIRED:BING","OWNER_DATA_REQUIRED:BING_AI_PERFORMANCE","OWNER_DATA_REQUIRED:NAVER","OWNER_DATA_REQUIRED:NAVER","OWNER_DATA_REQUIRED:GA4","OWNER_DATA_REQUIRED:GA4","OWNER_DATA_REQUIRED:GA4_NETLIFY","NOT_MEASURED","templated-review","exact-unique","NO_EXACT_H1_DUPLICATE; GSC_QUERY_DATA_REQUIRED","https://reumlab.com/cost/academy/","INDEX / SELF_CANONICAL_STATIC_VERIFIED","MONITOR","템플릿 유사 가능성은 있으나 검색·전환 데이터 없이 삭제·통합하지 않음","P2-monitor","SEO owner"
"https://reumlab.com/cost/fishing/","cost_landing","industry_cost","예산과 포함 범위를 비교하는 구매 의사결정자","OWNER_DATA_REQUIRED:GSC","OWNER_DATA_REQUIRED:GSC","OWNER_DATA_REQUIRED:GSC","OWNER_DATA_REQUIRED:GSC","OWNER_DATA_REQUIRED:BING","OWNER_DATA_REQUIRED:BING_AI_PERFORMANCE","OWNER_DATA_REQUIRED:NAVER","OWNER_DATA_REQUIRED:NAVER","OWNER_DATA_REQUIRED:GA4","OWNER_DATA_REQUIRED:GA4","OWNER_DATA_REQUIRED:GA4_NETLIFY","NOT_MEASURED","templated-review","exact-unique","NO_EXACT_H1_DUPLICATE; GSC_QUERY_DATA_REQUIRED","https://reumlab.com/cost/academy/","INDEX / SELF_CANONICAL_STATIC_VERIFIED","MONITOR","템플릿 유사 가능성은 있으나 검색·전환 데이터 없이 삭제·통합하지 않음","P2-monitor","SEO owner"
"https://reumlab.com/cost/fitness/","cost_landing","industry_cost","예산과 포함 범위를 비교하는 구매 의사결정자","OWNER_DATA_REQUIRED:GSC","OWNER_DATA_REQUIRED:GSC","OWNER_DATA_REQUIRED:GSC","OWNER_DATA_REQUIRED:GSC","OWNER_DATA_REQUIRED:BING","OWNER_DATA_REQUIRED:BING_AI_PERFORMANCE","OWNER_DATA_REQUIRED:NAVER","OWNER_DATA_REQUIRED:NAVER","OWNER_DATA_REQUIRED:GA4","OWNER_DATA_REQUIRED:GA4","OWNER_DATA_REQUIRED:GA4_NETLIFY","NOT_MEASURED","templated-review","exact-unique","NO_EXACT_H1_DUPLICATE; GSC_QUERY_DATA_REQUIRED","https://reumlab.com/cost/academy/","INDEX / SELF_CANONICAL_STATIC_VERIFIED","MONITOR","템플릿 유사 가능성은 있으나 검색·전환 데이터 없이 삭제·통합하지 않음","P2-monitor","SEO owner"
"https://reumlab.com/cost/flower/","cost_landing","industry_cost","예산과 포함 범위를 비교하는 구매 의사결정자","OWNER_DATA_REQUIRED:GSC","OWNER_DATA_REQUIRED:GSC","OWNER_DATA_REQUIRED:GSC","OWNER_DATA_REQUIRED:GSC","OWNER_DATA_REQUIRED:BING","OWNER_DATA_REQUIRED:BING_AI_PERFORMANCE","OWNER_DATA_REQUIRED:NAVER","OWNER_DATA_REQUIRED:NAVER","OWNER_DATA_REQUIRED:GA4","OWNER_DATA_REQUIRED:GA4","OWNER_DATA_REQUIRED:GA4_NETLIFY","NOT_MEASURED","templated-review","exact-unique","NO_EXACT_H1_DUPLICATE; GSC_QUERY_DATA_REQUIRED","https://reumlab.com/cost/academy/","INDEX / SELF_CANONICAL_STATIC_VERIFIED","MONITOR","템플릿 유사 가능성은 있으나 검색·전환 데이터 없이 삭제·통합하지 않음","P2-monitor","SEO owner"
"https://reumlab.com/cost/foodtech/","cost_landing","industry_cost","예산과 포함 범위를 비교하는 구매 의사결정자","OWNER_DATA_REQUIRED:GSC","OWNER_DATA_REQUIRED:GSC","OWNER_DATA_REQUIRED:GSC","OWNER_DATA_REQUIRED:GSC","OWNER_DATA_REQUIRED:BING","OWNER_DATA_REQUIRED:BING_AI_PERFORMANCE","OWNER_DATA_REQUIRED:NAVER","OWNER_DATA_REQUIRED:NAVER","OWNER_DATA_REQUIRED:GA4","OWNER_DATA_REQUIRED:GA4","OWNER_DATA_REQUIRED:GA4_NETLIFY","NOT_MEASURED","templated-review","exact-unique","NO_EXACT_H1_DUPLICATE; GSC_QUERY_DATA_REQUIRED","https://reumlab.com/cost/academy/","INDEX / SELF_CANONICAL_STATIC_VERIFIED","MONITOR","템플릿 유사 가능성은 있으나 검색·전환 데이터 없이 삭제·통합하지 않음","P2-monitor","SEO owner"
"https://reumlab.com/cost/franchise/","cost_landing","industry_cost","예산과 포함 범위를 비교하는 구매 의사결정자","OWNER_DATA_REQUIRED:GSC","OWNER_DATA_REQUIRED:GSC","OWNER_DATA_REQUIRED:GSC","OWNER_DATA_REQUIRED:GSC","OWNER_DATA_REQUIRED:BING","OWNER_DATA_REQUIRED:BING_AI_PERFORMANCE","OWNER_DATA_REQUIRED:NAVER","OWNER_DATA_REQUIRED:NAVER","OWNER_DATA_REQUIRED:GA4","OWNER_DATA_REQUIRED:GA4","OWNER_DATA_REQUIRED:GA4_NETLIFY","NOT_MEASURED","templated-review","exact-unique","NO_EXACT_H1_DUPLICATE; GSC_QUERY_DATA_REQUIRED","https://reumlab.com/cost/academy/","INDEX / SELF_CANONICAL_STATIC_VERIFIED","MONITOR","템플릿 유사 가능성은 있으나 검색·전환 데이터 없이 삭제·통합하지 않음","P2-monitor","SEO owner"
"https://reumlab.com/cost/funeral/","cost_landing","industry_cost","예산과 포함 범위를 비교하는 구매 의사결정자","OWNER_DATA_REQUIRED:GSC","OWNER_DATA_REQUIRED:GSC","OWNER_DATA_REQUIRED:GSC","OWNER_DATA_REQUIRED:GSC","OWNER_DATA_REQUIRED:BING","OWNER_DATA_REQUIRED:BING_AI_PERFORMANCE","OWNER_DATA_REQUIRED:NAVER","OWNER_DATA_REQUIRED:NAVER","OWNER_DATA_REQUIRED:GA4","OWNER_DATA_REQUIRED:GA4","OWNER_DATA_REQUIRED:GA4_NETLIFY","NOT_MEASURED","templated-review","exact-unique","NO_EXACT_H1_DUPLICATE; GSC_QUERY_DATA_REQUIRED","https://reumlab.com/cost/academy/","INDEX / SELF_CANONICAL_STATIC_VERIFIED","MONITOR","템플릿 유사 가능성은 있으나 검색·전환 데이터 없이 삭제·통합하지 않음","P2-monitor","SEO owner"
"https://reumlab.com/cost/furniture/","cost_landing","industry_cost","예산과 포함 범위를 비교하는 구매 의사결정자","OWNER_DATA_REQUIRED:GSC","OWNER_DATA_REQUIRED:GSC","OWNER_DATA_REQUIRED:GSC","OWNER_DATA_REQUIRED:GSC","OWNER_DATA_REQUIRED:BING","OWNER_DATA_REQUIRED:BING_AI_PERFORMANCE","OWNER_DATA_REQUIRED:NAVER","OWNER_DATA_REQUIRED:NAVER","OWNER_DATA_REQUIRED:GA4","OWNER_DATA_REQUIRED:GA4","OWNER_DATA_REQUIRED:GA4_NETLIFY","NOT_MEASURED","templated-review","exact-unique","NO_EXACT_H1_DUPLICATE; GSC_QUERY_DATA_REQUIRED","https://reumlab.com/cost/academy/","INDEX / SELF_CANONICAL_STATIC_VERIFIED","MONITOR","템플릿 유사 가능성은 있으나 검색·전환 데이터 없이 삭제·통합하지 않음","P2-monitor","SEO owner"
"https://reumlab.com/cost/game-studio/","cost_landing","industry_cost","예산과 포함 범위를 비교하는 구매 의사결정자","OWNER_DATA_REQUIRED:GSC","OWNER_DATA_REQUIRED:GSC","OWNER_DATA_REQUIRED:GSC","OWNER_DATA_REQUIRED:GSC","OWNER_DATA_REQUIRED:BING","OWNER_DATA_REQUIRED:BING_AI_PERFORMANCE","OWNER_DATA_REQUIRED:NAVER","OWNER_DATA_REQUIRED:NAVER","OWNER_DATA_REQUIRED:GA4","OWNER_DATA_REQUIRED:GA4","OWNER_DATA_REQUIRED:GA4_NETLIFY","NOT_MEASURED","templated-review","exact-unique","NO_EXACT_H1_DUPLICATE; GSC_QUERY_DATA_REQUIRED","https://reumlab.com/cost/academy/","INDEX / SELF_CANONICAL_STATIC_VERIFIED","MONITOR","템플릿 유사 가능성은 있으나 검색·전환 데이터 없이 삭제·통합하지 않음","P2-monitor","SEO owner"
"https://reumlab.com/cost/golf/","cost_landing","industry_cost","예산과 포함 범위를 비교하는 구매 의사결정자","OWNER_DATA_REQUIRED:GSC","OWNER_DATA_REQUIRED:GSC","OWNER_DATA_REQUIRED:GSC","OWNER_DATA_REQUIRED:GSC","OWNER_DATA_REQUIRED:BING","OWNER_DATA_REQUIRED:BING_AI_PERFORMANCE","OWNER_DATA_REQUIRED:NAVER","OWNER_DATA_REQUIRED:NAVER","OWNER_DATA_REQUIRED:GA4","OWNER_DATA_REQUIRED:GA4","OWNER_DATA_REQUIRED:GA4_NETLIFY","NOT_MEASURED","templated-review","exact-unique","NO_EXACT_H1_DUPLICATE; GSC_QUERY_DATA_REQUIRED","https://reumlab.com/cost/academy/","INDEX / SELF_CANONICAL_STATIC_VERIFIED","MONITOR","템플릿 유사 가능성은 있으나 검색·전환 데이터 없이 삭제·통합하지 않음","P2-monitor","SEO owner"
"https://reumlab.com/cost/golf-range/","cost_landing","industry_cost","예산과 포함 범위를 비교하는 구매 의사결정자","OWNER_DATA_REQUIRED:GSC","OWNER_DATA_REQUIRED:GSC","OWNER_DATA_REQUIRED:GSC","OWNER_DATA_REQUIRED:GSC","OWNER_DATA_REQUIRED:BING","OWNER_DATA_REQUIRED:BING_AI_PERFORMANCE","OWNER_DATA_REQUIRED:NAVER","OWNER_DATA_REQUIRED:NAVER","OWNER_DATA_REQUIRED:GA4","OWNER_DATA_REQUIRED:GA4","OWNER_DATA_REQUIRED:GA4_NETLIFY","NOT_MEASURED","templated-review","exact-unique","NO_EXACT_H1_DUPLICATE; GSC_QUERY_DATA_REQUIRED","https://reumlab.com/cost/academy/","INDEX / SELF_CANONICAL_STATIC_VERIFIED","MONITOR","템플릿 유사 가능성은 있으나 검색·전환 데이터 없이 삭제·통합하지 않음","P2-monitor","SEO owner"
"https://reumlab.com/cost/grocery/","cost_landing","industry_cost","예산과 포함 범위를 비교하는 구매 의사결정자","OWNER_DATA_REQUIRED:GSC","OWNER_DATA_REQUIRED:GSC","OWNER_DATA_REQUIRED:GSC","OWNER_DATA_REQUIRED:GSC","OWNER_DATA_REQUIRED:BING","OWNER_DATA_REQUIRED:BING_AI_PERFORMANCE","OWNER_DATA_REQUIRED:NAVER","OWNER_DATA_REQUIRED:NAVER","OWNER_DATA_REQUIRED:GA4","OWNER_DATA_REQUIRED:GA4","OWNER_DATA_REQUIRED:GA4_NETLIFY","NOT_MEASURED","templated-review","exact-unique","NO_EXACT_H1_DUPLICATE; GSC_QUERY_DATA_REQUIRED","https://reumlab.com/cost/academy/","INDEX / SELF_CANONICAL_STATIC_VERIFIED","MONITOR","템플릿 유사 가능성은 있으나 검색·전환 데이터 없이 삭제·통합하지 않음","P2-monitor","SEO owner"
"https://reumlab.com/cost/hair-salon/","cost_landing","industry_cost","예산과 포함 범위를 비교하는 구매 의사결정자","OWNER_DATA_REQUIRED:GSC","OWNER_DATA_REQUIRED:GSC","OWNER_DATA_REQUIRED:GSC","OWNER_DATA_REQUIRED:GSC","OWNER_DATA_REQUIRED:BING","OWNER_DATA_REQUIRED:BING_AI_PERFORMANCE","OWNER_DATA_REQUIRED:NAVER","OWNER_DATA_REQUIRED:NAVER","OWNER_DATA_REQUIRED:GA4","OWNER_DATA_REQUIRED:GA4","OWNER_DATA_REQUIRED:GA4_NETLIFY","NOT_MEASURED","templated-review","exact-unique","NO_EXACT_H1_DUPLICATE; GSC_QUERY_DATA_REQUIRED","https://reumlab.com/cost/academy/","INDEX / SELF_CANONICAL_STATIC_VERIFIED","MONITOR","템플릿 유사 가능성은 있으나 검색·전환 데이터 없이 삭제·통합하지 않음","P2-monitor","SEO owner"
"https://reumlab.com/cost/hospital/","cost_landing","industry_cost","예산과 포함 범위를 비교하는 구매 의사결정자","OWNER_DATA_REQUIRED:GSC","OWNER_DATA_REQUIRED:GSC","OWNER_DATA_REQUIRED:GSC","OWNER_DATA_REQUIRED:GSC","OWNER_DATA_REQUIRED:BING","OWNER_DATA_REQUIRED:BING_AI_PERFORMANCE","OWNER_DATA_REQUIRED:NAVER","OWNER_DATA_REQUIRED:NAVER","OWNER_DATA_REQUIRED:GA4","OWNER_DATA_REQUIRED:GA4","OWNER_DATA_REQUIRED:GA4_NETLIFY","NOT_MEASURED","templated-review","exact-unique","NO_EXACT_H1_DUPLICATE; GSC_QUERY_DATA_REQUIRED","https://reumlab.com/cost/academy/","INDEX / SELF_CANONICAL_STATIC_VERIFIED","MONITOR","템플릿 유사 가능성은 있으나 검색·전환 데이터 없이 삭제·통합하지 않음","P2-monitor","SEO owner"
"https://reumlab.com/cost/","cost_landing","service_or_hub","예산과 포함 범위를 비교하는 구매 의사결정자","OWNER_DATA_REQUIRED:GSC","OWNER_DATA_REQUIRED:GSC","OWNER_DATA_REQUIRED:GSC","OWNER_DATA_REQUIRED:GSC","OWNER_DATA_REQUIRED:BING","OWNER_DATA_REQUIRED:BING_AI_PERFORMANCE","OWNER_DATA_REQUIRED:NAVER","OWNER_DATA_REQUIRED:NAVER","OWNER_DATA_REQUIRED:GA4","OWNER_DATA_REQUIRED:GA4","OWNER_DATA_REQUIRED:GA4_NETLIFY","NOT_MEASURED","moderate","exact-unique","NO_EXACT_H1_DUPLICATE; GSC_QUERY_DATA_REQUIRED","https://reumlab.com/academy-shopping-mall/","INDEX / SELF_CANONICAL_STATIC_VERIFIED","IMPROVE","핵심 의도와 기술 품질은 유효하나 인용 가능한 1차 근거 보강 여지 있음","P1","content+SEO"
"https://reumlab.com/cost/insurance/","cost_landing","industry_cost","예산과 포함 범위를 비교하는 구매 의사결정자","OWNER_DATA_REQUIRED:GSC","OWNER_DATA_REQUIRED:GSC","OWNER_DATA_REQUIRED:GSC","OWNER_DATA_REQUIRED:GSC","OWNER_DATA_REQUIRED:BING","OWNER_DATA_REQUIRED:BING_AI_PERFORMANCE","OWNER_DATA_REQUIRED:NAVER","OWNER_DATA_REQUIRED:NAVER","OWNER_DATA_REQUIRED:GA4","OWNER_DATA_REQUIRED:GA4","OWNER_DATA_REQUIRED:GA4_NETLIFY","NOT_MEASURED","templated-review","exact-unique","NO_EXACT_H1_DUPLICATE; GSC_QUERY_DATA_REQUIRED","https://reumlab.com/cost/academy/","INDEX / SELF_CANONICAL_STATIC_VERIFIED","MONITOR","템플릿 유사 가능성은 있으나 검색·전환 데이터 없이 삭제·통합하지 않음","P2-monitor","SEO owner"
"https://reumlab.com/cost/interior/","cost_landing","industry_cost","예산과 포함 범위를 비교하는 구매 의사결정자","OWNER_DATA_REQUIRED:GSC","OWNER_DATA_REQUIRED:GSC","OWNER_DATA_REQUIRED:GSC","OWNER_DATA_REQUIRED:GSC","OWNER_DATA_REQUIRED:BING","OWNER_DATA_REQUIRED:BING_AI_PERFORMANCE","OWNER_DATA_REQUIRED:NAVER","OWNER_DATA_REQUIRED:NAVER","OWNER_DATA_REQUIRED:GA4","OWNER_DATA_REQUIRED:GA4","OWNER_DATA_REQUIRED:GA4_NETLIFY","NOT_MEASURED","templated-review","exact-unique","NO_EXACT_H1_DUPLICATE; GSC_QUERY_DATA_REQUIRED","https://reumlab.com/cost/academy/","INDEX / SELF_CANONICAL_STATIC_VERIFIED","MONITOR","템플릿 유사 가능성은 있으나 검색·전환 데이터 없이 삭제·통합하지 않음","P2-monitor","SEO owner"
"https://reumlab.com/cost/kids-cafe/","cost_landing","industry_cost","예산과 포함 범위를 비교하는 구매 의사결정자","OWNER_DATA_REQUIRED:GSC","OWNER_DATA_REQUIRED:GSC","OWNER_DATA_REQUIRED:GSC","OWNER_DATA_REQUIRED:GSC","OWNER_DATA_REQUIRED:BING","OWNER_DATA_REQUIRED:BING_AI_PERFORMANCE","OWNER_DATA_REQUIRED:NAVER","OWNER_DATA_REQUIRED:NAVER","OWNER_DATA_REQUIRED:GA4","OWNER_DATA_REQUIRED:GA4","OWNER_DATA_REQUIRED:GA4_NETLIFY","NOT_MEASURED","templated-review","exact-unique","NO_EXACT_H1_DUPLICATE; GSC_QUERY_DATA_REQUIRED","https://reumlab.com/cost/academy/","INDEX / SELF_CANONICAL_STATIC_VERIFIED","MONITOR","템플릿 유사 가능성은 있으나 검색·전환 데이터 없이 삭제·통합하지 않음","P2-monitor","SEO owner"
"https://reumlab.com/cost/labor-hr/","cost_landing","industry_cost","예산과 포함 범위를 비교하는 구매 의사결정자","OWNER_DATA_REQUIRED:GSC","OWNER_DATA_REQUIRED:GSC","OWNER_DATA_REQUIRED:GSC","OWNER_DATA_REQUIRED:GSC","OWNER_DATA_REQUIRED:BING","OWNER_DATA_REQUIRED:BING_AI_PERFORMANCE","OWNER_DATA_REQUIRED:NAVER","OWNER_DATA_REQUIRED:NAVER","OWNER_DATA_REQUIRED:GA4","OWNER_DATA_REQUIRED:GA4","OWNER_DATA_REQUIRED:GA4_NETLIFY","NOT_MEASURED","templated-review","exact-unique","NO_EXACT_H1_DUPLICATE; GSC_QUERY_DATA_REQUIRED","https://reumlab.com/cost/academy/","INDEX / SELF_CANONICAL_STATIC_VERIFIED","MONITOR","템플릿 유사 가능성은 있으나 검색·전환 데이터 없이 삭제·통합하지 않음","P2-monitor","SEO owner"
"https://reumlab.com/cost/laundry/","cost_landing","industry_cost","예산과 포함 범위를 비교하는 구매 의사결정자","OWNER_DATA_REQUIRED:GSC","OWNER_DATA_REQUIRED:GSC","OWNER_DATA_REQUIRED:GSC","OWNER_DATA_REQUIRED:GSC","OWNER_DATA_REQUIRED:BING","OWNER_DATA_REQUIRED:BING_AI_PERFORMANCE","OWNER_DATA_REQUIRED:NAVER","OWNER_DATA_REQUIRED:NAVER","OWNER_DATA_REQUIRED:GA4","OWNER_DATA_REQUIRED:GA4","OWNER_DATA_REQUIRED:GA4_NETLIFY","NOT_MEASURED","templated-review","exact-unique","NO_EXACT_H1_DUPLICATE; GSC_QUERY_DATA_REQUIRED","https://reumlab.com/cost/academy/","INDEX / SELF_CANONICAL_STATIC_VERIFIED","MONITOR","템플릿 유사 가능성은 있으나 검색·전환 데이터 없이 삭제·통합하지 않음","P2-monitor","SEO owner"
"https://reumlab.com/cost/law-firm/","cost_landing","industry_cost","예산과 포함 범위를 비교하는 구매 의사결정자","OWNER_DATA_REQUIRED:GSC","OWNER_DATA_REQUIRED:GSC","OWNER_DATA_REQUIRED:GSC","OWNER_DATA_REQUIRED:GSC","OWNER_DATA_REQUIRED:BING","OWNER_DATA_REQUIRED:BING_AI_PERFORMANCE","OWNER_DATA_REQUIRED:NAVER","OWNER_DATA_REQUIRED:NAVER","OWNER_DATA_REQUIRED:GA4","OWNER_DATA_REQUIRED:GA4","OWNER_DATA_REQUIRED:GA4_NETLIFY","NOT_MEASURED","templated-review","exact-unique","NO_EXACT_H1_DUPLICATE; GSC_QUERY_DATA_REQUIRED","https://reumlab.com/cost/academy/","INDEX / SELF_CANONICAL_STATIC_VERIFIED","MONITOR","템플릿 유사 가능성은 있으나 검색·전환 데이터 없이 삭제·통합하지 않음","P2-monitor","SEO owner"
"https://reumlab.com/cost/liquor-shop/","cost_landing","industry_cost","예산과 포함 범위를 비교하는 구매 의사결정자","OWNER_DATA_REQUIRED:GSC","OWNER_DATA_REQUIRED:GSC","OWNER_DATA_REQUIRED:GSC","OWNER_DATA_REQUIRED:GSC","OWNER_DATA_REQUIRED:BING","OWNER_DATA_REQUIRED:BING_AI_PERFORMANCE","OWNER_DATA_REQUIRED:NAVER","OWNER_DATA_REQUIRED:NAVER","OWNER_DATA_REQUIRED:GA4","OWNER_DATA_REQUIRED:GA4","OWNER_DATA_REQUIRED:GA4_NETLIFY","NOT_MEASURED","templated-review","exact-unique","NO_EXACT_H1_DUPLICATE; GSC_QUERY_DATA_REQUIRED","https://reumlab.com/cost/academy/","INDEX / SELF_CANONICAL_STATIC_VERIFIED","MONITOR","템플릿 유사 가능성은 있으나 검색·전환 데이터 없이 삭제·통합하지 않음","P2-monitor","SEO owner"
"https://reumlab.com/cost/loan/","cost_landing","industry_cost","예산과 포함 범위를 비교하는 구매 의사결정자","OWNER_DATA_REQUIRED:GSC","OWNER_DATA_REQUIRED:GSC","OWNER_DATA_REQUIRED:GSC","OWNER_DATA_REQUIRED:GSC","OWNER_DATA_REQUIRED:BING","OWNER_DATA_REQUIRED:BING_AI_PERFORMANCE","OWNER_DATA_REQUIRED:NAVER","OWNER_DATA_REQUIRED:NAVER","OWNER_DATA_REQUIRED:GA4","OWNER_DATA_REQUIRED:GA4","OWNER_DATA_REQUIRED:GA4_NETLIFY","NOT_MEASURED","templated-review","exact-unique","NO_EXACT_H1_DUPLICATE; GSC_QUERY_DATA_REQUIRED","https://reumlab.com/cost/academy/","INDEX / SELF_CANONICAL_STATIC_VERIFIED","MONITOR","템플릿 유사 가능성은 있으나 검색·전환 데이터 없이 삭제·통합하지 않음","P2-monitor","SEO owner"
"https://reumlab.com/cost/lodging/","cost_landing","industry_cost","예산과 포함 범위를 비교하는 구매 의사결정자","OWNER_DATA_REQUIRED:GSC","OWNER_DATA_REQUIRED:GSC","OWNER_DATA_REQUIRED:GSC","OWNER_DATA_REQUIRED:GSC","OWNER_DATA_REQUIRED:BING","OWNER_DATA_REQUIRED:BING_AI_PERFORMANCE","OWNER_DATA_REQUIRED:NAVER","OWNER_DATA_REQUIRED:NAVER","OWNER_DATA_REQUIRED:GA4","OWNER_DATA_REQUIRED:GA4","OWNER_DATA_REQUIRED:GA4_NETLIFY","NOT_MEASURED","templated-review","exact-unique","NO_EXACT_H1_DUPLICATE; GSC_QUERY_DATA_REQUIRED","https://reumlab.com/cost/academy/","INDEX / SELF_CANONICAL_STATIC_VERIFIED","MONITOR","템플릿 유사 가능성은 있으나 검색·전환 데이터 없이 삭제·통합하지 않음","P2-monitor","SEO owner"
"https://reumlab.com/cost/logistics/","cost_landing","industry_cost","예산과 포함 범위를 비교하는 구매 의사결정자","OWNER_DATA_REQUIRED:GSC","OWNER_DATA_REQUIRED:GSC","OWNER_DATA_REQUIRED:GSC","OWNER_DATA_REQUIRED:GSC","OWNER_DATA_REQUIRED:BING","OWNER_DATA_REQUIRED:BING_AI_PERFORMANCE","OWNER_DATA_REQUIRED:NAVER","OWNER_DATA_REQUIRED:NAVER","OWNER_DATA_REQUIRED:GA4","OWNER_DATA_REQUIRED:GA4","OWNER_DATA_REQUIRED:GA4_NETLIFY","NOT_MEASURED","templated-review","exact-unique","NO_EXACT_H1_DUPLICATE; GSC_QUERY_DATA_REQUIRED","https://reumlab.com/cost/academy/","INDEX / SELF_CANONICAL_STATIC_VERIFIED","MONITOR","템플릿 유사 가능성은 있으나 검색·전환 데이터 없이 삭제·통합하지 않음","P2-monitor","SEO owner"
"https://reumlab.com/cost/manufacturing/","cost_landing","industry_cost","예산과 포함 범위를 비교하는 구매 의사결정자","OWNER_DATA_REQUIRED:GSC","OWNER_DATA_REQUIRED:GSC","OWNER_DATA_REQUIRED:GSC","OWNER_DATA_REQUIRED:GSC","OWNER_DATA_REQUIRED:BING","OWNER_DATA_REQUIRED:BING_AI_PERFORMANCE","OWNER_DATA_REQUIRED:NAVER","OWNER_DATA_REQUIRED:NAVER","OWNER_DATA_REQUIRED:GA4","OWNER_DATA_REQUIRED:GA4","OWNER_DATA_REQUIRED:GA4_NETLIFY","NOT_MEASURED","templated-review","exact-unique","NO_EXACT_H1_DUPLICATE; GSC_QUERY_DATA_REQUIRED","https://reumlab.com/cost/academy/","INDEX / SELF_CANONICAL_STATIC_VERIFIED","MONITOR","템플릿 유사 가능성은 있으나 검색·전환 데이터 없이 삭제·통합하지 않음","P2-monitor","SEO owner"
"https://reumlab.com/cost/marketing-agency/","cost_landing","industry_cost","예산과 포함 범위를 비교하는 구매 의사결정자","OWNER_DATA_REQUIRED:GSC","OWNER_DATA_REQUIRED:GSC","OWNER_DATA_REQUIRED:GSC","OWNER_DATA_REQUIRED:GSC","OWNER_DATA_REQUIRED:BING","OWNER_DATA_REQUIRED:BING_AI_PERFORMANCE","OWNER_DATA_REQUIRED:NAVER","OWNER_DATA_REQUIRED:NAVER","OWNER_DATA_REQUIRED:GA4","OWNER_DATA_REQUIRED:GA4","OWNER_DATA_REQUIRED:GA4_NETLIFY","NOT_MEASURED","templated-review","exact-unique","NO_EXACT_H1_DUPLICATE; GSC_QUERY_DATA_REQUIRED","https://reumlab.com/cost/academy/","INDEX / SELF_CANONICAL_STATIC_VERIFIED","MONITOR","템플릿 유사 가능성은 있으나 검색·전환 데이터 없이 삭제·통합하지 않음","P2-monitor","SEO owner"
"https://reumlab.com/cost/marketplace/","cost_landing","industry_cost","예산과 포함 범위를 비교하는 구매 의사결정자","OWNER_DATA_REQUIRED:GSC","OWNER_DATA_REQUIRED:GSC","OWNER_DATA_REQUIRED:GSC","OWNER_DATA_REQUIRED:GSC","OWNER_DATA_REQUIRED:BING","OWNER_DATA_REQUIRED:BING_AI_PERFORMANCE","OWNER_DATA_REQUIRED:NAVER","OWNER_DATA_REQUIRED:NAVER","OWNER_DATA_REQUIRED:GA4","OWNER_DATA_REQUIRED:GA4","OWNER_DATA_REQUIRED:GA4_NETLIFY","NOT_MEASURED","templated-review","exact-unique","NO_EXACT_H1_DUPLICATE; GSC_QUERY_DATA_REQUIRED","https://reumlab.com/cost/academy/","INDEX / SELF_CANONICAL_STATIC_VERIFIED","MONITOR","템플릿 유사 가능성은 있으나 검색·전환 데이터 없이 삭제·통합하지 않음","P2-monitor","SEO owner"
"https://reumlab.com/cost/massage/","cost_landing","industry_cost","예산과 포함 범위를 비교하는 구매 의사결정자","OWNER_DATA_REQUIRED:GSC","OWNER_DATA_REQUIRED:GSC","OWNER_DATA_REQUIRED:GSC","OWNER_DATA_REQUIRED:GSC","OWNER_DATA_REQUIRED:BING","OWNER_DATA_REQUIRED:BING_AI_PERFORMANCE","OWNER_DATA_REQUIRED:NAVER","OWNER_DATA_REQUIRED:NAVER","OWNER_DATA_REQUIRED:GA4","OWNER_DATA_REQUIRED:GA4","OWNER_DATA_REQUIRED:GA4_NETLIFY","NOT_MEASURED","templated-review","exact-unique","NO_EXACT_H1_DUPLICATE; GSC_QUERY_DATA_REQUIRED","https://reumlab.com/cost/academy/","INDEX / SELF_CANONICAL_STATIC_VERIFIED","MONITOR","템플릿 유사 가능성은 있으나 검색·전환 데이터 없이 삭제·통합하지 않음","P2-monitor","SEO owner"
"https://reumlab.com/cost/math-academy/","cost_landing","industry_cost","예산과 포함 범위를 비교하는 구매 의사결정자","OWNER_DATA_REQUIRED:GSC","OWNER_DATA_REQUIRED:GSC","OWNER_DATA_REQUIRED:GSC","OWNER_DATA_REQUIRED:GSC","OWNER_DATA_REQUIRED:BING","OWNER_DATA_REQUIRED:BING_AI_PERFORMANCE","OWNER_DATA_REQUIRED:NAVER","OWNER_DATA_REQUIRED:NAVER","OWNER_DATA_REQUIRED:GA4","OWNER_DATA_REQUIRED:GA4","OWNER_DATA_REQUIRED:GA4_NETLIFY","NOT_MEASURED","templated-review","exact-unique","NO_EXACT_H1_DUPLICATE; GSC_QUERY_DATA_REQUIRED","https://reumlab.com/cost/academy/","INDEX / SELF_CANONICAL_STATIC_VERIFIED","MONITOR","템플릿 유사 가능성은 있으나 검색·전환 데이터 없이 삭제·통합하지 않음","P2-monitor","SEO owner"
"https://reumlab.com/cost/moving/","cost_landing","industry_cost","예산과 포함 범위를 비교하는 구매 의사결정자","OWNER_DATA_REQUIRED:GSC","OWNER_DATA_REQUIRED:GSC","OWNER_DATA_REQUIRED:GSC","OWNER_DATA_REQUIRED:GSC","OWNER_DATA_REQUIRED:BING","OWNER_DATA_REQUIRED:BING_AI_PERFORMANCE","OWNER_DATA_REQUIRED:NAVER","OWNER_DATA_REQUIRED:NAVER","OWNER_DATA_REQUIRED:GA4","OWNER_DATA_REQUIRED:GA4","OWNER_DATA_REQUIRED:GA4_NETLIFY","NOT_MEASURED","templated-review","exact-unique","NO_EXACT_H1_DUPLICATE; GSC_QUERY_DATA_REQUIRED","https://reumlab.com/cost/academy/","INDEX / SELF_CANONICAL_STATIC_VERIFIED","MONITOR","템플릿 유사 가능성은 있으나 검색·전환 데이터 없이 삭제·통합하지 않음","P2-monitor","SEO owner"
"https://reumlab.com/cost/music-academy/","cost_landing","industry_cost","예산과 포함 범위를 비교하는 구매 의사결정자","OWNER_DATA_REQUIRED:GSC","OWNER_DATA_REQUIRED:GSC","OWNER_DATA_REQUIRED:GSC","OWNER_DATA_REQUIRED:GSC","OWNER_DATA_REQUIRED:BING","OWNER_DATA_REQUIRED:BING_AI_PERFORMANCE","OWNER_DATA_REQUIRED:NAVER","OWNER_DATA_REQUIRED:NAVER","OWNER_DATA_REQUIRED:GA4","OWNER_DATA_REQUIRED:GA4","OWNER_DATA_REQUIRED:GA4_NETLIFY","NOT_MEASURED","templated-review","exact-unique","NO_EXACT_H1_DUPLICATE; GSC_QUERY_DATA_REQUIRED","https://reumlab.com/cost/academy/","INDEX / SELF_CANONICAL_STATIC_VERIFIED","MONITOR","템플릿 유사 가능성은 있으나 검색·전환 데이터 없이 삭제·통합하지 않음","P2-monitor","SEO owner"
"https://reumlab.com/cost/nail-shop/","cost_landing","industry_cost","예산과 포함 범위를 비교하는 구매 의사결정자","OWNER_DATA_REQUIRED:GSC","OWNER_DATA_REQUIRED:GSC","OWNER_DATA_REQUIRED:GSC","OWNER_DATA_REQUIRED:GSC","OWNER_DATA_REQUIRED:BING","OWNER_DATA_REQUIRED:BING_AI_PERFORMANCE","OWNER_DATA_REQUIRED:NAVER","OWNER_DATA_REQUIRED:NAVER","OWNER_DATA_REQUIRED:GA4","OWNER_DATA_REQUIRED:GA4","OWNER_DATA_REQUIRED:GA4_NETLIFY","NOT_MEASURED","templated-review","exact-unique","NO_EXACT_H1_DUPLICATE; GSC_QUERY_DATA_REQUIRED","https://reumlab.com/cost/academy/","INDEX / SELF_CANONICAL_STATIC_VERIFIED","MONITOR","템플릿 유사 가능성은 있으나 검색·전환 데이터 없이 삭제·통합하지 않음","P2-monitor","SEO owner"
"https://reumlab.com/cost/nonprofit/","cost_landing","industry_cost","예산과 포함 범위를 비교하는 구매 의사결정자","OWNER_DATA_REQUIRED:GSC","OWNER_DATA_REQUIRED:GSC","OWNER_DATA_REQUIRED:GSC","OWNER_DATA_REQUIRED:GSC","OWNER_DATA_REQUIRED:BING","OWNER_DATA_REQUIRED:BING_AI_PERFORMANCE","OWNER_DATA_REQUIRED:NAVER","OWNER_DATA_REQUIRED:NAVER","OWNER_DATA_REQUIRED:GA4","OWNER_DATA_REQUIRED:GA4","OWNER_DATA_REQUIRED:GA4_NETLIFY","NOT_MEASURED","templated-review","exact-unique","NO_EXACT_H1_DUPLICATE; GSC_QUERY_DATA_REQUIRED","https://reumlab.com/cost/academy/","INDEX / SELF_CANONICAL_STATIC_VERIFIED","MONITOR","템플릿 유사 가능성은 있으나 검색·전환 데이터 없이 삭제·통합하지 않음","P2-monitor","SEO owner"
"https://reumlab.com/cost/o2o/","cost_landing","industry_cost","예산과 포함 범위를 비교하는 구매 의사결정자","OWNER_DATA_REQUIRED:GSC","OWNER_DATA_REQUIRED:GSC","OWNER_DATA_REQUIRED:GSC","OWNER_DATA_REQUIRED:GSC","OWNER_DATA_REQUIRED:BING","OWNER_DATA_REQUIRED:BING_AI_PERFORMANCE","OWNER_DATA_REQUIRED:NAVER","OWNER_DATA_REQUIRED:NAVER","OWNER_DATA_REQUIRED:GA4","OWNER_DATA_REQUIRED:GA4","OWNER_DATA_REQUIRED:GA4_NETLIFY","NOT_MEASURED","templated-review","exact-unique","NO_EXACT_H1_DUPLICATE; GSC_QUERY_DATA_REQUIRED","https://reumlab.com/cost/academy/","INDEX / SELF_CANONICAL_STATIC_VERIFIED","MONITOR","템플릿 유사 가능성은 있으나 검색·전환 데이터 없이 삭제·통합하지 않음","P2-monitor","SEO owner"
"https://reumlab.com/cost/optician/","cost_landing","industry_cost","예산과 포함 범위를 비교하는 구매 의사결정자","OWNER_DATA_REQUIRED:GSC","OWNER_DATA_REQUIRED:GSC","OWNER_DATA_REQUIRED:GSC","OWNER_DATA_REQUIRED:GSC","OWNER_DATA_REQUIRED:BING","OWNER_DATA_REQUIRED:BING_AI_PERFORMANCE","OWNER_DATA_REQUIRED:NAVER","OWNER_DATA_REQUIRED:NAVER","OWNER_DATA_REQUIRED:GA4","OWNER_DATA_REQUIRED:GA4","OWNER_DATA_REQUIRED:GA4_NETLIFY","NOT_MEASURED","templated-review","exact-unique","NO_EXACT_H1_DUPLICATE; GSC_QUERY_DATA_REQUIRED","https://reumlab.com/cost/academy/","INDEX / SELF_CANONICAL_STATIC_VERIFIED","MONITOR","템플릿 유사 가능성은 있으나 검색·전환 데이터 없이 삭제·통합하지 않음","P2-monitor","SEO owner"
"https://reumlab.com/cost/oriental-medicine/","cost_landing","industry_cost","예산과 포함 범위를 비교하는 구매 의사결정자","OWNER_DATA_REQUIRED:GSC","OWNER_DATA_REQUIRED:GSC","OWNER_DATA_REQUIRED:GSC","OWNER_DATA_REQUIRED:GSC","OWNER_DATA_REQUIRED:BING","OWNER_DATA_REQUIRED:BING_AI_PERFORMANCE","OWNER_DATA_REQUIRED:NAVER","OWNER_DATA_REQUIRED:NAVER","OWNER_DATA_REQUIRED:GA4","OWNER_DATA_REQUIRED:GA4","OWNER_DATA_REQUIRED:GA4_NETLIFY","NOT_MEASURED","templated-review","exact-unique","NO_EXACT_H1_DUPLICATE; GSC_QUERY_DATA_REQUIRED","https://reumlab.com/cost/academy/","INDEX / SELF_CANONICAL_STATIC_VERIFIED","MONITOR","템플릿 유사 가능성은 있으나 검색·전환 데이터 없이 삭제·통합하지 않음","P2-monitor","SEO owner"
"https://reumlab.com/cost/parking/","cost_landing","industry_cost","예산과 포함 범위를 비교하는 구매 의사결정자","OWNER_DATA_REQUIRED:GSC","OWNER_DATA_REQUIRED:GSC","OWNER_DATA_REQUIRED:GSC","OWNER_DATA_REQUIRED:GSC","OWNER_DATA_REQUIRED:BING","OWNER_DATA_REQUIRED:BING_AI_PERFORMANCE","OWNER_DATA_REQUIRED:NAVER","OWNER_DATA_REQUIRED:NAVER","OWNER_DATA_REQUIRED:GA4","OWNER_DATA_REQUIRED:GA4","OWNER_DATA_REQUIRED:GA4_NETLIFY","NOT_MEASURED","templated-review","exact-unique","NO_EXACT_H1_DUPLICATE; GSC_QUERY_DATA_REQUIRED","https://reumlab.com/cost/academy/","INDEX / SELF_CANONICAL_STATIC_VERIFIED","MONITOR","템플릿 유사 가능성은 있으나 검색·전환 데이터 없이 삭제·통합하지 않음","P2-monitor","SEO owner"
"https://reumlab.com/cost/party-room/","cost_landing","industry_cost","예산과 포함 범위를 비교하는 구매 의사결정자","OWNER_DATA_REQUIRED:GSC","OWNER_DATA_REQUIRED:GSC","OWNER_DATA_REQUIRED:GSC","OWNER_DATA_REQUIRED:GSC","OWNER_DATA_REQUIRED:BING","OWNER_DATA_REQUIRED:BING_AI_PERFORMANCE","OWNER_DATA_REQUIRED:NAVER","OWNER_DATA_REQUIRED:NAVER","OWNER_DATA_REQUIRED:GA4","OWNER_DATA_REQUIRED:GA4","OWNER_DATA_REQUIRED:GA4_NETLIFY","NOT_MEASURED","templated-review","exact-unique","NO_EXACT_H1_DUPLICATE; GSC_QUERY_DATA_REQUIRED","https://reumlab.com/cost/academy/","INDEX / SELF_CANONICAL_STATIC_VERIFIED","MONITOR","템플릿 유사 가능성은 있으나 검색·전환 데이터 없이 삭제·통합하지 않음","P2-monitor","SEO owner"
"https://reumlab.com/cost/patent/","cost_landing","industry_cost","예산과 포함 범위를 비교하는 구매 의사결정자","OWNER_DATA_REQUIRED:GSC","OWNER_DATA_REQUIRED:GSC","OWNER_DATA_REQUIRED:GSC","OWNER_DATA_REQUIRED:GSC","OWNER_DATA_REQUIRED:BING","OWNER_DATA_REQUIRED:BING_AI_PERFORMANCE","OWNER_DATA_REQUIRED:NAVER","OWNER_DATA_REQUIRED:NAVER","OWNER_DATA_REQUIRED:GA4","OWNER_DATA_REQUIRED:GA4","OWNER_DATA_REQUIRED:GA4_NETLIFY","NOT_MEASURED","templated-review","exact-unique","NO_EXACT_H1_DUPLICATE; GSC_QUERY_DATA_REQUIRED","https://reumlab.com/cost/academy/","INDEX / SELF_CANONICAL_STATIC_VERIFIED","MONITOR","템플릿 유사 가능성은 있으나 검색·전환 데이터 없이 삭제·통합하지 않음","P2-monitor","SEO owner"
"https://reumlab.com/cost/pc-cafe/","cost_landing","industry_cost","예산과 포함 범위를 비교하는 구매 의사결정자","OWNER_DATA_REQUIRED:GSC","OWNER_DATA_REQUIRED:GSC","OWNER_DATA_REQUIRED:GSC","OWNER_DATA_REQUIRED:GSC","OWNER_DATA_REQUIRED:BING","OWNER_DATA_REQUIRED:BING_AI_PERFORMANCE","OWNER_DATA_REQUIRED:NAVER","OWNER_DATA_REQUIRED:NAVER","OWNER_DATA_REQUIRED:GA4","OWNER_DATA_REQUIRED:GA4","OWNER_DATA_REQUIRED:GA4_NETLIFY","NOT_MEASURED","templated-review","exact-unique","NO_EXACT_H1_DUPLICATE; GSC_QUERY_DATA_REQUIRED","https://reumlab.com/cost/academy/","INDEX / SELF_CANONICAL_STATIC_VERIFIED","MONITOR","템플릿 유사 가능성은 있으나 검색·전환 데이터 없이 삭제·통합하지 않음","P2-monitor","SEO owner"
"https://reumlab.com/cost/pet/","cost_landing","industry_cost","예산과 포함 범위를 비교하는 구매 의사결정자","OWNER_DATA_REQUIRED:GSC","OWNER_DATA_REQUIRED:GSC","OWNER_DATA_REQUIRED:GSC","OWNER_DATA_REQUIRED:GSC","OWNER_DATA_REQUIRED:BING","OWNER_DATA_REQUIRED:BING_AI_PERFORMANCE","OWNER_DATA_REQUIRED:NAVER","OWNER_DATA_REQUIRED:NAVER","OWNER_DATA_REQUIRED:GA4","OWNER_DATA_REQUIRED:GA4","OWNER_DATA_REQUIRED:GA4_NETLIFY","NOT_MEASURED","templated-review","exact-unique","NO_EXACT_H1_DUPLICATE; GSC_QUERY_DATA_REQUIRED","https://reumlab.com/cost/academy/","INDEX / SELF_CANONICAL_STATIC_VERIFIED","MONITOR","템플릿 유사 가능성은 있으나 검색·전환 데이터 없이 삭제·통합하지 않음","P2-monitor","SEO owner"
"https://reumlab.com/cost/pharmacy/","cost_landing","industry_cost","예산과 포함 범위를 비교하는 구매 의사결정자","OWNER_DATA_REQUIRED:GSC","OWNER_DATA_REQUIRED:GSC","OWNER_DATA_REQUIRED:GSC","OWNER_DATA_REQUIRED:GSC","OWNER_DATA_REQUIRED:BING","OWNER_DATA_REQUIRED:BING_AI_PERFORMANCE","OWNER_DATA_REQUIRED:NAVER","OWNER_DATA_REQUIRED:NAVER","OWNER_DATA_REQUIRED:GA4","OWNER_DATA_REQUIRED:GA4","OWNER_DATA_REQUIRED:GA4_NETLIFY","NOT_MEASURED","templated-review","exact-unique","NO_EXACT_H1_DUPLICATE; GSC_QUERY_DATA_REQUIRED","https://reumlab.com/cost/academy/","INDEX / SELF_CANONICAL_STATIC_VERIFIED","MONITOR","템플릿 유사 가능성은 있으나 검색·전환 데이터 없이 삭제·통합하지 않음","P2-monitor","SEO owner"
"https://reumlab.com/cost/photo-studio/","cost_landing","industry_cost","예산과 포함 범위를 비교하는 구매 의사결정자","OWNER_DATA_REQUIRED:GSC","OWNER_DATA_REQUIRED:GSC","OWNER_DATA_REQUIRED:GSC","OWNER_DATA_REQUIRED:GSC","OWNER_DATA_REQUIRED:BING","OWNER_DATA_REQUIRED:BING_AI_PERFORMANCE","OWNER_DATA_REQUIRED:NAVER","OWNER_DATA_REQUIRED:NAVER","OWNER_DATA_REQUIRED:GA4","OWNER_DATA_REQUIRED:GA4","OWNER_DATA_REQUIRED:GA4_NETLIFY","NOT_MEASURED","templated-review","exact-unique","NO_EXACT_H1_DUPLICATE; GSC_QUERY_DATA_REQUIRED","https://reumlab.com/cost/academy/","INDEX / SELF_CANONICAL_STATIC_VERIFIED","MONITOR","템플릿 유사 가능성은 있으나 검색·전환 데이터 없이 삭제·통합하지 않음","P2-monitor","SEO owner"
"https://reumlab.com/cost/physical-therapy/","cost_landing","industry_cost","예산과 포함 범위를 비교하는 구매 의사결정자","OWNER_DATA_REQUIRED:GSC","OWNER_DATA_REQUIRED:GSC","OWNER_DATA_REQUIRED:GSC","OWNER_DATA_REQUIRED:GSC","OWNER_DATA_REQUIRED:BING","OWNER_DATA_REQUIRED:BING_AI_PERFORMANCE","OWNER_DATA_REQUIRED:NAVER","OWNER_DATA_REQUIRED:NAVER","OWNER_DATA_REQUIRED:GA4","OWNER_DATA_REQUIRED:GA4","OWNER_DATA_REQUIRED:GA4_NETLIFY","NOT_MEASURED","templated-review","exact-unique","NO_EXACT_H1_DUPLICATE; GSC_QUERY_DATA_REQUIRED","https://reumlab.com/cost/academy/","INDEX / SELF_CANONICAL_STATIC_VERIFIED","MONITOR","템플릿 유사 가능성은 있으나 검색·전환 데이터 없이 삭제·통합하지 않음","P2-monitor","SEO owner"
"https://reumlab.com/cost/pilates/","cost_landing","industry_cost","예산과 포함 범위를 비교하는 구매 의사결정자","OWNER_DATA_REQUIRED:GSC","OWNER_DATA_REQUIRED:GSC","OWNER_DATA_REQUIRED:GSC","OWNER_DATA_REQUIRED:GSC","OWNER_DATA_REQUIRED:BING","OWNER_DATA_REQUIRED:BING_AI_PERFORMANCE","OWNER_DATA_REQUIRED:NAVER","OWNER_DATA_REQUIRED:NAVER","OWNER_DATA_REQUIRED:GA4","OWNER_DATA_REQUIRED:GA4","OWNER_DATA_REQUIRED:GA4_NETLIFY","NOT_MEASURED","templated-review","exact-unique","NO_EXACT_H1_DUPLICATE; GSC_QUERY_DATA_REQUIRED","https://reumlab.com/cost/academy/","INDEX / SELF_CANONICAL_STATIC_VERIFIED","MONITOR","템플릿 유사 가능성은 있으나 검색·전환 데이터 없이 삭제·통합하지 않음","P2-monitor","SEO owner"
"https://reumlab.com/cost/postpartum/","cost_landing","industry_cost","예산과 포함 범위를 비교하는 구매 의사결정자","OWNER_DATA_REQUIRED:GSC","OWNER_DATA_REQUIRED:GSC","OWNER_DATA_REQUIRED:GSC","OWNER_DATA_REQUIRED:GSC","OWNER_DATA_REQUIRED:BING","OWNER_DATA_REQUIRED:BING_AI_PERFORMANCE","OWNER_DATA_REQUIRED:NAVER","OWNER_DATA_REQUIRED:NAVER","OWNER_DATA_REQUIRED:GA4","OWNER_DATA_REQUIRED:GA4","OWNER_DATA_REQUIRED:GA4_NETLIFY","NOT_MEASURED","templated-review","exact-unique","NO_EXACT_H1_DUPLICATE; GSC_QUERY_DATA_REQUIRED","https://reumlab.com/cost/academy/","INDEX / SELF_CANONICAL_STATIC_VERIFIED","MONITOR","템플릿 유사 가능성은 있으나 검색·전환 데이터 없이 삭제·통합하지 않음","P2-monitor","SEO owner"
"https://reumlab.com/cost/printing/","cost_landing","industry_cost","예산과 포함 범위를 비교하는 구매 의사결정자","OWNER_DATA_REQUIRED:GSC","OWNER_DATA_REQUIRED:GSC","OWNER_DATA_REQUIRED:GSC","OWNER_DATA_REQUIRED:GSC","OWNER_DATA_REQUIRED:BING","OWNER_DATA_REQUIRED:BING_AI_PERFORMANCE","OWNER_DATA_REQUIRED:NAVER","OWNER_DATA_REQUIRED:NAVER","OWNER_DATA_REQUIRED:GA4","OWNER_DATA_REQUIRED:GA4","OWNER_DATA_REQUIRED:GA4_NETLIFY","NOT_MEASURED","templated-review","exact-unique","NO_EXACT_H1_DUPLICATE; GSC_QUERY_DATA_REQUIRED","https://reumlab.com/cost/academy/","INDEX / SELF_CANONICAL_STATIC_VERIFIED","MONITOR","템플릿 유사 가능성은 있으나 검색·전환 데이터 없이 삭제·통합하지 않음","P2-monitor","SEO owner"
"https://reumlab.com/cost/property-mgmt/","cost_landing","industry_cost","예산과 포함 범위를 비교하는 구매 의사결정자","OWNER_DATA_REQUIRED:GSC","OWNER_DATA_REQUIRED:GSC","OWNER_DATA_REQUIRED:GSC","OWNER_DATA_REQUIRED:GSC","OWNER_DATA_REQUIRED:BING","OWNER_DATA_REQUIRED:BING_AI_PERFORMANCE","OWNER_DATA_REQUIRED:NAVER","OWNER_DATA_REQUIRED:NAVER","OWNER_DATA_REQUIRED:GA4","OWNER_DATA_REQUIRED:GA4","OWNER_DATA_REQUIRED:GA4_NETLIFY","NOT_MEASURED","templated-review","exact-unique","NO_EXACT_H1_DUPLICATE; GSC_QUERY_DATA_REQUIRED","https://reumlab.com/cost/academy/","INDEX / SELF_CANONICAL_STATIC_VERIFIED","MONITOR","템플릿 유사 가능성은 있으나 검색·전환 데이터 없이 삭제·통합하지 않음","P2-monitor","SEO owner"
"https://reumlab.com/cost/psychology/","cost_landing","industry_cost","예산과 포함 범위를 비교하는 구매 의사결정자","OWNER_DATA_REQUIRED:GSC","OWNER_DATA_REQUIRED:GSC","OWNER_DATA_REQUIRED:GSC","OWNER_DATA_REQUIRED:GSC","OWNER_DATA_REQUIRED:BING","OWNER_DATA_REQUIRED:BING_AI_PERFORMANCE","OWNER_DATA_REQUIRED:NAVER","OWNER_DATA_REQUIRED:NAVER","OWNER_DATA_REQUIRED:GA4","OWNER_DATA_REQUIRED:GA4","OWNER_DATA_REQUIRED:GA4_NETLIFY","NOT_MEASURED","templated-review","exact-unique","NO_EXACT_H1_DUPLICATE; GSC_QUERY_DATA_REQUIRED","https://reumlab.com/cost/academy/","INDEX / SELF_CANONICAL_STATIC_VERIFIED","MONITOR","템플릿 유사 가능성은 있으나 검색·전환 데이터 없이 삭제·통합하지 않음","P2-monitor","SEO owner"
"https://reumlab.com/cost/realestate/","cost_landing","industry_cost","예산과 포함 범위를 비교하는 구매 의사결정자","OWNER_DATA_REQUIRED:GSC","OWNER_DATA_REQUIRED:GSC","OWNER_DATA_REQUIRED:GSC","OWNER_DATA_REQUIRED:GSC","OWNER_DATA_REQUIRED:BING","OWNER_DATA_REQUIRED:BING_AI_PERFORMANCE","OWNER_DATA_REQUIRED:NAVER","OWNER_DATA_REQUIRED:NAVER","OWNER_DATA_REQUIRED:GA4","OWNER_DATA_REQUIRED:GA4","OWNER_DATA_REQUIRED:GA4_NETLIFY","NOT_MEASURED","templated-review","exact-unique","NO_EXACT_H1_DUPLICATE; GSC_QUERY_DATA_REQUIRED","https://reumlab.com/cost/academy/","INDEX / SELF_CANONICAL_STATIC_VERIFIED","MONITOR","템플릿 유사 가능성은 있으나 검색·전환 데이터 없이 삭제·통합하지 않음","P2-monitor","SEO owner"
"https://reumlab.com/cost/recruiting/","cost_landing","industry_cost","예산과 포함 범위를 비교하는 구매 의사결정자","OWNER_DATA_REQUIRED:GSC","OWNER_DATA_REQUIRED:GSC","OWNER_DATA_REQUIRED:GSC","OWNER_DATA_REQUIRED:GSC","OWNER_DATA_REQUIRED:BING","OWNER_DATA_REQUIRED:BING_AI_PERFORMANCE","OWNER_DATA_REQUIRED:NAVER","OWNER_DATA_REQUIRED:NAVER","OWNER_DATA_REQUIRED:GA4","OWNER_DATA_REQUIRED:GA4","OWNER_DATA_REQUIRED:GA4_NETLIFY","NOT_MEASURED","templated-review","exact-unique","NO_EXACT_H1_DUPLICATE; GSC_QUERY_DATA_REQUIRED","https://reumlab.com/cost/academy/","INDEX / SELF_CANONICAL_STATIC_VERIFIED","MONITOR","템플릿 유사 가능성은 있으나 검색·전환 데이터 없이 삭제·통합하지 않음","P2-monitor","SEO owner"
"https://reumlab.com/cost/rental/","cost_landing","industry_cost","예산과 포함 범위를 비교하는 구매 의사결정자","OWNER_DATA_REQUIRED:GSC","OWNER_DATA_REQUIRED:GSC","OWNER_DATA_REQUIRED:GSC","OWNER_DATA_REQUIRED:GSC","OWNER_DATA_REQUIRED:BING","OWNER_DATA_REQUIRED:BING_AI_PERFORMANCE","OWNER_DATA_REQUIRED:NAVER","OWNER_DATA_REQUIRED:NAVER","OWNER_DATA_REQUIRED:GA4","OWNER_DATA_REQUIRED:GA4","OWNER_DATA_REQUIRED:GA4_NETLIFY","NOT_MEASURED","templated-review","exact-unique","NO_EXACT_H1_DUPLICATE; GSC_QUERY_DATA_REQUIRED","https://reumlab.com/cost/academy/","INDEX / SELF_CANONICAL_STATIC_VERIFIED","MONITOR","템플릿 유사 가능성은 있으나 검색·전환 데이터 없이 삭제·통합하지 않음","P2-monitor","SEO owner"
"https://reumlab.com/cost/rental-car/","cost_landing","industry_cost","예산과 포함 범위를 비교하는 구매 의사결정자","OWNER_DATA_REQUIRED:GSC","OWNER_DATA_REQUIRED:GSC","OWNER_DATA_REQUIRED:GSC","OWNER_DATA_REQUIRED:GSC","OWNER_DATA_REQUIRED:BING","OWNER_DATA_REQUIRED:BING_AI_PERFORMANCE","OWNER_DATA_REQUIRED:NAVER","OWNER_DATA_REQUIRED:NAVER","OWNER_DATA_REQUIRED:GA4","OWNER_DATA_REQUIRED:GA4","OWNER_DATA_REQUIRED:GA4_NETLIFY","NOT_MEASURED","templated-review","exact-unique","NO_EXACT_H1_DUPLICATE; GSC_QUERY_DATA_REQUIRED","https://reumlab.com/cost/academy/","INDEX / SELF_CANONICAL_STATIC_VERIFIED","MONITOR","템플릿 유사 가능성은 있으나 검색·전환 데이터 없이 삭제·통합하지 않음","P2-monitor","SEO owner"
"https://reumlab.com/cost/resort/","cost_landing","industry_cost","예산과 포함 범위를 비교하는 구매 의사결정자","OWNER_DATA_REQUIRED:GSC","OWNER_DATA_REQUIRED:GSC","OWNER_DATA_REQUIRED:GSC","OWNER_DATA_REQUIRED:GSC","OWNER_DATA_REQUIRED:BING","OWNER_DATA_REQUIRED:BING_AI_PERFORMANCE","OWNER_DATA_REQUIRED:NAVER","OWNER_DATA_REQUIRED:NAVER","OWNER_DATA_REQUIRED:GA4","OWNER_DATA_REQUIRED:GA4","OWNER_DATA_REQUIRED:GA4_NETLIFY","NOT_MEASURED","templated-review","exact-unique","NO_EXACT_H1_DUPLICATE; GSC_QUERY_DATA_REQUIRED","https://reumlab.com/cost/academy/","INDEX / SELF_CANONICAL_STATIC_VERIFIED","MONITOR","템플릿 유사 가능성은 있으나 검색·전환 데이터 없이 삭제·통합하지 않음","P2-monitor","SEO owner"
"https://reumlab.com/cost/restaurant/","cost_landing","industry_cost","예산과 포함 범위를 비교하는 구매 의사결정자","OWNER_DATA_REQUIRED:GSC","OWNER_DATA_REQUIRED:GSC","OWNER_DATA_REQUIRED:GSC","OWNER_DATA_REQUIRED:GSC","OWNER_DATA_REQUIRED:BING","OWNER_DATA_REQUIRED:BING_AI_PERFORMANCE","OWNER_DATA_REQUIRED:NAVER","OWNER_DATA_REQUIRED:NAVER","OWNER_DATA_REQUIRED:GA4","OWNER_DATA_REQUIRED:GA4","OWNER_DATA_REQUIRED:GA4_NETLIFY","NOT_MEASURED","templated-review","exact-unique","NO_EXACT_H1_DUPLICATE; GSC_QUERY_DATA_REQUIRED","https://reumlab.com/cost/academy/","INDEX / SELF_CANONICAL_STATIC_VERIFIED","MONITOR","템플릿 유사 가능성은 있으나 검색·전환 데이터 없이 삭제·통합하지 않음","P2-monitor","SEO owner"
"https://reumlab.com/cost/screen-golf/","cost_landing","industry_cost","예산과 포함 범위를 비교하는 구매 의사결정자","OWNER_DATA_REQUIRED:GSC","OWNER_DATA_REQUIRED:GSC","OWNER_DATA_REQUIRED:GSC","OWNER_DATA_REQUIRED:GSC","OWNER_DATA_REQUIRED:BING","OWNER_DATA_REQUIRED:BING_AI_PERFORMANCE","OWNER_DATA_REQUIRED:NAVER","OWNER_DATA_REQUIRED:NAVER","OWNER_DATA_REQUIRED:GA4","OWNER_DATA_REQUIRED:GA4","OWNER_DATA_REQUIRED:GA4_NETLIFY","NOT_MEASURED","templated-review","exact-unique","NO_EXACT_H1_DUPLICATE; GSC_QUERY_DATA_REQUIRED","https://reumlab.com/cost/academy/","INDEX / SELF_CANONICAL_STATIC_VERIFIED","MONITOR","템플릿 유사 가능성은 있으나 검색·전환 데이터 없이 삭제·통합하지 않음","P2-monitor","SEO owner"
"https://reumlab.com/cost/security/","cost_landing","industry_cost","예산과 포함 범위를 비교하는 구매 의사결정자","OWNER_DATA_REQUIRED:GSC","OWNER_DATA_REQUIRED:GSC","OWNER_DATA_REQUIRED:GSC","OWNER_DATA_REQUIRED:GSC","OWNER_DATA_REQUIRED:BING","OWNER_DATA_REQUIRED:BING_AI_PERFORMANCE","OWNER_DATA_REQUIRED:NAVER","OWNER_DATA_REQUIRED:NAVER","OWNER_DATA_REQUIRED:GA4","OWNER_DATA_REQUIRED:GA4","OWNER_DATA_REQUIRED:GA4_NETLIFY","NOT_MEASURED","templated-review","exact-unique","NO_EXACT_H1_DUPLICATE; GSC_QUERY_DATA_REQUIRED","https://reumlab.com/cost/academy/","INDEX / SELF_CANONICAL_STATIC_VERIFIED","MONITOR","템플릿 유사 가능성은 있으나 검색·전환 데이터 없이 삭제·통합하지 않음","P2-monitor","SEO owner"
"https://reumlab.com/cost/senior/","cost_landing","industry_cost","예산과 포함 범위를 비교하는 구매 의사결정자","OWNER_DATA_REQUIRED:GSC","OWNER_DATA_REQUIRED:GSC","OWNER_DATA_REQUIRED:GSC","OWNER_DATA_REQUIRED:GSC","OWNER_DATA_REQUIRED:BING","OWNER_DATA_REQUIRED:BING_AI_PERFORMANCE","OWNER_DATA_REQUIRED:NAVER","OWNER_DATA_REQUIRED:NAVER","OWNER_DATA_REQUIRED:GA4","OWNER_DATA_REQUIRED:GA4","OWNER_DATA_REQUIRED:GA4_NETLIFY","NOT_MEASURED","templated-review","exact-unique","NO_EXACT_H1_DUPLICATE; GSC_QUERY_DATA_REQUIRED","https://reumlab.com/cost/academy/","INDEX / SELF_CANONICAL_STATIC_VERIFIED","MONITOR","템플릿 유사 가능성은 있으나 검색·전환 데이터 없이 삭제·통합하지 않음","P2-monitor","SEO owner"
"https://reumlab.com/cost/shopping/","cost_landing","industry_cost","예산과 포함 범위를 비교하는 구매 의사결정자","OWNER_DATA_REQUIRED:GSC","OWNER_DATA_REQUIRED:GSC","OWNER_DATA_REQUIRED:GSC","OWNER_DATA_REQUIRED:GSC","OWNER_DATA_REQUIRED:BING","OWNER_DATA_REQUIRED:BING_AI_PERFORMANCE","OWNER_DATA_REQUIRED:NAVER","OWNER_DATA_REQUIRED:NAVER","OWNER_DATA_REQUIRED:GA4","OWNER_DATA_REQUIRED:GA4","OWNER_DATA_REQUIRED:GA4_NETLIFY","NOT_MEASURED","templated-review","exact-unique","NO_EXACT_H1_DUPLICATE; GSC_QUERY_DATA_REQUIRED","https://reumlab.com/cost/academy/","INDEX / SELF_CANONICAL_STATIC_VERIFIED","MONITOR","템플릿 유사 가능성은 있으나 검색·전환 데이터 없이 삭제·통합하지 않음","P2-monitor","SEO owner"
"https://reumlab.com/cost/sidedish/","cost_landing","industry_cost","예산과 포함 범위를 비교하는 구매 의사결정자","OWNER_DATA_REQUIRED:GSC","OWNER_DATA_REQUIRED:GSC","OWNER_DATA_REQUIRED:GSC","OWNER_DATA_REQUIRED:GSC","OWNER_DATA_REQUIRED:BING","OWNER_DATA_REQUIRED:BING_AI_PERFORMANCE","OWNER_DATA_REQUIRED:NAVER","OWNER_DATA_REQUIRED:NAVER","OWNER_DATA_REQUIRED:GA4","OWNER_DATA_REQUIRED:GA4","OWNER_DATA_REQUIRED:GA4_NETLIFY","NOT_MEASURED","templated-review","exact-unique","NO_EXACT_H1_DUPLICATE; GSC_QUERY_DATA_REQUIRED","https://reumlab.com/cost/academy/","INDEX / SELF_CANONICAL_STATIC_VERIFIED","MONITOR","템플릿 유사 가능성은 있으나 검색·전환 데이터 없이 삭제·통합하지 않음","P2-monitor","SEO owner"
"https://reumlab.com/cost/skin-clinic/","cost_landing","industry_cost","예산과 포함 범위를 비교하는 구매 의사결정자","OWNER_DATA_REQUIRED:GSC","OWNER_DATA_REQUIRED:GSC","OWNER_DATA_REQUIRED:GSC","OWNER_DATA_REQUIRED:GSC","OWNER_DATA_REQUIRED:BING","OWNER_DATA_REQUIRED:BING_AI_PERFORMANCE","OWNER_DATA_REQUIRED:NAVER","OWNER_DATA_REQUIRED:NAVER","OWNER_DATA_REQUIRED:GA4","OWNER_DATA_REQUIRED:GA4","OWNER_DATA_REQUIRED:GA4_NETLIFY","NOT_MEASURED","templated-review","exact-unique","NO_EXACT_H1_DUPLICATE; GSC_QUERY_DATA_REQUIRED","https://reumlab.com/cost/academy/","INDEX / SELF_CANONICAL_STATIC_VERIFIED","MONITOR","템플릿 유사 가능성은 있으나 검색·전환 데이터 없이 삭제·통합하지 않음","P2-monitor","SEO owner"
"https://reumlab.com/cost/solar/","cost_landing","industry_cost","예산과 포함 범위를 비교하는 구매 의사결정자","OWNER_DATA_REQUIRED:GSC","OWNER_DATA_REQUIRED:GSC","OWNER_DATA_REQUIRED:GSC","OWNER_DATA_REQUIRED:GSC","OWNER_DATA_REQUIRED:BING","OWNER_DATA_REQUIRED:BING_AI_PERFORMANCE","OWNER_DATA_REQUIRED:NAVER","OWNER_DATA_REQUIRED:NAVER","OWNER_DATA_REQUIRED:GA4","OWNER_DATA_REQUIRED:GA4","OWNER_DATA_REQUIRED:GA4_NETLIFY","NOT_MEASURED","templated-review","exact-unique","NO_EXACT_H1_DUPLICATE; GSC_QUERY_DATA_REQUIRED","https://reumlab.com/cost/academy/","INDEX / SELF_CANONICAL_STATIC_VERIFIED","MONITOR","템플릿 유사 가능성은 있으나 검색·전환 데이터 없이 삭제·통합하지 않음","P2-monitor","SEO owner"
"https://reumlab.com/cost/speech/","cost_landing","industry_cost","예산과 포함 범위를 비교하는 구매 의사결정자","OWNER_DATA_REQUIRED:GSC","OWNER_DATA_REQUIRED:GSC","OWNER_DATA_REQUIRED:GSC","OWNER_DATA_REQUIRED:GSC","OWNER_DATA_REQUIRED:BING","OWNER_DATA_REQUIRED:BING_AI_PERFORMANCE","OWNER_DATA_REQUIRED:NAVER","OWNER_DATA_REQUIRED:NAVER","OWNER_DATA_REQUIRED:GA4","OWNER_DATA_REQUIRED:GA4","OWNER_DATA_REQUIRED:GA4_NETLIFY","NOT_MEASURED","templated-review","exact-unique","NO_EXACT_H1_DUPLICATE; GSC_QUERY_DATA_REQUIRED","https://reumlab.com/cost/academy/","INDEX / SELF_CANONICAL_STATIC_VERIFIED","MONITOR","템플릿 유사 가능성은 있으나 검색·전환 데이터 없이 삭제·통합하지 않음","P2-monitor","SEO owner"
"https://reumlab.com/cost/storage/","cost_landing","industry_cost","예산과 포함 범위를 비교하는 구매 의사결정자","OWNER_DATA_REQUIRED:GSC","OWNER_DATA_REQUIRED:GSC","OWNER_DATA_REQUIRED:GSC","OWNER_DATA_REQUIRED:GSC","OWNER_DATA_REQUIRED:BING","OWNER_DATA_REQUIRED:BING_AI_PERFORMANCE","OWNER_DATA_REQUIRED:NAVER","OWNER_DATA_REQUIRED:NAVER","OWNER_DATA_REQUIRED:GA4","OWNER_DATA_REQUIRED:GA4","OWNER_DATA_REQUIRED:GA4_NETLIFY","NOT_MEASURED","templated-review","exact-unique","NO_EXACT_H1_DUPLICATE; GSC_QUERY_DATA_REQUIRED","https://reumlab.com/cost/academy/","INDEX / SELF_CANONICAL_STATIC_VERIFIED","MONITOR","템플릿 유사 가능성은 있으나 검색·전환 데이터 없이 삭제·통합하지 않음","P2-monitor","SEO owner"
"https://reumlab.com/cost/studycafe/","cost_landing","industry_cost","예산과 포함 범위를 비교하는 구매 의사결정자","OWNER_DATA_REQUIRED:GSC","OWNER_DATA_REQUIRED:GSC","OWNER_DATA_REQUIRED:GSC","OWNER_DATA_REQUIRED:GSC","OWNER_DATA_REQUIRED:BING","OWNER_DATA_REQUIRED:BING_AI_PERFORMANCE","OWNER_DATA_REQUIRED:NAVER","OWNER_DATA_REQUIRED:NAVER","OWNER_DATA_REQUIRED:GA4","OWNER_DATA_REQUIRED:GA4","OWNER_DATA_REQUIRED:GA4_NETLIFY","NOT_MEASURED","templated-review","exact-unique","NO_EXACT_H1_DUPLICATE; GSC_QUERY_DATA_REQUIRED","https://reumlab.com/cost/academy/","INDEX / SELF_CANONICAL_STATIC_VERIFIED","MONITOR","템플릿 유사 가능성은 있으나 검색·전환 데이터 없이 삭제·통합하지 않음","P2-monitor","SEO owner"
"https://reumlab.com/cost/subscription/","cost_landing","industry_cost","예산과 포함 범위를 비교하는 구매 의사결정자","OWNER_DATA_REQUIRED:GSC","OWNER_DATA_REQUIRED:GSC","OWNER_DATA_REQUIRED:GSC","OWNER_DATA_REQUIRED:GSC","OWNER_DATA_REQUIRED:BING","OWNER_DATA_REQUIRED:BING_AI_PERFORMANCE","OWNER_DATA_REQUIRED:NAVER","OWNER_DATA_REQUIRED:NAVER","OWNER_DATA_REQUIRED:GA4","OWNER_DATA_REQUIRED:GA4","OWNER_DATA_REQUIRED:GA4_NETLIFY","NOT_MEASURED","templated-review","exact-unique","NO_EXACT_H1_DUPLICATE; GSC_QUERY_DATA_REQUIRED","https://reumlab.com/cost/academy/","INDEX / SELF_CANONICAL_STATIC_VERIFIED","MONITOR","템플릿 유사 가능성은 있으나 검색·전환 데이터 없이 삭제·통합하지 않음","P2-monitor","SEO owner"
"https://reumlab.com/cost/swimming/","cost_landing","industry_cost","예산과 포함 범위를 비교하는 구매 의사결정자","OWNER_DATA_REQUIRED:GSC","OWNER_DATA_REQUIRED:GSC","OWNER_DATA_REQUIRED:GSC","OWNER_DATA_REQUIRED:GSC","OWNER_DATA_REQUIRED:BING","OWNER_DATA_REQUIRED:BING_AI_PERFORMANCE","OWNER_DATA_REQUIRED:NAVER","OWNER_DATA_REQUIRED:NAVER","OWNER_DATA_REQUIRED:GA4","OWNER_DATA_REQUIRED:GA4","OWNER_DATA_REQUIRED:GA4_NETLIFY","NOT_MEASURED","templated-review","exact-unique","NO_EXACT_H1_DUPLICATE; GSC_QUERY_DATA_REQUIRED","https://reumlab.com/cost/academy/","INDEX / SELF_CANONICAL_STATIC_VERIFIED","MONITOR","템플릿 유사 가능성은 있으나 검색·전환 데이터 없이 삭제·통합하지 않음","P2-monitor","SEO owner"
"https://reumlab.com/cost/taekwondo/","cost_landing","industry_cost","예산과 포함 범위를 비교하는 구매 의사결정자","OWNER_DATA_REQUIRED:GSC","OWNER_DATA_REQUIRED:GSC","OWNER_DATA_REQUIRED:GSC","OWNER_DATA_REQUIRED:GSC","OWNER_DATA_REQUIRED:BING","OWNER_DATA_REQUIRED:BING_AI_PERFORMANCE","OWNER_DATA_REQUIRED:NAVER","OWNER_DATA_REQUIRED:NAVER","OWNER_DATA_REQUIRED:GA4","OWNER_DATA_REQUIRED:GA4","OWNER_DATA_REQUIRED:GA4_NETLIFY","NOT_MEASURED","templated-review","exact-unique","NO_EXACT_H1_DUPLICATE; GSC_QUERY_DATA_REQUIRED","https://reumlab.com/cost/academy/","INDEX / SELF_CANONICAL_STATIC_VERIFIED","MONITOR","템플릿 유사 가능성은 있으나 검색·전환 데이터 없이 삭제·통합하지 않음","P2-monitor","SEO owner"
"https://reumlab.com/cost/tailor/","cost_landing","industry_cost","예산과 포함 범위를 비교하는 구매 의사결정자","OWNER_DATA_REQUIRED:GSC","OWNER_DATA_REQUIRED:GSC","OWNER_DATA_REQUIRED:GSC","OWNER_DATA_REQUIRED:GSC","OWNER_DATA_REQUIRED:BING","OWNER_DATA_REQUIRED:BING_AI_PERFORMANCE","OWNER_DATA_REQUIRED:NAVER","OWNER_DATA_REQUIRED:NAVER","OWNER_DATA_REQUIRED:GA4","OWNER_DATA_REQUIRED:GA4","OWNER_DATA_REQUIRED:GA4_NETLIFY","NOT_MEASURED","templated-review","exact-unique","NO_EXACT_H1_DUPLICATE; GSC_QUERY_DATA_REQUIRED","https://reumlab.com/cost/academy/","INDEX / SELF_CANONICAL_STATIC_VERIFIED","MONITOR","템플릿 유사 가능성은 있으나 검색·전환 데이터 없이 삭제·통합하지 않음","P2-monitor","SEO owner"
"https://reumlab.com/cost/tax-accounting/","cost_landing","industry_cost","예산과 포함 범위를 비교하는 구매 의사결정자","OWNER_DATA_REQUIRED:GSC","OWNER_DATA_REQUIRED:GSC","OWNER_DATA_REQUIRED:GSC","OWNER_DATA_REQUIRED:GSC","OWNER_DATA_REQUIRED:BING","OWNER_DATA_REQUIRED:BING_AI_PERFORMANCE","OWNER_DATA_REQUIRED:NAVER","OWNER_DATA_REQUIRED:NAVER","OWNER_DATA_REQUIRED:GA4","OWNER_DATA_REQUIRED:GA4","OWNER_DATA_REQUIRED:GA4_NETLIFY","NOT_MEASURED","templated-review","exact-unique","NO_EXACT_H1_DUPLICATE; GSC_QUERY_DATA_REQUIRED","https://reumlab.com/cost/academy/","INDEX / SELF_CANONICAL_STATIC_VERIFIED","MONITOR","템플릿 유사 가능성은 있으나 검색·전환 데이터 없이 삭제·통합하지 않음","P2-monitor","SEO owner"
"https://reumlab.com/cost/telemedicine/","cost_landing","industry_cost","예산과 포함 범위를 비교하는 구매 의사결정자","OWNER_DATA_REQUIRED:GSC","OWNER_DATA_REQUIRED:GSC","OWNER_DATA_REQUIRED:GSC","OWNER_DATA_REQUIRED:GSC","OWNER_DATA_REQUIRED:BING","OWNER_DATA_REQUIRED:BING_AI_PERFORMANCE","OWNER_DATA_REQUIRED:NAVER","OWNER_DATA_REQUIRED:NAVER","OWNER_DATA_REQUIRED:GA4","OWNER_DATA_REQUIRED:GA4","OWNER_DATA_REQUIRED:GA4_NETLIFY","NOT_MEASURED","templated-review","exact-unique","NO_EXACT_H1_DUPLICATE; GSC_QUERY_DATA_REQUIRED","https://reumlab.com/cost/academy/","INDEX / SELF_CANONICAL_STATIC_VERIFIED","MONITOR","템플릿 유사 가능성은 있으나 검색·전환 데이터 없이 삭제·통합하지 않음","P2-monitor","SEO owner"
"https://reumlab.com/cost/translation/","cost_landing","industry_cost","예산과 포함 범위를 비교하는 구매 의사결정자","OWNER_DATA_REQUIRED:GSC","OWNER_DATA_REQUIRED:GSC","OWNER_DATA_REQUIRED:GSC","OWNER_DATA_REQUIRED:GSC","OWNER_DATA_REQUIRED:BING","OWNER_DATA_REQUIRED:BING_AI_PERFORMANCE","OWNER_DATA_REQUIRED:NAVER","OWNER_DATA_REQUIRED:NAVER","OWNER_DATA_REQUIRED:GA4","OWNER_DATA_REQUIRED:GA4","OWNER_DATA_REQUIRED:GA4_NETLIFY","NOT_MEASURED","templated-review","exact-unique","NO_EXACT_H1_DUPLICATE; GSC_QUERY_DATA_REQUIRED","https://reumlab.com/cost/academy/","INDEX / SELF_CANONICAL_STATIC_VERIFIED","MONITOR","템플릿 유사 가능성은 있으나 검색·전환 데이터 없이 삭제·통합하지 않음","P2-monitor","SEO owner"
"https://reumlab.com/cost/travel/","cost_landing","industry_cost","예산과 포함 범위를 비교하는 구매 의사결정자","OWNER_DATA_REQUIRED:GSC","OWNER_DATA_REQUIRED:GSC","OWNER_DATA_REQUIRED:GSC","OWNER_DATA_REQUIRED:GSC","OWNER_DATA_REQUIRED:BING","OWNER_DATA_REQUIRED:BING_AI_PERFORMANCE","OWNER_DATA_REQUIRED:NAVER","OWNER_DATA_REQUIRED:NAVER","OWNER_DATA_REQUIRED:GA4","OWNER_DATA_REQUIRED:GA4","OWNER_DATA_REQUIRED:GA4_NETLIFY","NOT_MEASURED","templated-review","exact-unique","NO_EXACT_H1_DUPLICATE; GSC_QUERY_DATA_REQUIRED","https://reumlab.com/cost/academy/","INDEX / SELF_CANONICAL_STATIC_VERIFIED","MONITOR","템플릿 유사 가능성은 있으나 검색·전환 데이터 없이 삭제·통합하지 않음","P2-monitor","SEO owner"
"https://reumlab.com/cost/tutoring/","cost_landing","industry_cost","예산과 포함 범위를 비교하는 구매 의사결정자","OWNER_DATA_REQUIRED:GSC","OWNER_DATA_REQUIRED:GSC","OWNER_DATA_REQUIRED:GSC","OWNER_DATA_REQUIRED:GSC","OWNER_DATA_REQUIRED:BING","OWNER_DATA_REQUIRED:BING_AI_PERFORMANCE","OWNER_DATA_REQUIRED:NAVER","OWNER_DATA_REQUIRED:NAVER","OWNER_DATA_REQUIRED:GA4","OWNER_DATA_REQUIRED:GA4","OWNER_DATA_REQUIRED:GA4_NETLIFY","NOT_MEASURED","templated-review","exact-unique","NO_EXACT_H1_DUPLICATE; GSC_QUERY_DATA_REQUIRED","https://reumlab.com/cost/academy/","INDEX / SELF_CANONICAL_STATIC_VERIFIED","MONITOR","템플릿 유사 가능성은 있으나 검색·전환 데이터 없이 삭제·통합하지 않음","P2-monitor","SEO owner"
"https://reumlab.com/cost/university/","cost_landing","industry_cost","예산과 포함 범위를 비교하는 구매 의사결정자","OWNER_DATA_REQUIRED:GSC","OWNER_DATA_REQUIRED:GSC","OWNER_DATA_REQUIRED:GSC","OWNER_DATA_REQUIRED:GSC","OWNER_DATA_REQUIRED:BING","OWNER_DATA_REQUIRED:BING_AI_PERFORMANCE","OWNER_DATA_REQUIRED:NAVER","OWNER_DATA_REQUIRED:NAVER","OWNER_DATA_REQUIRED:GA4","OWNER_DATA_REQUIRED:GA4","OWNER_DATA_REQUIRED:GA4_NETLIFY","NOT_MEASURED","templated-review","exact-unique","NO_EXACT_H1_DUPLICATE; GSC_QUERY_DATA_REQUIRED","https://reumlab.com/cost/academy/","INDEX / SELF_CANONICAL_STATIC_VERIFIED","MONITOR","템플릿 유사 가능성은 있으나 검색·전환 데이터 없이 삭제·통합하지 않음","P2-monitor","SEO owner"
"https://reumlab.com/cost/unmanned-store/","cost_landing","industry_cost","예산과 포함 범위를 비교하는 구매 의사결정자","OWNER_DATA_REQUIRED:GSC","OWNER_DATA_REQUIRED:GSC","OWNER_DATA_REQUIRED:GSC","OWNER_DATA_REQUIRED:GSC","OWNER_DATA_REQUIRED:BING","OWNER_DATA_REQUIRED:BING_AI_PERFORMANCE","OWNER_DATA_REQUIRED:NAVER","OWNER_DATA_REQUIRED:NAVER","OWNER_DATA_REQUIRED:GA4","OWNER_DATA_REQUIRED:GA4","OWNER_DATA_REQUIRED:GA4_NETLIFY","NOT_MEASURED","templated-review","exact-unique","NO_EXACT_H1_DUPLICATE; GSC_QUERY_DATA_REQUIRED","https://reumlab.com/cost/academy/","INDEX / SELF_CANONICAL_STATIC_VERIFIED","MONITOR","템플릿 유사 가능성은 있으나 검색·전환 데이터 없이 삭제·통합하지 않음","P2-monitor","SEO owner"
"https://reumlab.com/cost/used-car/","cost_landing","industry_cost","예산과 포함 범위를 비교하는 구매 의사결정자","OWNER_DATA_REQUIRED:GSC","OWNER_DATA_REQUIRED:GSC","OWNER_DATA_REQUIRED:GSC","OWNER_DATA_REQUIRED:GSC","OWNER_DATA_REQUIRED:BING","OWNER_DATA_REQUIRED:BING_AI_PERFORMANCE","OWNER_DATA_REQUIRED:NAVER","OWNER_DATA_REQUIRED:NAVER","OWNER_DATA_REQUIRED:GA4","OWNER_DATA_REQUIRED:GA4","OWNER_DATA_REQUIRED:GA4_NETLIFY","NOT_MEASURED","templated-review","exact-unique","NO_EXACT_H1_DUPLICATE; GSC_QUERY_DATA_REQUIRED","https://reumlab.com/cost/academy/","INDEX / SELF_CANONICAL_STATIC_VERIFIED","MONITOR","템플릿 유사 가능성은 있으나 검색·전환 데이터 없이 삭제·통합하지 않음","P2-monitor","SEO owner"
"https://reumlab.com/cost/wedding/","cost_landing","industry_cost","예산과 포함 범위를 비교하는 구매 의사결정자","OWNER_DATA_REQUIRED:GSC","OWNER_DATA_REQUIRED:GSC","OWNER_DATA_REQUIRED:GSC","OWNER_DATA_REQUIRED:GSC","OWNER_DATA_REQUIRED:BING","OWNER_DATA_REQUIRED:BING_AI_PERFORMANCE","OWNER_DATA_REQUIRED:NAVER","OWNER_DATA_REQUIRED:NAVER","OWNER_DATA_REQUIRED:GA4","OWNER_DATA_REQUIRED:GA4","OWNER_DATA_REQUIRED:GA4_NETLIFY","NOT_MEASURED","templated-review","exact-unique","NO_EXACT_H1_DUPLICATE; GSC_QUERY_DATA_REQUIRED","https://reumlab.com/cost/academy/","INDEX / SELF_CANONICAL_STATIC_VERIFIED","MONITOR","템플릿 유사 가능성은 있으나 검색·전환 데이터 없이 삭제·통합하지 않음","P2-monitor","SEO owner"
"https://reumlab.com/cost/wholesale/","cost_landing","industry_cost","예산과 포함 범위를 비교하는 구매 의사결정자","OWNER_DATA_REQUIRED:GSC","OWNER_DATA_REQUIRED:GSC","OWNER_DATA_REQUIRED:GSC","OWNER_DATA_REQUIRED:GSC","OWNER_DATA_REQUIRED:BING","OWNER_DATA_REQUIRED:BING_AI_PERFORMANCE","OWNER_DATA_REQUIRED:NAVER","OWNER_DATA_REQUIRED:NAVER","OWNER_DATA_REQUIRED:GA4","OWNER_DATA_REQUIRED:GA4","OWNER_DATA_REQUIRED:GA4_NETLIFY","NOT_MEASURED","templated-review","exact-unique","NO_EXACT_H1_DUPLICATE; GSC_QUERY_DATA_REQUIRED","https://reumlab.com/cost/academy/","INDEX / SELF_CANONICAL_STATIC_VERIFIED","MONITOR","템플릿 유사 가능성은 있으나 검색·전환 데이터 없이 삭제·통합하지 않음","P2-monitor","SEO owner"
"https://reumlab.com/cost/yoga/","cost_landing","industry_cost","예산과 포함 범위를 비교하는 구매 의사결정자","OWNER_DATA_REQUIRED:GSC","OWNER_DATA_REQUIRED:GSC","OWNER_DATA_REQUIRED:GSC","OWNER_DATA_REQUIRED:GSC","OWNER_DATA_REQUIRED:BING","OWNER_DATA_REQUIRED:BING_AI_PERFORMANCE","OWNER_DATA_REQUIRED:NAVER","OWNER_DATA_REQUIRED:NAVER","OWNER_DATA_REQUIRED:GA4","OWNER_DATA_REQUIRED:GA4","OWNER_DATA_REQUIRED:GA4_NETLIFY","NOT_MEASURED","templated-review","exact-unique","NO_EXACT_H1_DUPLICATE; GSC_QUERY_DATA_REQUIRED","https://reumlab.com/cost/academy/","INDEX / SELF_CANONICAL_STATIC_VERIFIED","MONITOR","템플릿 유사 가능성은 있으나 검색·전환 데이터 없이 삭제·통합하지 않음","P2-monitor","SEO owner"
"https://reumlab.com/data-seo/","service_or_hub","service_or_hub","앱·웹·AI 개발 파트너를 찾는 사업자와 실무자","OWNER_DATA_REQUIRED:GSC","OWNER_DATA_REQUIRED:GSC","OWNER_DATA_REQUIRED:GSC","OWNER_DATA_REQUIRED:GSC","OWNER_DATA_REQUIRED:BING","OWNER_DATA_REQUIRED:BING_AI_PERFORMANCE","OWNER_DATA_REQUIRED:NAVER","OWNER_DATA_REQUIRED:NAVER","OWNER_DATA_REQUIRED:GA4","OWNER_DATA_REQUIRED:GA4","OWNER_DATA_REQUIRED:GA4_NETLIFY","NOT_MEASURED","moderate","exact-unique","NO_EXACT_H1_DUPLICATE; GSC_QUERY_DATA_REQUIRED","https://reumlab.com/academy-shopping-mall/","INDEX / SELF_CANONICAL_STATIC_VERIFIED","IMPROVE","핵심 의도와 기술 품질은 유효하나 인용 가능한 1차 근거 보강 여지 있음","P1","content+SEO"
"https://reumlab.com/enterprise-ai/","service_or_hub","service_or_hub","앱·웹·AI 개발 파트너를 찾는 사업자와 실무자","OWNER_DATA_REQUIRED:GSC","OWNER_DATA_REQUIRED:GSC","OWNER_DATA_REQUIRED:GSC","OWNER_DATA_REQUIRED:GSC","OWNER_DATA_REQUIRED:BING","OWNER_DATA_REQUIRED:BING_AI_PERFORMANCE","OWNER_DATA_REQUIRED:NAVER","OWNER_DATA_REQUIRED:NAVER","OWNER_DATA_REQUIRED:GA4","OWNER_DATA_REQUIRED:GA4","OWNER_DATA_REQUIRED:GA4_NETLIFY","NOT_MEASURED","moderate","exact-unique","NO_EXACT_H1_DUPLICATE; GSC_QUERY_DATA_REQUIRED","https://reumlab.com/academy-shopping-mall/","INDEX / SELF_CANONICAL_STATIC_VERIFIED","IMPROVE","핵심 의도와 기술 품질은 유효하나 인용 가능한 1차 근거 보강 여지 있음","P1","content+SEO"
"https://reumlab.com/erp/","service_or_hub","service_or_hub","앱·웹·AI 개발 파트너를 찾는 사업자와 실무자","OWNER_DATA_REQUIRED:GSC","OWNER_DATA_REQUIRED:GSC","OWNER_DATA_REQUIRED:GSC","OWNER_DATA_REQUIRED:GSC","OWNER_DATA_REQUIRED:BING","OWNER_DATA_REQUIRED:BING_AI_PERFORMANCE","OWNER_DATA_REQUIRED:NAVER","OWNER_DATA_REQUIRED:NAVER","OWNER_DATA_REQUIRED:GA4","OWNER_DATA_REQUIRED:GA4","OWNER_DATA_REQUIRED:GA4_NETLIFY","NOT_MEASURED","moderate","exact-unique","NO_EXACT_H1_DUPLICATE; GSC_QUERY_DATA_REQUIRED","https://reumlab.com/academy-shopping-mall/","INDEX / SELF_CANONICAL_STATIC_VERIFIED","IMPROVE","핵심 의도와 기술 품질은 유효하나 인용 가능한 1차 근거 보강 여지 있음","P1","content+SEO"
"https://reumlab.com/flutter/dongtan/","service_or_hub","service_or_hub","앱·웹·AI 개발 파트너를 찾는 사업자와 실무자","OWNER_DATA_REQUIRED:GSC","OWNER_DATA_REQUIRED:GSC","OWNER_DATA_REQUIRED:GSC","OWNER_DATA_REQUIRED:GSC","OWNER_DATA_REQUIRED:BING","OWNER_DATA_REQUIRED:BING_AI_PERFORMANCE","OWNER_DATA_REQUIRED:NAVER","OWNER_DATA_REQUIRED:NAVER","OWNER_DATA_REQUIRED:GA4","OWNER_DATA_REQUIRED:GA4","OWNER_DATA_REQUIRED:GA4_NETLIFY","NOT_MEASURED","moderate","exact-unique","NO_EXACT_H1_DUPLICATE; GSC_QUERY_DATA_REQUIRED","https://reumlab.com/academy-shopping-mall/","INDEX / SELF_CANONICAL_STATIC_VERIFIED","IMPROVE","핵심 의도와 기술 품질은 유효하나 인용 가능한 1차 근거 보강 여지 있음","P1","content+SEO"
"https://reumlab.com/flutter/hwaseong/","service_or_hub","service_or_hub","앱·웹·AI 개발 파트너를 찾는 사업자와 실무자","OWNER_DATA_REQUIRED:GSC","OWNER_DATA_REQUIRED:GSC","OWNER_DATA_REQUIRED:GSC","OWNER_DATA_REQUIRED:GSC","OWNER_DATA_REQUIRED:BING","OWNER_DATA_REQUIRED:BING_AI_PERFORMANCE","OWNER_DATA_REQUIRED:NAVER","OWNER_DATA_REQUIRED:NAVER","OWNER_DATA_REQUIRED:GA4","OWNER_DATA_REQUIRED:GA4","OWNER_DATA_REQUIRED:GA4_NETLIFY","NOT_MEASURED","moderate","exact-unique","NO_EXACT_H1_DUPLICATE; GSC_QUERY_DATA_REQUIRED","https://reumlab.com/academy-shopping-mall/","INDEX / SELF_CANONICAL_STATIC_VERIFIED","IMPROVE","핵심 의도와 기술 품질은 유효하나 인용 가능한 1차 근거 보강 여지 있음","P1","content+SEO"
"https://reumlab.com/flutter/","service_or_hub","service_or_hub","앱·웹·AI 개발 파트너를 찾는 사업자와 실무자","OWNER_DATA_REQUIRED:GSC","OWNER_DATA_REQUIRED:GSC","OWNER_DATA_REQUIRED:GSC","OWNER_DATA_REQUIRED:GSC","OWNER_DATA_REQUIRED:BING","OWNER_DATA_REQUIRED:BING_AI_PERFORMANCE","OWNER_DATA_REQUIRED:NAVER","OWNER_DATA_REQUIRED:NAVER","OWNER_DATA_REQUIRED:GA4","OWNER_DATA_REQUIRED:GA4","OWNER_DATA_REQUIRED:GA4_NETLIFY","NOT_MEASURED","moderate","exact-unique","NO_EXACT_H1_DUPLICATE; GSC_QUERY_DATA_REQUIRED","https://reumlab.com/academy-shopping-mall/","INDEX / SELF_CANONICAL_STATIC_VERIFIED","IMPROVE","핵심 의도와 기술 품질은 유효하나 인용 가능한 1차 근거 보강 여지 있음","P1","content+SEO"
"https://reumlab.com/flutter/suwon/","service_or_hub","service_or_hub","앱·웹·AI 개발 파트너를 찾는 사업자와 실무자","OWNER_DATA_REQUIRED:GSC","OWNER_DATA_REQUIRED:GSC","OWNER_DATA_REQUIRED:GSC","OWNER_DATA_REQUIRED:GSC","OWNER_DATA_REQUIRED:BING","OWNER_DATA_REQUIRED:BING_AI_PERFORMANCE","OWNER_DATA_REQUIRED:NAVER","OWNER_DATA_REQUIRED:NAVER","OWNER_DATA_REQUIRED:GA4","OWNER_DATA_REQUIRED:GA4","OWNER_DATA_REQUIRED:GA4_NETLIFY","NOT_MEASURED","moderate","exact-unique","NO_EXACT_H1_DUPLICATE; GSC_QUERY_DATA_REQUIRED","https://reumlab.com/academy-shopping-mall/","INDEX / SELF_CANONICAL_STATIC_VERIFIED","IMPROVE","핵심 의도와 기술 품질은 유효하나 인용 가능한 1차 근거 보강 여지 있음","P1","content+SEO"
"https://reumlab.com/flutter-development/","service_or_hub","service_or_hub","앱·웹·AI 개발 파트너를 찾는 사업자와 실무자","OWNER_DATA_REQUIRED:GSC","OWNER_DATA_REQUIRED:GSC","OWNER_DATA_REQUIRED:GSC","OWNER_DATA_REQUIRED:GSC","OWNER_DATA_REQUIRED:BING","OWNER_DATA_REQUIRED:BING_AI_PERFORMANCE","OWNER_DATA_REQUIRED:NAVER","OWNER_DATA_REQUIRED:NAVER","OWNER_DATA_REQUIRED:GA4","OWNER_DATA_REQUIRED:GA4","OWNER_DATA_REQUIRED:GA4_NETLIFY","NOT_MEASURED","moderate","exact-unique","NO_EXACT_H1_DUPLICATE; GSC_QUERY_DATA_REQUIRED","https://reumlab.com/academy-shopping-mall/","INDEX / SELF_CANONICAL_STATIC_VERIFIED","IMPROVE","핵심 의도와 기술 품질은 유효하나 인용 가능한 1차 근거 보강 여지 있음","P1","content+SEO"
"https://reumlab.com/guide/academy-app-guide/","guide","guide","개발 전 비용·범위·절차를 조사하는 잠재 고객","OWNER_DATA_REQUIRED:GSC","OWNER_DATA_REQUIRED:GSC","OWNER_DATA_REQUIRED:GSC","OWNER_DATA_REQUIRED:GSC","OWNER_DATA_REQUIRED:BING","OWNER_DATA_REQUIRED:BING_AI_PERFORMANCE","OWNER_DATA_REQUIRED:NAVER","OWNER_DATA_REQUIRED:NAVER","OWNER_DATA_REQUIRED:GA4","OWNER_DATA_REQUIRED:GA4","OWNER_DATA_REQUIRED:GA4_NETLIFY","NOT_MEASURED","strong","exact-unique","NO_EXACT_H1_DUPLICATE; GSC_QUERY_DATA_REQUIRED","https://reumlab.com/guide/agency-choice/","INDEX / SELF_CANONICAL_STATIC_VERIFIED","RETAIN","정적 품질 신호와 1차 근거가 강함; 성과 데이터로 유지 확인","P1","SEO owner"
"https://reumlab.com/guide/agency-choice/","guide","guide","개발 전 비용·범위·절차를 조사하는 잠재 고객","OWNER_DATA_REQUIRED:GSC","OWNER_DATA_REQUIRED:GSC","OWNER_DATA_REQUIRED:GSC","OWNER_DATA_REQUIRED:GSC","OWNER_DATA_REQUIRED:BING","OWNER_DATA_REQUIRED:BING_AI_PERFORMANCE","OWNER_DATA_REQUIRED:NAVER","OWNER_DATA_REQUIRED:NAVER","OWNER_DATA_REQUIRED:GA4","OWNER_DATA_REQUIRED:GA4","OWNER_DATA_REQUIRED:GA4_NETLIFY","NOT_MEASURED","strong","exact-unique","NO_EXACT_H1_DUPLICATE; GSC_QUERY_DATA_REQUIRED","https://reumlab.com/guide/academy-app-guide/","INDEX / SELF_CANONICAL_STATIC_VERIFIED","RETAIN","정적 품질 신호와 1차 근거가 강함; 성과 데이터로 유지 확인","P1","SEO owner"
"https://reumlab.com/guide/ai-automation-guide/","guide","guide","개발 전 비용·범위·절차를 조사하는 잠재 고객","OWNER_DATA_REQUIRED:GSC","OWNER_DATA_REQUIRED:GSC","OWNER_DATA_REQUIRED:GSC","OWNER_DATA_REQUIRED:GSC","OWNER_DATA_REQUIRED:BING","OWNER_DATA_REQUIRED:BING_AI_PERFORMANCE","OWNER_DATA_REQUIRED:NAVER","OWNER_DATA_REQUIRED:NAVER","OWNER_DATA_REQUIRED:GA4","OWNER_DATA_REQUIRED:GA4","OWNER_DATA_REQUIRED:GA4_NETLIFY","NOT_MEASURED","strong","exact-unique","NO_EXACT_H1_DUPLICATE; GSC_QUERY_DATA_REQUIRED","https://reumlab.com/guide/academy-app-guide/","INDEX / SELF_CANONICAL_STATIC_VERIFIED","RETAIN","정적 품질 신호와 1차 근거가 강함; 성과 데이터로 유지 확인","P1","SEO owner"
"https://reumlab.com/guide/app-cost/","guide","guide","개발 전 비용·범위·절차를 조사하는 잠재 고객","OWNER_DATA_REQUIRED:GSC","OWNER_DATA_REQUIRED:GSC","OWNER_DATA_REQUIRED:GSC","OWNER_DATA_REQUIRED:GSC","OWNER_DATA_REQUIRED:BING","OWNER_DATA_REQUIRED:BING_AI_PERFORMANCE","OWNER_DATA_REQUIRED:NAVER","OWNER_DATA_REQUIRED:NAVER","OWNER_DATA_REQUIRED:GA4","OWNER_DATA_REQUIRED:GA4","OWNER_DATA_REQUIRED:GA4_NETLIFY","NOT_MEASURED","strong","exact-unique","NO_EXACT_H1_DUPLICATE; GSC_QUERY_DATA_REQUIRED","https://reumlab.com/guide/academy-app-guide/","INDEX / SELF_CANONICAL_STATIC_VERIFIED","RETAIN","정적 품질 신호와 1차 근거가 강함; 성과 데이터로 유지 확인","P1","SEO owner"
"https://reumlab.com/guide/app-duration/","guide","guide","개발 전 비용·범위·절차를 조사하는 잠재 고객","OWNER_DATA_REQUIRED:GSC","OWNER_DATA_REQUIRED:GSC","OWNER_DATA_REQUIRED:GSC","OWNER_DATA_REQUIRED:GSC","OWNER_DATA_REQUIRED:BING","OWNER_DATA_REQUIRED:BING_AI_PERFORMANCE","OWNER_DATA_REQUIRED:NAVER","OWNER_DATA_REQUIRED:NAVER","OWNER_DATA_REQUIRED:GA4","OWNER_DATA_REQUIRED:GA4","OWNER_DATA_REQUIRED:GA4_NETLIFY","NOT_MEASURED","strong","exact-unique","NO_EXACT_H1_DUPLICATE; GSC_QUERY_DATA_REQUIRED","https://reumlab.com/guide/academy-app-guide/","INDEX / SELF_CANONICAL_STATIC_VERIFIED","RETAIN","정적 품질 신호와 1차 근거가 강함; 성과 데이터로 유지 확인","P1","SEO owner"
"https://reumlab.com/guide/b2b-saas-guide/","guide","guide","개발 전 비용·범위·절차를 조사하는 잠재 고객","OWNER_DATA_REQUIRED:GSC","OWNER_DATA_REQUIRED:GSC","OWNER_DATA_REQUIRED:GSC","OWNER_DATA_REQUIRED:GSC","OWNER_DATA_REQUIRED:BING","OWNER_DATA_REQUIRED:BING_AI_PERFORMANCE","OWNER_DATA_REQUIRED:NAVER","OWNER_DATA_REQUIRED:NAVER","OWNER_DATA_REQUIRED:GA4","OWNER_DATA_REQUIRED:GA4","OWNER_DATA_REQUIRED:GA4_NETLIFY","NOT_MEASURED","strong","exact-unique","NO_EXACT_H1_DUPLICATE; GSC_QUERY_DATA_REQUIRED","https://reumlab.com/guide/academy-app-guide/","INDEX / SELF_CANONICAL_STATIC_VERIFIED","RETAIN","정적 품질 신호와 1차 근거가 강함; 성과 데이터로 유지 확인","P1","SEO owner"
"https://reumlab.com/guide/booking-app-guide/","guide","guide","개발 전 비용·범위·절차를 조사하는 잠재 고객","OWNER_DATA_REQUIRED:GSC","OWNER_DATA_REQUIRED:GSC","OWNER_DATA_REQUIRED:GSC","OWNER_DATA_REQUIRED:GSC","OWNER_DATA_REQUIRED:BING","OWNER_DATA_REQUIRED:BING_AI_PERFORMANCE","OWNER_DATA_REQUIRED:NAVER","OWNER_DATA_REQUIRED:NAVER","OWNER_DATA_REQUIRED:GA4","OWNER_DATA_REQUIRED:GA4","OWNER_DATA_REQUIRED:GA4_NETLIFY","NOT_MEASURED","strong","exact-unique","NO_EXACT_H1_DUPLICATE; GSC_QUERY_DATA_REQUIRED","https://reumlab.com/guide/academy-app-guide/","INDEX / SELF_CANONICAL_STATIC_VERIFIED","RETAIN","정적 품질 신호와 1차 근거가 강함; 성과 데이터로 유지 확인","P1","SEO owner"
"https://reumlab.com/guide/cafe-app-guide/","guide","guide","개발 전 비용·범위·절차를 조사하는 잠재 고객","OWNER_DATA_REQUIRED:GSC","OWNER_DATA_REQUIRED:GSC","OWNER_DATA_REQUIRED:GSC","OWNER_DATA_REQUIRED:GSC","OWNER_DATA_REQUIRED:BING","OWNER_DATA_REQUIRED:BING_AI_PERFORMANCE","OWNER_DATA_REQUIRED:NAVER","OWNER_DATA_REQUIRED:NAVER","OWNER_DATA_REQUIRED:GA4","OWNER_DATA_REQUIRED:GA4","OWNER_DATA_REQUIRED:GA4_NETLIFY","NOT_MEASURED","strong","exact-unique","NO_EXACT_H1_DUPLICATE; GSC_QUERY_DATA_REQUIRED","https://reumlab.com/guide/academy-app-guide/","INDEX / SELF_CANONICAL_STATIC_VERIFIED","RETAIN","정적 품질 신호와 1차 근거가 강함; 성과 데이터로 유지 확인","P1","SEO owner"
"https://reumlab.com/guide/chatbot-cost/","guide","guide","개발 전 비용·범위·절차를 조사하는 잠재 고객","OWNER_DATA_REQUIRED:GSC","OWNER_DATA_REQUIRED:GSC","OWNER_DATA_REQUIRED:GSC","OWNER_DATA_REQUIRED:GSC","OWNER_DATA_REQUIRED:BING","OWNER_DATA_REQUIRED:BING_AI_PERFORMANCE","OWNER_DATA_REQUIRED:NAVER","OWNER_DATA_REQUIRED:NAVER","OWNER_DATA_REQUIRED:GA4","OWNER_DATA_REQUIRED:GA4","OWNER_DATA_REQUIRED:GA4_NETLIFY","NOT_MEASURED","strong","exact-unique","NO_EXACT_H1_DUPLICATE; GSC_QUERY_DATA_REQUIRED","https://reumlab.com/guide/academy-app-guide/","INDEX / SELF_CANONICAL_STATIC_VERIFIED","RETAIN","정적 품질 신호와 1차 근거가 강함; 성과 데이터로 유지 확인","P1","SEO owner"
"https://reumlab.com/guide/cleaning-app-guide/","guide","guide","개발 전 비용·범위·절차를 조사하는 잠재 고객","OWNER_DATA_REQUIRED:GSC","OWNER_DATA_REQUIRED:GSC","OWNER_DATA_REQUIRED:GSC","OWNER_DATA_REQUIRED:GSC","OWNER_DATA_REQUIRED:BING","OWNER_DATA_REQUIRED:BING_AI_PERFORMANCE","OWNER_DATA_REQUIRED:NAVER","OWNER_DATA_REQUIRED:NAVER","OWNER_DATA_REQUIRED:GA4","OWNER_DATA_REQUIRED:GA4","OWNER_DATA_REQUIRED:GA4_NETLIFY","NOT_MEASURED","strong","exact-unique","NO_EXACT_H1_DUPLICATE; GSC_QUERY_DATA_REQUIRED","https://reumlab.com/guide/academy-app-guide/","INDEX / SELF_CANONICAL_STATIC_VERIFIED","RETAIN","정적 품질 신호와 1차 근거가 강함; 성과 데이터로 유지 확인","P1","SEO owner"
"https://reumlab.com/guide/community-app-guide/","guide","guide","개발 전 비용·범위·절차를 조사하는 잠재 고객","OWNER_DATA_REQUIRED:GSC","OWNER_DATA_REQUIRED:GSC","OWNER_DATA_REQUIRED:GSC","OWNER_DATA_REQUIRED:GSC","OWNER_DATA_REQUIRED:BING","OWNER_DATA_REQUIRED:BING_AI_PERFORMANCE","OWNER_DATA_REQUIRED:NAVER","OWNER_DATA_REQUIRED:NAVER","OWNER_DATA_REQUIRED:GA4","OWNER_DATA_REQUIRED:GA4","OWNER_DATA_REQUIRED:GA4_NETLIFY","NOT_MEASURED","strong","exact-unique","NO_EXACT_H1_DUPLICATE; GSC_QUERY_DATA_REQUIRED","https://reumlab.com/guide/academy-app-guide/","INDEX / SELF_CANONICAL_STATIC_VERIFIED","RETAIN","정적 품질 신호와 1차 근거가 강함; 성과 데이터로 유지 확인","P1","SEO owner"
"https://reumlab.com/guide/delivery-app-guide/","guide","guide","개발 전 비용·범위·절차를 조사하는 잠재 고객","OWNER_DATA_REQUIRED:GSC","OWNER_DATA_REQUIRED:GSC","OWNER_DATA_REQUIRED:GSC","OWNER_DATA_REQUIRED:GSC","OWNER_DATA_REQUIRED:BING","OWNER_DATA_REQUIRED:BING_AI_PERFORMANCE","OWNER_DATA_REQUIRED:NAVER","OWNER_DATA_REQUIRED:NAVER","OWNER_DATA_REQUIRED:GA4","OWNER_DATA_REQUIRED:GA4","OWNER_DATA_REQUIRED:GA4_NETLIFY","NOT_MEASURED","strong","exact-unique","NO_EXACT_H1_DUPLICATE; GSC_QUERY_DATA_REQUIRED","https://reumlab.com/guide/academy-app-guide/","INDEX / SELF_CANONICAL_STATIC_VERIFIED","RETAIN","정적 품질 신호와 1차 근거가 강함; 성과 데이터로 유지 확인","P1","SEO owner"
"https://reumlab.com/guide/dental-app-guide/","guide","guide","개발 전 비용·범위·절차를 조사하는 잠재 고객","OWNER_DATA_REQUIRED:GSC","OWNER_DATA_REQUIRED:GSC","OWNER_DATA_REQUIRED:GSC","OWNER_DATA_REQUIRED:GSC","OWNER_DATA_REQUIRED:BING","OWNER_DATA_REQUIRED:BING_AI_PERFORMANCE","OWNER_DATA_REQUIRED:NAVER","OWNER_DATA_REQUIRED:NAVER","OWNER_DATA_REQUIRED:GA4","OWNER_DATA_REQUIRED:GA4","OWNER_DATA_REQUIRED:GA4_NETLIFY","NOT_MEASURED","strong","exact-unique","NO_EXACT_H1_DUPLICATE; GSC_QUERY_DATA_REQUIRED","https://reumlab.com/guide/academy-app-guide/","INDEX / SELF_CANONICAL_STATIC_VERIFIED","RETAIN","정적 품질 신호와 1차 근거가 강함; 성과 데이터로 유지 확인","P1","SEO owner"
"https://reumlab.com/guide/dev-process/","guide","guide","개발 전 비용·범위·절차를 조사하는 잠재 고객","OWNER_DATA_REQUIRED:GSC","OWNER_DATA_REQUIRED:GSC","OWNER_DATA_REQUIRED:GSC","OWNER_DATA_REQUIRED:GSC","OWNER_DATA_REQUIRED:BING","OWNER_DATA_REQUIRED:BING_AI_PERFORMANCE","OWNER_DATA_REQUIRED:NAVER","OWNER_DATA_REQUIRED:NAVER","OWNER_DATA_REQUIRED:GA4","OWNER_DATA_REQUIRED:GA4","OWNER_DATA_REQUIRED:GA4_NETLIFY","NOT_MEASURED","strong","exact-unique","NO_EXACT_H1_DUPLICATE; GSC_QUERY_DATA_REQUIRED","https://reumlab.com/guide/academy-app-guide/","INDEX / SELF_CANONICAL_STATIC_VERIFIED","RETAIN","정적 품질 신호와 1차 근거가 강함; 성과 데이터로 유지 확인","P1","SEO owner"
"https://reumlab.com/guide/dongtan-hwaseong/","guide","guide","개발 전 비용·범위·절차를 조사하는 잠재 고객","OWNER_DATA_REQUIRED:GSC","OWNER_DATA_REQUIRED:GSC","OWNER_DATA_REQUIRED:GSC","OWNER_DATA_REQUIRED:GSC","OWNER_DATA_REQUIRED:BING","OWNER_DATA_REQUIRED:BING_AI_PERFORMANCE","OWNER_DATA_REQUIRED:NAVER","OWNER_DATA_REQUIRED:NAVER","OWNER_DATA_REQUIRED:GA4","OWNER_DATA_REQUIRED:GA4","OWNER_DATA_REQUIRED:GA4_NETLIFY","NOT_MEASURED","strong","exact-unique","NO_EXACT_H1_DUPLICATE; GSC_QUERY_DATA_REQUIRED","https://reumlab.com/guide/academy-app-guide/","INDEX / SELF_CANONICAL_STATIC_VERIFIED","RETAIN","정적 품질 신호와 1차 근거가 강함; 성과 데이터로 유지 확인","P1","SEO owner"
"https://reumlab.com/guide/enterprise-ai-adoption/","guide","guide","개발 전 비용·범위·절차를 조사하는 잠재 고객","OWNER_DATA_REQUIRED:GSC","OWNER_DATA_REQUIRED:GSC","OWNER_DATA_REQUIRED:GSC","OWNER_DATA_REQUIRED:GSC","OWNER_DATA_REQUIRED:BING","OWNER_DATA_REQUIRED:BING_AI_PERFORMANCE","OWNER_DATA_REQUIRED:NAVER","OWNER_DATA_REQUIRED:NAVER","OWNER_DATA_REQUIRED:GA4","OWNER_DATA_REQUIRED:GA4","OWNER_DATA_REQUIRED:GA4_NETLIFY","NOT_MEASURED","strong","exact-unique","NO_EXACT_H1_DUPLICATE; GSC_QUERY_DATA_REQUIRED","https://reumlab.com/guide/academy-app-guide/","INDEX / SELF_CANONICAL_STATIC_VERIFIED","RETAIN","정적 품질 신호와 1차 근거가 강함; 성과 데이터로 유지 확인","P1","SEO owner"
"https://reumlab.com/guide/enterprise-ai-cost/","guide","guide","개발 전 비용·범위·절차를 조사하는 잠재 고객","OWNER_DATA_REQUIRED:GSC","OWNER_DATA_REQUIRED:GSC","OWNER_DATA_REQUIRED:GSC","OWNER_DATA_REQUIRED:GSC","OWNER_DATA_REQUIRED:BING","OWNER_DATA_REQUIRED:BING_AI_PERFORMANCE","OWNER_DATA_REQUIRED:NAVER","OWNER_DATA_REQUIRED:NAVER","OWNER_DATA_REQUIRED:GA4","OWNER_DATA_REQUIRED:GA4","OWNER_DATA_REQUIRED:GA4_NETLIFY","NOT_MEASURED","strong","exact-unique","NO_EXACT_H1_DUPLICATE; GSC_QUERY_DATA_REQUIRED","https://reumlab.com/guide/academy-app-guide/","INDEX / SELF_CANONICAL_STATIC_VERIFIED","RETAIN","정적 품질 신호와 1차 근거가 강함; 성과 데이터로 유지 확인","P1","SEO owner"
"https://reumlab.com/guide/erp-cost/","guide","guide","개발 전 비용·범위·절차를 조사하는 잠재 고객","OWNER_DATA_REQUIRED:GSC","OWNER_DATA_REQUIRED:GSC","OWNER_DATA_REQUIRED:GSC","OWNER_DATA_REQUIRED:GSC","OWNER_DATA_REQUIRED:BING","OWNER_DATA_REQUIRED:BING_AI_PERFORMANCE","OWNER_DATA_REQUIRED:NAVER","OWNER_DATA_REQUIRED:NAVER","OWNER_DATA_REQUIRED:GA4","OWNER_DATA_REQUIRED:GA4","OWNER_DATA_REQUIRED:GA4_NETLIFY","NOT_MEASURED","strong","exact-unique","NO_EXACT_H1_DUPLICATE; GSC_QUERY_DATA_REQUIRED","https://reumlab.com/guide/academy-app-guide/","INDEX / SELF_CANONICAL_STATIC_VERIFIED","RETAIN","정적 품질 신호와 1차 근거가 강함; 성과 데이터로 유지 확인","P1","SEO owner"
"https://reumlab.com/guide/fitness-app-guide/","guide","guide","개발 전 비용·범위·절차를 조사하는 잠재 고객","OWNER_DATA_REQUIRED:GSC","OWNER_DATA_REQUIRED:GSC","OWNER_DATA_REQUIRED:GSC","OWNER_DATA_REQUIRED:GSC","OWNER_DATA_REQUIRED:BING","OWNER_DATA_REQUIRED:BING_AI_PERFORMANCE","OWNER_DATA_REQUIRED:NAVER","OWNER_DATA_REQUIRED:NAVER","OWNER_DATA_REQUIRED:GA4","OWNER_DATA_REQUIRED:GA4","OWNER_DATA_REQUIRED:GA4_NETLIFY","NOT_MEASURED","strong","exact-unique","NO_EXACT_H1_DUPLICATE; GSC_QUERY_DATA_REQUIRED","https://reumlab.com/guide/academy-app-guide/","INDEX / SELF_CANONICAL_STATIC_VERIFIED","RETAIN","정적 품질 신호와 1차 근거가 강함; 성과 데이터로 유지 확인","P1","SEO owner"
"https://reumlab.com/guide/flutter-cost/","guide","guide","개발 전 비용·범위·절차를 조사하는 잠재 고객","OWNER_DATA_REQUIRED:GSC","OWNER_DATA_REQUIRED:GSC","OWNER_DATA_REQUIRED:GSC","OWNER_DATA_REQUIRED:GSC","OWNER_DATA_REQUIRED:BING","OWNER_DATA_REQUIRED:BING_AI_PERFORMANCE","OWNER_DATA_REQUIRED:NAVER","OWNER_DATA_REQUIRED:NAVER","OWNER_DATA_REQUIRED:GA4","OWNER_DATA_REQUIRED:GA4","OWNER_DATA_REQUIRED:GA4_NETLIFY","NOT_MEASURED","strong","exact-unique","NO_EXACT_H1_DUPLICATE; GSC_QUERY_DATA_REQUIRED","https://reumlab.com/guide/academy-app-guide/","INDEX / SELF_CANONICAL_STATIC_VERIFIED","RETAIN","정적 품질 신호와 1차 근거가 강함; 성과 데이터로 유지 확인","P1","SEO owner"
"https://reumlab.com/guide/hair-salon-app-guide/","guide","guide","개발 전 비용·범위·절차를 조사하는 잠재 고객","OWNER_DATA_REQUIRED:GSC","OWNER_DATA_REQUIRED:GSC","OWNER_DATA_REQUIRED:GSC","OWNER_DATA_REQUIRED:GSC","OWNER_DATA_REQUIRED:BING","OWNER_DATA_REQUIRED:BING_AI_PERFORMANCE","OWNER_DATA_REQUIRED:NAVER","OWNER_DATA_REQUIRED:NAVER","OWNER_DATA_REQUIRED:GA4","OWNER_DATA_REQUIRED:GA4","OWNER_DATA_REQUIRED:GA4_NETLIFY","NOT_MEASURED","strong","exact-unique","NO_EXACT_H1_DUPLICATE; GSC_QUERY_DATA_REQUIRED","https://reumlab.com/guide/academy-app-guide/","INDEX / SELF_CANONICAL_STATIC_VERIFIED","RETAIN","정적 품질 신호와 1차 근거가 강함; 성과 데이터로 유지 확인","P1","SEO owner"
"https://reumlab.com/guide/hospital-app-guide/","guide","guide","개발 전 비용·범위·절차를 조사하는 잠재 고객","OWNER_DATA_REQUIRED:GSC","OWNER_DATA_REQUIRED:GSC","OWNER_DATA_REQUIRED:GSC","OWNER_DATA_REQUIRED:GSC","OWNER_DATA_REQUIRED:BING","OWNER_DATA_REQUIRED:BING_AI_PERFORMANCE","OWNER_DATA_REQUIRED:NAVER","OWNER_DATA_REQUIRED:NAVER","OWNER_DATA_REQUIRED:GA4","OWNER_DATA_REQUIRED:GA4","OWNER_DATA_REQUIRED:GA4_NETLIFY","NOT_MEASURED","strong","exact-unique","NO_EXACT_H1_DUPLICATE; GSC_QUERY_DATA_REQUIRED","https://reumlab.com/guide/academy-app-guide/","INDEX / SELF_CANONICAL_STATIC_VERIFIED","RETAIN","정적 품질 신호와 1차 근거가 강함; 성과 데이터로 유지 확인","P1","SEO owner"
"https://reumlab.com/guide/","guide","guide_hub","개발 전 비용·범위·절차를 조사하는 잠재 고객","OWNER_DATA_REQUIRED:GSC","OWNER_DATA_REQUIRED:GSC","OWNER_DATA_REQUIRED:GSC","OWNER_DATA_REQUIRED:GSC","OWNER_DATA_REQUIRED:BING","OWNER_DATA_REQUIRED:BING_AI_PERFORMANCE","OWNER_DATA_REQUIRED:NAVER","OWNER_DATA_REQUIRED:NAVER","OWNER_DATA_REQUIRED:GA4","OWNER_DATA_REQUIRED:GA4","OWNER_DATA_REQUIRED:GA4_NETLIFY","NOT_MEASURED","templated-review","exact-unique","NO_EXACT_H1_DUPLICATE; GSC_QUERY_DATA_REQUIRED","NONE_IN_STATIC_INTENT_GROUP","INDEX / SELF_CANONICAL_STATIC_VERIFIED","MONITOR","템플릿 유사 가능성은 있으나 검색·전환 데이터 없이 삭제·통합하지 않음","P2-monitor","SEO owner"
"https://reumlab.com/guide/interior-app-guide/","guide","guide","개발 전 비용·범위·절차를 조사하는 잠재 고객","OWNER_DATA_REQUIRED:GSC","OWNER_DATA_REQUIRED:GSC","OWNER_DATA_REQUIRED:GSC","OWNER_DATA_REQUIRED:GSC","OWNER_DATA_REQUIRED:BING","OWNER_DATA_REQUIRED:BING_AI_PERFORMANCE","OWNER_DATA_REQUIRED:NAVER","OWNER_DATA_REQUIRED:NAVER","OWNER_DATA_REQUIRED:GA4","OWNER_DATA_REQUIRED:GA4","OWNER_DATA_REQUIRED:GA4_NETLIFY","NOT_MEASURED","strong","exact-unique","NO_EXACT_H1_DUPLICATE; GSC_QUERY_DATA_REQUIRED","https://reumlab.com/guide/academy-app-guide/","INDEX / SELF_CANONICAL_STATIC_VERIFIED","RETAIN","정적 품질 신호와 1차 근거가 강함; 성과 데이터로 유지 확인","P1","SEO owner"
"https://reumlab.com/guide/kids-cafe-app-guide/","guide","guide","개발 전 비용·범위·절차를 조사하는 잠재 고객","OWNER_DATA_REQUIRED:GSC","OWNER_DATA_REQUIRED:GSC","OWNER_DATA_REQUIRED:GSC","OWNER_DATA_REQUIRED:GSC","OWNER_DATA_REQUIRED:BING","OWNER_DATA_REQUIRED:BING_AI_PERFORMANCE","OWNER_DATA_REQUIRED:NAVER","OWNER_DATA_REQUIRED:NAVER","OWNER_DATA_REQUIRED:GA4","OWNER_DATA_REQUIRED:GA4","OWNER_DATA_REQUIRED:GA4_NETLIFY","NOT_MEASURED","strong","exact-unique","NO_EXACT_H1_DUPLICATE; GSC_QUERY_DATA_REQUIRED","https://reumlab.com/guide/academy-app-guide/","INDEX / SELF_CANONICAL_STATIC_VERIFIED","RETAIN","정적 품질 신호와 1차 근거가 강함; 성과 데이터로 유지 확인","P1","SEO owner"
"https://reumlab.com/guide/lodging-app-guide/","guide","guide","개발 전 비용·범위·절차를 조사하는 잠재 고객","OWNER_DATA_REQUIRED:GSC","OWNER_DATA_REQUIRED:GSC","OWNER_DATA_REQUIRED:GSC","OWNER_DATA_REQUIRED:GSC","OWNER_DATA_REQUIRED:BING","OWNER_DATA_REQUIRED:BING_AI_PERFORMANCE","OWNER_DATA_REQUIRED:NAVER","OWNER_DATA_REQUIRED:NAVER","OWNER_DATA_REQUIRED:GA4","OWNER_DATA_REQUIRED:GA4","OWNER_DATA_REQUIRED:GA4_NETLIFY","NOT_MEASURED","strong","exact-unique","NO_EXACT_H1_DUPLICATE; GSC_QUERY_DATA_REQUIRED","https://reumlab.com/guide/academy-app-guide/","INDEX / SELF_CANONICAL_STATIC_VERIFIED","RETAIN","정적 품질 신호와 1차 근거가 강함; 성과 데이터로 유지 확인","P1","SEO owner"
"https://reumlab.com/guide/manufacturing-app-guide/","guide","guide","개발 전 비용·범위·절차를 조사하는 잠재 고객","OWNER_DATA_REQUIRED:GSC","OWNER_DATA_REQUIRED:GSC","OWNER_DATA_REQUIRED:GSC","OWNER_DATA_REQUIRED:GSC","OWNER_DATA_REQUIRED:BING","OWNER_DATA_REQUIRED:BING_AI_PERFORMANCE","OWNER_DATA_REQUIRED:NAVER","OWNER_DATA_REQUIRED:NAVER","OWNER_DATA_REQUIRED:GA4","OWNER_DATA_REQUIRED:GA4","OWNER_DATA_REQUIRED:GA4_NETLIFY","NOT_MEASURED","strong","exact-unique","NO_EXACT_H1_DUPLICATE; GSC_QUERY_DATA_REQUIRED","https://reumlab.com/guide/academy-app-guide/","INDEX / SELF_CANONICAL_STATIC_VERIFIED","RETAIN","정적 품질 신호와 1차 근거가 강함; 성과 데이터로 유지 확인","P1","SEO owner"
"https://reumlab.com/guide/mvp-cost/","guide","guide","개발 전 비용·범위·절차를 조사하는 잠재 고객","OWNER_DATA_REQUIRED:GSC","OWNER_DATA_REQUIRED:GSC","OWNER_DATA_REQUIRED:GSC","OWNER_DATA_REQUIRED:GSC","OWNER_DATA_REQUIRED:BING","OWNER_DATA_REQUIRED:BING_AI_PERFORMANCE","OWNER_DATA_REQUIRED:NAVER","OWNER_DATA_REQUIRED:NAVER","OWNER_DATA_REQUIRED:GA4","OWNER_DATA_REQUIRED:GA4","OWNER_DATA_REQUIRED:GA4_NETLIFY","NOT_MEASURED","strong","exact-unique","NO_EXACT_H1_DUPLICATE; GSC_QUERY_DATA_REQUIRED","https://reumlab.com/guide/academy-app-guide/","INDEX / SELF_CANONICAL_STATIC_VERIFIED","RETAIN","정적 품질 신호와 1차 근거가 강함; 성과 데이터로 유지 확인","P1","SEO owner"
"https://reumlab.com/guide/mvp-priority/","guide","guide","개발 전 비용·범위·절차를 조사하는 잠재 고객","OWNER_DATA_REQUIRED:GSC","OWNER_DATA_REQUIRED:GSC","OWNER_DATA_REQUIRED:GSC","OWNER_DATA_REQUIRED:GSC","OWNER_DATA_REQUIRED:BING","OWNER_DATA_REQUIRED:BING_AI_PERFORMANCE","OWNER_DATA_REQUIRED:NAVER","OWNER_DATA_REQUIRED:NAVER","OWNER_DATA_REQUIRED:GA4","OWNER_DATA_REQUIRED:GA4","OWNER_DATA_REQUIRED:GA4_NETLIFY","NOT_MEASURED","strong","exact-unique","NO_EXACT_H1_DUPLICATE; GSC_QUERY_DATA_REQUIRED","https://reumlab.com/guide/academy-app-guide/","INDEX / SELF_CANONICAL_STATIC_VERIFIED","RETAIN","정적 품질 신호와 1차 근거가 강함; 성과 데이터로 유지 확인","P1","SEO owner"
"https://reumlab.com/guide/non-developer-app/","guide","guide","개발 전 비용·범위·절차를 조사하는 잠재 고객","OWNER_DATA_REQUIRED:GSC","OWNER_DATA_REQUIRED:GSC","OWNER_DATA_REQUIRED:GSC","OWNER_DATA_REQUIRED:GSC","OWNER_DATA_REQUIRED:BING","OWNER_DATA_REQUIRED:BING_AI_PERFORMANCE","OWNER_DATA_REQUIRED:NAVER","OWNER_DATA_REQUIRED:NAVER","OWNER_DATA_REQUIRED:GA4","OWNER_DATA_REQUIRED:GA4","OWNER_DATA_REQUIRED:GA4_NETLIFY","NOT_MEASURED","strong","exact-unique","NO_EXACT_H1_DUPLICATE; GSC_QUERY_DATA_REQUIRED","https://reumlab.com/guide/academy-app-guide/","INDEX / SELF_CANONICAL_STATIC_VERIFIED","RETAIN","정적 품질 신호와 1차 근거가 강함; 성과 데이터로 유지 확인","P1","SEO owner"
"https://reumlab.com/guide/outsourcing-checklist/","guide","guide","개발 전 비용·범위·절차를 조사하는 잠재 고객","OWNER_DATA_REQUIRED:GSC","OWNER_DATA_REQUIRED:GSC","OWNER_DATA_REQUIRED:GSC","OWNER_DATA_REQUIRED:GSC","OWNER_DATA_REQUIRED:BING","OWNER_DATA_REQUIRED:BING_AI_PERFORMANCE","OWNER_DATA_REQUIRED:NAVER","OWNER_DATA_REQUIRED:NAVER","OWNER_DATA_REQUIRED:GA4","OWNER_DATA_REQUIRED:GA4","OWNER_DATA_REQUIRED:GA4_NETLIFY","NOT_MEASURED","strong","exact-unique","NO_EXACT_H1_DUPLICATE; GSC_QUERY_DATA_REQUIRED","https://reumlab.com/guide/academy-app-guide/","INDEX / SELF_CANONICAL_STATIC_VERIFIED","RETAIN","정적 품질 신호와 1차 근거가 강함; 성과 데이터로 유지 확인","P1","SEO owner"
"https://reumlab.com/guide/outsourcing-cost/","guide","guide","개발 전 비용·범위·절차를 조사하는 잠재 고객","OWNER_DATA_REQUIRED:GSC","OWNER_DATA_REQUIRED:GSC","OWNER_DATA_REQUIRED:GSC","OWNER_DATA_REQUIRED:GSC","OWNER_DATA_REQUIRED:BING","OWNER_DATA_REQUIRED:BING_AI_PERFORMANCE","OWNER_DATA_REQUIRED:NAVER","OWNER_DATA_REQUIRED:NAVER","OWNER_DATA_REQUIRED:GA4","OWNER_DATA_REQUIRED:GA4","OWNER_DATA_REQUIRED:GA4_NETLIFY","NOT_MEASURED","strong","exact-unique","NO_EXACT_H1_DUPLICATE; GSC_QUERY_DATA_REQUIRED","https://reumlab.com/guide/academy-app-guide/","INDEX / SELF_CANONICAL_STATIC_VERIFIED","RETAIN","정적 품질 신호와 1차 근거가 강함; 성과 데이터로 유지 확인","P1","SEO owner"
"https://reumlab.com/guide/pet-app-guide/","guide","guide","개발 전 비용·범위·절차를 조사하는 잠재 고객","OWNER_DATA_REQUIRED:GSC","OWNER_DATA_REQUIRED:GSC","OWNER_DATA_REQUIRED:GSC","OWNER_DATA_REQUIRED:GSC","OWNER_DATA_REQUIRED:BING","OWNER_DATA_REQUIRED:BING_AI_PERFORMANCE","OWNER_DATA_REQUIRED:NAVER","OWNER_DATA_REQUIRED:NAVER","OWNER_DATA_REQUIRED:GA4","OWNER_DATA_REQUIRED:GA4","OWNER_DATA_REQUIRED:GA4_NETLIFY","NOT_MEASURED","strong","exact-unique","NO_EXACT_H1_DUPLICATE; GSC_QUERY_DATA_REQUIRED","https://reumlab.com/guide/academy-app-guide/","INDEX / SELF_CANONICAL_STATIC_VERIFIED","RETAIN","정적 품질 신호와 1차 근거가 강함; 성과 데이터로 유지 확인","P1","SEO owner"
"https://reumlab.com/guide/pilates-app-guide/","guide","guide","개발 전 비용·범위·절차를 조사하는 잠재 고객","OWNER_DATA_REQUIRED:GSC","OWNER_DATA_REQUIRED:GSC","OWNER_DATA_REQUIRED:GSC","OWNER_DATA_REQUIRED:GSC","OWNER_DATA_REQUIRED:BING","OWNER_DATA_REQUIRED:BING_AI_PERFORMANCE","OWNER_DATA_REQUIRED:NAVER","OWNER_DATA_REQUIRED:NAVER","OWNER_DATA_REQUIRED:GA4","OWNER_DATA_REQUIRED:GA4","OWNER_DATA_REQUIRED:GA4_NETLIFY","NOT_MEASURED","strong","exact-unique","NO_EXACT_H1_DUPLICATE; GSC_QUERY_DATA_REQUIRED","https://reumlab.com/guide/academy-app-guide/","INDEX / SELF_CANONICAL_STATIC_VERIFIED","RETAIN","정적 품질 신호와 1차 근거가 강함; 성과 데이터로 유지 확인","P1","SEO owner"
"https://reumlab.com/guide/quote/","guide","guide","개발 전 비용·범위·절차를 조사하는 잠재 고객","OWNER_DATA_REQUIRED:GSC","OWNER_DATA_REQUIRED:GSC","OWNER_DATA_REQUIRED:GSC","OWNER_DATA_REQUIRED:GSC","OWNER_DATA_REQUIRED:BING","OWNER_DATA_REQUIRED:BING_AI_PERFORMANCE","OWNER_DATA_REQUIRED:NAVER","OWNER_DATA_REQUIRED:NAVER","OWNER_DATA_REQUIRED:GA4","OWNER_DATA_REQUIRED:GA4","OWNER_DATA_REQUIRED:GA4_NETLIFY","NOT_MEASURED","strong","exact-unique","NO_EXACT_H1_DUPLICATE; GSC_QUERY_DATA_REQUIRED","https://reumlab.com/guide/academy-app-guide/","INDEX / SELF_CANONICAL_STATIC_VERIFIED","RETAIN","정적 품질 신호와 1차 근거가 강함; 성과 데이터로 유지 확인","P1","SEO owner"
"https://reumlab.com/guide/rag-development/","guide","guide","개발 전 비용·범위·절차를 조사하는 잠재 고객","OWNER_DATA_REQUIRED:GSC","OWNER_DATA_REQUIRED:GSC","OWNER_DATA_REQUIRED:GSC","OWNER_DATA_REQUIRED:GSC","OWNER_DATA_REQUIRED:BING","OWNER_DATA_REQUIRED:BING_AI_PERFORMANCE","OWNER_DATA_REQUIRED:NAVER","OWNER_DATA_REQUIRED:NAVER","OWNER_DATA_REQUIRED:GA4","OWNER_DATA_REQUIRED:GA4","OWNER_DATA_REQUIRED:GA4_NETLIFY","NOT_MEASURED","strong","exact-unique","NO_EXACT_H1_DUPLICATE; GSC_QUERY_DATA_REQUIRED","https://reumlab.com/guide/academy-app-guide/","INDEX / SELF_CANONICAL_STATIC_VERIFIED","RETAIN","정적 품질 신호와 1차 근거가 강함; 성과 데이터로 유지 확인","P1","SEO owner"
"https://reumlab.com/guide/realestate-app-guide/","guide","guide","개발 전 비용·범위·절차를 조사하는 잠재 고객","OWNER_DATA_REQUIRED:GSC","OWNER_DATA_REQUIRED:GSC","OWNER_DATA_REQUIRED:GSC","OWNER_DATA_REQUIRED:GSC","OWNER_DATA_REQUIRED:BING","OWNER_DATA_REQUIRED:BING_AI_PERFORMANCE","OWNER_DATA_REQUIRED:NAVER","OWNER_DATA_REQUIRED:NAVER","OWNER_DATA_REQUIRED:GA4","OWNER_DATA_REQUIRED:GA4","OWNER_DATA_REQUIRED:GA4_NETLIFY","NOT_MEASURED","strong","exact-unique","NO_EXACT_H1_DUPLICATE; GSC_QUERY_DATA_REQUIRED","https://reumlab.com/guide/academy-app-guide/","INDEX / SELF_CANONICAL_STATIC_VERIFIED","RETAIN","정적 품질 신호와 1차 근거가 강함; 성과 데이터로 유지 확인","P1","SEO owner"
"https://reumlab.com/guide/restaurant-app-guide/","guide","guide","개발 전 비용·범위·절차를 조사하는 잠재 고객","OWNER_DATA_REQUIRED:GSC","OWNER_DATA_REQUIRED:GSC","OWNER_DATA_REQUIRED:GSC","OWNER_DATA_REQUIRED:GSC","OWNER_DATA_REQUIRED:BING","OWNER_DATA_REQUIRED:BING_AI_PERFORMANCE","OWNER_DATA_REQUIRED:NAVER","OWNER_DATA_REQUIRED:NAVER","OWNER_DATA_REQUIRED:GA4","OWNER_DATA_REQUIRED:GA4","OWNER_DATA_REQUIRED:GA4_NETLIFY","NOT_MEASURED","strong","exact-unique","NO_EXACT_H1_DUPLICATE; GSC_QUERY_DATA_REQUIRED","https://reumlab.com/guide/academy-app-guide/","INDEX / SELF_CANONICAL_STATIC_VERIFIED","RETAIN","정적 품질 신호와 1차 근거가 강함; 성과 데이터로 유지 확인","P1","SEO owner"
"https://reumlab.com/guide/shopping-app-guide/","guide","guide","개발 전 비용·범위·절차를 조사하는 잠재 고객","OWNER_DATA_REQUIRED:GSC","OWNER_DATA_REQUIRED:GSC","OWNER_DATA_REQUIRED:GSC","OWNER_DATA_REQUIRED:GSC","OWNER_DATA_REQUIRED:BING","OWNER_DATA_REQUIRED:BING_AI_PERFORMANCE","OWNER_DATA_REQUIRED:NAVER","OWNER_DATA_REQUIRED:NAVER","OWNER_DATA_REQUIRED:GA4","OWNER_DATA_REQUIRED:GA4","OWNER_DATA_REQUIRED:GA4_NETLIFY","NOT_MEASURED","strong","exact-unique","NO_EXACT_H1_DUPLICATE; GSC_QUERY_DATA_REQUIRED","https://reumlab.com/guide/academy-app-guide/","INDEX / SELF_CANONICAL_STATIC_VERIFIED","RETAIN","정적 품질 신호와 1차 근거가 강함; 성과 데이터로 유지 확인","P1","SEO owner"
"https://reumlab.com/guide/startup-mvp/","guide","guide","개발 전 비용·범위·절차를 조사하는 잠재 고객","OWNER_DATA_REQUIRED:GSC","OWNER_DATA_REQUIRED:GSC","OWNER_DATA_REQUIRED:GSC","OWNER_DATA_REQUIRED:GSC","OWNER_DATA_REQUIRED:BING","OWNER_DATA_REQUIRED:BING_AI_PERFORMANCE","OWNER_DATA_REQUIRED:NAVER","OWNER_DATA_REQUIRED:NAVER","OWNER_DATA_REQUIRED:GA4","OWNER_DATA_REQUIRED:GA4","OWNER_DATA_REQUIRED:GA4_NETLIFY","NOT_MEASURED","strong","exact-unique","NO_EXACT_H1_DUPLICATE; GSC_QUERY_DATA_REQUIRED","https://reumlab.com/guide/academy-app-guide/","INDEX / SELF_CANONICAL_STATIC_VERIFIED","RETAIN","정적 품질 신호와 1차 근거가 강함; 성과 데이터로 유지 확인","P1","SEO owner"
"https://reumlab.com/guide/studycafe-app-guide/","guide","guide","개발 전 비용·범위·절차를 조사하는 잠재 고객","OWNER_DATA_REQUIRED:GSC","OWNER_DATA_REQUIRED:GSC","OWNER_DATA_REQUIRED:GSC","OWNER_DATA_REQUIRED:GSC","OWNER_DATA_REQUIRED:BING","OWNER_DATA_REQUIRED:BING_AI_PERFORMANCE","OWNER_DATA_REQUIRED:NAVER","OWNER_DATA_REQUIRED:NAVER","OWNER_DATA_REQUIRED:GA4","OWNER_DATA_REQUIRED:GA4","OWNER_DATA_REQUIRED:GA4_NETLIFY","NOT_MEASURED","strong","exact-unique","NO_EXACT_H1_DUPLICATE; GSC_QUERY_DATA_REQUIRED","https://reumlab.com/guide/academy-app-guide/","INDEX / SELF_CANONICAL_STATIC_VERIFIED","RETAIN","정적 품질 신호와 1차 근거가 강함; 성과 데이터로 유지 확인","P1","SEO owner"
"https://reumlab.com/guide/subscription-app-guide/","guide","guide","개발 전 비용·범위·절차를 조사하는 잠재 고객","OWNER_DATA_REQUIRED:GSC","OWNER_DATA_REQUIRED:GSC","OWNER_DATA_REQUIRED:GSC","OWNER_DATA_REQUIRED:GSC","OWNER_DATA_REQUIRED:BING","OWNER_DATA_REQUIRED:BING_AI_PERFORMANCE","OWNER_DATA_REQUIRED:NAVER","OWNER_DATA_REQUIRED:NAVER","OWNER_DATA_REQUIRED:GA4","OWNER_DATA_REQUIRED:GA4","OWNER_DATA_REQUIRED:GA4_NETLIFY","NOT_MEASURED","strong","exact-unique","NO_EXACT_H1_DUPLICATE; GSC_QUERY_DATA_REQUIRED","https://reumlab.com/guide/academy-app-guide/","INDEX / SELF_CANONICAL_STATIC_VERIFIED","RETAIN","정적 품질 신호와 1차 근거가 강함; 성과 데이터로 유지 확인","P1","SEO owner"
"https://reumlab.com/guide/taekwondo-app-guide/","guide","guide","개발 전 비용·범위·절차를 조사하는 잠재 고객","OWNER_DATA_REQUIRED:GSC","OWNER_DATA_REQUIRED:GSC","OWNER_DATA_REQUIRED:GSC","OWNER_DATA_REQUIRED:GSC","OWNER_DATA_REQUIRED:BING","OWNER_DATA_REQUIRED:BING_AI_PERFORMANCE","OWNER_DATA_REQUIRED:NAVER","OWNER_DATA_REQUIRED:NAVER","OWNER_DATA_REQUIRED:GA4","OWNER_DATA_REQUIRED:GA4","OWNER_DATA_REQUIRED:GA4_NETLIFY","NOT_MEASURED","strong","exact-unique","NO_EXACT_H1_DUPLICATE; GSC_QUERY_DATA_REQUIRED","https://reumlab.com/guide/academy-app-guide/","INDEX / SELF_CANONICAL_STATIC_VERIFIED","RETAIN","정적 품질 신호와 1차 근거가 강함; 성과 데이터로 유지 확인","P1","SEO owner"
"https://reumlab.com/guide/web-cost/","guide","guide","개발 전 비용·범위·절차를 조사하는 잠재 고객","OWNER_DATA_REQUIRED:GSC","OWNER_DATA_REQUIRED:GSC","OWNER_DATA_REQUIRED:GSC","OWNER_DATA_REQUIRED:GSC","OWNER_DATA_REQUIRED:BING","OWNER_DATA_REQUIRED:BING_AI_PERFORMANCE","OWNER_DATA_REQUIRED:NAVER","OWNER_DATA_REQUIRED:NAVER","OWNER_DATA_REQUIRED:GA4","OWNER_DATA_REQUIRED:GA4","OWNER_DATA_REQUIRED:GA4_NETLIFY","NOT_MEASURED","strong","exact-unique","NO_EXACT_H1_DUPLICATE; GSC_QUERY_DATA_REQUIRED","https://reumlab.com/guide/academy-app-guide/","INDEX / SELF_CANONICAL_STATIC_VERIFIED","RETAIN","정적 품질 신호와 1차 근거가 강함; 성과 데이터로 유지 확인","P1","SEO owner"
"https://reumlab.com/guide/wedding-app-guide/","guide","guide","개발 전 비용·범위·절차를 조사하는 잠재 고객","OWNER_DATA_REQUIRED:GSC","OWNER_DATA_REQUIRED:GSC","OWNER_DATA_REQUIRED:GSC","OWNER_DATA_REQUIRED:GSC","OWNER_DATA_REQUIRED:BING","OWNER_DATA_REQUIRED:BING_AI_PERFORMANCE","OWNER_DATA_REQUIRED:NAVER","OWNER_DATA_REQUIRED:NAVER","OWNER_DATA_REQUIRED:GA4","OWNER_DATA_REQUIRED:GA4","OWNER_DATA_REQUIRED:GA4_NETLIFY","NOT_MEASURED","strong","exact-unique","NO_EXACT_H1_DUPLICATE; GSC_QUERY_DATA_REQUIRED","https://reumlab.com/guide/academy-app-guide/","INDEX / SELF_CANONICAL_STATIC_VERIFIED","RETAIN","정적 품질 신호와 1차 근거가 강함; 성과 데이터로 유지 확인","P1","SEO owner"
"https://reumlab.com/guide/wholesale-app-guide/","guide","guide","개발 전 비용·범위·절차를 조사하는 잠재 고객","OWNER_DATA_REQUIRED:GSC","OWNER_DATA_REQUIRED:GSC","OWNER_DATA_REQUIRED:GSC","OWNER_DATA_REQUIRED:GSC","OWNER_DATA_REQUIRED:BING","OWNER_DATA_REQUIRED:BING_AI_PERFORMANCE","OWNER_DATA_REQUIRED:NAVER","OWNER_DATA_REQUIRED:NAVER","OWNER_DATA_REQUIRED:GA4","OWNER_DATA_REQUIRED:GA4","OWNER_DATA_REQUIRED:GA4_NETLIFY","NOT_MEASURED","strong","exact-unique","NO_EXACT_H1_DUPLICATE; GSC_QUERY_DATA_REQUIRED","https://reumlab.com/guide/academy-app-guide/","INDEX / SELF_CANONICAL_STATIC_VERIFIED","RETAIN","정적 품질 신호와 1차 근거가 강함; 성과 데이터로 유지 확인","P1","SEO owner"
"https://reumlab.com/h/academy/","topic_hub","keyword_hub","앱·웹·AI 개발 파트너를 찾는 사업자와 실무자","OWNER_DATA_REQUIRED:GSC","OWNER_DATA_REQUIRED:GSC","OWNER_DATA_REQUIRED:GSC","OWNER_DATA_REQUIRED:GSC","OWNER_DATA_REQUIRED:BING","OWNER_DATA_REQUIRED:BING_AI_PERFORMANCE","OWNER_DATA_REQUIRED:NAVER","OWNER_DATA_REQUIRED:NAVER","OWNER_DATA_REQUIRED:GA4","OWNER_DATA_REQUIRED:GA4","OWNER_DATA_REQUIRED:GA4_NETLIFY","NOT_MEASURED","templated-review","exact-unique","NO_EXACT_H1_DUPLICATE; GSC_QUERY_DATA_REQUIRED","https://reumlab.com/h/cafe/","INDEX / SELF_CANONICAL_STATIC_VERIFIED","MONITOR","템플릿 유사 가능성은 있으나 검색·전환 데이터 없이 삭제·통합하지 않음","P2-monitor","SEO owner"
"https://reumlab.com/h/cafe/","topic_hub","keyword_hub","앱·웹·AI 개발 파트너를 찾는 사업자와 실무자","OWNER_DATA_REQUIRED:GSC","OWNER_DATA_REQUIRED:GSC","OWNER_DATA_REQUIRED:GSC","OWNER_DATA_REQUIRED:GSC","OWNER_DATA_REQUIRED:BING","OWNER_DATA_REQUIRED:BING_AI_PERFORMANCE","OWNER_DATA_REQUIRED:NAVER","OWNER_DATA_REQUIRED:NAVER","OWNER_DATA_REQUIRED:GA4","OWNER_DATA_REQUIRED:GA4","OWNER_DATA_REQUIRED:GA4_NETLIFY","NOT_MEASURED","templated-review","exact-unique","NO_EXACT_H1_DUPLICATE; GSC_QUERY_DATA_REQUIRED","https://reumlab.com/h/academy/","INDEX / SELF_CANONICAL_STATIC_VERIFIED","MONITOR","템플릿 유사 가능성은 있으나 검색·전환 데이터 없이 삭제·통합하지 않음","P2-monitor","SEO owner"
"https://reumlab.com/h/gym/","topic_hub","keyword_hub","앱·웹·AI 개발 파트너를 찾는 사업자와 실무자","OWNER_DATA_REQUIRED:GSC","OWNER_DATA_REQUIRED:GSC","OWNER_DATA_REQUIRED:GSC","OWNER_DATA_REQUIRED:GSC","OWNER_DATA_REQUIRED:BING","OWNER_DATA_REQUIRED:BING_AI_PERFORMANCE","OWNER_DATA_REQUIRED:NAVER","OWNER_DATA_REQUIRED:NAVER","OWNER_DATA_REQUIRED:GA4","OWNER_DATA_REQUIRED:GA4","OWNER_DATA_REQUIRED:GA4_NETLIFY","NOT_MEASURED","templated-review","exact-unique","NO_EXACT_H1_DUPLICATE; GSC_QUERY_DATA_REQUIRED","https://reumlab.com/h/academy/","INDEX / SELF_CANONICAL_STATIC_VERIFIED","MONITOR","템플릿 유사 가능성은 있으나 검색·전환 데이터 없이 삭제·통합하지 않음","P2-monitor","SEO owner"
"https://reumlab.com/h/restaurant/","topic_hub","keyword_hub","앱·웹·AI 개발 파트너를 찾는 사업자와 실무자","OWNER_DATA_REQUIRED:GSC","OWNER_DATA_REQUIRED:GSC","OWNER_DATA_REQUIRED:GSC","OWNER_DATA_REQUIRED:GSC","OWNER_DATA_REQUIRED:BING","OWNER_DATA_REQUIRED:BING_AI_PERFORMANCE","OWNER_DATA_REQUIRED:NAVER","OWNER_DATA_REQUIRED:NAVER","OWNER_DATA_REQUIRED:GA4","OWNER_DATA_REQUIRED:GA4","OWNER_DATA_REQUIRED:GA4_NETLIFY","NOT_MEASURED","templated-review","exact-unique","NO_EXACT_H1_DUPLICATE; GSC_QUERY_DATA_REQUIRED","https://reumlab.com/h/academy/","INDEX / SELF_CANONICAL_STATIC_VERIFIED","MONITOR","템플릿 유사 가능성은 있으나 검색·전환 데이터 없이 삭제·통합하지 않음","P2-monitor","SEO owner"
"https://reumlab.com/h/service-plan/","topic_hub","keyword_hub","앱·웹·AI 개발 파트너를 찾는 사업자와 실무자","OWNER_DATA_REQUIRED:GSC","OWNER_DATA_REQUIRED:GSC","OWNER_DATA_REQUIRED:GSC","OWNER_DATA_REQUIRED:GSC","OWNER_DATA_REQUIRED:BING","OWNER_DATA_REQUIRED:BING_AI_PERFORMANCE","OWNER_DATA_REQUIRED:NAVER","OWNER_DATA_REQUIRED:NAVER","OWNER_DATA_REQUIRED:GA4","OWNER_DATA_REQUIRED:GA4","OWNER_DATA_REQUIRED:GA4_NETLIFY","NOT_MEASURED","templated-review","exact-unique","NO_EXACT_H1_DUPLICATE; GSC_QUERY_DATA_REQUIRED","https://reumlab.com/h/academy/","INDEX / SELF_CANONICAL_STATIC_VERIFIED","MONITOR","템플릿 유사 가능성은 있으나 검색·전환 데이터 없이 삭제·통합하지 않음","P2-monitor","SEO owner"
"https://reumlab.com/h/shopping-mall/","topic_hub","keyword_hub","앱·웹·AI 개발 파트너를 찾는 사업자와 실무자","OWNER_DATA_REQUIRED:GSC","OWNER_DATA_REQUIRED:GSC","OWNER_DATA_REQUIRED:GSC","OWNER_DATA_REQUIRED:GSC","OWNER_DATA_REQUIRED:BING","OWNER_DATA_REQUIRED:BING_AI_PERFORMANCE","OWNER_DATA_REQUIRED:NAVER","OWNER_DATA_REQUIRED:NAVER","OWNER_DATA_REQUIRED:GA4","OWNER_DATA_REQUIRED:GA4","OWNER_DATA_REQUIRED:GA4_NETLIFY","NOT_MEASURED","templated-review","exact-unique","NO_EXACT_H1_DUPLICATE; GSC_QUERY_DATA_REQUIRED","https://reumlab.com/h/academy/","INDEX / SELF_CANONICAL_STATIC_VERIFIED","MONITOR","템플릿 유사 가능성은 있으나 검색·전환 데이터 없이 삭제·통합하지 않음","P2-monitor","SEO owner"
"https://reumlab.com/h/suwon/","topic_hub","keyword_hub","앱·웹·AI 개발 파트너를 찾는 사업자와 실무자","OWNER_DATA_REQUIRED:GSC","OWNER_DATA_REQUIRED:GSC","OWNER_DATA_REQUIRED:GSC","OWNER_DATA_REQUIRED:GSC","OWNER_DATA_REQUIRED:BING","OWNER_DATA_REQUIRED:BING_AI_PERFORMANCE","OWNER_DATA_REQUIRED:NAVER","OWNER_DATA_REQUIRED:NAVER","OWNER_DATA_REQUIRED:GA4","OWNER_DATA_REQUIRED:GA4","OWNER_DATA_REQUIRED:GA4_NETLIFY","NOT_MEASURED","templated-review","exact-unique","NO_EXACT_H1_DUPLICATE; GSC_QUERY_DATA_REQUIRED","https://reumlab.com/h/academy/","INDEX / SELF_CANONICAL_STATIC_VERIFIED","MONITOR","템플릿 유사 가능성은 있으나 검색·전환 데이터 없이 삭제·통합하지 않음","P2-monitor","SEO owner"
"https://reumlab.com/","home","home","앱·웹·AI 개발 파트너를 찾는 사업자와 실무자","OWNER_DATA_REQUIRED:GSC","OWNER_DATA_REQUIRED:GSC","OWNER_DATA_REQUIRED:GSC","OWNER_DATA_REQUIRED:GSC","OWNER_DATA_REQUIRED:BING","OWNER_DATA_REQUIRED:BING_AI_PERFORMANCE","OWNER_DATA_REQUIRED:NAVER","OWNER_DATA_REQUIRED:NAVER","OWNER_DATA_REQUIRED:GA4","OWNER_DATA_REQUIRED:GA4","OWNER_DATA_REQUIRED:GA4_NETLIFY","NOT_MEASURED","strong","exact-unique","NO_EXACT_H1_DUPLICATE; GSC_QUERY_DATA_REQUIRED","NONE_IN_STATIC_INTENT_GROUP","INDEX / SELF_CANONICAL_STATIC_VERIFIED","RETAIN","정적 품질 신호와 1차 근거가 강함; 성과 데이터로 유지 확인","P1","SEO owner"
"https://reumlab.com/l/academy-shopping-mall/","programmatic_landing","legacy_landing","앱·웹·AI 개발 파트너를 찾는 사업자와 실무자","OWNER_DATA_REQUIRED:GSC","OWNER_DATA_REQUIRED:GSC","OWNER_DATA_REQUIRED:GSC","OWNER_DATA_REQUIRED:GSC","OWNER_DATA_REQUIRED:BING","OWNER_DATA_REQUIRED:BING_AI_PERFORMANCE","OWNER_DATA_REQUIRED:NAVER","OWNER_DATA_REQUIRED:NAVER","OWNER_DATA_REQUIRED:GA4","OWNER_DATA_REQUIRED:GA4","OWNER_DATA_REQUIRED:GA4_NETLIFY","NOT_MEASURED","templated-review","exact-unique","NO_EXACT_H1_DUPLICATE; GSC_QUERY_DATA_REQUIRED","https://reumlab.com/l/cafe-app-dev-out/","INDEX / SELF_CANONICAL_STATIC_VERIFIED","MONITOR","템플릿 유사 가능성은 있으나 검색·전환 데이터 없이 삭제·통합하지 않음","P2-monitor","SEO owner"
"https://reumlab.com/l/cafe-app-dev-out/","programmatic_landing","legacy_landing","앱·웹·AI 개발 파트너를 찾는 사업자와 실무자","OWNER_DATA_REQUIRED:GSC","OWNER_DATA_REQUIRED:GSC","OWNER_DATA_REQUIRED:GSC","OWNER_DATA_REQUIRED:GSC","OWNER_DATA_REQUIRED:BING","OWNER_DATA_REQUIRED:BING_AI_PERFORMANCE","OWNER_DATA_REQUIRED:NAVER","OWNER_DATA_REQUIRED:NAVER","OWNER_DATA_REQUIRED:GA4","OWNER_DATA_REQUIRED:GA4","OWNER_DATA_REQUIRED:GA4_NETLIFY","NOT_MEASURED","templated-review","exact-unique","NO_EXACT_H1_DUPLICATE; GSC_QUERY_DATA_REQUIRED","https://reumlab.com/l/academy-shopping-mall/","INDEX / SELF_CANONICAL_STATIC_VERIFIED","MONITOR","템플릿 유사 가능성은 있으나 검색·전환 데이터 없이 삭제·통합하지 않음","P2-monitor","SEO owner"
"https://reumlab.com/l/gym-web-dev/","programmatic_landing","legacy_landing","앱·웹·AI 개발 파트너를 찾는 사업자와 실무자","OWNER_DATA_REQUIRED:GSC","OWNER_DATA_REQUIRED:GSC","OWNER_DATA_REQUIRED:GSC","OWNER_DATA_REQUIRED:GSC","OWNER_DATA_REQUIRED:BING","OWNER_DATA_REQUIRED:BING_AI_PERFORMANCE","OWNER_DATA_REQUIRED:NAVER","OWNER_DATA_REQUIRED:NAVER","OWNER_DATA_REQUIRED:GA4","OWNER_DATA_REQUIRED:GA4","OWNER_DATA_REQUIRED:GA4_NETLIFY","NOT_MEASURED","templated-review","exact-unique","NO_EXACT_H1_DUPLICATE; GSC_QUERY_DATA_REQUIRED","https://reumlab.com/l/academy-shopping-mall/","INDEX / SELF_CANONICAL_STATIC_VERIFIED","MONITOR","템플릿 유사 가능성은 있으나 검색·전환 데이터 없이 삭제·통합하지 않음","P2-monitor","SEO owner"
"https://reumlab.com/l/restaurant-website-dev/","programmatic_landing","legacy_landing","앱·웹·AI 개발 파트너를 찾는 사업자와 실무자","OWNER_DATA_REQUIRED:GSC","OWNER_DATA_REQUIRED:GSC","OWNER_DATA_REQUIRED:GSC","OWNER_DATA_REQUIRED:GSC","OWNER_DATA_REQUIRED:BING","OWNER_DATA_REQUIRED:BING_AI_PERFORMANCE","OWNER_DATA_REQUIRED:NAVER","OWNER_DATA_REQUIRED:NAVER","OWNER_DATA_REQUIRED:GA4","OWNER_DATA_REQUIRED:GA4","OWNER_DATA_REQUIRED:GA4_NETLIFY","NOT_MEASURED","templated-review","exact-unique","NO_EXACT_H1_DUPLICATE; GSC_QUERY_DATA_REQUIRED","https://reumlab.com/l/academy-shopping-mall/","INDEX / SELF_CANONICAL_STATIC_VERIFIED","MONITOR","템플릿 유사 가능성은 있으나 검색·전환 데이터 없이 삭제·통합하지 않음","P2-monitor","SEO owner"
"https://reumlab.com/l/service-plan-cost/","programmatic_landing","legacy_landing","앱·웹·AI 개발 파트너를 찾는 사업자와 실무자","OWNER_DATA_REQUIRED:GSC","OWNER_DATA_REQUIRED:GSC","OWNER_DATA_REQUIRED:GSC","OWNER_DATA_REQUIRED:GSC","OWNER_DATA_REQUIRED:BING","OWNER_DATA_REQUIRED:BING_AI_PERFORMANCE","OWNER_DATA_REQUIRED:NAVER","OWNER_DATA_REQUIRED:NAVER","OWNER_DATA_REQUIRED:GA4","OWNER_DATA_REQUIRED:GA4","OWNER_DATA_REQUIRED:GA4_NETLIFY","NOT_MEASURED","templated-review","exact-unique","NO_EXACT_H1_DUPLICATE; GSC_QUERY_DATA_REQUIRED","https://reumlab.com/l/academy-shopping-mall/","INDEX / SELF_CANONICAL_STATIC_VERIFIED","MONITOR","템플릿 유사 가능성은 있으나 검색·전환 데이터 없이 삭제·통합하지 않음","P2-monitor","SEO owner"
"https://reumlab.com/l/shopping-mall-cost/","programmatic_landing","legacy_landing","앱·웹·AI 개발 파트너를 찾는 사업자와 실무자","OWNER_DATA_REQUIRED:GSC","OWNER_DATA_REQUIRED:GSC","OWNER_DATA_REQUIRED:GSC","OWNER_DATA_REQUIRED:GSC","OWNER_DATA_REQUIRED:BING","OWNER_DATA_REQUIRED:BING_AI_PERFORMANCE","OWNER_DATA_REQUIRED:NAVER","OWNER_DATA_REQUIRED:NAVER","OWNER_DATA_REQUIRED:GA4","OWNER_DATA_REQUIRED:GA4","OWNER_DATA_REQUIRED:GA4_NETLIFY","NOT_MEASURED","templated-review","exact-unique","NO_EXACT_H1_DUPLICATE; GSC_QUERY_DATA_REQUIRED","https://reumlab.com/l/academy-shopping-mall/","INDEX / SELF_CANONICAL_STATIC_VERIFIED","MONITOR","템플릿 유사 가능성은 있으나 검색·전환 데이터 없이 삭제·통합하지 않음","P2-monitor","SEO owner"
"https://reumlab.com/l/suwon-shopping-mall/","programmatic_landing","legacy_landing","앱·웹·AI 개발 파트너를 찾는 사업자와 실무자","OWNER_DATA_REQUIRED:GSC","OWNER_DATA_REQUIRED:GSC","OWNER_DATA_REQUIRED:GSC","OWNER_DATA_REQUIRED:GSC","OWNER_DATA_REQUIRED:BING","OWNER_DATA_REQUIRED:BING_AI_PERFORMANCE","OWNER_DATA_REQUIRED:NAVER","OWNER_DATA_REQUIRED:NAVER","OWNER_DATA_REQUIRED:GA4","OWNER_DATA_REQUIRED:GA4","OWNER_DATA_REQUIRED:GA4_NETLIFY","NOT_MEASURED","templated-review","exact-unique","NO_EXACT_H1_DUPLICATE; GSC_QUERY_DATA_REQUIRED","https://reumlab.com/l/academy-shopping-mall/","INDEX / SELF_CANONICAL_STATIC_VERIFIED","MONITOR","템플릿 유사 가능성은 있으나 검색·전환 데이터 없이 삭제·통합하지 않음","P2-monitor","SEO owner"
"https://reumlab.com/maintenance/","service_or_hub","service_or_hub","앱·웹·AI 개발 파트너를 찾는 사업자와 실무자","OWNER_DATA_REQUIRED:GSC","OWNER_DATA_REQUIRED:GSC","OWNER_DATA_REQUIRED:GSC","OWNER_DATA_REQUIRED:GSC","OWNER_DATA_REQUIRED:BING","OWNER_DATA_REQUIRED:BING_AI_PERFORMANCE","OWNER_DATA_REQUIRED:NAVER","OWNER_DATA_REQUIRED:NAVER","OWNER_DATA_REQUIRED:GA4","OWNER_DATA_REQUIRED:GA4","OWNER_DATA_REQUIRED:GA4_NETLIFY","NOT_MEASURED","moderate","exact-unique","NO_EXACT_H1_DUPLICATE; GSC_QUERY_DATA_REQUIRED","https://reumlab.com/academy-shopping-mall/","INDEX / SELF_CANONICAL_STATIC_VERIFIED","IMPROVE","핵심 의도와 기술 품질은 유효하나 인용 가능한 1차 근거 보강 여지 있음","P1","content+SEO"
"https://reumlab.com/mvp/dongtan/","region_service","region_service","해당 지역에서 개발사를 찾는 사업자","OWNER_DATA_REQUIRED:GSC","OWNER_DATA_REQUIRED:GSC","OWNER_DATA_REQUIRED:GSC","OWNER_DATA_REQUIRED:GSC","OWNER_DATA_REQUIRED:BING","OWNER_DATA_REQUIRED:BING_AI_PERFORMANCE","OWNER_DATA_REQUIRED:NAVER","OWNER_DATA_REQUIRED:NAVER","OWNER_DATA_REQUIRED:GA4","OWNER_DATA_REQUIRED:GA4","OWNER_DATA_REQUIRED:GA4_NETLIFY","NOT_MEASURED","templated-review","exact-unique","NO_EXACT_H1_DUPLICATE; GSC_QUERY_DATA_REQUIRED","https://reumlab.com/ai-development/dongtan/","INDEX / SELF_CANONICAL_STATIC_VERIFIED","MONITOR","템플릿 유사 가능성은 있으나 검색·전환 데이터 없이 삭제·통합하지 않음","P2-monitor","SEO owner"
"https://reumlab.com/mvp/hwaseong/","region_service","region_service","해당 지역에서 개발사를 찾는 사업자","OWNER_DATA_REQUIRED:GSC","OWNER_DATA_REQUIRED:GSC","OWNER_DATA_REQUIRED:GSC","OWNER_DATA_REQUIRED:GSC","OWNER_DATA_REQUIRED:BING","OWNER_DATA_REQUIRED:BING_AI_PERFORMANCE","OWNER_DATA_REQUIRED:NAVER","OWNER_DATA_REQUIRED:NAVER","OWNER_DATA_REQUIRED:GA4","OWNER_DATA_REQUIRED:GA4","OWNER_DATA_REQUIRED:GA4_NETLIFY","NOT_MEASURED","templated-review","exact-unique","NO_EXACT_H1_DUPLICATE; GSC_QUERY_DATA_REQUIRED","https://reumlab.com/ai-development/dongtan/","INDEX / SELF_CANONICAL_STATIC_VERIFIED","MONITOR","템플릿 유사 가능성은 있으나 검색·전환 데이터 없이 삭제·통합하지 않음","P2-monitor","SEO owner"
"https://reumlab.com/mvp/","service_or_hub","service_or_hub","앱·웹·AI 개발 파트너를 찾는 사업자와 실무자","OWNER_DATA_REQUIRED:GSC","OWNER_DATA_REQUIRED:GSC","OWNER_DATA_REQUIRED:GSC","OWNER_DATA_REQUIRED:GSC","OWNER_DATA_REQUIRED:BING","OWNER_DATA_REQUIRED:BING_AI_PERFORMANCE","OWNER_DATA_REQUIRED:NAVER","OWNER_DATA_REQUIRED:NAVER","OWNER_DATA_REQUIRED:GA4","OWNER_DATA_REQUIRED:GA4","OWNER_DATA_REQUIRED:GA4_NETLIFY","NOT_MEASURED","moderate","exact-unique","NO_EXACT_H1_DUPLICATE; GSC_QUERY_DATA_REQUIRED","https://reumlab.com/academy-shopping-mall/","INDEX / SELF_CANONICAL_STATIC_VERIFIED","IMPROVE","핵심 의도와 기술 품질은 유효하나 인용 가능한 1차 근거 보강 여지 있음","P1","content+SEO"
"https://reumlab.com/mvp/suwon/","region_service","region_service","해당 지역에서 개발사를 찾는 사업자","OWNER_DATA_REQUIRED:GSC","OWNER_DATA_REQUIRED:GSC","OWNER_DATA_REQUIRED:GSC","OWNER_DATA_REQUIRED:GSC","OWNER_DATA_REQUIRED:BING","OWNER_DATA_REQUIRED:BING_AI_PERFORMANCE","OWNER_DATA_REQUIRED:NAVER","OWNER_DATA_REQUIRED:NAVER","OWNER_DATA_REQUIRED:GA4","OWNER_DATA_REQUIRED:GA4","OWNER_DATA_REQUIRED:GA4_NETLIFY","NOT_MEASURED","templated-review","exact-unique","NO_EXACT_H1_DUPLICATE; GSC_QUERY_DATA_REQUIRED","https://reumlab.com/ai-development/dongtan/","INDEX / SELF_CANONICAL_STATIC_VERIFIED","MONITOR","템플릿 유사 가능성은 있으나 검색·전환 데이터 없이 삭제·통합하지 않음","P2-monitor","SEO owner"
"https://reumlab.com/mvp-development/","service_or_hub","service_or_hub","앱·웹·AI 개발 파트너를 찾는 사업자와 실무자","OWNER_DATA_REQUIRED:GSC","OWNER_DATA_REQUIRED:GSC","OWNER_DATA_REQUIRED:GSC","OWNER_DATA_REQUIRED:GSC","OWNER_DATA_REQUIRED:BING","OWNER_DATA_REQUIRED:BING_AI_PERFORMANCE","OWNER_DATA_REQUIRED:NAVER","OWNER_DATA_REQUIRED:NAVER","OWNER_DATA_REQUIRED:GA4","OWNER_DATA_REQUIRED:GA4","OWNER_DATA_REQUIRED:GA4_NETLIFY","NOT_MEASURED","moderate","exact-unique","NO_EXACT_H1_DUPLICATE; GSC_QUERY_DATA_REQUIRED","https://reumlab.com/academy-shopping-mall/","INDEX / SELF_CANONICAL_STATIC_VERIFIED","IMPROVE","핵심 의도와 기술 품질은 유효하나 인용 가능한 1차 근거 보강 여지 있음","P1","content+SEO"
"https://reumlab.com/nocode-limit/","service_or_hub","service_or_hub","앱·웹·AI 개발 파트너를 찾는 사업자와 실무자","OWNER_DATA_REQUIRED:GSC","OWNER_DATA_REQUIRED:GSC","OWNER_DATA_REQUIRED:GSC","OWNER_DATA_REQUIRED:GSC","OWNER_DATA_REQUIRED:BING","OWNER_DATA_REQUIRED:BING_AI_PERFORMANCE","OWNER_DATA_REQUIRED:NAVER","OWNER_DATA_REQUIRED:NAVER","OWNER_DATA_REQUIRED:GA4","OWNER_DATA_REQUIRED:GA4","OWNER_DATA_REQUIRED:GA4_NETLIFY","NOT_MEASURED","moderate","exact-unique","NO_EXACT_H1_DUPLICATE; GSC_QUERY_DATA_REQUIRED","https://reumlab.com/academy-shopping-mall/","INDEX / SELF_CANONICAL_STATIC_VERIFIED","IMPROVE","핵심 의도와 기술 품질은 유효하나 인용 가능한 1차 근거 보강 여지 있음","P1","content+SEO"
"https://reumlab.com/platform/","service_or_hub","service_or_hub","앱·웹·AI 개발 파트너를 찾는 사업자와 실무자","OWNER_DATA_REQUIRED:GSC","OWNER_DATA_REQUIRED:GSC","OWNER_DATA_REQUIRED:GSC","OWNER_DATA_REQUIRED:GSC","OWNER_DATA_REQUIRED:BING","OWNER_DATA_REQUIRED:BING_AI_PERFORMANCE","OWNER_DATA_REQUIRED:NAVER","OWNER_DATA_REQUIRED:NAVER","OWNER_DATA_REQUIRED:GA4","OWNER_DATA_REQUIRED:GA4","OWNER_DATA_REQUIRED:GA4_NETLIFY","NOT_MEASURED","moderate","exact-unique","NO_EXACT_H1_DUPLICATE; GSC_QUERY_DATA_REQUIRED","https://reumlab.com/academy-shopping-mall/","INDEX / SELF_CANONICAL_STATIC_VERIFIED","IMPROVE","핵심 의도와 기술 품질은 유효하나 인용 가능한 1차 근거 보강 여지 있음","P1","content+SEO"
"https://reumlab.com/portfolio/ai-sales/","case_study","case","구현 역량과 유사 사례를 검증하는 의사결정자","OWNER_DATA_REQUIRED:GSC","OWNER_DATA_REQUIRED:GSC","OWNER_DATA_REQUIRED:GSC","OWNER_DATA_REQUIRED:GSC","OWNER_DATA_REQUIRED:BING","OWNER_DATA_REQUIRED:BING_AI_PERFORMANCE","OWNER_DATA_REQUIRED:NAVER","OWNER_DATA_REQUIRED:NAVER","OWNER_DATA_REQUIRED:GA4","OWNER_DATA_REQUIRED:GA4","OWNER_DATA_REQUIRED:GA4_NETLIFY","NOT_MEASURED","strong","exact-unique","NO_EXACT_H1_DUPLICATE; GSC_QUERY_DATA_REQUIRED","https://reumlab.com/portfolio/ai-work-hub/","INDEX / SELF_CANONICAL_STATIC_VERIFIED","RETAIN","정적 품질 신호와 1차 근거가 강함; 성과 데이터로 유지 확인","P1","SEO owner"
"https://reumlab.com/portfolio/ai-work-hub/","case_study","case","구현 역량과 유사 사례를 검증하는 의사결정자","OWNER_DATA_REQUIRED:GSC","OWNER_DATA_REQUIRED:GSC","OWNER_DATA_REQUIRED:GSC","OWNER_DATA_REQUIRED:GSC","OWNER_DATA_REQUIRED:BING","OWNER_DATA_REQUIRED:BING_AI_PERFORMANCE","OWNER_DATA_REQUIRED:NAVER","OWNER_DATA_REQUIRED:NAVER","OWNER_DATA_REQUIRED:GA4","OWNER_DATA_REQUIRED:GA4","OWNER_DATA_REQUIRED:GA4_NETLIFY","NOT_MEASURED","strong","exact-unique","NO_EXACT_H1_DUPLICATE; GSC_QUERY_DATA_REQUIRED","https://reumlab.com/portfolio/ai-sales/","INDEX / SELF_CANONICAL_STATIC_VERIFIED","RETAIN","정적 품질 신호와 1차 근거가 강함; 성과 데이터로 유지 확인","P1","SEO owner"
"https://reumlab.com/portfolio/b2b-lead/","case_study","case","구현 역량과 유사 사례를 검증하는 의사결정자","OWNER_DATA_REQUIRED:GSC","OWNER_DATA_REQUIRED:GSC","OWNER_DATA_REQUIRED:GSC","OWNER_DATA_REQUIRED:GSC","OWNER_DATA_REQUIRED:BING","OWNER_DATA_REQUIRED:BING_AI_PERFORMANCE","OWNER_DATA_REQUIRED:NAVER","OWNER_DATA_REQUIRED:NAVER","OWNER_DATA_REQUIRED:GA4","OWNER_DATA_REQUIRED:GA4","OWNER_DATA_REQUIRED:GA4_NETLIFY","NOT_MEASURED","strong","exact-unique","NO_EXACT_H1_DUPLICATE; GSC_QUERY_DATA_REQUIRED","https://reumlab.com/portfolio/ai-sales/","INDEX / SELF_CANONICAL_STATIC_VERIFIED","RETAIN","정적 품질 신호와 1차 근거가 강함; 성과 데이터로 유지 확인","P1","SEO owner"
"https://reumlab.com/portfolio/data-crawl/","case_study","case","구현 역량과 유사 사례를 검증하는 의사결정자","OWNER_DATA_REQUIRED:GSC","OWNER_DATA_REQUIRED:GSC","OWNER_DATA_REQUIRED:GSC","OWNER_DATA_REQUIRED:GSC","OWNER_DATA_REQUIRED:BING","OWNER_DATA_REQUIRED:BING_AI_PERFORMANCE","OWNER_DATA_REQUIRED:NAVER","OWNER_DATA_REQUIRED:NAVER","OWNER_DATA_REQUIRED:GA4","OWNER_DATA_REQUIRED:GA4","OWNER_DATA_REQUIRED:GA4_NETLIFY","NOT_MEASURED","strong","exact-unique","NO_EXACT_H1_DUPLICATE; GSC_QUERY_DATA_REQUIRED","https://reumlab.com/portfolio/ai-sales/","INDEX / SELF_CANONICAL_STATIC_VERIFIED","RETAIN","정적 품질 신호와 1차 근거가 강함; 성과 데이터로 유지 확인","P1","SEO owner"
"https://reumlab.com/portfolio/digital-market/","case_study","case","구현 역량과 유사 사례를 검증하는 의사결정자","OWNER_DATA_REQUIRED:GSC","OWNER_DATA_REQUIRED:GSC","OWNER_DATA_REQUIRED:GSC","OWNER_DATA_REQUIRED:GSC","OWNER_DATA_REQUIRED:BING","OWNER_DATA_REQUIRED:BING_AI_PERFORMANCE","OWNER_DATA_REQUIRED:NAVER","OWNER_DATA_REQUIRED:NAVER","OWNER_DATA_REQUIRED:GA4","OWNER_DATA_REQUIRED:GA4","OWNER_DATA_REQUIRED:GA4_NETLIFY","NOT_MEASURED","strong","exact-unique","NO_EXACT_H1_DUPLICATE; GSC_QUERY_DATA_REQUIRED","https://reumlab.com/portfolio/ai-sales/","INDEX / SELF_CANONICAL_STATIC_VERIFIED","RETAIN","정적 품질 신호와 1차 근거가 강함; 성과 데이터로 유지 확인","P1","SEO owner"
"https://reumlab.com/portfolio/edu-erp/","case_study","case","구현 역량과 유사 사례를 검증하는 의사결정자","OWNER_DATA_REQUIRED:GSC","OWNER_DATA_REQUIRED:GSC","OWNER_DATA_REQUIRED:GSC","OWNER_DATA_REQUIRED:GSC","OWNER_DATA_REQUIRED:BING","OWNER_DATA_REQUIRED:BING_AI_PERFORMANCE","OWNER_DATA_REQUIRED:NAVER","OWNER_DATA_REQUIRED:NAVER","OWNER_DATA_REQUIRED:GA4","OWNER_DATA_REQUIRED:GA4","OWNER_DATA_REQUIRED:GA4_NETLIFY","NOT_MEASURED","strong","exact-unique","NO_EXACT_H1_DUPLICATE; GSC_QUERY_DATA_REQUIRED","https://reumlab.com/portfolio/ai-sales/","INDEX / SELF_CANONICAL_STATIC_VERIFIED","RETAIN","정적 품질 신호와 1차 근거가 강함; 성과 데이터로 유지 확인","P1","SEO owner"
"https://reumlab.com/portfolio/edu-review/","case_study","case","구현 역량과 유사 사례를 검증하는 의사결정자","OWNER_DATA_REQUIRED:GSC","OWNER_DATA_REQUIRED:GSC","OWNER_DATA_REQUIRED:GSC","OWNER_DATA_REQUIRED:GSC","OWNER_DATA_REQUIRED:BING","OWNER_DATA_REQUIRED:BING_AI_PERFORMANCE","OWNER_DATA_REQUIRED:NAVER","OWNER_DATA_REQUIRED:NAVER","OWNER_DATA_REQUIRED:GA4","OWNER_DATA_REQUIRED:GA4","OWNER_DATA_REQUIRED:GA4_NETLIFY","NOT_MEASURED","strong","exact-unique","NO_EXACT_H1_DUPLICATE; GSC_QUERY_DATA_REQUIRED","https://reumlab.com/portfolio/ai-sales/","INDEX / SELF_CANONICAL_STATIC_VERIFIED","RETAIN","정적 품질 신호와 1차 근거가 강함; 성과 데이터로 유지 확인","P1","SEO owner"
"https://reumlab.com/portfolio/gov-search/","case_study","case","구현 역량과 유사 사례를 검증하는 의사결정자","OWNER_DATA_REQUIRED:GSC","OWNER_DATA_REQUIRED:GSC","OWNER_DATA_REQUIRED:GSC","OWNER_DATA_REQUIRED:GSC","OWNER_DATA_REQUIRED:BING","OWNER_DATA_REQUIRED:BING_AI_PERFORMANCE","OWNER_DATA_REQUIRED:NAVER","OWNER_DATA_REQUIRED:NAVER","OWNER_DATA_REQUIRED:GA4","OWNER_DATA_REQUIRED:GA4","OWNER_DATA_REQUIRED:GA4_NETLIFY","NOT_MEASURED","strong","exact-unique","NO_EXACT_H1_DUPLICATE; GSC_QUERY_DATA_REQUIRED","https://reumlab.com/portfolio/ai-sales/","INDEX / SELF_CANONICAL_STATIC_VERIFIED","RETAIN","정적 품질 신호와 1차 근거가 강함; 성과 데이터로 유지 확인","P1","SEO owner"
"https://reumlab.com/portfolio/","case_study","case_hub","구현 역량과 유사 사례를 검증하는 의사결정자","OWNER_DATA_REQUIRED:GSC","OWNER_DATA_REQUIRED:GSC","OWNER_DATA_REQUIRED:GSC","OWNER_DATA_REQUIRED:GSC","OWNER_DATA_REQUIRED:BING","OWNER_DATA_REQUIRED:BING_AI_PERFORMANCE","OWNER_DATA_REQUIRED:NAVER","OWNER_DATA_REQUIRED:NAVER","OWNER_DATA_REQUIRED:GA4","OWNER_DATA_REQUIRED:GA4","OWNER_DATA_REQUIRED:GA4_NETLIFY","NOT_MEASURED","strong","exact-unique","NO_EXACT_H1_DUPLICATE; GSC_QUERY_DATA_REQUIRED","NONE_IN_STATIC_INTENT_GROUP","INDEX / SELF_CANONICAL_STATIC_VERIFIED","RETAIN","정적 품질 신호와 1차 근거가 강함; 성과 데이터로 유지 확인","P2-monitor","SEO owner"
"https://reumlab.com/portfolio/life-match/","case_study","case","구현 역량과 유사 사례를 검증하는 의사결정자","OWNER_DATA_REQUIRED:GSC","OWNER_DATA_REQUIRED:GSC","OWNER_DATA_REQUIRED:GSC","OWNER_DATA_REQUIRED:GSC","OWNER_DATA_REQUIRED:BING","OWNER_DATA_REQUIRED:BING_AI_PERFORMANCE","OWNER_DATA_REQUIRED:NAVER","OWNER_DATA_REQUIRED:NAVER","OWNER_DATA_REQUIRED:GA4","OWNER_DATA_REQUIRED:GA4","OWNER_DATA_REQUIRED:GA4_NETLIFY","NOT_MEASURED","strong","exact-unique","NO_EXACT_H1_DUPLICATE; GSC_QUERY_DATA_REQUIRED","https://reumlab.com/portfolio/ai-sales/","INDEX / SELF_CANONICAL_STATIC_VERIFIED","RETAIN","정적 품질 신호와 1차 근거가 강함; 성과 데이터로 유지 확인","P1","SEO owner"
"https://reumlab.com/portfolio/pseo-engine/","case_study","case","구현 역량과 유사 사례를 검증하는 의사결정자","OWNER_DATA_REQUIRED:GSC","OWNER_DATA_REQUIRED:GSC","OWNER_DATA_REQUIRED:GSC","OWNER_DATA_REQUIRED:GSC","OWNER_DATA_REQUIRED:BING","OWNER_DATA_REQUIRED:BING_AI_PERFORMANCE","OWNER_DATA_REQUIRED:NAVER","OWNER_DATA_REQUIRED:NAVER","OWNER_DATA_REQUIRED:GA4","OWNER_DATA_REQUIRED:GA4","OWNER_DATA_REQUIRED:GA4_NETLIFY","NOT_MEASURED","strong","exact-unique","NO_EXACT_H1_DUPLICATE; GSC_QUERY_DATA_REQUIRED","https://reumlab.com/portfolio/ai-sales/","INDEX / SELF_CANONICAL_STATIC_VERIFIED","RETAIN","정적 품질 신호와 1차 근거가 강함; 성과 데이터로 유지 확인","P1","SEO owner"
"https://reumlab.com/portfolio/quote-doc/","case_study","case","구현 역량과 유사 사례를 검증하는 의사결정자","OWNER_DATA_REQUIRED:GSC","OWNER_DATA_REQUIRED:GSC","OWNER_DATA_REQUIRED:GSC","OWNER_DATA_REQUIRED:GSC","OWNER_DATA_REQUIRED:BING","OWNER_DATA_REQUIRED:BING_AI_PERFORMANCE","OWNER_DATA_REQUIRED:NAVER","OWNER_DATA_REQUIRED:NAVER","OWNER_DATA_REQUIRED:GA4","OWNER_DATA_REQUIRED:GA4","OWNER_DATA_REQUIRED:GA4_NETLIFY","NOT_MEASURED","strong","exact-unique","NO_EXACT_H1_DUPLICATE; GSC_QUERY_DATA_REQUIRED","https://reumlab.com/portfolio/ai-sales/","INDEX / SELF_CANONICAL_STATIC_VERIFIED","RETAIN","정적 품질 신호와 1차 근거가 강함; 성과 데이터로 유지 확인","P1","SEO owner"
"https://reumlab.com/portfolio/research-writer/","case_study","case","구현 역량과 유사 사례를 검증하는 의사결정자","OWNER_DATA_REQUIRED:GSC","OWNER_DATA_REQUIRED:GSC","OWNER_DATA_REQUIRED:GSC","OWNER_DATA_REQUIRED:GSC","OWNER_DATA_REQUIRED:BING","OWNER_DATA_REQUIRED:BING_AI_PERFORMANCE","OWNER_DATA_REQUIRED:NAVER","OWNER_DATA_REQUIRED:NAVER","OWNER_DATA_REQUIRED:GA4","OWNER_DATA_REQUIRED:GA4","OWNER_DATA_REQUIRED:GA4_NETLIFY","NOT_MEASURED","strong","exact-unique","NO_EXACT_H1_DUPLICATE; GSC_QUERY_DATA_REQUIRED","https://reumlab.com/portfolio/ai-sales/","INDEX / SELF_CANONICAL_STATIC_VERIFIED","RETAIN","정적 품질 신호와 1차 근거가 강함; 성과 데이터로 유지 확인","P1","SEO owner"
"https://reumlab.com/portfolio/sns-content/","case_study","case","구현 역량과 유사 사례를 검증하는 의사결정자","OWNER_DATA_REQUIRED:GSC","OWNER_DATA_REQUIRED:GSC","OWNER_DATA_REQUIRED:GSC","OWNER_DATA_REQUIRED:GSC","OWNER_DATA_REQUIRED:BING","OWNER_DATA_REQUIRED:BING_AI_PERFORMANCE","OWNER_DATA_REQUIRED:NAVER","OWNER_DATA_REQUIRED:NAVER","OWNER_DATA_REQUIRED:GA4","OWNER_DATA_REQUIRED:GA4","OWNER_DATA_REQUIRED:GA4_NETLIFY","NOT_MEASURED","strong","exact-unique","NO_EXACT_H1_DUPLICATE; GSC_QUERY_DATA_REQUIRED","https://reumlab.com/portfolio/ai-sales/","INDEX / SELF_CANONICAL_STATIC_VERIFIED","RETAIN","정적 품질 신호와 1차 근거가 강함; 성과 데이터로 유지 확인","P1","SEO owner"
"https://reumlab.com/portfolio/soho-saas/","case_study","case","구현 역량과 유사 사례를 검증하는 의사결정자","OWNER_DATA_REQUIRED:GSC","OWNER_DATA_REQUIRED:GSC","OWNER_DATA_REQUIRED:GSC","OWNER_DATA_REQUIRED:GSC","OWNER_DATA_REQUIRED:BING","OWNER_DATA_REQUIRED:BING_AI_PERFORMANCE","OWNER_DATA_REQUIRED:NAVER","OWNER_DATA_REQUIRED:NAVER","OWNER_DATA_REQUIRED:GA4","OWNER_DATA_REQUIRED:GA4","OWNER_DATA_REQUIRED:GA4_NETLIFY","NOT_MEASURED","strong","exact-unique","NO_EXACT_H1_DUPLICATE; GSC_QUERY_DATA_REQUIRED","https://reumlab.com/portfolio/ai-sales/","INDEX / SELF_CANONICAL_STATIC_VERIFIED","RETAIN","정적 품질 신호와 1차 근거가 강함; 성과 데이터로 유지 확인","P1","SEO owner"
"https://reumlab.com/portfolio/space-booking/","case_study","case","구현 역량과 유사 사례를 검증하는 의사결정자","OWNER_DATA_REQUIRED:GSC","OWNER_DATA_REQUIRED:GSC","OWNER_DATA_REQUIRED:GSC","OWNER_DATA_REQUIRED:GSC","OWNER_DATA_REQUIRED:BING","OWNER_DATA_REQUIRED:BING_AI_PERFORMANCE","OWNER_DATA_REQUIRED:NAVER","OWNER_DATA_REQUIRED:NAVER","OWNER_DATA_REQUIRED:GA4","OWNER_DATA_REQUIRED:GA4","OWNER_DATA_REQUIRED:GA4_NETLIFY","NOT_MEASURED","strong","exact-unique","NO_EXACT_H1_DUPLICATE; GSC_QUERY_DATA_REQUIRED","https://reumlab.com/portfolio/ai-sales/","INDEX / SELF_CANONICAL_STATIC_VERIFIED","RETAIN","정적 품질 신호와 1차 근거가 강함; 성과 데이터로 유지 확인","P1","SEO owner"
"https://reumlab.com/privacy/","legal","legal","앱·웹·AI 개발 파트너를 찾는 사업자와 실무자","OWNER_DATA_REQUIRED:GSC","OWNER_DATA_REQUIRED:GSC","OWNER_DATA_REQUIRED:GSC","OWNER_DATA_REQUIRED:GSC","OWNER_DATA_REQUIRED:BING","OWNER_DATA_REQUIRED:BING_AI_PERFORMANCE","OWNER_DATA_REQUIRED:NAVER","OWNER_DATA_REQUIRED:NAVER","OWNER_DATA_REQUIRED:GA4","OWNER_DATA_REQUIRED:GA4","OWNER_DATA_REQUIRED:GA4_NETLIFY","NOT_MEASURED","templated-review","exact-unique","NO_EXACT_H1_DUPLICATE; GSC_QUERY_DATA_REQUIRED","https://reumlab.com/refund/","INDEX / SELF_CANONICAL_STATIC_VERIFIED","MONITOR","템플릿 유사 가능성은 있으나 검색·전환 데이터 없이 삭제·통합하지 않음","P2-monitor","SEO owner"
"https://reumlab.com/realestate-landing/","service_or_hub","service_or_hub","앱·웹·AI 개발 파트너를 찾는 사업자와 실무자","OWNER_DATA_REQUIRED:GSC","OWNER_DATA_REQUIRED:GSC","OWNER_DATA_REQUIRED:GSC","OWNER_DATA_REQUIRED:GSC","OWNER_DATA_REQUIRED:BING","OWNER_DATA_REQUIRED:BING_AI_PERFORMANCE","OWNER_DATA_REQUIRED:NAVER","OWNER_DATA_REQUIRED:NAVER","OWNER_DATA_REQUIRED:GA4","OWNER_DATA_REQUIRED:GA4","OWNER_DATA_REQUIRED:GA4_NETLIFY","NOT_MEASURED","moderate","exact-unique","NO_EXACT_H1_DUPLICATE; GSC_QUERY_DATA_REQUIRED","https://reumlab.com/academy-shopping-mall/","INDEX / SELF_CANONICAL_STATIC_VERIFIED","IMPROVE","핵심 의도와 기술 품질은 유효하나 인용 가능한 1차 근거 보강 여지 있음","P1","content+SEO"
"https://reumlab.com/refund/","legal","legal","앱·웹·AI 개발 파트너를 찾는 사업자와 실무자","OWNER_DATA_REQUIRED:GSC","OWNER_DATA_REQUIRED:GSC","OWNER_DATA_REQUIRED:GSC","OWNER_DATA_REQUIRED:GSC","OWNER_DATA_REQUIRED:BING","OWNER_DATA_REQUIRED:BING_AI_PERFORMANCE","OWNER_DATA_REQUIRED:NAVER","OWNER_DATA_REQUIRED:NAVER","OWNER_DATA_REQUIRED:GA4","OWNER_DATA_REQUIRED:GA4","OWNER_DATA_REQUIRED:GA4_NETLIFY","NOT_MEASURED","templated-review","exact-unique","NO_EXACT_H1_DUPLICATE; GSC_QUERY_DATA_REQUIRED","https://reumlab.com/privacy/","INDEX / SELF_CANONICAL_STATIC_VERIFIED","MONITOR","템플릿 유사 가능성은 있으나 검색·전환 데이터 없이 삭제·통합하지 않음","P2-monitor","SEO owner"
"https://reumlab.com/renewal/","service_or_hub","service_or_hub","앱·웹·AI 개발 파트너를 찾는 사업자와 실무자","OWNER_DATA_REQUIRED:GSC","OWNER_DATA_REQUIRED:GSC","OWNER_DATA_REQUIRED:GSC","OWNER_DATA_REQUIRED:GSC","OWNER_DATA_REQUIRED:BING","OWNER_DATA_REQUIRED:BING_AI_PERFORMANCE","OWNER_DATA_REQUIRED:NAVER","OWNER_DATA_REQUIRED:NAVER","OWNER_DATA_REQUIRED:GA4","OWNER_DATA_REQUIRED:GA4","OWNER_DATA_REQUIRED:GA4_NETLIFY","NOT_MEASURED","moderate","exact-unique","NO_EXACT_H1_DUPLICATE; GSC_QUERY_DATA_REQUIRED","https://reumlab.com/academy-shopping-mall/","INDEX / SELF_CANONICAL_STATIC_VERIFIED","IMPROVE","핵심 의도와 기술 품질은 유효하나 인용 가능한 1차 근거 보강 여지 있음","P1","content+SEO"
"https://reumlab.com/reservation-commerce/","service_or_hub","service_or_hub","앱·웹·AI 개발 파트너를 찾는 사업자와 실무자","OWNER_DATA_REQUIRED:GSC","OWNER_DATA_REQUIRED:GSC","OWNER_DATA_REQUIRED:GSC","OWNER_DATA_REQUIRED:GSC","OWNER_DATA_REQUIRED:BING","OWNER_DATA_REQUIRED:BING_AI_PERFORMANCE","OWNER_DATA_REQUIRED:NAVER","OWNER_DATA_REQUIRED:NAVER","OWNER_DATA_REQUIRED:GA4","OWNER_DATA_REQUIRED:GA4","OWNER_DATA_REQUIRED:GA4_NETLIFY","NOT_MEASURED","moderate","exact-unique","NO_EXACT_H1_DUPLICATE; GSC_QUERY_DATA_REQUIRED","https://reumlab.com/academy-shopping-mall/","INDEX / SELF_CANONICAL_STATIC_VERIFIED","IMPROVE","핵심 의도와 기술 품질은 유효하나 인용 가능한 1차 근거 보강 여지 있음","P1","content+SEO"
"https://reumlab.com/service-renewal/","service_or_hub","service_or_hub","앱·웹·AI 개발 파트너를 찾는 사업자와 실무자","OWNER_DATA_REQUIRED:GSC","OWNER_DATA_REQUIRED:GSC","OWNER_DATA_REQUIRED:GSC","OWNER_DATA_REQUIRED:GSC","OWNER_DATA_REQUIRED:BING","OWNER_DATA_REQUIRED:BING_AI_PERFORMANCE","OWNER_DATA_REQUIRED:NAVER","OWNER_DATA_REQUIRED:NAVER","OWNER_DATA_REQUIRED:GA4","OWNER_DATA_REQUIRED:GA4","OWNER_DATA_REQUIRED:GA4_NETLIFY","NOT_MEASURED","moderate","exact-unique","NO_EXACT_H1_DUPLICATE; GSC_QUERY_DATA_REQUIRED","https://reumlab.com/academy-shopping-mall/","INDEX / SELF_CANONICAL_STATIC_VERIFIED","IMPROVE","핵심 의도와 기술 품질은 유효하나 인용 가능한 1차 근거 보강 여지 있음","P1","content+SEO"
"https://reumlab.com/soho/","service_or_hub","service_or_hub","앱·웹·AI 개발 파트너를 찾는 사업자와 실무자","OWNER_DATA_REQUIRED:GSC","OWNER_DATA_REQUIRED:GSC","OWNER_DATA_REQUIRED:GSC","OWNER_DATA_REQUIRED:GSC","OWNER_DATA_REQUIRED:BING","OWNER_DATA_REQUIRED:BING_AI_PERFORMANCE","OWNER_DATA_REQUIRED:NAVER","OWNER_DATA_REQUIRED:NAVER","OWNER_DATA_REQUIRED:GA4","OWNER_DATA_REQUIRED:GA4","OWNER_DATA_REQUIRED:GA4_NETLIFY","NOT_MEASURED","moderate","exact-unique","NO_EXACT_H1_DUPLICATE; GSC_QUERY_DATA_REQUIRED","https://reumlab.com/academy-shopping-mall/","INDEX / SELF_CANONICAL_STATIC_VERIFIED","IMPROVE","핵심 의도와 기술 품질은 유효하나 인용 가능한 1차 근거 보강 여지 있음","P1","content+SEO"
"https://reumlab.com/solution/academy/","industry_service","industry_service","앱·웹·AI 개발 파트너를 찾는 사업자와 실무자","OWNER_DATA_REQUIRED:GSC","OWNER_DATA_REQUIRED:GSC","OWNER_DATA_REQUIRED:GSC","OWNER_DATA_REQUIRED:GSC","OWNER_DATA_REQUIRED:BING","OWNER_DATA_REQUIRED:BING_AI_PERFORMANCE","OWNER_DATA_REQUIRED:NAVER","OWNER_DATA_REQUIRED:NAVER","OWNER_DATA_REQUIRED:GA4","OWNER_DATA_REQUIRED:GA4","OWNER_DATA_REQUIRED:GA4_NETLIFY","NOT_MEASURED","templated-review","exact-unique","NO_EXACT_H1_DUPLICATE; GSC_QUERY_DATA_REQUIRED","https://reumlab.com/app/academy/","INDEX / SELF_CANONICAL_STATIC_VERIFIED","MONITOR","템플릿 유사 가능성은 있으나 검색·전환 데이터 없이 삭제·통합하지 않음","P2-monitor","SEO owner"
"https://reumlab.com/solution/agriculture/","industry_service","industry_service","앱·웹·AI 개발 파트너를 찾는 사업자와 실무자","OWNER_DATA_REQUIRED:GSC","OWNER_DATA_REQUIRED:GSC","OWNER_DATA_REQUIRED:GSC","OWNER_DATA_REQUIRED:GSC","OWNER_DATA_REQUIRED:BING","OWNER_DATA_REQUIRED:BING_AI_PERFORMANCE","OWNER_DATA_REQUIRED:NAVER","OWNER_DATA_REQUIRED:NAVER","OWNER_DATA_REQUIRED:GA4","OWNER_DATA_REQUIRED:GA4","OWNER_DATA_REQUIRED:GA4_NETLIFY","NOT_MEASURED","templated-review","exact-unique","NO_EXACT_H1_DUPLICATE; GSC_QUERY_DATA_REQUIRED","https://reumlab.com/app/academy/","INDEX / SELF_CANONICAL_STATIC_VERIFIED","MONITOR","템플릿 유사 가능성은 있으나 검색·전환 데이터 없이 삭제·통합하지 않음","P2-monitor","SEO owner"
"https://reumlab.com/solution/animal-hospital/","industry_service","industry_service","앱·웹·AI 개발 파트너를 찾는 사업자와 실무자","OWNER_DATA_REQUIRED:GSC","OWNER_DATA_REQUIRED:GSC","OWNER_DATA_REQUIRED:GSC","OWNER_DATA_REQUIRED:GSC","OWNER_DATA_REQUIRED:BING","OWNER_DATA_REQUIRED:BING_AI_PERFORMANCE","OWNER_DATA_REQUIRED:NAVER","OWNER_DATA_REQUIRED:NAVER","OWNER_DATA_REQUIRED:GA4","OWNER_DATA_REQUIRED:GA4","OWNER_DATA_REQUIRED:GA4_NETLIFY","NOT_MEASURED","templated-review","exact-unique","NO_EXACT_H1_DUPLICATE; GSC_QUERY_DATA_REQUIRED","https://reumlab.com/app/academy/","INDEX / SELF_CANONICAL_STATIC_VERIFIED","MONITOR","템플릿 유사 가능성은 있으나 검색·전환 데이터 없이 삭제·통합하지 않음","P2-monitor","SEO owner"
"https://reumlab.com/solution/art-academy/","industry_service","industry_service","앱·웹·AI 개발 파트너를 찾는 사업자와 실무자","OWNER_DATA_REQUIRED:GSC","OWNER_DATA_REQUIRED:GSC","OWNER_DATA_REQUIRED:GSC","OWNER_DATA_REQUIRED:GSC","OWNER_DATA_REQUIRED:BING","OWNER_DATA_REQUIRED:BING_AI_PERFORMANCE","OWNER_DATA_REQUIRED:NAVER","OWNER_DATA_REQUIRED:NAVER","OWNER_DATA_REQUIRED:GA4","OWNER_DATA_REQUIRED:GA4","OWNER_DATA_REQUIRED:GA4_NETLIFY","NOT_MEASURED","templated-review","exact-unique","NO_EXACT_H1_DUPLICATE; GSC_QUERY_DATA_REQUIRED","https://reumlab.com/app/academy/","INDEX / SELF_CANONICAL_STATIC_VERIFIED","MONITOR","템플릿 유사 가능성은 있으나 검색·전환 데이터 없이 삭제·통합하지 않음","P2-monitor","SEO owner"
"https://reumlab.com/solution/b2b-saas/","industry_service","industry_service","앱·웹·AI 개발 파트너를 찾는 사업자와 실무자","OWNER_DATA_REQUIRED:GSC","OWNER_DATA_REQUIRED:GSC","OWNER_DATA_REQUIRED:GSC","OWNER_DATA_REQUIRED:GSC","OWNER_DATA_REQUIRED:BING","OWNER_DATA_REQUIRED:BING_AI_PERFORMANCE","OWNER_DATA_REQUIRED:NAVER","OWNER_DATA_REQUIRED:NAVER","OWNER_DATA_REQUIRED:GA4","OWNER_DATA_REQUIRED:GA4","OWNER_DATA_REQUIRED:GA4_NETLIFY","NOT_MEASURED","templated-review","exact-unique","NO_EXACT_H1_DUPLICATE; GSC_QUERY_DATA_REQUIRED","https://reumlab.com/app/academy/","INDEX / SELF_CANONICAL_STATIC_VERIFIED","MONITOR","템플릿 유사 가능성은 있으나 검색·전환 데이터 없이 삭제·통합하지 않음","P2-monitor","SEO owner"
"https://reumlab.com/solution/bakery/","industry_service","industry_service","앱·웹·AI 개발 파트너를 찾는 사업자와 실무자","OWNER_DATA_REQUIRED:GSC","OWNER_DATA_REQUIRED:GSC","OWNER_DATA_REQUIRED:GSC","OWNER_DATA_REQUIRED:GSC","OWNER_DATA_REQUIRED:BING","OWNER_DATA_REQUIRED:BING_AI_PERFORMANCE","OWNER_DATA_REQUIRED:NAVER","OWNER_DATA_REQUIRED:NAVER","OWNER_DATA_REQUIRED:GA4","OWNER_DATA_REQUIRED:GA4","OWNER_DATA_REQUIRED:GA4_NETLIFY","NOT_MEASURED","templated-review","exact-unique","NO_EXACT_H1_DUPLICATE; GSC_QUERY_DATA_REQUIRED","https://reumlab.com/app/academy/","INDEX / SELF_CANONICAL_STATIC_VERIFIED","MONITOR","템플릿 유사 가능성은 있으나 검색·전환 데이터 없이 삭제·통합하지 않음","P2-monitor","SEO owner"
"https://reumlab.com/solution/billiards/","industry_service","industry_service","앱·웹·AI 개발 파트너를 찾는 사업자와 실무자","OWNER_DATA_REQUIRED:GSC","OWNER_DATA_REQUIRED:GSC","OWNER_DATA_REQUIRED:GSC","OWNER_DATA_REQUIRED:GSC","OWNER_DATA_REQUIRED:BING","OWNER_DATA_REQUIRED:BING_AI_PERFORMANCE","OWNER_DATA_REQUIRED:NAVER","OWNER_DATA_REQUIRED:NAVER","OWNER_DATA_REQUIRED:GA4","OWNER_DATA_REQUIRED:GA4","OWNER_DATA_REQUIRED:GA4_NETLIFY","NOT_MEASURED","templated-review","exact-unique","NO_EXACT_H1_DUPLICATE; GSC_QUERY_DATA_REQUIRED","https://reumlab.com/app/academy/","INDEX / SELF_CANONICAL_STATIC_VERIFIED","MONITOR","템플릿 유사 가능성은 있으나 검색·전환 데이터 없이 삭제·통합하지 않음","P2-monitor","SEO owner"
"https://reumlab.com/solution/booking/","industry_service","industry_service","앱·웹·AI 개발 파트너를 찾는 사업자와 실무자","OWNER_DATA_REQUIRED:GSC","OWNER_DATA_REQUIRED:GSC","OWNER_DATA_REQUIRED:GSC","OWNER_DATA_REQUIRED:GSC","OWNER_DATA_REQUIRED:BING","OWNER_DATA_REQUIRED:BING_AI_PERFORMANCE","OWNER_DATA_REQUIRED:NAVER","OWNER_DATA_REQUIRED:NAVER","OWNER_DATA_REQUIRED:GA4","OWNER_DATA_REQUIRED:GA4","OWNER_DATA_REQUIRED:GA4_NETLIFY","NOT_MEASURED","templated-review","exact-unique","NO_EXACT_H1_DUPLICATE; GSC_QUERY_DATA_REQUIRED","https://reumlab.com/app/academy/","INDEX / SELF_CANONICAL_STATIC_VERIFIED","MONITOR","템플릿 유사 가능성은 있으나 검색·전환 데이터 없이 삭제·통합하지 않음","P2-monitor","SEO owner"
"https://reumlab.com/solution/bookstore/","industry_service","industry_service","앱·웹·AI 개발 파트너를 찾는 사업자와 실무자","OWNER_DATA_REQUIRED:GSC","OWNER_DATA_REQUIRED:GSC","OWNER_DATA_REQUIRED:GSC","OWNER_DATA_REQUIRED:GSC","OWNER_DATA_REQUIRED:BING","OWNER_DATA_REQUIRED:BING_AI_PERFORMANCE","OWNER_DATA_REQUIRED:NAVER","OWNER_DATA_REQUIRED:NAVER","OWNER_DATA_REQUIRED:GA4","OWNER_DATA_REQUIRED:GA4","OWNER_DATA_REQUIRED:GA4_NETLIFY","NOT_MEASURED","templated-review","exact-unique","NO_EXACT_H1_DUPLICATE; GSC_QUERY_DATA_REQUIRED","https://reumlab.com/app/academy/","INDEX / SELF_CANONICAL_STATIC_VERIFIED","MONITOR","템플릿 유사 가능성은 있으나 검색·전환 데이터 없이 삭제·통합하지 않음","P2-monitor","SEO owner"
"https://reumlab.com/solution/butcher/","industry_service","industry_service","앱·웹·AI 개발 파트너를 찾는 사업자와 실무자","OWNER_DATA_REQUIRED:GSC","OWNER_DATA_REQUIRED:GSC","OWNER_DATA_REQUIRED:GSC","OWNER_DATA_REQUIRED:GSC","OWNER_DATA_REQUIRED:BING","OWNER_DATA_REQUIRED:BING_AI_PERFORMANCE","OWNER_DATA_REQUIRED:NAVER","OWNER_DATA_REQUIRED:NAVER","OWNER_DATA_REQUIRED:GA4","OWNER_DATA_REQUIRED:GA4","OWNER_DATA_REQUIRED:GA4_NETLIFY","NOT_MEASURED","templated-review","exact-unique","NO_EXACT_H1_DUPLICATE; GSC_QUERY_DATA_REQUIRED","https://reumlab.com/app/academy/","INDEX / SELF_CANONICAL_STATIC_VERIFIED","MONITOR","템플릿 유사 가능성은 있으나 검색·전환 데이터 없이 삭제·통합하지 않음","P2-monitor","SEO owner"
"https://reumlab.com/solution/cafe/","industry_service","industry_service","앱·웹·AI 개발 파트너를 찾는 사업자와 실무자","OWNER_DATA_REQUIRED:GSC","OWNER_DATA_REQUIRED:GSC","OWNER_DATA_REQUIRED:GSC","OWNER_DATA_REQUIRED:GSC","OWNER_DATA_REQUIRED:BING","OWNER_DATA_REQUIRED:BING_AI_PERFORMANCE","OWNER_DATA_REQUIRED:NAVER","OWNER_DATA_REQUIRED:NAVER","OWNER_DATA_REQUIRED:GA4","OWNER_DATA_REQUIRED:GA4","OWNER_DATA_REQUIRED:GA4_NETLIFY","NOT_MEASURED","templated-review","exact-unique","NO_EXACT_H1_DUPLICATE; GSC_QUERY_DATA_REQUIRED","https://reumlab.com/app/academy/","INDEX / SELF_CANONICAL_STATIC_VERIFIED","MONITOR","템플릿 유사 가능성은 있으나 검색·전환 데이터 없이 삭제·통합하지 않음","P2-monitor","SEO owner"
"https://reumlab.com/solution/camping/","industry_service","industry_service","앱·웹·AI 개발 파트너를 찾는 사업자와 실무자","OWNER_DATA_REQUIRED:GSC","OWNER_DATA_REQUIRED:GSC","OWNER_DATA_REQUIRED:GSC","OWNER_DATA_REQUIRED:GSC","OWNER_DATA_REQUIRED:BING","OWNER_DATA_REQUIRED:BING_AI_PERFORMANCE","OWNER_DATA_REQUIRED:NAVER","OWNER_DATA_REQUIRED:NAVER","OWNER_DATA_REQUIRED:GA4","OWNER_DATA_REQUIRED:GA4","OWNER_DATA_REQUIRED:GA4_NETLIFY","NOT_MEASURED","templated-review","exact-unique","NO_EXACT_H1_DUPLICATE; GSC_QUERY_DATA_REQUIRED","https://reumlab.com/app/academy/","INDEX / SELF_CANONICAL_STATIC_VERIFIED","MONITOR","템플릿 유사 가능성은 있으나 검색·전환 데이터 없이 삭제·통합하지 않음","P2-monitor","SEO owner"
"https://reumlab.com/solution/car-repair/","industry_service","industry_service","앱·웹·AI 개발 파트너를 찾는 사업자와 실무자","OWNER_DATA_REQUIRED:GSC","OWNER_DATA_REQUIRED:GSC","OWNER_DATA_REQUIRED:GSC","OWNER_DATA_REQUIRED:GSC","OWNER_DATA_REQUIRED:BING","OWNER_DATA_REQUIRED:BING_AI_PERFORMANCE","OWNER_DATA_REQUIRED:NAVER","OWNER_DATA_REQUIRED:NAVER","OWNER_DATA_REQUIRED:GA4","OWNER_DATA_REQUIRED:GA4","OWNER_DATA_REQUIRED:GA4_NETLIFY","NOT_MEASURED","templated-review","exact-unique","NO_EXACT_H1_DUPLICATE; GSC_QUERY_DATA_REQUIRED","https://reumlab.com/app/academy/","INDEX / SELF_CANONICAL_STATIC_VERIFIED","MONITOR","템플릿 유사 가능성은 있으나 검색·전환 데이터 없이 삭제·통합하지 않음","P2-monitor","SEO owner"
"https://reumlab.com/solution/car-wash/","industry_service","industry_service","앱·웹·AI 개발 파트너를 찾는 사업자와 실무자","OWNER_DATA_REQUIRED:GSC","OWNER_DATA_REQUIRED:GSC","OWNER_DATA_REQUIRED:GSC","OWNER_DATA_REQUIRED:GSC","OWNER_DATA_REQUIRED:BING","OWNER_DATA_REQUIRED:BING_AI_PERFORMANCE","OWNER_DATA_REQUIRED:NAVER","OWNER_DATA_REQUIRED:NAVER","OWNER_DATA_REQUIRED:GA4","OWNER_DATA_REQUIRED:GA4","OWNER_DATA_REQUIRED:GA4_NETLIFY","NOT_MEASURED","templated-review","exact-unique","NO_EXACT_H1_DUPLICATE; GSC_QUERY_DATA_REQUIRED","https://reumlab.com/app/academy/","INDEX / SELF_CANONICAL_STATIC_VERIFIED","MONITOR","템플릿 유사 가능성은 있으나 검색·전환 데이터 없이 삭제·통합하지 않음","P2-monitor","SEO owner"
"https://reumlab.com/solution/catering/","industry_service","industry_service","앱·웹·AI 개발 파트너를 찾는 사업자와 실무자","OWNER_DATA_REQUIRED:GSC","OWNER_DATA_REQUIRED:GSC","OWNER_DATA_REQUIRED:GSC","OWNER_DATA_REQUIRED:GSC","OWNER_DATA_REQUIRED:BING","OWNER_DATA_REQUIRED:BING_AI_PERFORMANCE","OWNER_DATA_REQUIRED:NAVER","OWNER_DATA_REQUIRED:NAVER","OWNER_DATA_REQUIRED:GA4","OWNER_DATA_REQUIRED:GA4","OWNER_DATA_REQUIRED:GA4_NETLIFY","NOT_MEASURED","templated-review","exact-unique","NO_EXACT_H1_DUPLICATE; GSC_QUERY_DATA_REQUIRED","https://reumlab.com/app/academy/","INDEX / SELF_CANONICAL_STATIC_VERIFIED","MONITOR","템플릿 유사 가능성은 있으나 검색·전환 데이터 없이 삭제·통합하지 않음","P2-monitor","SEO owner"
"https://reumlab.com/solution/childcare/","industry_service","industry_service","앱·웹·AI 개발 파트너를 찾는 사업자와 실무자","OWNER_DATA_REQUIRED:GSC","OWNER_DATA_REQUIRED:GSC","OWNER_DATA_REQUIRED:GSC","OWNER_DATA_REQUIRED:GSC","OWNER_DATA_REQUIRED:BING","OWNER_DATA_REQUIRED:BING_AI_PERFORMANCE","OWNER_DATA_REQUIRED:NAVER","OWNER_DATA_REQUIRED:NAVER","OWNER_DATA_REQUIRED:GA4","OWNER_DATA_REQUIRED:GA4","OWNER_DATA_REQUIRED:GA4_NETLIFY","NOT_MEASURED","templated-review","exact-unique","NO_EXACT_H1_DUPLICATE; GSC_QUERY_DATA_REQUIRED","https://reumlab.com/app/academy/","INDEX / SELF_CANONICAL_STATIC_VERIFIED","MONITOR","템플릿 유사 가능성은 있으나 검색·전환 데이터 없이 삭제·통합하지 않음","P2-monitor","SEO owner"
"https://reumlab.com/solution/church/","industry_service","industry_service","앱·웹·AI 개발 파트너를 찾는 사업자와 실무자","OWNER_DATA_REQUIRED:GSC","OWNER_DATA_REQUIRED:GSC","OWNER_DATA_REQUIRED:GSC","OWNER_DATA_REQUIRED:GSC","OWNER_DATA_REQUIRED:BING","OWNER_DATA_REQUIRED:BING_AI_PERFORMANCE","OWNER_DATA_REQUIRED:NAVER","OWNER_DATA_REQUIRED:NAVER","OWNER_DATA_REQUIRED:GA4","OWNER_DATA_REQUIRED:GA4","OWNER_DATA_REQUIRED:GA4_NETLIFY","NOT_MEASURED","templated-review","exact-unique","NO_EXACT_H1_DUPLICATE; GSC_QUERY_DATA_REQUIRED","https://reumlab.com/app/academy/","INDEX / SELF_CANONICAL_STATIC_VERIFIED","MONITOR","템플릿 유사 가능성은 있으나 검색·전환 데이터 없이 삭제·통합하지 않음","P2-monitor","SEO owner"
"https://reumlab.com/solution/cleaning/","industry_service","industry_service","앱·웹·AI 개발 파트너를 찾는 사업자와 실무자","OWNER_DATA_REQUIRED:GSC","OWNER_DATA_REQUIRED:GSC","OWNER_DATA_REQUIRED:GSC","OWNER_DATA_REQUIRED:GSC","OWNER_DATA_REQUIRED:BING","OWNER_DATA_REQUIRED:BING_AI_PERFORMANCE","OWNER_DATA_REQUIRED:NAVER","OWNER_DATA_REQUIRED:NAVER","OWNER_DATA_REQUIRED:GA4","OWNER_DATA_REQUIRED:GA4","OWNER_DATA_REQUIRED:GA4_NETLIFY","NOT_MEASURED","templated-review","exact-unique","NO_EXACT_H1_DUPLICATE; GSC_QUERY_DATA_REQUIRED","https://reumlab.com/app/academy/","INDEX / SELF_CANONICAL_STATIC_VERIFIED","MONITOR","템플릿 유사 가능성은 있으나 검색·전환 데이터 없이 삭제·통합하지 않음","P2-monitor","SEO owner"
"https://reumlab.com/solution/climbing/","industry_service","industry_service","앱·웹·AI 개발 파트너를 찾는 사업자와 실무자","OWNER_DATA_REQUIRED:GSC","OWNER_DATA_REQUIRED:GSC","OWNER_DATA_REQUIRED:GSC","OWNER_DATA_REQUIRED:GSC","OWNER_DATA_REQUIRED:BING","OWNER_DATA_REQUIRED:BING_AI_PERFORMANCE","OWNER_DATA_REQUIRED:NAVER","OWNER_DATA_REQUIRED:NAVER","OWNER_DATA_REQUIRED:GA4","OWNER_DATA_REQUIRED:GA4","OWNER_DATA_REQUIRED:GA4_NETLIFY","NOT_MEASURED","templated-review","exact-unique","NO_EXACT_H1_DUPLICATE; GSC_QUERY_DATA_REQUIRED","https://reumlab.com/app/academy/","INDEX / SELF_CANONICAL_STATIC_VERIFIED","MONITOR","템플릿 유사 가능성은 있으나 검색·전환 데이터 없이 삭제·통합하지 않음","P2-monitor","SEO owner"
"https://reumlab.com/solution/cloud-kitchen/","industry_service","industry_service","앱·웹·AI 개발 파트너를 찾는 사업자와 실무자","OWNER_DATA_REQUIRED:GSC","OWNER_DATA_REQUIRED:GSC","OWNER_DATA_REQUIRED:GSC","OWNER_DATA_REQUIRED:GSC","OWNER_DATA_REQUIRED:BING","OWNER_DATA_REQUIRED:BING_AI_PERFORMANCE","OWNER_DATA_REQUIRED:NAVER","OWNER_DATA_REQUIRED:NAVER","OWNER_DATA_REQUIRED:GA4","OWNER_DATA_REQUIRED:GA4","OWNER_DATA_REQUIRED:GA4_NETLIFY","NOT_MEASURED","templated-review","exact-unique","NO_EXACT_H1_DUPLICATE; GSC_QUERY_DATA_REQUIRED","https://reumlab.com/app/academy/","INDEX / SELF_CANONICAL_STATIC_VERIFIED","MONITOR","템플릿 유사 가능성은 있으나 검색·전환 데이터 없이 삭제·통합하지 않음","P2-monitor","SEO owner"
"https://reumlab.com/solution/coin-laundry/","industry_service","industry_service","앱·웹·AI 개발 파트너를 찾는 사업자와 실무자","OWNER_DATA_REQUIRED:GSC","OWNER_DATA_REQUIRED:GSC","OWNER_DATA_REQUIRED:GSC","OWNER_DATA_REQUIRED:GSC","OWNER_DATA_REQUIRED:BING","OWNER_DATA_REQUIRED:BING_AI_PERFORMANCE","OWNER_DATA_REQUIRED:NAVER","OWNER_DATA_REQUIRED:NAVER","OWNER_DATA_REQUIRED:GA4","OWNER_DATA_REQUIRED:GA4","OWNER_DATA_REQUIRED:GA4_NETLIFY","NOT_MEASURED","templated-review","exact-unique","NO_EXACT_H1_DUPLICATE; GSC_QUERY_DATA_REQUIRED","https://reumlab.com/app/academy/","INDEX / SELF_CANONICAL_STATIC_VERIFIED","MONITOR","템플릿 유사 가능성은 있으나 검색·전환 데이터 없이 삭제·통합하지 않음","P2-monitor","SEO owner"
"https://reumlab.com/solution/community/","industry_service","industry_service","앱·웹·AI 개발 파트너를 찾는 사업자와 실무자","OWNER_DATA_REQUIRED:GSC","OWNER_DATA_REQUIRED:GSC","OWNER_DATA_REQUIRED:GSC","OWNER_DATA_REQUIRED:GSC","OWNER_DATA_REQUIRED:BING","OWNER_DATA_REQUIRED:BING_AI_PERFORMANCE","OWNER_DATA_REQUIRED:NAVER","OWNER_DATA_REQUIRED:NAVER","OWNER_DATA_REQUIRED:GA4","OWNER_DATA_REQUIRED:GA4","OWNER_DATA_REQUIRED:GA4_NETLIFY","NOT_MEASURED","templated-review","exact-unique","NO_EXACT_H1_DUPLICATE; GSC_QUERY_DATA_REQUIRED","https://reumlab.com/app/academy/","INDEX / SELF_CANONICAL_STATIC_VERIFIED","MONITOR","템플릿 유사 가능성은 있으나 검색·전환 데이터 없이 삭제·통합하지 않음","P2-monitor","SEO owner"
"https://reumlab.com/solution/construction/","industry_service","industry_service","앱·웹·AI 개발 파트너를 찾는 사업자와 실무자","OWNER_DATA_REQUIRED:GSC","OWNER_DATA_REQUIRED:GSC","OWNER_DATA_REQUIRED:GSC","OWNER_DATA_REQUIRED:GSC","OWNER_DATA_REQUIRED:BING","OWNER_DATA_REQUIRED:BING_AI_PERFORMANCE","OWNER_DATA_REQUIRED:NAVER","OWNER_DATA_REQUIRED:NAVER","OWNER_DATA_REQUIRED:GA4","OWNER_DATA_REQUIRED:GA4","OWNER_DATA_REQUIRED:GA4_NETLIFY","NOT_MEASURED","templated-review","exact-unique","NO_EXACT_H1_DUPLICATE; GSC_QUERY_DATA_REQUIRED","https://reumlab.com/app/academy/","INDEX / SELF_CANONICAL_STATIC_VERIFIED","MONITOR","템플릿 유사 가능성은 있으나 검색·전환 데이터 없이 삭제·통합하지 않음","P2-monitor","SEO owner"
"https://reumlab.com/solution/cooking-class/","industry_service","industry_service","앱·웹·AI 개발 파트너를 찾는 사업자와 실무자","OWNER_DATA_REQUIRED:GSC","OWNER_DATA_REQUIRED:GSC","OWNER_DATA_REQUIRED:GSC","OWNER_DATA_REQUIRED:GSC","OWNER_DATA_REQUIRED:BING","OWNER_DATA_REQUIRED:BING_AI_PERFORMANCE","OWNER_DATA_REQUIRED:NAVER","OWNER_DATA_REQUIRED:NAVER","OWNER_DATA_REQUIRED:GA4","OWNER_DATA_REQUIRED:GA4","OWNER_DATA_REQUIRED:GA4_NETLIFY","NOT_MEASURED","templated-review","exact-unique","NO_EXACT_H1_DUPLICATE; GSC_QUERY_DATA_REQUIRED","https://reumlab.com/app/academy/","INDEX / SELF_CANONICAL_STATIC_VERIFIED","MONITOR","템플릿 유사 가능성은 있으나 검색·전환 데이터 없이 삭제·통합하지 않음","P2-monitor","SEO owner"
"https://reumlab.com/solution/coworking/","industry_service","industry_service","앱·웹·AI 개발 파트너를 찾는 사업자와 실무자","OWNER_DATA_REQUIRED:GSC","OWNER_DATA_REQUIRED:GSC","OWNER_DATA_REQUIRED:GSC","OWNER_DATA_REQUIRED:GSC","OWNER_DATA_REQUIRED:BING","OWNER_DATA_REQUIRED:BING_AI_PERFORMANCE","OWNER_DATA_REQUIRED:NAVER","OWNER_DATA_REQUIRED:NAVER","OWNER_DATA_REQUIRED:GA4","OWNER_DATA_REQUIRED:GA4","OWNER_DATA_REQUIRED:GA4_NETLIFY","NOT_MEASURED","templated-review","exact-unique","NO_EXACT_H1_DUPLICATE; GSC_QUERY_DATA_REQUIRED","https://reumlab.com/app/academy/","INDEX / SELF_CANONICAL_STATIC_VERIFIED","MONITOR","템플릿 유사 가능성은 있으나 검색·전환 데이터 없이 삭제·통합하지 않음","P2-monitor","SEO owner"
"https://reumlab.com/solution/creator/","industry_service","industry_service","앱·웹·AI 개발 파트너를 찾는 사업자와 실무자","OWNER_DATA_REQUIRED:GSC","OWNER_DATA_REQUIRED:GSC","OWNER_DATA_REQUIRED:GSC","OWNER_DATA_REQUIRED:GSC","OWNER_DATA_REQUIRED:BING","OWNER_DATA_REQUIRED:BING_AI_PERFORMANCE","OWNER_DATA_REQUIRED:NAVER","OWNER_DATA_REQUIRED:NAVER","OWNER_DATA_REQUIRED:GA4","OWNER_DATA_REQUIRED:GA4","OWNER_DATA_REQUIRED:GA4_NETLIFY","NOT_MEASURED","templated-review","exact-unique","NO_EXACT_H1_DUPLICATE; GSC_QUERY_DATA_REQUIRED","https://reumlab.com/app/academy/","INDEX / SELF_CANONICAL_STATIC_VERIFIED","MONITOR","템플릿 유사 가능성은 있으나 검색·전환 데이터 없이 삭제·통합하지 않음","P2-monitor","SEO owner"
"https://reumlab.com/solution/dance-academy/","industry_service","industry_service","앱·웹·AI 개발 파트너를 찾는 사업자와 실무자","OWNER_DATA_REQUIRED:GSC","OWNER_DATA_REQUIRED:GSC","OWNER_DATA_REQUIRED:GSC","OWNER_DATA_REQUIRED:GSC","OWNER_DATA_REQUIRED:BING","OWNER_DATA_REQUIRED:BING_AI_PERFORMANCE","OWNER_DATA_REQUIRED:NAVER","OWNER_DATA_REQUIRED:NAVER","OWNER_DATA_REQUIRED:GA4","OWNER_DATA_REQUIRED:GA4","OWNER_DATA_REQUIRED:GA4_NETLIFY","NOT_MEASURED","templated-review","exact-unique","NO_EXACT_H1_DUPLICATE; GSC_QUERY_DATA_REQUIRED","https://reumlab.com/app/academy/","INDEX / SELF_CANONICAL_STATIC_VERIFIED","MONITOR","템플릿 유사 가능성은 있으나 검색·전환 데이터 없이 삭제·통합하지 않음","P2-monitor","SEO owner"
"https://reumlab.com/solution/delivery/","industry_service","industry_service","앱·웹·AI 개발 파트너를 찾는 사업자와 실무자","OWNER_DATA_REQUIRED:GSC","OWNER_DATA_REQUIRED:GSC","OWNER_DATA_REQUIRED:GSC","OWNER_DATA_REQUIRED:GSC","OWNER_DATA_REQUIRED:BING","OWNER_DATA_REQUIRED:BING_AI_PERFORMANCE","OWNER_DATA_REQUIRED:NAVER","OWNER_DATA_REQUIRED:NAVER","OWNER_DATA_REQUIRED:GA4","OWNER_DATA_REQUIRED:GA4","OWNER_DATA_REQUIRED:GA4_NETLIFY","NOT_MEASURED","templated-review","exact-unique","NO_EXACT_H1_DUPLICATE; GSC_QUERY_DATA_REQUIRED","https://reumlab.com/app/academy/","INDEX / SELF_CANONICAL_STATIC_VERIFIED","MONITOR","템플릿 유사 가능성은 있으나 검색·전환 데이터 없이 삭제·통합하지 않음","P2-monitor","SEO owner"
"https://reumlab.com/solution/dental/","industry_service","industry_service","앱·웹·AI 개발 파트너를 찾는 사업자와 실무자","OWNER_DATA_REQUIRED:GSC","OWNER_DATA_REQUIRED:GSC","OWNER_DATA_REQUIRED:GSC","OWNER_DATA_REQUIRED:GSC","OWNER_DATA_REQUIRED:BING","OWNER_DATA_REQUIRED:BING_AI_PERFORMANCE","OWNER_DATA_REQUIRED:NAVER","OWNER_DATA_REQUIRED:NAVER","OWNER_DATA_REQUIRED:GA4","OWNER_DATA_REQUIRED:GA4","OWNER_DATA_REQUIRED:GA4_NETLIFY","NOT_MEASURED","templated-review","exact-unique","NO_EXACT_H1_DUPLICATE; GSC_QUERY_DATA_REQUIRED","https://reumlab.com/app/academy/","INDEX / SELF_CANONICAL_STATIC_VERIFIED","MONITOR","템플릿 유사 가능성은 있으나 검색·전환 데이터 없이 삭제·통합하지 않음","P2-monitor","SEO owner"
"https://reumlab.com/solution/driving-school/","industry_service","industry_service","앱·웹·AI 개발 파트너를 찾는 사업자와 실무자","OWNER_DATA_REQUIRED:GSC","OWNER_DATA_REQUIRED:GSC","OWNER_DATA_REQUIRED:GSC","OWNER_DATA_REQUIRED:GSC","OWNER_DATA_REQUIRED:BING","OWNER_DATA_REQUIRED:BING_AI_PERFORMANCE","OWNER_DATA_REQUIRED:NAVER","OWNER_DATA_REQUIRED:NAVER","OWNER_DATA_REQUIRED:GA4","OWNER_DATA_REQUIRED:GA4","OWNER_DATA_REQUIRED:GA4_NETLIFY","NOT_MEASURED","templated-review","exact-unique","NO_EXACT_H1_DUPLICATE; GSC_QUERY_DATA_REQUIRED","https://reumlab.com/app/academy/","INDEX / SELF_CANONICAL_STATIC_VERIFIED","MONITOR","템플릿 유사 가능성은 있으나 검색·전환 데이터 없이 삭제·통합하지 않음","P2-monitor","SEO owner"
"https://reumlab.com/solution/english-academy/","industry_service","industry_service","앱·웹·AI 개발 파트너를 찾는 사업자와 실무자","OWNER_DATA_REQUIRED:GSC","OWNER_DATA_REQUIRED:GSC","OWNER_DATA_REQUIRED:GSC","OWNER_DATA_REQUIRED:GSC","OWNER_DATA_REQUIRED:BING","OWNER_DATA_REQUIRED:BING_AI_PERFORMANCE","OWNER_DATA_REQUIRED:NAVER","OWNER_DATA_REQUIRED:NAVER","OWNER_DATA_REQUIRED:GA4","OWNER_DATA_REQUIRED:GA4","OWNER_DATA_REQUIRED:GA4_NETLIFY","NOT_MEASURED","templated-review","exact-unique","NO_EXACT_H1_DUPLICATE; GSC_QUERY_DATA_REQUIRED","https://reumlab.com/app/academy/","INDEX / SELF_CANONICAL_STATIC_VERIFIED","MONITOR","템플릿 유사 가능성은 있으나 검색·전환 데이터 없이 삭제·통합하지 않음","P2-monitor","SEO owner"
"https://reumlab.com/solution/esthetic/","industry_service","industry_service","앱·웹·AI 개발 파트너를 찾는 사업자와 실무자","OWNER_DATA_REQUIRED:GSC","OWNER_DATA_REQUIRED:GSC","OWNER_DATA_REQUIRED:GSC","OWNER_DATA_REQUIRED:GSC","OWNER_DATA_REQUIRED:BING","OWNER_DATA_REQUIRED:BING_AI_PERFORMANCE","OWNER_DATA_REQUIRED:NAVER","OWNER_DATA_REQUIRED:NAVER","OWNER_DATA_REQUIRED:GA4","OWNER_DATA_REQUIRED:GA4","OWNER_DATA_REQUIRED:GA4_NETLIFY","NOT_MEASURED","templated-review","exact-unique","NO_EXACT_H1_DUPLICATE; GSC_QUERY_DATA_REQUIRED","https://reumlab.com/app/academy/","INDEX / SELF_CANONICAL_STATIC_VERIFIED","MONITOR","템플릿 유사 가능성은 있으나 검색·전환 데이터 없이 삭제·통합하지 않음","P2-monitor","SEO owner"
"https://reumlab.com/solution/event-agency/","industry_service","industry_service","앱·웹·AI 개발 파트너를 찾는 사업자와 실무자","OWNER_DATA_REQUIRED:GSC","OWNER_DATA_REQUIRED:GSC","OWNER_DATA_REQUIRED:GSC","OWNER_DATA_REQUIRED:GSC","OWNER_DATA_REQUIRED:BING","OWNER_DATA_REQUIRED:BING_AI_PERFORMANCE","OWNER_DATA_REQUIRED:NAVER","OWNER_DATA_REQUIRED:NAVER","OWNER_DATA_REQUIRED:GA4","OWNER_DATA_REQUIRED:GA4","OWNER_DATA_REQUIRED:GA4_NETLIFY","NOT_MEASURED","templated-review","exact-unique","NO_EXACT_H1_DUPLICATE; GSC_QUERY_DATA_REQUIRED","https://reumlab.com/app/academy/","INDEX / SELF_CANONICAL_STATIC_VERIFIED","MONITOR","템플릿 유사 가능성은 있으나 검색·전환 데이터 없이 삭제·통합하지 않음","P2-monitor","SEO owner"
"https://reumlab.com/solution/fishing/","industry_service","industry_service","앱·웹·AI 개발 파트너를 찾는 사업자와 실무자","OWNER_DATA_REQUIRED:GSC","OWNER_DATA_REQUIRED:GSC","OWNER_DATA_REQUIRED:GSC","OWNER_DATA_REQUIRED:GSC","OWNER_DATA_REQUIRED:BING","OWNER_DATA_REQUIRED:BING_AI_PERFORMANCE","OWNER_DATA_REQUIRED:NAVER","OWNER_DATA_REQUIRED:NAVER","OWNER_DATA_REQUIRED:GA4","OWNER_DATA_REQUIRED:GA4","OWNER_DATA_REQUIRED:GA4_NETLIFY","NOT_MEASURED","templated-review","exact-unique","NO_EXACT_H1_DUPLICATE; GSC_QUERY_DATA_REQUIRED","https://reumlab.com/app/academy/","INDEX / SELF_CANONICAL_STATIC_VERIFIED","MONITOR","템플릿 유사 가능성은 있으나 검색·전환 데이터 없이 삭제·통합하지 않음","P2-monitor","SEO owner"
"https://reumlab.com/solution/fitness/","industry_service","industry_service","앱·웹·AI 개발 파트너를 찾는 사업자와 실무자","OWNER_DATA_REQUIRED:GSC","OWNER_DATA_REQUIRED:GSC","OWNER_DATA_REQUIRED:GSC","OWNER_DATA_REQUIRED:GSC","OWNER_DATA_REQUIRED:BING","OWNER_DATA_REQUIRED:BING_AI_PERFORMANCE","OWNER_DATA_REQUIRED:NAVER","OWNER_DATA_REQUIRED:NAVER","OWNER_DATA_REQUIRED:GA4","OWNER_DATA_REQUIRED:GA4","OWNER_DATA_REQUIRED:GA4_NETLIFY","NOT_MEASURED","templated-review","exact-unique","NO_EXACT_H1_DUPLICATE; GSC_QUERY_DATA_REQUIRED","https://reumlab.com/app/academy/","INDEX / SELF_CANONICAL_STATIC_VERIFIED","MONITOR","템플릿 유사 가능성은 있으나 검색·전환 데이터 없이 삭제·통합하지 않음","P2-monitor","SEO owner"
"https://reumlab.com/solution/flower/","industry_service","industry_service","앱·웹·AI 개발 파트너를 찾는 사업자와 실무자","OWNER_DATA_REQUIRED:GSC","OWNER_DATA_REQUIRED:GSC","OWNER_DATA_REQUIRED:GSC","OWNER_DATA_REQUIRED:GSC","OWNER_DATA_REQUIRED:BING","OWNER_DATA_REQUIRED:BING_AI_PERFORMANCE","OWNER_DATA_REQUIRED:NAVER","OWNER_DATA_REQUIRED:NAVER","OWNER_DATA_REQUIRED:GA4","OWNER_DATA_REQUIRED:GA4","OWNER_DATA_REQUIRED:GA4_NETLIFY","NOT_MEASURED","templated-review","exact-unique","NO_EXACT_H1_DUPLICATE; GSC_QUERY_DATA_REQUIRED","https://reumlab.com/app/academy/","INDEX / SELF_CANONICAL_STATIC_VERIFIED","MONITOR","템플릿 유사 가능성은 있으나 검색·전환 데이터 없이 삭제·통합하지 않음","P2-monitor","SEO owner"
"https://reumlab.com/solution/foodtech/","industry_service","industry_service","앱·웹·AI 개발 파트너를 찾는 사업자와 실무자","OWNER_DATA_REQUIRED:GSC","OWNER_DATA_REQUIRED:GSC","OWNER_DATA_REQUIRED:GSC","OWNER_DATA_REQUIRED:GSC","OWNER_DATA_REQUIRED:BING","OWNER_DATA_REQUIRED:BING_AI_PERFORMANCE","OWNER_DATA_REQUIRED:NAVER","OWNER_DATA_REQUIRED:NAVER","OWNER_DATA_REQUIRED:GA4","OWNER_DATA_REQUIRED:GA4","OWNER_DATA_REQUIRED:GA4_NETLIFY","NOT_MEASURED","templated-review","exact-unique","NO_EXACT_H1_DUPLICATE; GSC_QUERY_DATA_REQUIRED","https://reumlab.com/app/academy/","INDEX / SELF_CANONICAL_STATIC_VERIFIED","MONITOR","템플릿 유사 가능성은 있으나 검색·전환 데이터 없이 삭제·통합하지 않음","P2-monitor","SEO owner"
"https://reumlab.com/solution/franchise/","industry_service","industry_service","앱·웹·AI 개발 파트너를 찾는 사업자와 실무자","OWNER_DATA_REQUIRED:GSC","OWNER_DATA_REQUIRED:GSC","OWNER_DATA_REQUIRED:GSC","OWNER_DATA_REQUIRED:GSC","OWNER_DATA_REQUIRED:BING","OWNER_DATA_REQUIRED:BING_AI_PERFORMANCE","OWNER_DATA_REQUIRED:NAVER","OWNER_DATA_REQUIRED:NAVER","OWNER_DATA_REQUIRED:GA4","OWNER_DATA_REQUIRED:GA4","OWNER_DATA_REQUIRED:GA4_NETLIFY","NOT_MEASURED","templated-review","exact-unique","NO_EXACT_H1_DUPLICATE; GSC_QUERY_DATA_REQUIRED","https://reumlab.com/app/academy/","INDEX / SELF_CANONICAL_STATIC_VERIFIED","MONITOR","템플릿 유사 가능성은 있으나 검색·전환 데이터 없이 삭제·통합하지 않음","P2-monitor","SEO owner"
"https://reumlab.com/solution/funeral/","industry_service","industry_service","앱·웹·AI 개발 파트너를 찾는 사업자와 실무자","OWNER_DATA_REQUIRED:GSC","OWNER_DATA_REQUIRED:GSC","OWNER_DATA_REQUIRED:GSC","OWNER_DATA_REQUIRED:GSC","OWNER_DATA_REQUIRED:BING","OWNER_DATA_REQUIRED:BING_AI_PERFORMANCE","OWNER_DATA_REQUIRED:NAVER","OWNER_DATA_REQUIRED:NAVER","OWNER_DATA_REQUIRED:GA4","OWNER_DATA_REQUIRED:GA4","OWNER_DATA_REQUIRED:GA4_NETLIFY","NOT_MEASURED","templated-review","exact-unique","NO_EXACT_H1_DUPLICATE; GSC_QUERY_DATA_REQUIRED","https://reumlab.com/app/academy/","INDEX / SELF_CANONICAL_STATIC_VERIFIED","MONITOR","템플릿 유사 가능성은 있으나 검색·전환 데이터 없이 삭제·통합하지 않음","P2-monitor","SEO owner"
"https://reumlab.com/solution/furniture/","industry_service","industry_service","앱·웹·AI 개발 파트너를 찾는 사업자와 실무자","OWNER_DATA_REQUIRED:GSC","OWNER_DATA_REQUIRED:GSC","OWNER_DATA_REQUIRED:GSC","OWNER_DATA_REQUIRED:GSC","OWNER_DATA_REQUIRED:BING","OWNER_DATA_REQUIRED:BING_AI_PERFORMANCE","OWNER_DATA_REQUIRED:NAVER","OWNER_DATA_REQUIRED:NAVER","OWNER_DATA_REQUIRED:GA4","OWNER_DATA_REQUIRED:GA4","OWNER_DATA_REQUIRED:GA4_NETLIFY","NOT_MEASURED","templated-review","exact-unique","NO_EXACT_H1_DUPLICATE; GSC_QUERY_DATA_REQUIRED","https://reumlab.com/app/academy/","INDEX / SELF_CANONICAL_STATIC_VERIFIED","MONITOR","템플릿 유사 가능성은 있으나 검색·전환 데이터 없이 삭제·통합하지 않음","P2-monitor","SEO owner"
"https://reumlab.com/solution/game-studio/","industry_service","industry_service","앱·웹·AI 개발 파트너를 찾는 사업자와 실무자","OWNER_DATA_REQUIRED:GSC","OWNER_DATA_REQUIRED:GSC","OWNER_DATA_REQUIRED:GSC","OWNER_DATA_REQUIRED:GSC","OWNER_DATA_REQUIRED:BING","OWNER_DATA_REQUIRED:BING_AI_PERFORMANCE","OWNER_DATA_REQUIRED:NAVER","OWNER_DATA_REQUIRED:NAVER","OWNER_DATA_REQUIRED:GA4","OWNER_DATA_REQUIRED:GA4","OWNER_DATA_REQUIRED:GA4_NETLIFY","NOT_MEASURED","templated-review","exact-unique","NO_EXACT_H1_DUPLICATE; GSC_QUERY_DATA_REQUIRED","https://reumlab.com/app/academy/","INDEX / SELF_CANONICAL_STATIC_VERIFIED","MONITOR","템플릿 유사 가능성은 있으나 검색·전환 데이터 없이 삭제·통합하지 않음","P2-monitor","SEO owner"
"https://reumlab.com/solution/golf/","industry_service","industry_service","앱·웹·AI 개발 파트너를 찾는 사업자와 실무자","OWNER_DATA_REQUIRED:GSC","OWNER_DATA_REQUIRED:GSC","OWNER_DATA_REQUIRED:GSC","OWNER_DATA_REQUIRED:GSC","OWNER_DATA_REQUIRED:BING","OWNER_DATA_REQUIRED:BING_AI_PERFORMANCE","OWNER_DATA_REQUIRED:NAVER","OWNER_DATA_REQUIRED:NAVER","OWNER_DATA_REQUIRED:GA4","OWNER_DATA_REQUIRED:GA4","OWNER_DATA_REQUIRED:GA4_NETLIFY","NOT_MEASURED","templated-review","exact-unique","NO_EXACT_H1_DUPLICATE; GSC_QUERY_DATA_REQUIRED","https://reumlab.com/app/academy/","INDEX / SELF_CANONICAL_STATIC_VERIFIED","MONITOR","템플릿 유사 가능성은 있으나 검색·전환 데이터 없이 삭제·통합하지 않음","P2-monitor","SEO owner"
"https://reumlab.com/solution/golf-range/","industry_service","industry_service","앱·웹·AI 개발 파트너를 찾는 사업자와 실무자","OWNER_DATA_REQUIRED:GSC","OWNER_DATA_REQUIRED:GSC","OWNER_DATA_REQUIRED:GSC","OWNER_DATA_REQUIRED:GSC","OWNER_DATA_REQUIRED:BING","OWNER_DATA_REQUIRED:BING_AI_PERFORMANCE","OWNER_DATA_REQUIRED:NAVER","OWNER_DATA_REQUIRED:NAVER","OWNER_DATA_REQUIRED:GA4","OWNER_DATA_REQUIRED:GA4","OWNER_DATA_REQUIRED:GA4_NETLIFY","NOT_MEASURED","templated-review","exact-unique","NO_EXACT_H1_DUPLICATE; GSC_QUERY_DATA_REQUIRED","https://reumlab.com/app/academy/","INDEX / SELF_CANONICAL_STATIC_VERIFIED","MONITOR","템플릿 유사 가능성은 있으나 검색·전환 데이터 없이 삭제·통합하지 않음","P2-monitor","SEO owner"
"https://reumlab.com/solution/grocery/","industry_service","industry_service","앱·웹·AI 개발 파트너를 찾는 사업자와 실무자","OWNER_DATA_REQUIRED:GSC","OWNER_DATA_REQUIRED:GSC","OWNER_DATA_REQUIRED:GSC","OWNER_DATA_REQUIRED:GSC","OWNER_DATA_REQUIRED:BING","OWNER_DATA_REQUIRED:BING_AI_PERFORMANCE","OWNER_DATA_REQUIRED:NAVER","OWNER_DATA_REQUIRED:NAVER","OWNER_DATA_REQUIRED:GA4","OWNER_DATA_REQUIRED:GA4","OWNER_DATA_REQUIRED:GA4_NETLIFY","NOT_MEASURED","templated-review","exact-unique","NO_EXACT_H1_DUPLICATE; GSC_QUERY_DATA_REQUIRED","https://reumlab.com/app/academy/","INDEX / SELF_CANONICAL_STATIC_VERIFIED","MONITOR","템플릿 유사 가능성은 있으나 검색·전환 데이터 없이 삭제·통합하지 않음","P2-monitor","SEO owner"
"https://reumlab.com/solution/hair-salon/","industry_service","industry_service","앱·웹·AI 개발 파트너를 찾는 사업자와 실무자","OWNER_DATA_REQUIRED:GSC","OWNER_DATA_REQUIRED:GSC","OWNER_DATA_REQUIRED:GSC","OWNER_DATA_REQUIRED:GSC","OWNER_DATA_REQUIRED:BING","OWNER_DATA_REQUIRED:BING_AI_PERFORMANCE","OWNER_DATA_REQUIRED:NAVER","OWNER_DATA_REQUIRED:NAVER","OWNER_DATA_REQUIRED:GA4","OWNER_DATA_REQUIRED:GA4","OWNER_DATA_REQUIRED:GA4_NETLIFY","NOT_MEASURED","templated-review","exact-unique","NO_EXACT_H1_DUPLICATE; GSC_QUERY_DATA_REQUIRED","https://reumlab.com/app/academy/","INDEX / SELF_CANONICAL_STATIC_VERIFIED","MONITOR","템플릿 유사 가능성은 있으나 검색·전환 데이터 없이 삭제·통합하지 않음","P2-monitor","SEO owner"
"https://reumlab.com/solution/hospital/","industry_service","industry_service","앱·웹·AI 개발 파트너를 찾는 사업자와 실무자","OWNER_DATA_REQUIRED:GSC","OWNER_DATA_REQUIRED:GSC","OWNER_DATA_REQUIRED:GSC","OWNER_DATA_REQUIRED:GSC","OWNER_DATA_REQUIRED:BING","OWNER_DATA_REQUIRED:BING_AI_PERFORMANCE","OWNER_DATA_REQUIRED:NAVER","OWNER_DATA_REQUIRED:NAVER","OWNER_DATA_REQUIRED:GA4","OWNER_DATA_REQUIRED:GA4","OWNER_DATA_REQUIRED:GA4_NETLIFY","NOT_MEASURED","templated-review","exact-unique","NO_EXACT_H1_DUPLICATE; GSC_QUERY_DATA_REQUIRED","https://reumlab.com/app/academy/","INDEX / SELF_CANONICAL_STATIC_VERIFIED","MONITOR","템플릿 유사 가능성은 있으나 검색·전환 데이터 없이 삭제·통합하지 않음","P2-monitor","SEO owner"
"https://reumlab.com/solution/","service_or_hub","service_or_hub","앱·웹·AI 개발 파트너를 찾는 사업자와 실무자","OWNER_DATA_REQUIRED:GSC","OWNER_DATA_REQUIRED:GSC","OWNER_DATA_REQUIRED:GSC","OWNER_DATA_REQUIRED:GSC","OWNER_DATA_REQUIRED:BING","OWNER_DATA_REQUIRED:BING_AI_PERFORMANCE","OWNER_DATA_REQUIRED:NAVER","OWNER_DATA_REQUIRED:NAVER","OWNER_DATA_REQUIRED:GA4","OWNER_DATA_REQUIRED:GA4","OWNER_DATA_REQUIRED:GA4_NETLIFY","NOT_MEASURED","moderate","exact-unique","NO_EXACT_H1_DUPLICATE; GSC_QUERY_DATA_REQUIRED","https://reumlab.com/academy-shopping-mall/","INDEX / SELF_CANONICAL_STATIC_VERIFIED","IMPROVE","핵심 의도와 기술 품질은 유효하나 인용 가능한 1차 근거 보강 여지 있음","P1","content+SEO"
"https://reumlab.com/solution/insurance/","industry_service","industry_service","앱·웹·AI 개발 파트너를 찾는 사업자와 실무자","OWNER_DATA_REQUIRED:GSC","OWNER_DATA_REQUIRED:GSC","OWNER_DATA_REQUIRED:GSC","OWNER_DATA_REQUIRED:GSC","OWNER_DATA_REQUIRED:BING","OWNER_DATA_REQUIRED:BING_AI_PERFORMANCE","OWNER_DATA_REQUIRED:NAVER","OWNER_DATA_REQUIRED:NAVER","OWNER_DATA_REQUIRED:GA4","OWNER_DATA_REQUIRED:GA4","OWNER_DATA_REQUIRED:GA4_NETLIFY","NOT_MEASURED","templated-review","exact-unique","NO_EXACT_H1_DUPLICATE; GSC_QUERY_DATA_REQUIRED","https://reumlab.com/app/academy/","INDEX / SELF_CANONICAL_STATIC_VERIFIED","MONITOR","템플릿 유사 가능성은 있으나 검색·전환 데이터 없이 삭제·통합하지 않음","P2-monitor","SEO owner"
"https://reumlab.com/solution/interior/","industry_service","industry_service","앱·웹·AI 개발 파트너를 찾는 사업자와 실무자","OWNER_DATA_REQUIRED:GSC","OWNER_DATA_REQUIRED:GSC","OWNER_DATA_REQUIRED:GSC","OWNER_DATA_REQUIRED:GSC","OWNER_DATA_REQUIRED:BING","OWNER_DATA_REQUIRED:BING_AI_PERFORMANCE","OWNER_DATA_REQUIRED:NAVER","OWNER_DATA_REQUIRED:NAVER","OWNER_DATA_REQUIRED:GA4","OWNER_DATA_REQUIRED:GA4","OWNER_DATA_REQUIRED:GA4_NETLIFY","NOT_MEASURED","templated-review","exact-unique","NO_EXACT_H1_DUPLICATE; GSC_QUERY_DATA_REQUIRED","https://reumlab.com/app/academy/","INDEX / SELF_CANONICAL_STATIC_VERIFIED","MONITOR","템플릿 유사 가능성은 있으나 검색·전환 데이터 없이 삭제·통합하지 않음","P2-monitor","SEO owner"
"https://reumlab.com/solution/kids-cafe/","industry_service","industry_service","앱·웹·AI 개발 파트너를 찾는 사업자와 실무자","OWNER_DATA_REQUIRED:GSC","OWNER_DATA_REQUIRED:GSC","OWNER_DATA_REQUIRED:GSC","OWNER_DATA_REQUIRED:GSC","OWNER_DATA_REQUIRED:BING","OWNER_DATA_REQUIRED:BING_AI_PERFORMANCE","OWNER_DATA_REQUIRED:NAVER","OWNER_DATA_REQUIRED:NAVER","OWNER_DATA_REQUIRED:GA4","OWNER_DATA_REQUIRED:GA4","OWNER_DATA_REQUIRED:GA4_NETLIFY","NOT_MEASURED","templated-review","exact-unique","NO_EXACT_H1_DUPLICATE; GSC_QUERY_DATA_REQUIRED","https://reumlab.com/app/academy/","INDEX / SELF_CANONICAL_STATIC_VERIFIED","MONITOR","템플릿 유사 가능성은 있으나 검색·전환 데이터 없이 삭제·통합하지 않음","P2-monitor","SEO owner"
"https://reumlab.com/solution/labor-hr/","industry_service","industry_service","앱·웹·AI 개발 파트너를 찾는 사업자와 실무자","OWNER_DATA_REQUIRED:GSC","OWNER_DATA_REQUIRED:GSC","OWNER_DATA_REQUIRED:GSC","OWNER_DATA_REQUIRED:GSC","OWNER_DATA_REQUIRED:BING","OWNER_DATA_REQUIRED:BING_AI_PERFORMANCE","OWNER_DATA_REQUIRED:NAVER","OWNER_DATA_REQUIRED:NAVER","OWNER_DATA_REQUIRED:GA4","OWNER_DATA_REQUIRED:GA4","OWNER_DATA_REQUIRED:GA4_NETLIFY","NOT_MEASURED","templated-review","exact-unique","NO_EXACT_H1_DUPLICATE; GSC_QUERY_DATA_REQUIRED","https://reumlab.com/app/academy/","INDEX / SELF_CANONICAL_STATIC_VERIFIED","MONITOR","템플릿 유사 가능성은 있으나 검색·전환 데이터 없이 삭제·통합하지 않음","P2-monitor","SEO owner"
"https://reumlab.com/solution/laundry/","industry_service","industry_service","앱·웹·AI 개발 파트너를 찾는 사업자와 실무자","OWNER_DATA_REQUIRED:GSC","OWNER_DATA_REQUIRED:GSC","OWNER_DATA_REQUIRED:GSC","OWNER_DATA_REQUIRED:GSC","OWNER_DATA_REQUIRED:BING","OWNER_DATA_REQUIRED:BING_AI_PERFORMANCE","OWNER_DATA_REQUIRED:NAVER","OWNER_DATA_REQUIRED:NAVER","OWNER_DATA_REQUIRED:GA4","OWNER_DATA_REQUIRED:GA4","OWNER_DATA_REQUIRED:GA4_NETLIFY","NOT_MEASURED","templated-review","exact-unique","NO_EXACT_H1_DUPLICATE; GSC_QUERY_DATA_REQUIRED","https://reumlab.com/app/academy/","INDEX / SELF_CANONICAL_STATIC_VERIFIED","MONITOR","템플릿 유사 가능성은 있으나 검색·전환 데이터 없이 삭제·통합하지 않음","P2-monitor","SEO owner"
"https://reumlab.com/solution/law-firm/","industry_service","industry_service","앱·웹·AI 개발 파트너를 찾는 사업자와 실무자","OWNER_DATA_REQUIRED:GSC","OWNER_DATA_REQUIRED:GSC","OWNER_DATA_REQUIRED:GSC","OWNER_DATA_REQUIRED:GSC","OWNER_DATA_REQUIRED:BING","OWNER_DATA_REQUIRED:BING_AI_PERFORMANCE","OWNER_DATA_REQUIRED:NAVER","OWNER_DATA_REQUIRED:NAVER","OWNER_DATA_REQUIRED:GA4","OWNER_DATA_REQUIRED:GA4","OWNER_DATA_REQUIRED:GA4_NETLIFY","NOT_MEASURED","templated-review","exact-unique","NO_EXACT_H1_DUPLICATE; GSC_QUERY_DATA_REQUIRED","https://reumlab.com/app/academy/","INDEX / SELF_CANONICAL_STATIC_VERIFIED","MONITOR","템플릿 유사 가능성은 있으나 검색·전환 데이터 없이 삭제·통합하지 않음","P2-monitor","SEO owner"
"https://reumlab.com/solution/liquor-shop/","industry_service","industry_service","앱·웹·AI 개발 파트너를 찾는 사업자와 실무자","OWNER_DATA_REQUIRED:GSC","OWNER_DATA_REQUIRED:GSC","OWNER_DATA_REQUIRED:GSC","OWNER_DATA_REQUIRED:GSC","OWNER_DATA_REQUIRED:BING","OWNER_DATA_REQUIRED:BING_AI_PERFORMANCE","OWNER_DATA_REQUIRED:NAVER","OWNER_DATA_REQUIRED:NAVER","OWNER_DATA_REQUIRED:GA4","OWNER_DATA_REQUIRED:GA4","OWNER_DATA_REQUIRED:GA4_NETLIFY","NOT_MEASURED","templated-review","exact-unique","NO_EXACT_H1_DUPLICATE; GSC_QUERY_DATA_REQUIRED","https://reumlab.com/app/academy/","INDEX / SELF_CANONICAL_STATIC_VERIFIED","MONITOR","템플릿 유사 가능성은 있으나 검색·전환 데이터 없이 삭제·통합하지 않음","P2-monitor","SEO owner"
"https://reumlab.com/solution/loan/","industry_service","industry_service","앱·웹·AI 개발 파트너를 찾는 사업자와 실무자","OWNER_DATA_REQUIRED:GSC","OWNER_DATA_REQUIRED:GSC","OWNER_DATA_REQUIRED:GSC","OWNER_DATA_REQUIRED:GSC","OWNER_DATA_REQUIRED:BING","OWNER_DATA_REQUIRED:BING_AI_PERFORMANCE","OWNER_DATA_REQUIRED:NAVER","OWNER_DATA_REQUIRED:NAVER","OWNER_DATA_REQUIRED:GA4","OWNER_DATA_REQUIRED:GA4","OWNER_DATA_REQUIRED:GA4_NETLIFY","NOT_MEASURED","templated-review","exact-unique","NO_EXACT_H1_DUPLICATE; GSC_QUERY_DATA_REQUIRED","https://reumlab.com/app/academy/","INDEX / SELF_CANONICAL_STATIC_VERIFIED","MONITOR","템플릿 유사 가능성은 있으나 검색·전환 데이터 없이 삭제·통합하지 않음","P2-monitor","SEO owner"
"https://reumlab.com/solution/lodging/","industry_service","industry_service","앱·웹·AI 개발 파트너를 찾는 사업자와 실무자","OWNER_DATA_REQUIRED:GSC","OWNER_DATA_REQUIRED:GSC","OWNER_DATA_REQUIRED:GSC","OWNER_DATA_REQUIRED:GSC","OWNER_DATA_REQUIRED:BING","OWNER_DATA_REQUIRED:BING_AI_PERFORMANCE","OWNER_DATA_REQUIRED:NAVER","OWNER_DATA_REQUIRED:NAVER","OWNER_DATA_REQUIRED:GA4","OWNER_DATA_REQUIRED:GA4","OWNER_DATA_REQUIRED:GA4_NETLIFY","NOT_MEASURED","templated-review","exact-unique","NO_EXACT_H1_DUPLICATE; GSC_QUERY_DATA_REQUIRED","https://reumlab.com/app/academy/","INDEX / SELF_CANONICAL_STATIC_VERIFIED","MONITOR","템플릿 유사 가능성은 있으나 검색·전환 데이터 없이 삭제·통합하지 않음","P2-monitor","SEO owner"
"https://reumlab.com/solution/logistics/","industry_service","industry_service","앱·웹·AI 개발 파트너를 찾는 사업자와 실무자","OWNER_DATA_REQUIRED:GSC","OWNER_DATA_REQUIRED:GSC","OWNER_DATA_REQUIRED:GSC","OWNER_DATA_REQUIRED:GSC","OWNER_DATA_REQUIRED:BING","OWNER_DATA_REQUIRED:BING_AI_PERFORMANCE","OWNER_DATA_REQUIRED:NAVER","OWNER_DATA_REQUIRED:NAVER","OWNER_DATA_REQUIRED:GA4","OWNER_DATA_REQUIRED:GA4","OWNER_DATA_REQUIRED:GA4_NETLIFY","NOT_MEASURED","templated-review","exact-unique","NO_EXACT_H1_DUPLICATE; GSC_QUERY_DATA_REQUIRED","https://reumlab.com/app/academy/","INDEX / SELF_CANONICAL_STATIC_VERIFIED","MONITOR","템플릿 유사 가능성은 있으나 검색·전환 데이터 없이 삭제·통합하지 않음","P2-monitor","SEO owner"
"https://reumlab.com/solution/manufacturing/","industry_service","industry_service","앱·웹·AI 개발 파트너를 찾는 사업자와 실무자","OWNER_DATA_REQUIRED:GSC","OWNER_DATA_REQUIRED:GSC","OWNER_DATA_REQUIRED:GSC","OWNER_DATA_REQUIRED:GSC","OWNER_DATA_REQUIRED:BING","OWNER_DATA_REQUIRED:BING_AI_PERFORMANCE","OWNER_DATA_REQUIRED:NAVER","OWNER_DATA_REQUIRED:NAVER","OWNER_DATA_REQUIRED:GA4","OWNER_DATA_REQUIRED:GA4","OWNER_DATA_REQUIRED:GA4_NETLIFY","NOT_MEASURED","templated-review","exact-unique","NO_EXACT_H1_DUPLICATE; GSC_QUERY_DATA_REQUIRED","https://reumlab.com/app/academy/","INDEX / SELF_CANONICAL_STATIC_VERIFIED","MONITOR","템플릿 유사 가능성은 있으나 검색·전환 데이터 없이 삭제·통합하지 않음","P2-monitor","SEO owner"
"https://reumlab.com/solution/marketing-agency/","industry_service","industry_service","앱·웹·AI 개발 파트너를 찾는 사업자와 실무자","OWNER_DATA_REQUIRED:GSC","OWNER_DATA_REQUIRED:GSC","OWNER_DATA_REQUIRED:GSC","OWNER_DATA_REQUIRED:GSC","OWNER_DATA_REQUIRED:BING","OWNER_DATA_REQUIRED:BING_AI_PERFORMANCE","OWNER_DATA_REQUIRED:NAVER","OWNER_DATA_REQUIRED:NAVER","OWNER_DATA_REQUIRED:GA4","OWNER_DATA_REQUIRED:GA4","OWNER_DATA_REQUIRED:GA4_NETLIFY","NOT_MEASURED","templated-review","exact-unique","NO_EXACT_H1_DUPLICATE; GSC_QUERY_DATA_REQUIRED","https://reumlab.com/app/academy/","INDEX / SELF_CANONICAL_STATIC_VERIFIED","MONITOR","템플릿 유사 가능성은 있으나 검색·전환 데이터 없이 삭제·통합하지 않음","P2-monitor","SEO owner"
"https://reumlab.com/solution/marketplace/","industry_service","industry_service","앱·웹·AI 개발 파트너를 찾는 사업자와 실무자","OWNER_DATA_REQUIRED:GSC","OWNER_DATA_REQUIRED:GSC","OWNER_DATA_REQUIRED:GSC","OWNER_DATA_REQUIRED:GSC","OWNER_DATA_REQUIRED:BING","OWNER_DATA_REQUIRED:BING_AI_PERFORMANCE","OWNER_DATA_REQUIRED:NAVER","OWNER_DATA_REQUIRED:NAVER","OWNER_DATA_REQUIRED:GA4","OWNER_DATA_REQUIRED:GA4","OWNER_DATA_REQUIRED:GA4_NETLIFY","NOT_MEASURED","templated-review","exact-unique","NO_EXACT_H1_DUPLICATE; GSC_QUERY_DATA_REQUIRED","https://reumlab.com/app/academy/","INDEX / SELF_CANONICAL_STATIC_VERIFIED","MONITOR","템플릿 유사 가능성은 있으나 검색·전환 데이터 없이 삭제·통합하지 않음","P2-monitor","SEO owner"
"https://reumlab.com/solution/massage/","industry_service","industry_service","앱·웹·AI 개발 파트너를 찾는 사업자와 실무자","OWNER_DATA_REQUIRED:GSC","OWNER_DATA_REQUIRED:GSC","OWNER_DATA_REQUIRED:GSC","OWNER_DATA_REQUIRED:GSC","OWNER_DATA_REQUIRED:BING","OWNER_DATA_REQUIRED:BING_AI_PERFORMANCE","OWNER_DATA_REQUIRED:NAVER","OWNER_DATA_REQUIRED:NAVER","OWNER_DATA_REQUIRED:GA4","OWNER_DATA_REQUIRED:GA4","OWNER_DATA_REQUIRED:GA4_NETLIFY","NOT_MEASURED","templated-review","exact-unique","NO_EXACT_H1_DUPLICATE; GSC_QUERY_DATA_REQUIRED","https://reumlab.com/app/academy/","INDEX / SELF_CANONICAL_STATIC_VERIFIED","MONITOR","템플릿 유사 가능성은 있으나 검색·전환 데이터 없이 삭제·통합하지 않음","P2-monitor","SEO owner"
"https://reumlab.com/solution/math-academy/","industry_service","industry_service","앱·웹·AI 개발 파트너를 찾는 사업자와 실무자","OWNER_DATA_REQUIRED:GSC","OWNER_DATA_REQUIRED:GSC","OWNER_DATA_REQUIRED:GSC","OWNER_DATA_REQUIRED:GSC","OWNER_DATA_REQUIRED:BING","OWNER_DATA_REQUIRED:BING_AI_PERFORMANCE","OWNER_DATA_REQUIRED:NAVER","OWNER_DATA_REQUIRED:NAVER","OWNER_DATA_REQUIRED:GA4","OWNER_DATA_REQUIRED:GA4","OWNER_DATA_REQUIRED:GA4_NETLIFY","NOT_MEASURED","templated-review","exact-unique","NO_EXACT_H1_DUPLICATE; GSC_QUERY_DATA_REQUIRED","https://reumlab.com/app/academy/","INDEX / SELF_CANONICAL_STATIC_VERIFIED","MONITOR","템플릿 유사 가능성은 있으나 검색·전환 데이터 없이 삭제·통합하지 않음","P2-monitor","SEO owner"
"https://reumlab.com/solution/moving/","industry_service","industry_service","앱·웹·AI 개발 파트너를 찾는 사업자와 실무자","OWNER_DATA_REQUIRED:GSC","OWNER_DATA_REQUIRED:GSC","OWNER_DATA_REQUIRED:GSC","OWNER_DATA_REQUIRED:GSC","OWNER_DATA_REQUIRED:BING","OWNER_DATA_REQUIRED:BING_AI_PERFORMANCE","OWNER_DATA_REQUIRED:NAVER","OWNER_DATA_REQUIRED:NAVER","OWNER_DATA_REQUIRED:GA4","OWNER_DATA_REQUIRED:GA4","OWNER_DATA_REQUIRED:GA4_NETLIFY","NOT_MEASURED","templated-review","exact-unique","NO_EXACT_H1_DUPLICATE; GSC_QUERY_DATA_REQUIRED","https://reumlab.com/app/academy/","INDEX / SELF_CANONICAL_STATIC_VERIFIED","MONITOR","템플릿 유사 가능성은 있으나 검색·전환 데이터 없이 삭제·통합하지 않음","P2-monitor","SEO owner"
"https://reumlab.com/solution/music-academy/","industry_service","industry_service","앱·웹·AI 개발 파트너를 찾는 사업자와 실무자","OWNER_DATA_REQUIRED:GSC","OWNER_DATA_REQUIRED:GSC","OWNER_DATA_REQUIRED:GSC","OWNER_DATA_REQUIRED:GSC","OWNER_DATA_REQUIRED:BING","OWNER_DATA_REQUIRED:BING_AI_PERFORMANCE","OWNER_DATA_REQUIRED:NAVER","OWNER_DATA_REQUIRED:NAVER","OWNER_DATA_REQUIRED:GA4","OWNER_DATA_REQUIRED:GA4","OWNER_DATA_REQUIRED:GA4_NETLIFY","NOT_MEASURED","templated-review","exact-unique","NO_EXACT_H1_DUPLICATE; GSC_QUERY_DATA_REQUIRED","https://reumlab.com/app/academy/","INDEX / SELF_CANONICAL_STATIC_VERIFIED","MONITOR","템플릿 유사 가능성은 있으나 검색·전환 데이터 없이 삭제·통합하지 않음","P2-monitor","SEO owner"
"https://reumlab.com/solution/nail-shop/","industry_service","industry_service","앱·웹·AI 개발 파트너를 찾는 사업자와 실무자","OWNER_DATA_REQUIRED:GSC","OWNER_DATA_REQUIRED:GSC","OWNER_DATA_REQUIRED:GSC","OWNER_DATA_REQUIRED:GSC","OWNER_DATA_REQUIRED:BING","OWNER_DATA_REQUIRED:BING_AI_PERFORMANCE","OWNER_DATA_REQUIRED:NAVER","OWNER_DATA_REQUIRED:NAVER","OWNER_DATA_REQUIRED:GA4","OWNER_DATA_REQUIRED:GA4","OWNER_DATA_REQUIRED:GA4_NETLIFY","NOT_MEASURED","templated-review","exact-unique","NO_EXACT_H1_DUPLICATE; GSC_QUERY_DATA_REQUIRED","https://reumlab.com/app/academy/","INDEX / SELF_CANONICAL_STATIC_VERIFIED","MONITOR","템플릿 유사 가능성은 있으나 검색·전환 데이터 없이 삭제·통합하지 않음","P2-monitor","SEO owner"
"https://reumlab.com/solution/nonprofit/","industry_service","industry_service","앱·웹·AI 개발 파트너를 찾는 사업자와 실무자","OWNER_DATA_REQUIRED:GSC","OWNER_DATA_REQUIRED:GSC","OWNER_DATA_REQUIRED:GSC","OWNER_DATA_REQUIRED:GSC","OWNER_DATA_REQUIRED:BING","OWNER_DATA_REQUIRED:BING_AI_PERFORMANCE","OWNER_DATA_REQUIRED:NAVER","OWNER_DATA_REQUIRED:NAVER","OWNER_DATA_REQUIRED:GA4","OWNER_DATA_REQUIRED:GA4","OWNER_DATA_REQUIRED:GA4_NETLIFY","NOT_MEASURED","templated-review","exact-unique","NO_EXACT_H1_DUPLICATE; GSC_QUERY_DATA_REQUIRED","https://reumlab.com/app/academy/","INDEX / SELF_CANONICAL_STATIC_VERIFIED","MONITOR","템플릿 유사 가능성은 있으나 검색·전환 데이터 없이 삭제·통합하지 않음","P2-monitor","SEO owner"
"https://reumlab.com/solution/o2o/","industry_service","industry_service","앱·웹·AI 개발 파트너를 찾는 사업자와 실무자","OWNER_DATA_REQUIRED:GSC","OWNER_DATA_REQUIRED:GSC","OWNER_DATA_REQUIRED:GSC","OWNER_DATA_REQUIRED:GSC","OWNER_DATA_REQUIRED:BING","OWNER_DATA_REQUIRED:BING_AI_PERFORMANCE","OWNER_DATA_REQUIRED:NAVER","OWNER_DATA_REQUIRED:NAVER","OWNER_DATA_REQUIRED:GA4","OWNER_DATA_REQUIRED:GA4","OWNER_DATA_REQUIRED:GA4_NETLIFY","NOT_MEASURED","templated-review","exact-unique","NO_EXACT_H1_DUPLICATE; GSC_QUERY_DATA_REQUIRED","https://reumlab.com/app/academy/","INDEX / SELF_CANONICAL_STATIC_VERIFIED","MONITOR","템플릿 유사 가능성은 있으나 검색·전환 데이터 없이 삭제·통합하지 않음","P2-monitor","SEO owner"
"https://reumlab.com/solution/optician/","industry_service","industry_service","앱·웹·AI 개발 파트너를 찾는 사업자와 실무자","OWNER_DATA_REQUIRED:GSC","OWNER_DATA_REQUIRED:GSC","OWNER_DATA_REQUIRED:GSC","OWNER_DATA_REQUIRED:GSC","OWNER_DATA_REQUIRED:BING","OWNER_DATA_REQUIRED:BING_AI_PERFORMANCE","OWNER_DATA_REQUIRED:NAVER","OWNER_DATA_REQUIRED:NAVER","OWNER_DATA_REQUIRED:GA4","OWNER_DATA_REQUIRED:GA4","OWNER_DATA_REQUIRED:GA4_NETLIFY","NOT_MEASURED","templated-review","exact-unique","NO_EXACT_H1_DUPLICATE; GSC_QUERY_DATA_REQUIRED","https://reumlab.com/app/academy/","INDEX / SELF_CANONICAL_STATIC_VERIFIED","MONITOR","템플릿 유사 가능성은 있으나 검색·전환 데이터 없이 삭제·통합하지 않음","P2-monitor","SEO owner"
"https://reumlab.com/solution/oriental-medicine/","industry_service","industry_service","앱·웹·AI 개발 파트너를 찾는 사업자와 실무자","OWNER_DATA_REQUIRED:GSC","OWNER_DATA_REQUIRED:GSC","OWNER_DATA_REQUIRED:GSC","OWNER_DATA_REQUIRED:GSC","OWNER_DATA_REQUIRED:BING","OWNER_DATA_REQUIRED:BING_AI_PERFORMANCE","OWNER_DATA_REQUIRED:NAVER","OWNER_DATA_REQUIRED:NAVER","OWNER_DATA_REQUIRED:GA4","OWNER_DATA_REQUIRED:GA4","OWNER_DATA_REQUIRED:GA4_NETLIFY","NOT_MEASURED","templated-review","exact-unique","NO_EXACT_H1_DUPLICATE; GSC_QUERY_DATA_REQUIRED","https://reumlab.com/app/academy/","INDEX / SELF_CANONICAL_STATIC_VERIFIED","MONITOR","템플릿 유사 가능성은 있으나 검색·전환 데이터 없이 삭제·통합하지 않음","P2-monitor","SEO owner"
"https://reumlab.com/solution/parking/","industry_service","industry_service","앱·웹·AI 개발 파트너를 찾는 사업자와 실무자","OWNER_DATA_REQUIRED:GSC","OWNER_DATA_REQUIRED:GSC","OWNER_DATA_REQUIRED:GSC","OWNER_DATA_REQUIRED:GSC","OWNER_DATA_REQUIRED:BING","OWNER_DATA_REQUIRED:BING_AI_PERFORMANCE","OWNER_DATA_REQUIRED:NAVER","OWNER_DATA_REQUIRED:NAVER","OWNER_DATA_REQUIRED:GA4","OWNER_DATA_REQUIRED:GA4","OWNER_DATA_REQUIRED:GA4_NETLIFY","NOT_MEASURED","templated-review","exact-unique","NO_EXACT_H1_DUPLICATE; GSC_QUERY_DATA_REQUIRED","https://reumlab.com/app/academy/","INDEX / SELF_CANONICAL_STATIC_VERIFIED","MONITOR","템플릿 유사 가능성은 있으나 검색·전환 데이터 없이 삭제·통합하지 않음","P2-monitor","SEO owner"
"https://reumlab.com/solution/party-room/","industry_service","industry_service","앱·웹·AI 개발 파트너를 찾는 사업자와 실무자","OWNER_DATA_REQUIRED:GSC","OWNER_DATA_REQUIRED:GSC","OWNER_DATA_REQUIRED:GSC","OWNER_DATA_REQUIRED:GSC","OWNER_DATA_REQUIRED:BING","OWNER_DATA_REQUIRED:BING_AI_PERFORMANCE","OWNER_DATA_REQUIRED:NAVER","OWNER_DATA_REQUIRED:NAVER","OWNER_DATA_REQUIRED:GA4","OWNER_DATA_REQUIRED:GA4","OWNER_DATA_REQUIRED:GA4_NETLIFY","NOT_MEASURED","templated-review","exact-unique","NO_EXACT_H1_DUPLICATE; GSC_QUERY_DATA_REQUIRED","https://reumlab.com/app/academy/","INDEX / SELF_CANONICAL_STATIC_VERIFIED","MONITOR","템플릿 유사 가능성은 있으나 검색·전환 데이터 없이 삭제·통합하지 않음","P2-monitor","SEO owner"
"https://reumlab.com/solution/patent/","industry_service","industry_service","앱·웹·AI 개발 파트너를 찾는 사업자와 실무자","OWNER_DATA_REQUIRED:GSC","OWNER_DATA_REQUIRED:GSC","OWNER_DATA_REQUIRED:GSC","OWNER_DATA_REQUIRED:GSC","OWNER_DATA_REQUIRED:BING","OWNER_DATA_REQUIRED:BING_AI_PERFORMANCE","OWNER_DATA_REQUIRED:NAVER","OWNER_DATA_REQUIRED:NAVER","OWNER_DATA_REQUIRED:GA4","OWNER_DATA_REQUIRED:GA4","OWNER_DATA_REQUIRED:GA4_NETLIFY","NOT_MEASURED","templated-review","exact-unique","NO_EXACT_H1_DUPLICATE; GSC_QUERY_DATA_REQUIRED","https://reumlab.com/app/academy/","INDEX / SELF_CANONICAL_STATIC_VERIFIED","MONITOR","템플릿 유사 가능성은 있으나 검색·전환 데이터 없이 삭제·통합하지 않음","P2-monitor","SEO owner"
"https://reumlab.com/solution/pc-cafe/","industry_service","industry_service","앱·웹·AI 개발 파트너를 찾는 사업자와 실무자","OWNER_DATA_REQUIRED:GSC","OWNER_DATA_REQUIRED:GSC","OWNER_DATA_REQUIRED:GSC","OWNER_DATA_REQUIRED:GSC","OWNER_DATA_REQUIRED:BING","OWNER_DATA_REQUIRED:BING_AI_PERFORMANCE","OWNER_DATA_REQUIRED:NAVER","OWNER_DATA_REQUIRED:NAVER","OWNER_DATA_REQUIRED:GA4","OWNER_DATA_REQUIRED:GA4","OWNER_DATA_REQUIRED:GA4_NETLIFY","NOT_MEASURED","templated-review","exact-unique","NO_EXACT_H1_DUPLICATE; GSC_QUERY_DATA_REQUIRED","https://reumlab.com/app/academy/","INDEX / SELF_CANONICAL_STATIC_VERIFIED","MONITOR","템플릿 유사 가능성은 있으나 검색·전환 데이터 없이 삭제·통합하지 않음","P2-monitor","SEO owner"
"https://reumlab.com/solution/pet/","industry_service","industry_service","앱·웹·AI 개발 파트너를 찾는 사업자와 실무자","OWNER_DATA_REQUIRED:GSC","OWNER_DATA_REQUIRED:GSC","OWNER_DATA_REQUIRED:GSC","OWNER_DATA_REQUIRED:GSC","OWNER_DATA_REQUIRED:BING","OWNER_DATA_REQUIRED:BING_AI_PERFORMANCE","OWNER_DATA_REQUIRED:NAVER","OWNER_DATA_REQUIRED:NAVER","OWNER_DATA_REQUIRED:GA4","OWNER_DATA_REQUIRED:GA4","OWNER_DATA_REQUIRED:GA4_NETLIFY","NOT_MEASURED","templated-review","exact-unique","NO_EXACT_H1_DUPLICATE; GSC_QUERY_DATA_REQUIRED","https://reumlab.com/app/academy/","INDEX / SELF_CANONICAL_STATIC_VERIFIED","MONITOR","템플릿 유사 가능성은 있으나 검색·전환 데이터 없이 삭제·통합하지 않음","P2-monitor","SEO owner"
"https://reumlab.com/solution/pharmacy/","industry_service","industry_service","앱·웹·AI 개발 파트너를 찾는 사업자와 실무자","OWNER_DATA_REQUIRED:GSC","OWNER_DATA_REQUIRED:GSC","OWNER_DATA_REQUIRED:GSC","OWNER_DATA_REQUIRED:GSC","OWNER_DATA_REQUIRED:BING","OWNER_DATA_REQUIRED:BING_AI_PERFORMANCE","OWNER_DATA_REQUIRED:NAVER","OWNER_DATA_REQUIRED:NAVER","OWNER_DATA_REQUIRED:GA4","OWNER_DATA_REQUIRED:GA4","OWNER_DATA_REQUIRED:GA4_NETLIFY","NOT_MEASURED","templated-review","exact-unique","NO_EXACT_H1_DUPLICATE; GSC_QUERY_DATA_REQUIRED","https://reumlab.com/app/academy/","INDEX / SELF_CANONICAL_STATIC_VERIFIED","MONITOR","템플릿 유사 가능성은 있으나 검색·전환 데이터 없이 삭제·통합하지 않음","P2-monitor","SEO owner"
"https://reumlab.com/solution/photo-studio/","industry_service","industry_service","앱·웹·AI 개발 파트너를 찾는 사업자와 실무자","OWNER_DATA_REQUIRED:GSC","OWNER_DATA_REQUIRED:GSC","OWNER_DATA_REQUIRED:GSC","OWNER_DATA_REQUIRED:GSC","OWNER_DATA_REQUIRED:BING","OWNER_DATA_REQUIRED:BING_AI_PERFORMANCE","OWNER_DATA_REQUIRED:NAVER","OWNER_DATA_REQUIRED:NAVER","OWNER_DATA_REQUIRED:GA4","OWNER_DATA_REQUIRED:GA4","OWNER_DATA_REQUIRED:GA4_NETLIFY","NOT_MEASURED","templated-review","exact-unique","NO_EXACT_H1_DUPLICATE; GSC_QUERY_DATA_REQUIRED","https://reumlab.com/app/academy/","INDEX / SELF_CANONICAL_STATIC_VERIFIED","MONITOR","템플릿 유사 가능성은 있으나 검색·전환 데이터 없이 삭제·통합하지 않음","P2-monitor","SEO owner"
"https://reumlab.com/solution/physical-therapy/","industry_service","industry_service","앱·웹·AI 개발 파트너를 찾는 사업자와 실무자","OWNER_DATA_REQUIRED:GSC","OWNER_DATA_REQUIRED:GSC","OWNER_DATA_REQUIRED:GSC","OWNER_DATA_REQUIRED:GSC","OWNER_DATA_REQUIRED:BING","OWNER_DATA_REQUIRED:BING_AI_PERFORMANCE","OWNER_DATA_REQUIRED:NAVER","OWNER_DATA_REQUIRED:NAVER","OWNER_DATA_REQUIRED:GA4","OWNER_DATA_REQUIRED:GA4","OWNER_DATA_REQUIRED:GA4_NETLIFY","NOT_MEASURED","templated-review","exact-unique","NO_EXACT_H1_DUPLICATE; GSC_QUERY_DATA_REQUIRED","https://reumlab.com/app/academy/","INDEX / SELF_CANONICAL_STATIC_VERIFIED","MONITOR","템플릿 유사 가능성은 있으나 검색·전환 데이터 없이 삭제·통합하지 않음","P2-monitor","SEO owner"
"https://reumlab.com/solution/pilates/","industry_service","industry_service","앱·웹·AI 개발 파트너를 찾는 사업자와 실무자","OWNER_DATA_REQUIRED:GSC","OWNER_DATA_REQUIRED:GSC","OWNER_DATA_REQUIRED:GSC","OWNER_DATA_REQUIRED:GSC","OWNER_DATA_REQUIRED:BING","OWNER_DATA_REQUIRED:BING_AI_PERFORMANCE","OWNER_DATA_REQUIRED:NAVER","OWNER_DATA_REQUIRED:NAVER","OWNER_DATA_REQUIRED:GA4","OWNER_DATA_REQUIRED:GA4","OWNER_DATA_REQUIRED:GA4_NETLIFY","NOT_MEASURED","templated-review","exact-unique","NO_EXACT_H1_DUPLICATE; GSC_QUERY_DATA_REQUIRED","https://reumlab.com/app/academy/","INDEX / SELF_CANONICAL_STATIC_VERIFIED","MONITOR","템플릿 유사 가능성은 있으나 검색·전환 데이터 없이 삭제·통합하지 않음","P2-monitor","SEO owner"
"https://reumlab.com/solution/postpartum/","industry_service","industry_service","앱·웹·AI 개발 파트너를 찾는 사업자와 실무자","OWNER_DATA_REQUIRED:GSC","OWNER_DATA_REQUIRED:GSC","OWNER_DATA_REQUIRED:GSC","OWNER_DATA_REQUIRED:GSC","OWNER_DATA_REQUIRED:BING","OWNER_DATA_REQUIRED:BING_AI_PERFORMANCE","OWNER_DATA_REQUIRED:NAVER","OWNER_DATA_REQUIRED:NAVER","OWNER_DATA_REQUIRED:GA4","OWNER_DATA_REQUIRED:GA4","OWNER_DATA_REQUIRED:GA4_NETLIFY","NOT_MEASURED","templated-review","exact-unique","NO_EXACT_H1_DUPLICATE; GSC_QUERY_DATA_REQUIRED","https://reumlab.com/app/academy/","INDEX / SELF_CANONICAL_STATIC_VERIFIED","MONITOR","템플릿 유사 가능성은 있으나 검색·전환 데이터 없이 삭제·통합하지 않음","P2-monitor","SEO owner"
"https://reumlab.com/solution/printing/","industry_service","industry_service","앱·웹·AI 개발 파트너를 찾는 사업자와 실무자","OWNER_DATA_REQUIRED:GSC","OWNER_DATA_REQUIRED:GSC","OWNER_DATA_REQUIRED:GSC","OWNER_DATA_REQUIRED:GSC","OWNER_DATA_REQUIRED:BING","OWNER_DATA_REQUIRED:BING_AI_PERFORMANCE","OWNER_DATA_REQUIRED:NAVER","OWNER_DATA_REQUIRED:NAVER","OWNER_DATA_REQUIRED:GA4","OWNER_DATA_REQUIRED:GA4","OWNER_DATA_REQUIRED:GA4_NETLIFY","NOT_MEASURED","templated-review","exact-unique","NO_EXACT_H1_DUPLICATE; GSC_QUERY_DATA_REQUIRED","https://reumlab.com/app/academy/","INDEX / SELF_CANONICAL_STATIC_VERIFIED","MONITOR","템플릿 유사 가능성은 있으나 검색·전환 데이터 없이 삭제·통합하지 않음","P2-monitor","SEO owner"
"https://reumlab.com/solution/property-mgmt/","industry_service","industry_service","앱·웹·AI 개발 파트너를 찾는 사업자와 실무자","OWNER_DATA_REQUIRED:GSC","OWNER_DATA_REQUIRED:GSC","OWNER_DATA_REQUIRED:GSC","OWNER_DATA_REQUIRED:GSC","OWNER_DATA_REQUIRED:BING","OWNER_DATA_REQUIRED:BING_AI_PERFORMANCE","OWNER_DATA_REQUIRED:NAVER","OWNER_DATA_REQUIRED:NAVER","OWNER_DATA_REQUIRED:GA4","OWNER_DATA_REQUIRED:GA4","OWNER_DATA_REQUIRED:GA4_NETLIFY","NOT_MEASURED","templated-review","exact-unique","NO_EXACT_H1_DUPLICATE; GSC_QUERY_DATA_REQUIRED","https://reumlab.com/app/academy/","INDEX / SELF_CANONICAL_STATIC_VERIFIED","MONITOR","템플릿 유사 가능성은 있으나 검색·전환 데이터 없이 삭제·통합하지 않음","P2-monitor","SEO owner"
"https://reumlab.com/solution/psychology/","industry_service","industry_service","앱·웹·AI 개발 파트너를 찾는 사업자와 실무자","OWNER_DATA_REQUIRED:GSC","OWNER_DATA_REQUIRED:GSC","OWNER_DATA_REQUIRED:GSC","OWNER_DATA_REQUIRED:GSC","OWNER_DATA_REQUIRED:BING","OWNER_DATA_REQUIRED:BING_AI_PERFORMANCE","OWNER_DATA_REQUIRED:NAVER","OWNER_DATA_REQUIRED:NAVER","OWNER_DATA_REQUIRED:GA4","OWNER_DATA_REQUIRED:GA4","OWNER_DATA_REQUIRED:GA4_NETLIFY","NOT_MEASURED","templated-review","exact-unique","NO_EXACT_H1_DUPLICATE; GSC_QUERY_DATA_REQUIRED","https://reumlab.com/app/academy/","INDEX / SELF_CANONICAL_STATIC_VERIFIED","MONITOR","템플릿 유사 가능성은 있으나 검색·전환 데이터 없이 삭제·통합하지 않음","P2-monitor","SEO owner"
"https://reumlab.com/solution/realestate/","industry_service","industry_service","앱·웹·AI 개발 파트너를 찾는 사업자와 실무자","OWNER_DATA_REQUIRED:GSC","OWNER_DATA_REQUIRED:GSC","OWNER_DATA_REQUIRED:GSC","OWNER_DATA_REQUIRED:GSC","OWNER_DATA_REQUIRED:BING","OWNER_DATA_REQUIRED:BING_AI_PERFORMANCE","OWNER_DATA_REQUIRED:NAVER","OWNER_DATA_REQUIRED:NAVER","OWNER_DATA_REQUIRED:GA4","OWNER_DATA_REQUIRED:GA4","OWNER_DATA_REQUIRED:GA4_NETLIFY","NOT_MEASURED","templated-review","exact-unique","NO_EXACT_H1_DUPLICATE; GSC_QUERY_DATA_REQUIRED","https://reumlab.com/app/academy/","INDEX / SELF_CANONICAL_STATIC_VERIFIED","MONITOR","템플릿 유사 가능성은 있으나 검색·전환 데이터 없이 삭제·통합하지 않음","P2-monitor","SEO owner"
"https://reumlab.com/solution/recruiting/","industry_service","industry_service","앱·웹·AI 개발 파트너를 찾는 사업자와 실무자","OWNER_DATA_REQUIRED:GSC","OWNER_DATA_REQUIRED:GSC","OWNER_DATA_REQUIRED:GSC","OWNER_DATA_REQUIRED:GSC","OWNER_DATA_REQUIRED:BING","OWNER_DATA_REQUIRED:BING_AI_PERFORMANCE","OWNER_DATA_REQUIRED:NAVER","OWNER_DATA_REQUIRED:NAVER","OWNER_DATA_REQUIRED:GA4","OWNER_DATA_REQUIRED:GA4","OWNER_DATA_REQUIRED:GA4_NETLIFY","NOT_MEASURED","templated-review","exact-unique","NO_EXACT_H1_DUPLICATE; GSC_QUERY_DATA_REQUIRED","https://reumlab.com/app/academy/","INDEX / SELF_CANONICAL_STATIC_VERIFIED","MONITOR","템플릿 유사 가능성은 있으나 검색·전환 데이터 없이 삭제·통합하지 않음","P2-monitor","SEO owner"
"https://reumlab.com/solution/rental/","industry_service","industry_service","앱·웹·AI 개발 파트너를 찾는 사업자와 실무자","OWNER_DATA_REQUIRED:GSC","OWNER_DATA_REQUIRED:GSC","OWNER_DATA_REQUIRED:GSC","OWNER_DATA_REQUIRED:GSC","OWNER_DATA_REQUIRED:BING","OWNER_DATA_REQUIRED:BING_AI_PERFORMANCE","OWNER_DATA_REQUIRED:NAVER","OWNER_DATA_REQUIRED:NAVER","OWNER_DATA_REQUIRED:GA4","OWNER_DATA_REQUIRED:GA4","OWNER_DATA_REQUIRED:GA4_NETLIFY","NOT_MEASURED","templated-review","exact-unique","NO_EXACT_H1_DUPLICATE; GSC_QUERY_DATA_REQUIRED","https://reumlab.com/app/academy/","INDEX / SELF_CANONICAL_STATIC_VERIFIED","MONITOR","템플릿 유사 가능성은 있으나 검색·전환 데이터 없이 삭제·통합하지 않음","P2-monitor","SEO owner"
"https://reumlab.com/solution/rental-car/","industry_service","industry_service","앱·웹·AI 개발 파트너를 찾는 사업자와 실무자","OWNER_DATA_REQUIRED:GSC","OWNER_DATA_REQUIRED:GSC","OWNER_DATA_REQUIRED:GSC","OWNER_DATA_REQUIRED:GSC","OWNER_DATA_REQUIRED:BING","OWNER_DATA_REQUIRED:BING_AI_PERFORMANCE","OWNER_DATA_REQUIRED:NAVER","OWNER_DATA_REQUIRED:NAVER","OWNER_DATA_REQUIRED:GA4","OWNER_DATA_REQUIRED:GA4","OWNER_DATA_REQUIRED:GA4_NETLIFY","NOT_MEASURED","templated-review","exact-unique","NO_EXACT_H1_DUPLICATE; GSC_QUERY_DATA_REQUIRED","https://reumlab.com/app/academy/","INDEX / SELF_CANONICAL_STATIC_VERIFIED","MONITOR","템플릿 유사 가능성은 있으나 검색·전환 데이터 없이 삭제·통합하지 않음","P2-monitor","SEO owner"
"https://reumlab.com/solution/resort/","industry_service","industry_service","앱·웹·AI 개발 파트너를 찾는 사업자와 실무자","OWNER_DATA_REQUIRED:GSC","OWNER_DATA_REQUIRED:GSC","OWNER_DATA_REQUIRED:GSC","OWNER_DATA_REQUIRED:GSC","OWNER_DATA_REQUIRED:BING","OWNER_DATA_REQUIRED:BING_AI_PERFORMANCE","OWNER_DATA_REQUIRED:NAVER","OWNER_DATA_REQUIRED:NAVER","OWNER_DATA_REQUIRED:GA4","OWNER_DATA_REQUIRED:GA4","OWNER_DATA_REQUIRED:GA4_NETLIFY","NOT_MEASURED","templated-review","exact-unique","NO_EXACT_H1_DUPLICATE; GSC_QUERY_DATA_REQUIRED","https://reumlab.com/app/academy/","INDEX / SELF_CANONICAL_STATIC_VERIFIED","MONITOR","템플릿 유사 가능성은 있으나 검색·전환 데이터 없이 삭제·통합하지 않음","P2-monitor","SEO owner"
"https://reumlab.com/solution/restaurant/","industry_service","industry_service","앱·웹·AI 개발 파트너를 찾는 사업자와 실무자","OWNER_DATA_REQUIRED:GSC","OWNER_DATA_REQUIRED:GSC","OWNER_DATA_REQUIRED:GSC","OWNER_DATA_REQUIRED:GSC","OWNER_DATA_REQUIRED:BING","OWNER_DATA_REQUIRED:BING_AI_PERFORMANCE","OWNER_DATA_REQUIRED:NAVER","OWNER_DATA_REQUIRED:NAVER","OWNER_DATA_REQUIRED:GA4","OWNER_DATA_REQUIRED:GA4","OWNER_DATA_REQUIRED:GA4_NETLIFY","NOT_MEASURED","templated-review","exact-unique","NO_EXACT_H1_DUPLICATE; GSC_QUERY_DATA_REQUIRED","https://reumlab.com/app/academy/","INDEX / SELF_CANONICAL_STATIC_VERIFIED","MONITOR","템플릿 유사 가능성은 있으나 검색·전환 데이터 없이 삭제·통합하지 않음","P2-monitor","SEO owner"
"https://reumlab.com/solution/screen-golf/","industry_service","industry_service","앱·웹·AI 개발 파트너를 찾는 사업자와 실무자","OWNER_DATA_REQUIRED:GSC","OWNER_DATA_REQUIRED:GSC","OWNER_DATA_REQUIRED:GSC","OWNER_DATA_REQUIRED:GSC","OWNER_DATA_REQUIRED:BING","OWNER_DATA_REQUIRED:BING_AI_PERFORMANCE","OWNER_DATA_REQUIRED:NAVER","OWNER_DATA_REQUIRED:NAVER","OWNER_DATA_REQUIRED:GA4","OWNER_DATA_REQUIRED:GA4","OWNER_DATA_REQUIRED:GA4_NETLIFY","NOT_MEASURED","templated-review","exact-unique","NO_EXACT_H1_DUPLICATE; GSC_QUERY_DATA_REQUIRED","https://reumlab.com/app/academy/","INDEX / SELF_CANONICAL_STATIC_VERIFIED","MONITOR","템플릿 유사 가능성은 있으나 검색·전환 데이터 없이 삭제·통합하지 않음","P2-monitor","SEO owner"
"https://reumlab.com/solution/security/","industry_service","industry_service","앱·웹·AI 개발 파트너를 찾는 사업자와 실무자","OWNER_DATA_REQUIRED:GSC","OWNER_DATA_REQUIRED:GSC","OWNER_DATA_REQUIRED:GSC","OWNER_DATA_REQUIRED:GSC","OWNER_DATA_REQUIRED:BING","OWNER_DATA_REQUIRED:BING_AI_PERFORMANCE","OWNER_DATA_REQUIRED:NAVER","OWNER_DATA_REQUIRED:NAVER","OWNER_DATA_REQUIRED:GA4","OWNER_DATA_REQUIRED:GA4","OWNER_DATA_REQUIRED:GA4_NETLIFY","NOT_MEASURED","templated-review","exact-unique","NO_EXACT_H1_DUPLICATE; GSC_QUERY_DATA_REQUIRED","https://reumlab.com/app/academy/","INDEX / SELF_CANONICAL_STATIC_VERIFIED","MONITOR","템플릿 유사 가능성은 있으나 검색·전환 데이터 없이 삭제·통합하지 않음","P2-monitor","SEO owner"
"https://reumlab.com/solution/senior/","industry_service","industry_service","앱·웹·AI 개발 파트너를 찾는 사업자와 실무자","OWNER_DATA_REQUIRED:GSC","OWNER_DATA_REQUIRED:GSC","OWNER_DATA_REQUIRED:GSC","OWNER_DATA_REQUIRED:GSC","OWNER_DATA_REQUIRED:BING","OWNER_DATA_REQUIRED:BING_AI_PERFORMANCE","OWNER_DATA_REQUIRED:NAVER","OWNER_DATA_REQUIRED:NAVER","OWNER_DATA_REQUIRED:GA4","OWNER_DATA_REQUIRED:GA4","OWNER_DATA_REQUIRED:GA4_NETLIFY","NOT_MEASURED","templated-review","exact-unique","NO_EXACT_H1_DUPLICATE; GSC_QUERY_DATA_REQUIRED","https://reumlab.com/app/academy/","INDEX / SELF_CANONICAL_STATIC_VERIFIED","MONITOR","템플릿 유사 가능성은 있으나 검색·전환 데이터 없이 삭제·통합하지 않음","P2-monitor","SEO owner"
"https://reumlab.com/solution/shopping/","industry_service","industry_service","앱·웹·AI 개발 파트너를 찾는 사업자와 실무자","OWNER_DATA_REQUIRED:GSC","OWNER_DATA_REQUIRED:GSC","OWNER_DATA_REQUIRED:GSC","OWNER_DATA_REQUIRED:GSC","OWNER_DATA_REQUIRED:BING","OWNER_DATA_REQUIRED:BING_AI_PERFORMANCE","OWNER_DATA_REQUIRED:NAVER","OWNER_DATA_REQUIRED:NAVER","OWNER_DATA_REQUIRED:GA4","OWNER_DATA_REQUIRED:GA4","OWNER_DATA_REQUIRED:GA4_NETLIFY","NOT_MEASURED","templated-review","exact-unique","NO_EXACT_H1_DUPLICATE; GSC_QUERY_DATA_REQUIRED","https://reumlab.com/app/academy/","INDEX / SELF_CANONICAL_STATIC_VERIFIED","MONITOR","템플릿 유사 가능성은 있으나 검색·전환 데이터 없이 삭제·통합하지 않음","P2-monitor","SEO owner"
"https://reumlab.com/solution/sidedish/","industry_service","industry_service","앱·웹·AI 개발 파트너를 찾는 사업자와 실무자","OWNER_DATA_REQUIRED:GSC","OWNER_DATA_REQUIRED:GSC","OWNER_DATA_REQUIRED:GSC","OWNER_DATA_REQUIRED:GSC","OWNER_DATA_REQUIRED:BING","OWNER_DATA_REQUIRED:BING_AI_PERFORMANCE","OWNER_DATA_REQUIRED:NAVER","OWNER_DATA_REQUIRED:NAVER","OWNER_DATA_REQUIRED:GA4","OWNER_DATA_REQUIRED:GA4","OWNER_DATA_REQUIRED:GA4_NETLIFY","NOT_MEASURED","templated-review","exact-unique","NO_EXACT_H1_DUPLICATE; GSC_QUERY_DATA_REQUIRED","https://reumlab.com/app/academy/","INDEX / SELF_CANONICAL_STATIC_VERIFIED","MONITOR","템플릿 유사 가능성은 있으나 검색·전환 데이터 없이 삭제·통합하지 않음","P2-monitor","SEO owner"
"https://reumlab.com/solution/skin-clinic/","industry_service","industry_service","앱·웹·AI 개발 파트너를 찾는 사업자와 실무자","OWNER_DATA_REQUIRED:GSC","OWNER_DATA_REQUIRED:GSC","OWNER_DATA_REQUIRED:GSC","OWNER_DATA_REQUIRED:GSC","OWNER_DATA_REQUIRED:BING","OWNER_DATA_REQUIRED:BING_AI_PERFORMANCE","OWNER_DATA_REQUIRED:NAVER","OWNER_DATA_REQUIRED:NAVER","OWNER_DATA_REQUIRED:GA4","OWNER_DATA_REQUIRED:GA4","OWNER_DATA_REQUIRED:GA4_NETLIFY","NOT_MEASURED","templated-review","exact-unique","NO_EXACT_H1_DUPLICATE; GSC_QUERY_DATA_REQUIRED","https://reumlab.com/app/academy/","INDEX / SELF_CANONICAL_STATIC_VERIFIED","MONITOR","템플릿 유사 가능성은 있으나 검색·전환 데이터 없이 삭제·통합하지 않음","P2-monitor","SEO owner"
"https://reumlab.com/solution/solar/","industry_service","industry_service","앱·웹·AI 개발 파트너를 찾는 사업자와 실무자","OWNER_DATA_REQUIRED:GSC","OWNER_DATA_REQUIRED:GSC","OWNER_DATA_REQUIRED:GSC","OWNER_DATA_REQUIRED:GSC","OWNER_DATA_REQUIRED:BING","OWNER_DATA_REQUIRED:BING_AI_PERFORMANCE","OWNER_DATA_REQUIRED:NAVER","OWNER_DATA_REQUIRED:NAVER","OWNER_DATA_REQUIRED:GA4","OWNER_DATA_REQUIRED:GA4","OWNER_DATA_REQUIRED:GA4_NETLIFY","NOT_MEASURED","templated-review","exact-unique","NO_EXACT_H1_DUPLICATE; GSC_QUERY_DATA_REQUIRED","https://reumlab.com/app/academy/","INDEX / SELF_CANONICAL_STATIC_VERIFIED","MONITOR","템플릿 유사 가능성은 있으나 검색·전환 데이터 없이 삭제·통합하지 않음","P2-monitor","SEO owner"
"https://reumlab.com/solution/speech/","industry_service","industry_service","앱·웹·AI 개발 파트너를 찾는 사업자와 실무자","OWNER_DATA_REQUIRED:GSC","OWNER_DATA_REQUIRED:GSC","OWNER_DATA_REQUIRED:GSC","OWNER_DATA_REQUIRED:GSC","OWNER_DATA_REQUIRED:BING","OWNER_DATA_REQUIRED:BING_AI_PERFORMANCE","OWNER_DATA_REQUIRED:NAVER","OWNER_DATA_REQUIRED:NAVER","OWNER_DATA_REQUIRED:GA4","OWNER_DATA_REQUIRED:GA4","OWNER_DATA_REQUIRED:GA4_NETLIFY","NOT_MEASURED","templated-review","exact-unique","NO_EXACT_H1_DUPLICATE; GSC_QUERY_DATA_REQUIRED","https://reumlab.com/app/academy/","INDEX / SELF_CANONICAL_STATIC_VERIFIED","MONITOR","템플릿 유사 가능성은 있으나 검색·전환 데이터 없이 삭제·통합하지 않음","P2-monitor","SEO owner"
"https://reumlab.com/solution/storage/","industry_service","industry_service","앱·웹·AI 개발 파트너를 찾는 사업자와 실무자","OWNER_DATA_REQUIRED:GSC","OWNER_DATA_REQUIRED:GSC","OWNER_DATA_REQUIRED:GSC","OWNER_DATA_REQUIRED:GSC","OWNER_DATA_REQUIRED:BING","OWNER_DATA_REQUIRED:BING_AI_PERFORMANCE","OWNER_DATA_REQUIRED:NAVER","OWNER_DATA_REQUIRED:NAVER","OWNER_DATA_REQUIRED:GA4","OWNER_DATA_REQUIRED:GA4","OWNER_DATA_REQUIRED:GA4_NETLIFY","NOT_MEASURED","templated-review","exact-unique","NO_EXACT_H1_DUPLICATE; GSC_QUERY_DATA_REQUIRED","https://reumlab.com/app/academy/","INDEX / SELF_CANONICAL_STATIC_VERIFIED","MONITOR","템플릿 유사 가능성은 있으나 검색·전환 데이터 없이 삭제·통합하지 않음","P2-monitor","SEO owner"
"https://reumlab.com/solution/studycafe/","industry_service","industry_service","앱·웹·AI 개발 파트너를 찾는 사업자와 실무자","OWNER_DATA_REQUIRED:GSC","OWNER_DATA_REQUIRED:GSC","OWNER_DATA_REQUIRED:GSC","OWNER_DATA_REQUIRED:GSC","OWNER_DATA_REQUIRED:BING","OWNER_DATA_REQUIRED:BING_AI_PERFORMANCE","OWNER_DATA_REQUIRED:NAVER","OWNER_DATA_REQUIRED:NAVER","OWNER_DATA_REQUIRED:GA4","OWNER_DATA_REQUIRED:GA4","OWNER_DATA_REQUIRED:GA4_NETLIFY","NOT_MEASURED","templated-review","exact-unique","NO_EXACT_H1_DUPLICATE; GSC_QUERY_DATA_REQUIRED","https://reumlab.com/app/academy/","INDEX / SELF_CANONICAL_STATIC_VERIFIED","MONITOR","템플릿 유사 가능성은 있으나 검색·전환 데이터 없이 삭제·통합하지 않음","P2-monitor","SEO owner"
"https://reumlab.com/solution/subscription/","industry_service","industry_service","앱·웹·AI 개발 파트너를 찾는 사업자와 실무자","OWNER_DATA_REQUIRED:GSC","OWNER_DATA_REQUIRED:GSC","OWNER_DATA_REQUIRED:GSC","OWNER_DATA_REQUIRED:GSC","OWNER_DATA_REQUIRED:BING","OWNER_DATA_REQUIRED:BING_AI_PERFORMANCE","OWNER_DATA_REQUIRED:NAVER","OWNER_DATA_REQUIRED:NAVER","OWNER_DATA_REQUIRED:GA4","OWNER_DATA_REQUIRED:GA4","OWNER_DATA_REQUIRED:GA4_NETLIFY","NOT_MEASURED","templated-review","exact-unique","NO_EXACT_H1_DUPLICATE; GSC_QUERY_DATA_REQUIRED","https://reumlab.com/app/academy/","INDEX / SELF_CANONICAL_STATIC_VERIFIED","MONITOR","템플릿 유사 가능성은 있으나 검색·전환 데이터 없이 삭제·통합하지 않음","P2-monitor","SEO owner"
"https://reumlab.com/solution/swimming/","industry_service","industry_service","앱·웹·AI 개발 파트너를 찾는 사업자와 실무자","OWNER_DATA_REQUIRED:GSC","OWNER_DATA_REQUIRED:GSC","OWNER_DATA_REQUIRED:GSC","OWNER_DATA_REQUIRED:GSC","OWNER_DATA_REQUIRED:BING","OWNER_DATA_REQUIRED:BING_AI_PERFORMANCE","OWNER_DATA_REQUIRED:NAVER","OWNER_DATA_REQUIRED:NAVER","OWNER_DATA_REQUIRED:GA4","OWNER_DATA_REQUIRED:GA4","OWNER_DATA_REQUIRED:GA4_NETLIFY","NOT_MEASURED","templated-review","exact-unique","NO_EXACT_H1_DUPLICATE; GSC_QUERY_DATA_REQUIRED","https://reumlab.com/app/academy/","INDEX / SELF_CANONICAL_STATIC_VERIFIED","MONITOR","템플릿 유사 가능성은 있으나 검색·전환 데이터 없이 삭제·통합하지 않음","P2-monitor","SEO owner"
"https://reumlab.com/solution/taekwondo/","industry_service","industry_service","앱·웹·AI 개발 파트너를 찾는 사업자와 실무자","OWNER_DATA_REQUIRED:GSC","OWNER_DATA_REQUIRED:GSC","OWNER_DATA_REQUIRED:GSC","OWNER_DATA_REQUIRED:GSC","OWNER_DATA_REQUIRED:BING","OWNER_DATA_REQUIRED:BING_AI_PERFORMANCE","OWNER_DATA_REQUIRED:NAVER","OWNER_DATA_REQUIRED:NAVER","OWNER_DATA_REQUIRED:GA4","OWNER_DATA_REQUIRED:GA4","OWNER_DATA_REQUIRED:GA4_NETLIFY","NOT_MEASURED","templated-review","exact-unique","NO_EXACT_H1_DUPLICATE; GSC_QUERY_DATA_REQUIRED","https://reumlab.com/app/academy/","INDEX / SELF_CANONICAL_STATIC_VERIFIED","MONITOR","템플릿 유사 가능성은 있으나 검색·전환 데이터 없이 삭제·통합하지 않음","P2-monitor","SEO owner"
"https://reumlab.com/solution/tailor/","industry_service","industry_service","앱·웹·AI 개발 파트너를 찾는 사업자와 실무자","OWNER_DATA_REQUIRED:GSC","OWNER_DATA_REQUIRED:GSC","OWNER_DATA_REQUIRED:GSC","OWNER_DATA_REQUIRED:GSC","OWNER_DATA_REQUIRED:BING","OWNER_DATA_REQUIRED:BING_AI_PERFORMANCE","OWNER_DATA_REQUIRED:NAVER","OWNER_DATA_REQUIRED:NAVER","OWNER_DATA_REQUIRED:GA4","OWNER_DATA_REQUIRED:GA4","OWNER_DATA_REQUIRED:GA4_NETLIFY","NOT_MEASURED","templated-review","exact-unique","NO_EXACT_H1_DUPLICATE; GSC_QUERY_DATA_REQUIRED","https://reumlab.com/app/academy/","INDEX / SELF_CANONICAL_STATIC_VERIFIED","MONITOR","템플릿 유사 가능성은 있으나 검색·전환 데이터 없이 삭제·통합하지 않음","P2-monitor","SEO owner"
"https://reumlab.com/solution/tax-accounting/","industry_service","industry_service","앱·웹·AI 개발 파트너를 찾는 사업자와 실무자","OWNER_DATA_REQUIRED:GSC","OWNER_DATA_REQUIRED:GSC","OWNER_DATA_REQUIRED:GSC","OWNER_DATA_REQUIRED:GSC","OWNER_DATA_REQUIRED:BING","OWNER_DATA_REQUIRED:BING_AI_PERFORMANCE","OWNER_DATA_REQUIRED:NAVER","OWNER_DATA_REQUIRED:NAVER","OWNER_DATA_REQUIRED:GA4","OWNER_DATA_REQUIRED:GA4","OWNER_DATA_REQUIRED:GA4_NETLIFY","NOT_MEASURED","templated-review","exact-unique","NO_EXACT_H1_DUPLICATE; GSC_QUERY_DATA_REQUIRED","https://reumlab.com/app/academy/","INDEX / SELF_CANONICAL_STATIC_VERIFIED","MONITOR","템플릿 유사 가능성은 있으나 검색·전환 데이터 없이 삭제·통합하지 않음","P2-monitor","SEO owner"
"https://reumlab.com/solution/telemedicine/","industry_service","industry_service","앱·웹·AI 개발 파트너를 찾는 사업자와 실무자","OWNER_DATA_REQUIRED:GSC","OWNER_DATA_REQUIRED:GSC","OWNER_DATA_REQUIRED:GSC","OWNER_DATA_REQUIRED:GSC","OWNER_DATA_REQUIRED:BING","OWNER_DATA_REQUIRED:BING_AI_PERFORMANCE","OWNER_DATA_REQUIRED:NAVER","OWNER_DATA_REQUIRED:NAVER","OWNER_DATA_REQUIRED:GA4","OWNER_DATA_REQUIRED:GA4","OWNER_DATA_REQUIRED:GA4_NETLIFY","NOT_MEASURED","templated-review","exact-unique","NO_EXACT_H1_DUPLICATE; GSC_QUERY_DATA_REQUIRED","https://reumlab.com/app/academy/","INDEX / SELF_CANONICAL_STATIC_VERIFIED","MONITOR","템플릿 유사 가능성은 있으나 검색·전환 데이터 없이 삭제·통합하지 않음","P2-monitor","SEO owner"
"https://reumlab.com/solution/translation/","industry_service","industry_service","앱·웹·AI 개발 파트너를 찾는 사업자와 실무자","OWNER_DATA_REQUIRED:GSC","OWNER_DATA_REQUIRED:GSC","OWNER_DATA_REQUIRED:GSC","OWNER_DATA_REQUIRED:GSC","OWNER_DATA_REQUIRED:BING","OWNER_DATA_REQUIRED:BING_AI_PERFORMANCE","OWNER_DATA_REQUIRED:NAVER","OWNER_DATA_REQUIRED:NAVER","OWNER_DATA_REQUIRED:GA4","OWNER_DATA_REQUIRED:GA4","OWNER_DATA_REQUIRED:GA4_NETLIFY","NOT_MEASURED","templated-review","exact-unique","NO_EXACT_H1_DUPLICATE; GSC_QUERY_DATA_REQUIRED","https://reumlab.com/app/academy/","INDEX / SELF_CANONICAL_STATIC_VERIFIED","MONITOR","템플릿 유사 가능성은 있으나 검색·전환 데이터 없이 삭제·통합하지 않음","P2-monitor","SEO owner"
"https://reumlab.com/solution/travel/","industry_service","industry_service","앱·웹·AI 개발 파트너를 찾는 사업자와 실무자","OWNER_DATA_REQUIRED:GSC","OWNER_DATA_REQUIRED:GSC","OWNER_DATA_REQUIRED:GSC","OWNER_DATA_REQUIRED:GSC","OWNER_DATA_REQUIRED:BING","OWNER_DATA_REQUIRED:BING_AI_PERFORMANCE","OWNER_DATA_REQUIRED:NAVER","OWNER_DATA_REQUIRED:NAVER","OWNER_DATA_REQUIRED:GA4","OWNER_DATA_REQUIRED:GA4","OWNER_DATA_REQUIRED:GA4_NETLIFY","NOT_MEASURED","templated-review","exact-unique","NO_EXACT_H1_DUPLICATE; GSC_QUERY_DATA_REQUIRED","https://reumlab.com/app/academy/","INDEX / SELF_CANONICAL_STATIC_VERIFIED","MONITOR","템플릿 유사 가능성은 있으나 검색·전환 데이터 없이 삭제·통합하지 않음","P2-monitor","SEO owner"
"https://reumlab.com/solution/tutoring/","industry_service","industry_service","앱·웹·AI 개발 파트너를 찾는 사업자와 실무자","OWNER_DATA_REQUIRED:GSC","OWNER_DATA_REQUIRED:GSC","OWNER_DATA_REQUIRED:GSC","OWNER_DATA_REQUIRED:GSC","OWNER_DATA_REQUIRED:BING","OWNER_DATA_REQUIRED:BING_AI_PERFORMANCE","OWNER_DATA_REQUIRED:NAVER","OWNER_DATA_REQUIRED:NAVER","OWNER_DATA_REQUIRED:GA4","OWNER_DATA_REQUIRED:GA4","OWNER_DATA_REQUIRED:GA4_NETLIFY","NOT_MEASURED","templated-review","exact-unique","NO_EXACT_H1_DUPLICATE; GSC_QUERY_DATA_REQUIRED","https://reumlab.com/app/academy/","INDEX / SELF_CANONICAL_STATIC_VERIFIED","MONITOR","템플릿 유사 가능성은 있으나 검색·전환 데이터 없이 삭제·통합하지 않음","P2-monitor","SEO owner"
"https://reumlab.com/solution/university/","industry_service","industry_service","앱·웹·AI 개발 파트너를 찾는 사업자와 실무자","OWNER_DATA_REQUIRED:GSC","OWNER_DATA_REQUIRED:GSC","OWNER_DATA_REQUIRED:GSC","OWNER_DATA_REQUIRED:GSC","OWNER_DATA_REQUIRED:BING","OWNER_DATA_REQUIRED:BING_AI_PERFORMANCE","OWNER_DATA_REQUIRED:NAVER","OWNER_DATA_REQUIRED:NAVER","OWNER_DATA_REQUIRED:GA4","OWNER_DATA_REQUIRED:GA4","OWNER_DATA_REQUIRED:GA4_NETLIFY","NOT_MEASURED","templated-review","exact-unique","NO_EXACT_H1_DUPLICATE; GSC_QUERY_DATA_REQUIRED","https://reumlab.com/app/academy/","INDEX / SELF_CANONICAL_STATIC_VERIFIED","MONITOR","템플릿 유사 가능성은 있으나 검색·전환 데이터 없이 삭제·통합하지 않음","P2-monitor","SEO owner"
"https://reumlab.com/solution/unmanned-store/","industry_service","industry_service","앱·웹·AI 개발 파트너를 찾는 사업자와 실무자","OWNER_DATA_REQUIRED:GSC","OWNER_DATA_REQUIRED:GSC","OWNER_DATA_REQUIRED:GSC","OWNER_DATA_REQUIRED:GSC","OWNER_DATA_REQUIRED:BING","OWNER_DATA_REQUIRED:BING_AI_PERFORMANCE","OWNER_DATA_REQUIRED:NAVER","OWNER_DATA_REQUIRED:NAVER","OWNER_DATA_REQUIRED:GA4","OWNER_DATA_REQUIRED:GA4","OWNER_DATA_REQUIRED:GA4_NETLIFY","NOT_MEASURED","templated-review","exact-unique","NO_EXACT_H1_DUPLICATE; GSC_QUERY_DATA_REQUIRED","https://reumlab.com/app/academy/","INDEX / SELF_CANONICAL_STATIC_VERIFIED","MONITOR","템플릿 유사 가능성은 있으나 검색·전환 데이터 없이 삭제·통합하지 않음","P2-monitor","SEO owner"
"https://reumlab.com/solution/used-car/","industry_service","industry_service","앱·웹·AI 개발 파트너를 찾는 사업자와 실무자","OWNER_DATA_REQUIRED:GSC","OWNER_DATA_REQUIRED:GSC","OWNER_DATA_REQUIRED:GSC","OWNER_DATA_REQUIRED:GSC","OWNER_DATA_REQUIRED:BING","OWNER_DATA_REQUIRED:BING_AI_PERFORMANCE","OWNER_DATA_REQUIRED:NAVER","OWNER_DATA_REQUIRED:NAVER","OWNER_DATA_REQUIRED:GA4","OWNER_DATA_REQUIRED:GA4","OWNER_DATA_REQUIRED:GA4_NETLIFY","NOT_MEASURED","templated-review","exact-unique","NO_EXACT_H1_DUPLICATE; GSC_QUERY_DATA_REQUIRED","https://reumlab.com/app/academy/","INDEX / SELF_CANONICAL_STATIC_VERIFIED","MONITOR","템플릿 유사 가능성은 있으나 검색·전환 데이터 없이 삭제·통합하지 않음","P2-monitor","SEO owner"
"https://reumlab.com/solution/wedding/","industry_service","industry_service","앱·웹·AI 개발 파트너를 찾는 사업자와 실무자","OWNER_DATA_REQUIRED:GSC","OWNER_DATA_REQUIRED:GSC","OWNER_DATA_REQUIRED:GSC","OWNER_DATA_REQUIRED:GSC","OWNER_DATA_REQUIRED:BING","OWNER_DATA_REQUIRED:BING_AI_PERFORMANCE","OWNER_DATA_REQUIRED:NAVER","OWNER_DATA_REQUIRED:NAVER","OWNER_DATA_REQUIRED:GA4","OWNER_DATA_REQUIRED:GA4","OWNER_DATA_REQUIRED:GA4_NETLIFY","NOT_MEASURED","templated-review","exact-unique","NO_EXACT_H1_DUPLICATE; GSC_QUERY_DATA_REQUIRED","https://reumlab.com/app/academy/","INDEX / SELF_CANONICAL_STATIC_VERIFIED","MONITOR","템플릿 유사 가능성은 있으나 검색·전환 데이터 없이 삭제·통합하지 않음","P2-monitor","SEO owner"
"https://reumlab.com/solution/wholesale/","industry_service","industry_service","앱·웹·AI 개발 파트너를 찾는 사업자와 실무자","OWNER_DATA_REQUIRED:GSC","OWNER_DATA_REQUIRED:GSC","OWNER_DATA_REQUIRED:GSC","OWNER_DATA_REQUIRED:GSC","OWNER_DATA_REQUIRED:BING","OWNER_DATA_REQUIRED:BING_AI_PERFORMANCE","OWNER_DATA_REQUIRED:NAVER","OWNER_DATA_REQUIRED:NAVER","OWNER_DATA_REQUIRED:GA4","OWNER_DATA_REQUIRED:GA4","OWNER_DATA_REQUIRED:GA4_NETLIFY","NOT_MEASURED","templated-review","exact-unique","NO_EXACT_H1_DUPLICATE; GSC_QUERY_DATA_REQUIRED","https://reumlab.com/app/academy/","INDEX / SELF_CANONICAL_STATIC_VERIFIED","MONITOR","템플릿 유사 가능성은 있으나 검색·전환 데이터 없이 삭제·통합하지 않음","P2-monitor","SEO owner"
"https://reumlab.com/solution/yoga/","industry_service","industry_service","앱·웹·AI 개발 파트너를 찾는 사업자와 실무자","OWNER_DATA_REQUIRED:GSC","OWNER_DATA_REQUIRED:GSC","OWNER_DATA_REQUIRED:GSC","OWNER_DATA_REQUIRED:GSC","OWNER_DATA_REQUIRED:BING","OWNER_DATA_REQUIRED:BING_AI_PERFORMANCE","OWNER_DATA_REQUIRED:NAVER","OWNER_DATA_REQUIRED:NAVER","OWNER_DATA_REQUIRED:GA4","OWNER_DATA_REQUIRED:GA4","OWNER_DATA_REQUIRED:GA4_NETLIFY","NOT_MEASURED","templated-review","exact-unique","NO_EXACT_H1_DUPLICATE; GSC_QUERY_DATA_REQUIRED","https://reumlab.com/app/academy/","INDEX / SELF_CANONICAL_STATIC_VERIFIED","MONITOR","템플릿 유사 가능성은 있으나 검색·전환 데이터 없이 삭제·통합하지 않음","P2-monitor","SEO owner"
"https://reumlab.com/source-handover/","service_or_hub","service_or_hub","앱·웹·AI 개발 파트너를 찾는 사업자와 실무자","OWNER_DATA_REQUIRED:GSC","OWNER_DATA_REQUIRED:GSC","OWNER_DATA_REQUIRED:GSC","OWNER_DATA_REQUIRED:GSC","OWNER_DATA_REQUIRED:BING","OWNER_DATA_REQUIRED:BING_AI_PERFORMANCE","OWNER_DATA_REQUIRED:NAVER","OWNER_DATA_REQUIRED:NAVER","OWNER_DATA_REQUIRED:GA4","OWNER_DATA_REQUIRED:GA4","OWNER_DATA_REQUIRED:GA4_NETLIFY","NOT_MEASURED","moderate","exact-unique","NO_EXACT_H1_DUPLICATE; GSC_QUERY_DATA_REQUIRED","https://reumlab.com/academy-shopping-mall/","INDEX / SELF_CANONICAL_STATIC_VERIFIED","IMPROVE","핵심 의도와 기술 품질은 유효하나 인용 가능한 1차 근거 보강 여지 있음","P1","content+SEO"
"https://reumlab.com/system/","service_or_hub","service_or_hub","앱·웹·AI 개발 파트너를 찾는 사업자와 실무자","OWNER_DATA_REQUIRED:GSC","OWNER_DATA_REQUIRED:GSC","OWNER_DATA_REQUIRED:GSC","OWNER_DATA_REQUIRED:GSC","OWNER_DATA_REQUIRED:BING","OWNER_DATA_REQUIRED:BING_AI_PERFORMANCE","OWNER_DATA_REQUIRED:NAVER","OWNER_DATA_REQUIRED:NAVER","OWNER_DATA_REQUIRED:GA4","OWNER_DATA_REQUIRED:GA4","OWNER_DATA_REQUIRED:GA4_NETLIFY","NOT_MEASURED","moderate","exact-unique","NO_EXACT_H1_DUPLICATE; GSC_QUERY_DATA_REQUIRED","https://reumlab.com/academy-shopping-mall/","INDEX / SELF_CANONICAL_STATIC_VERIFIED","IMPROVE","핵심 의도와 기술 품질은 유효하나 인용 가능한 1차 근거 보강 여지 있음","P1","content+SEO"
"https://reumlab.com/system/qr-order/","system_service","system_service","앱·웹·AI 개발 파트너를 찾는 사업자와 실무자","OWNER_DATA_REQUIRED:GSC","OWNER_DATA_REQUIRED:GSC","OWNER_DATA_REQUIRED:GSC","OWNER_DATA_REQUIRED:GSC","OWNER_DATA_REQUIRED:BING","OWNER_DATA_REQUIRED:BING_AI_PERFORMANCE","OWNER_DATA_REQUIRED:NAVER","OWNER_DATA_REQUIRED:NAVER","OWNER_DATA_REQUIRED:GA4","OWNER_DATA_REQUIRED:GA4","OWNER_DATA_REQUIRED:GA4_NETLIFY","NOT_MEASURED","moderate","exact-unique","NO_EXACT_H1_DUPLICATE; GSC_QUERY_DATA_REQUIRED","https://reumlab.com/system/space-rental/","INDEX / SELF_CANONICAL_STATIC_VERIFIED","MONITOR","템플릿 유사 가능성은 있으나 검색·전환 데이터 없이 삭제·통합하지 않음","P2-monitor","SEO owner"
"https://reumlab.com/system/space-rental/","system_service","system_service","앱·웹·AI 개발 파트너를 찾는 사업자와 실무자","OWNER_DATA_REQUIRED:GSC","OWNER_DATA_REQUIRED:GSC","OWNER_DATA_REQUIRED:GSC","OWNER_DATA_REQUIRED:GSC","OWNER_DATA_REQUIRED:BING","OWNER_DATA_REQUIRED:BING_AI_PERFORMANCE","OWNER_DATA_REQUIRED:NAVER","OWNER_DATA_REQUIRED:NAVER","OWNER_DATA_REQUIRED:GA4","OWNER_DATA_REQUIRED:GA4","OWNER_DATA_REQUIRED:GA4_NETLIFY","NOT_MEASURED","moderate","exact-unique","NO_EXACT_H1_DUPLICATE; GSC_QUERY_DATA_REQUIRED","https://reumlab.com/system/qr-order/","INDEX / SELF_CANONICAL_STATIC_VERIFIED","MONITOR","템플릿 유사 가능성은 있으나 검색·전환 데이터 없이 삭제·통합하지 않음","P2-monitor","SEO owner"
"https://reumlab.com/system/subscription-delivery/","system_service","system_service","앱·웹·AI 개발 파트너를 찾는 사업자와 실무자","OWNER_DATA_REQUIRED:GSC","OWNER_DATA_REQUIRED:GSC","OWNER_DATA_REQUIRED:GSC","OWNER_DATA_REQUIRED:GSC","OWNER_DATA_REQUIRED:BING","OWNER_DATA_REQUIRED:BING_AI_PERFORMANCE","OWNER_DATA_REQUIRED:NAVER","OWNER_DATA_REQUIRED:NAVER","OWNER_DATA_REQUIRED:GA4","OWNER_DATA_REQUIRED:GA4","OWNER_DATA_REQUIRED:GA4_NETLIFY","NOT_MEASURED","moderate","exact-unique","NO_EXACT_H1_DUPLICATE; GSC_QUERY_DATA_REQUIRED","https://reumlab.com/system/qr-order/","INDEX / SELF_CANONICAL_STATIC_VERIFIED","MONITOR","템플릿 유사 가능성은 있으나 검색·전환 데이터 없이 삭제·통합하지 않음","P2-monitor","SEO owner"
"https://reumlab.com/system/trade-ops/","system_service","system_service","앱·웹·AI 개발 파트너를 찾는 사업자와 실무자","OWNER_DATA_REQUIRED:GSC","OWNER_DATA_REQUIRED:GSC","OWNER_DATA_REQUIRED:GSC","OWNER_DATA_REQUIRED:GSC","OWNER_DATA_REQUIRED:BING","OWNER_DATA_REQUIRED:BING_AI_PERFORMANCE","OWNER_DATA_REQUIRED:NAVER","OWNER_DATA_REQUIRED:NAVER","OWNER_DATA_REQUIRED:GA4","OWNER_DATA_REQUIRED:GA4","OWNER_DATA_REQUIRED:GA4_NETLIFY","NOT_MEASURED","moderate","exact-unique","NO_EXACT_H1_DUPLICATE; GSC_QUERY_DATA_REQUIRED","https://reumlab.com/system/qr-order/","INDEX / SELF_CANONICAL_STATIC_VERIFIED","MONITOR","템플릿 유사 가능성은 있으나 검색·전환 데이터 없이 삭제·통합하지 않음","P2-monitor","SEO owner"
"https://reumlab.com/system/vehicle-visualizer/","system_service","system_service","앱·웹·AI 개발 파트너를 찾는 사업자와 실무자","OWNER_DATA_REQUIRED:GSC","OWNER_DATA_REQUIRED:GSC","OWNER_DATA_REQUIRED:GSC","OWNER_DATA_REQUIRED:GSC","OWNER_DATA_REQUIRED:BING","OWNER_DATA_REQUIRED:BING_AI_PERFORMANCE","OWNER_DATA_REQUIRED:NAVER","OWNER_DATA_REQUIRED:NAVER","OWNER_DATA_REQUIRED:GA4","OWNER_DATA_REQUIRED:GA4","OWNER_DATA_REQUIRED:GA4_NETLIFY","NOT_MEASURED","moderate","exact-unique","NO_EXACT_H1_DUPLICATE; GSC_QUERY_DATA_REQUIRED","https://reumlab.com/system/qr-order/","INDEX / SELF_CANONICAL_STATIC_VERIFIED","MONITOR","템플릿 유사 가능성은 있으나 검색·전환 데이터 없이 삭제·통합하지 않음","P2-monitor","SEO owner"
"https://reumlab.com/system/waiting/","system_service","system_service","앱·웹·AI 개발 파트너를 찾는 사업자와 실무자","OWNER_DATA_REQUIRED:GSC","OWNER_DATA_REQUIRED:GSC","OWNER_DATA_REQUIRED:GSC","OWNER_DATA_REQUIRED:GSC","OWNER_DATA_REQUIRED:BING","OWNER_DATA_REQUIRED:BING_AI_PERFORMANCE","OWNER_DATA_REQUIRED:NAVER","OWNER_DATA_REQUIRED:NAVER","OWNER_DATA_REQUIRED:GA4","OWNER_DATA_REQUIRED:GA4","OWNER_DATA_REQUIRED:GA4_NETLIFY","NOT_MEASURED","moderate","exact-unique","NO_EXACT_H1_DUPLICATE; GSC_QUERY_DATA_REQUIRED","https://reumlab.com/system/qr-order/","INDEX / SELF_CANONICAL_STATIC_VERIFIED","MONITOR","템플릿 유사 가능성은 있으나 검색·전환 데이터 없이 삭제·통합하지 않음","P2-monitor","SEO owner"
"https://reumlab.com/system/workforce/","system_service","system_service","앱·웹·AI 개발 파트너를 찾는 사업자와 실무자","OWNER_DATA_REQUIRED:GSC","OWNER_DATA_REQUIRED:GSC","OWNER_DATA_REQUIRED:GSC","OWNER_DATA_REQUIRED:GSC","OWNER_DATA_REQUIRED:BING","OWNER_DATA_REQUIRED:BING_AI_PERFORMANCE","OWNER_DATA_REQUIRED:NAVER","OWNER_DATA_REQUIRED:NAVER","OWNER_DATA_REQUIRED:GA4","OWNER_DATA_REQUIRED:GA4","OWNER_DATA_REQUIRED:GA4_NETLIFY","NOT_MEASURED","moderate","exact-unique","NO_EXACT_H1_DUPLICATE; GSC_QUERY_DATA_REQUIRED","https://reumlab.com/system/qr-order/","INDEX / SELF_CANONICAL_STATIC_VERIFIED","MONITOR","템플릿 유사 가능성은 있으나 검색·전환 데이터 없이 삭제·통합하지 않음","P2-monitor","SEO owner"
"https://reumlab.com/terms/","legal","legal","앱·웹·AI 개발 파트너를 찾는 사업자와 실무자","OWNER_DATA_REQUIRED:GSC","OWNER_DATA_REQUIRED:GSC","OWNER_DATA_REQUIRED:GSC","OWNER_DATA_REQUIRED:GSC","OWNER_DATA_REQUIRED:BING","OWNER_DATA_REQUIRED:BING_AI_PERFORMANCE","OWNER_DATA_REQUIRED:NAVER","OWNER_DATA_REQUIRED:NAVER","OWNER_DATA_REQUIRED:GA4","OWNER_DATA_REQUIRED:GA4","OWNER_DATA_REQUIRED:GA4_NETLIFY","NOT_MEASURED","templated-review","exact-unique","NO_EXACT_H1_DUPLICATE; GSC_QUERY_DATA_REQUIRED","https://reumlab.com/privacy/","INDEX / SELF_CANONICAL_STATIC_VERIFIED","MONITOR","템플릿 유사 가능성은 있으나 검색·전환 데이터 없이 삭제·통합하지 않음","P2-monitor","SEO owner"
"https://reumlab.com/web-development/dongtan/","region_service","region_service","해당 지역에서 개발사를 찾는 사업자","OWNER_DATA_REQUIRED:GSC","OWNER_DATA_REQUIRED:GSC","OWNER_DATA_REQUIRED:GSC","OWNER_DATA_REQUIRED:GSC","OWNER_DATA_REQUIRED:BING","OWNER_DATA_REQUIRED:BING_AI_PERFORMANCE","OWNER_DATA_REQUIRED:NAVER","OWNER_DATA_REQUIRED:NAVER","OWNER_DATA_REQUIRED:GA4","OWNER_DATA_REQUIRED:GA4","OWNER_DATA_REQUIRED:GA4_NETLIFY","NOT_MEASURED","templated-review","exact-unique","NO_EXACT_H1_DUPLICATE; GSC_QUERY_DATA_REQUIRED","https://reumlab.com/ai-development/dongtan/","INDEX / SELF_CANONICAL_STATIC_VERIFIED","MONITOR","템플릿 유사 가능성은 있으나 검색·전환 데이터 없이 삭제·통합하지 않음","P2-monitor","SEO owner"
"https://reumlab.com/web-development/hwaseong/","region_service","region_service","해당 지역에서 개발사를 찾는 사업자","OWNER_DATA_REQUIRED:GSC","OWNER_DATA_REQUIRED:GSC","OWNER_DATA_REQUIRED:GSC","OWNER_DATA_REQUIRED:GSC","OWNER_DATA_REQUIRED:BING","OWNER_DATA_REQUIRED:BING_AI_PERFORMANCE","OWNER_DATA_REQUIRED:NAVER","OWNER_DATA_REQUIRED:NAVER","OWNER_DATA_REQUIRED:GA4","OWNER_DATA_REQUIRED:GA4","OWNER_DATA_REQUIRED:GA4_NETLIFY","NOT_MEASURED","templated-review","exact-unique","NO_EXACT_H1_DUPLICATE; GSC_QUERY_DATA_REQUIRED","https://reumlab.com/ai-development/dongtan/","INDEX / SELF_CANONICAL_STATIC_VERIFIED","MONITOR","템플릿 유사 가능성은 있으나 검색·전환 데이터 없이 삭제·통합하지 않음","P2-monitor","SEO owner"
"https://reumlab.com/web-development/","service_or_hub","service_or_hub","앱·웹·AI 개발 파트너를 찾는 사업자와 실무자","OWNER_DATA_REQUIRED:GSC","OWNER_DATA_REQUIRED:GSC","OWNER_DATA_REQUIRED:GSC","OWNER_DATA_REQUIRED:GSC","OWNER_DATA_REQUIRED:BING","OWNER_DATA_REQUIRED:BING_AI_PERFORMANCE","OWNER_DATA_REQUIRED:NAVER","OWNER_DATA_REQUIRED:NAVER","OWNER_DATA_REQUIRED:GA4","OWNER_DATA_REQUIRED:GA4","OWNER_DATA_REQUIRED:GA4_NETLIFY","NOT_MEASURED","moderate","exact-unique","NO_EXACT_H1_DUPLICATE; GSC_QUERY_DATA_REQUIRED","https://reumlab.com/academy-shopping-mall/","INDEX / SELF_CANONICAL_STATIC_VERIFIED","IMPROVE","핵심 의도와 기술 품질은 유효하나 인용 가능한 1차 근거 보강 여지 있음","P1","content+SEO"
"https://reumlab.com/web-development/suwon/","region_service","region_service","해당 지역에서 개발사를 찾는 사업자","OWNER_DATA_REQUIRED:GSC","OWNER_DATA_REQUIRED:GSC","OWNER_DATA_REQUIRED:GSC","OWNER_DATA_REQUIRED:GSC","OWNER_DATA_REQUIRED:BING","OWNER_DATA_REQUIRED:BING_AI_PERFORMANCE","OWNER_DATA_REQUIRED:NAVER","OWNER_DATA_REQUIRED:NAVER","OWNER_DATA_REQUIRED:GA4","OWNER_DATA_REQUIRED:GA4","OWNER_DATA_REQUIRED:GA4_NETLIFY","NOT_MEASURED","templated-review","exact-unique","NO_EXACT_H1_DUPLICATE; GSC_QUERY_DATA_REQUIRED","https://reumlab.com/ai-development/dongtan/","INDEX / SELF_CANONICAL_STATIC_VERIFIED","MONITOR","템플릿 유사 가능성은 있으나 검색·전환 데이터 없이 삭제·통합하지 않음","P2-monitor","SEO owner"
"https://reumlab.com/website/adongsangdamsenteo/","industry_service","industry_service","앱·웹·AI 개발 파트너를 찾는 사업자와 실무자","OWNER_DATA_REQUIRED:GSC","OWNER_DATA_REQUIRED:GSC","OWNER_DATA_REQUIRED:GSC","OWNER_DATA_REQUIRED:GSC","OWNER_DATA_REQUIRED:BING","OWNER_DATA_REQUIRED:BING_AI_PERFORMANCE","OWNER_DATA_REQUIRED:NAVER","OWNER_DATA_REQUIRED:NAVER","OWNER_DATA_REQUIRED:GA4","OWNER_DATA_REQUIRED:GA4","OWNER_DATA_REQUIRED:GA4_NETLIFY","NOT_MEASURED","templated-review","exact-unique","NO_EXACT_H1_DUPLICATE; GSC_QUERY_DATA_REQUIRED","https://reumlab.com/app/academy/","INDEX / SELF_CANONICAL_STATIC_VERIFIED","MONITOR","템플릿 유사 가능성은 있으나 검색·전환 데이터 없이 삭제·통합하지 않음","P2-monitor","SEO owner"
"https://reumlab.com/website/aebgaebaleobche/","industry_service","industry_service","앱·웹·AI 개발 파트너를 찾는 사업자와 실무자","OWNER_DATA_REQUIRED:GSC","OWNER_DATA_REQUIRED:GSC","OWNER_DATA_REQUIRED:GSC","OWNER_DATA_REQUIRED:GSC","OWNER_DATA_REQUIRED:BING","OWNER_DATA_REQUIRED:BING_AI_PERFORMANCE","OWNER_DATA_REQUIRED:NAVER","OWNER_DATA_REQUIRED:NAVER","OWNER_DATA_REQUIRED:GA4","OWNER_DATA_REQUIRED:GA4","OWNER_DATA_REQUIRED:GA4_NETLIFY","NOT_MEASURED","templated-review","exact-unique","NO_EXACT_H1_DUPLICATE; GSC_QUERY_DATA_REQUIRED","https://reumlab.com/app/academy/","INDEX / SELF_CANONICAL_STATIC_VERIFIED","MONITOR","템플릿 유사 가능성은 있으나 검색·전환 데이터 없이 삭제·통합하지 않음","P2-monitor","SEO owner"
"https://reumlab.com/website/aggijeom/","industry_service","industry_service","앱·웹·AI 개발 파트너를 찾는 사업자와 실무자","OWNER_DATA_REQUIRED:GSC","OWNER_DATA_REQUIRED:GSC","OWNER_DATA_REQUIRED:GSC","OWNER_DATA_REQUIRED:GSC","OWNER_DATA_REQUIRED:BING","OWNER_DATA_REQUIRED:BING_AI_PERFORMANCE","OWNER_DATA_REQUIRED:NAVER","OWNER_DATA_REQUIRED:NAVER","OWNER_DATA_REQUIRED:GA4","OWNER_DATA_REQUIRED:GA4","OWNER_DATA_REQUIRED:GA4_NETLIFY","NOT_MEASURED","templated-review","exact-unique","NO_EXACT_H1_DUPLICATE; GSC_QUERY_DATA_REQUIRED","https://reumlab.com/app/academy/","INDEX / SELF_CANONICAL_STATIC_VERIFIED","MONITOR","템플릿 유사 가능성은 있으나 검색·전환 데이터 없이 삭제·통합하지 않음","P2-monitor","SEO owner"
"https://reumlab.com/website/angwa/","industry_service","industry_service","앱·웹·AI 개발 파트너를 찾는 사업자와 실무자","OWNER_DATA_REQUIRED:GSC","OWNER_DATA_REQUIRED:GSC","OWNER_DATA_REQUIRED:GSC","OWNER_DATA_REQUIRED:GSC","OWNER_DATA_REQUIRED:BING","OWNER_DATA_REQUIRED:BING_AI_PERFORMANCE","OWNER_DATA_REQUIRED:NAVER","OWNER_DATA_REQUIRED:NAVER","OWNER_DATA_REQUIRED:GA4","OWNER_DATA_REQUIRED:GA4","OWNER_DATA_REQUIRED:GA4_NETLIFY","NOT_MEASURED","templated-review","exact-unique","NO_EXACT_H1_DUPLICATE; GSC_QUERY_DATA_REQUIRED","https://reumlab.com/app/academy/","INDEX / SELF_CANONICAL_STATIC_VERIFIED","MONITOR","템플릿 유사 가능성은 있으나 검색·전환 데이터 없이 삭제·통합하지 않음","P2-monitor","SEO owner"
"https://reumlab.com/website/angyeongjeom/","industry_service","industry_service","앱·웹·AI 개발 파트너를 찾는 사업자와 실무자","OWNER_DATA_REQUIRED:GSC","OWNER_DATA_REQUIRED:GSC","OWNER_DATA_REQUIRED:GSC","OWNER_DATA_REQUIRED:GSC","OWNER_DATA_REQUIRED:BING","OWNER_DATA_REQUIRED:BING_AI_PERFORMANCE","OWNER_DATA_REQUIRED:NAVER","OWNER_DATA_REQUIRED:NAVER","OWNER_DATA_REQUIRED:GA4","OWNER_DATA_REQUIRED:GA4","OWNER_DATA_REQUIRED:GA4_NETLIFY","NOT_MEASURED","templated-review","exact-unique","NO_EXACT_H1_DUPLICATE; GSC_QUERY_DATA_REQUIRED","https://reumlab.com/app/academy/","INDEX / SELF_CANONICAL_STATIC_VERIFIED","MONITOR","템플릿 유사 가능성은 있으나 검색·전환 데이터 없이 삭제·통합하지 않음","P2-monitor","SEO owner"
"https://reumlab.com/website/baedeuminteonjang/","industry_service","industry_service","앱·웹·AI 개발 파트너를 찾는 사업자와 실무자","OWNER_DATA_REQUIRED:GSC","OWNER_DATA_REQUIRED:GSC","OWNER_DATA_REQUIRED:GSC","OWNER_DATA_REQUIRED:GSC","OWNER_DATA_REQUIRED:BING","OWNER_DATA_REQUIRED:BING_AI_PERFORMANCE","OWNER_DATA_REQUIRED:NAVER","OWNER_DATA_REQUIRED:NAVER","OWNER_DATA_REQUIRED:GA4","OWNER_DATA_REQUIRED:GA4","OWNER_DATA_REQUIRED:GA4_NETLIFY","NOT_MEASURED","templated-review","exact-unique","NO_EXACT_H1_DUPLICATE; GSC_QUERY_DATA_REQUIRED","https://reumlab.com/app/academy/","INDEX / SELF_CANONICAL_STATIC_VERIFIED","MONITOR","템플릿 유사 가능성은 있으나 검색·전환 데이터 없이 삭제·통합하지 않음","P2-monitor","SEO owner"
"https://reumlab.com/website/baldalsenteo/","industry_service","industry_service","앱·웹·AI 개발 파트너를 찾는 사업자와 실무자","OWNER_DATA_REQUIRED:GSC","OWNER_DATA_REQUIRED:GSC","OWNER_DATA_REQUIRED:GSC","OWNER_DATA_REQUIRED:GSC","OWNER_DATA_REQUIRED:BING","OWNER_DATA_REQUIRED:BING_AI_PERFORMANCE","OWNER_DATA_REQUIRED:NAVER","OWNER_DATA_REQUIRED:NAVER","OWNER_DATA_REQUIRED:GA4","OWNER_DATA_REQUIRED:GA4","OWNER_DATA_REQUIRED:GA4_NETLIFY","NOT_MEASURED","templated-review","exact-unique","NO_EXACT_H1_DUPLICATE; GSC_QUERY_DATA_REQUIRED","https://reumlab.com/app/academy/","INDEX / SELF_CANONICAL_STATIC_VERIFIED","MONITOR","템플릿 유사 가능성은 있으나 검색·전환 데이터 없이 삭제·통합하지 않음","P2-monitor","SEO owner"
"https://reumlab.com/website/banchangage/","industry_service","industry_service","앱·웹·AI 개발 파트너를 찾는 사업자와 실무자","OWNER_DATA_REQUIRED:GSC","OWNER_DATA_REQUIRED:GSC","OWNER_DATA_REQUIRED:GSC","OWNER_DATA_REQUIRED:GSC","OWNER_DATA_REQUIRED:BING","OWNER_DATA_REQUIRED:BING_AI_PERFORMANCE","OWNER_DATA_REQUIRED:NAVER","OWNER_DATA_REQUIRED:NAVER","OWNER_DATA_REQUIRED:GA4","OWNER_DATA_REQUIRED:GA4","OWNER_DATA_REQUIRED:GA4_NETLIFY","NOT_MEASURED","templated-review","exact-unique","NO_EXACT_H1_DUPLICATE; GSC_QUERY_DATA_REQUIRED","https://reumlab.com/app/academy/","INDEX / SELF_CANONICAL_STATIC_VERIFIED","MONITOR","템플릿 유사 가능성은 있으나 검색·전환 데이터 없이 삭제·통합하지 않음","P2-monitor","SEO owner"
"https://reumlab.com/website/bangmunhagseub/","industry_service","industry_service","앱·웹·AI 개발 파트너를 찾는 사업자와 실무자","OWNER_DATA_REQUIRED:GSC","OWNER_DATA_REQUIRED:GSC","OWNER_DATA_REQUIRED:GSC","OWNER_DATA_REQUIRED:GSC","OWNER_DATA_REQUIRED:BING","OWNER_DATA_REQUIRED:BING_AI_PERFORMANCE","OWNER_DATA_REQUIRED:NAVER","OWNER_DATA_REQUIRED:NAVER","OWNER_DATA_REQUIRED:GA4","OWNER_DATA_REQUIRED:GA4","OWNER_DATA_REQUIRED:GA4_NETLIFY","NOT_MEASURED","templated-review","exact-unique","NO_EXACT_H1_DUPLICATE; GSC_QUERY_DATA_REQUIRED","https://reumlab.com/app/academy/","INDEX / SELF_CANONICAL_STATIC_VERIFIED","MONITOR","템플릿 유사 가능성은 있으나 검색·전환 데이터 없이 삭제·통합하지 않음","P2-monitor","SEO owner"
"https://reumlab.com/website/bangmunyoyangsenteo/","industry_service","industry_service","앱·웹·AI 개발 파트너를 찾는 사업자와 실무자","OWNER_DATA_REQUIRED:GSC","OWNER_DATA_REQUIRED:GSC","OWNER_DATA_REQUIRED:GSC","OWNER_DATA_REQUIRED:GSC","OWNER_DATA_REQUIRED:BING","OWNER_DATA_REQUIRED:BING_AI_PERFORMANCE","OWNER_DATA_REQUIRED:NAVER","OWNER_DATA_REQUIRED:NAVER","OWNER_DATA_REQUIRED:GA4","OWNER_DATA_REQUIRED:GA4","OWNER_DATA_REQUIRED:GA4_NETLIFY","NOT_MEASURED","templated-review","exact-unique","NO_EXACT_H1_DUPLICATE; GSC_QUERY_DATA_REQUIRED","https://reumlab.com/app/academy/","INDEX / SELF_CANONICAL_STATIC_VERIFIED","MONITOR","템플릿 유사 가능성은 있으나 검색·전환 데이터 없이 삭제·통합하지 않음","P2-monitor","SEO owner"
"https://reumlab.com/website/bangsueobche/","industry_service","industry_service","앱·웹·AI 개발 파트너를 찾는 사업자와 실무자","OWNER_DATA_REQUIRED:GSC","OWNER_DATA_REQUIRED:GSC","OWNER_DATA_REQUIRED:GSC","OWNER_DATA_REQUIRED:GSC","OWNER_DATA_REQUIRED:BING","OWNER_DATA_REQUIRED:BING_AI_PERFORMANCE","OWNER_DATA_REQUIRED:NAVER","OWNER_DATA_REQUIRED:NAVER","OWNER_DATA_REQUIRED:GA4","OWNER_DATA_REQUIRED:GA4","OWNER_DATA_REQUIRED:GA4_NETLIFY","NOT_MEASURED","templated-review","exact-unique","NO_EXACT_H1_DUPLICATE; GSC_QUERY_DATA_REQUIRED","https://reumlab.com/app/academy/","INDEX / SELF_CANONICAL_STATIC_VERIFIED","MONITOR","템플릿 유사 가능성은 있으나 검색·전환 데이터 없이 삭제·통합하지 않음","P2-monitor","SEO owner"
"https://reumlab.com/website/bangyeogeobche/","industry_service","industry_service","앱·웹·AI 개발 파트너를 찾는 사업자와 실무자","OWNER_DATA_REQUIRED:GSC","OWNER_DATA_REQUIRED:GSC","OWNER_DATA_REQUIRED:GSC","OWNER_DATA_REQUIRED:GSC","OWNER_DATA_REQUIRED:BING","OWNER_DATA_REQUIRED:BING_AI_PERFORMANCE","OWNER_DATA_REQUIRED:NAVER","OWNER_DATA_REQUIRED:NAVER","OWNER_DATA_REQUIRED:GA4","OWNER_DATA_REQUIRED:GA4","OWNER_DATA_REQUIRED:GA4_NETLIFY","NOT_MEASURED","templated-review","exact-unique","NO_EXACT_H1_DUPLICATE; GSC_QUERY_DATA_REQUIRED","https://reumlab.com/app/academy/","INDEX / SELF_CANONICAL_STATIC_VERIFIED","MONITOR","템플릿 유사 가능성은 있으나 검색·전환 데이터 없이 삭제·통합하지 않음","P2-monitor","SEO owner"
"https://reumlab.com/website/banyeonggusyab/","industry_service","industry_service","앱·웹·AI 개발 파트너를 찾는 사업자와 실무자","OWNER_DATA_REQUIRED:GSC","OWNER_DATA_REQUIRED:GSC","OWNER_DATA_REQUIRED:GSC","OWNER_DATA_REQUIRED:GSC","OWNER_DATA_REQUIRED:BING","OWNER_DATA_REQUIRED:BING_AI_PERFORMANCE","OWNER_DATA_REQUIRED:NAVER","OWNER_DATA_REQUIRED:NAVER","OWNER_DATA_REQUIRED:GA4","OWNER_DATA_REQUIRED:GA4","OWNER_DATA_REQUIRED:GA4_NETLIFY","NOT_MEASURED","templated-review","exact-unique","NO_EXACT_H1_DUPLICATE; GSC_QUERY_DATA_REQUIRED","https://reumlab.com/app/academy/","INDEX / SELF_CANONICAL_STATIC_VERIFIED","MONITOR","템플릿 유사 가능성은 있으나 검색·전환 데이터 없이 삭제·통합하지 않음","P2-monitor","SEO owner"
"https://reumlab.com/website/beibisiteo/","industry_service","industry_service","앱·웹·AI 개발 파트너를 찾는 사업자와 실무자","OWNER_DATA_REQUIRED:GSC","OWNER_DATA_REQUIRED:GSC","OWNER_DATA_REQUIRED:GSC","OWNER_DATA_REQUIRED:GSC","OWNER_DATA_REQUIRED:BING","OWNER_DATA_REQUIRED:BING_AI_PERFORMANCE","OWNER_DATA_REQUIRED:NAVER","OWNER_DATA_REQUIRED:NAVER","OWNER_DATA_REQUIRED:GA4","OWNER_DATA_REQUIRED:GA4","OWNER_DATA_REQUIRED:GA4_NETLIFY","NOT_MEASURED","templated-review","exact-unique","NO_EXACT_H1_DUPLICATE; GSC_QUERY_DATA_REQUIRED","https://reumlab.com/app/academy/","INDEX / SELF_CANONICAL_STATIC_VERIFIED","MONITOR","템플릿 유사 가능성은 있으나 검색·전환 데이터 없이 삭제·통합하지 않음","P2-monitor","SEO owner"
"https://reumlab.com/website/beikeori/","industry_service","industry_service","앱·웹·AI 개발 파트너를 찾는 사업자와 실무자","OWNER_DATA_REQUIRED:GSC","OWNER_DATA_REQUIRED:GSC","OWNER_DATA_REQUIRED:GSC","OWNER_DATA_REQUIRED:GSC","OWNER_DATA_REQUIRED:BING","OWNER_DATA_REQUIRED:BING_AI_PERFORMANCE","OWNER_DATA_REQUIRED:NAVER","OWNER_DATA_REQUIRED:NAVER","OWNER_DATA_REQUIRED:GA4","OWNER_DATA_REQUIRED:GA4","OWNER_DATA_REQUIRED:GA4_NETLIFY","NOT_MEASURED","templated-review","exact-unique","NO_EXACT_H1_DUPLICATE; GSC_QUERY_DATA_REQUIRED","https://reumlab.com/app/academy/","INDEX / SELF_CANONICAL_STATIC_VERIFIED","MONITOR","템플릿 유사 가능성은 있으나 검색·전환 데이터 없이 삭제·통합하지 않음","P2-monitor","SEO owner"
"https://reumlab.com/website/beobmubeobin/","industry_service","industry_service","앱·웹·AI 개발 파트너를 찾는 사업자와 실무자","OWNER_DATA_REQUIRED:GSC","OWNER_DATA_REQUIRED:GSC","OWNER_DATA_REQUIRED:GSC","OWNER_DATA_REQUIRED:GSC","OWNER_DATA_REQUIRED:BING","OWNER_DATA_REQUIRED:BING_AI_PERFORMANCE","OWNER_DATA_REQUIRED:NAVER","OWNER_DATA_REQUIRED:NAVER","OWNER_DATA_REQUIRED:GA4","OWNER_DATA_REQUIRED:GA4","OWNER_DATA_REQUIRED:GA4_NETLIFY","NOT_MEASURED","templated-review","exact-unique","NO_EXACT_H1_DUPLICATE; GSC_QUERY_DATA_REQUIRED","https://reumlab.com/app/academy/","INDEX / SELF_CANONICAL_STATIC_VERIFIED","MONITOR","템플릿 유사 가능성은 있으나 검색·전환 데이터 없이 삭제·통합하지 않음","P2-monitor","SEO owner"
"https://reumlab.com/website/beobmusa/","industry_service","industry_service","앱·웹·AI 개발 파트너를 찾는 사업자와 실무자","OWNER_DATA_REQUIRED:GSC","OWNER_DATA_REQUIRED:GSC","OWNER_DATA_REQUIRED:GSC","OWNER_DATA_REQUIRED:GSC","OWNER_DATA_REQUIRED:BING","OWNER_DATA_REQUIRED:BING_AI_PERFORMANCE","OWNER_DATA_REQUIRED:NAVER","OWNER_DATA_REQUIRED:NAVER","OWNER_DATA_REQUIRED:GA4","OWNER_DATA_REQUIRED:GA4","OWNER_DATA_REQUIRED:GA4_NETLIFY","NOT_MEASURED","templated-review","exact-unique","NO_EXACT_H1_DUPLICATE; GSC_QUERY_DATA_REQUIRED","https://reumlab.com/app/academy/","INDEX / SELF_CANONICAL_STATIC_VERIFIED","MONITOR","템플릿 유사 가능성은 있으나 검색·전환 데이터 없이 삭제·통합하지 않음","P2-monitor","SEO owner"
"https://reumlab.com/website/beobryulsamuso/","industry_service","industry_service","앱·웹·AI 개발 파트너를 찾는 사업자와 실무자","OWNER_DATA_REQUIRED:GSC","OWNER_DATA_REQUIRED:GSC","OWNER_DATA_REQUIRED:GSC","OWNER_DATA_REQUIRED:GSC","OWNER_DATA_REQUIRED:BING","OWNER_DATA_REQUIRED:BING_AI_PERFORMANCE","OWNER_DATA_REQUIRED:NAVER","OWNER_DATA_REQUIRED:NAVER","OWNER_DATA_REQUIRED:GA4","OWNER_DATA_REQUIRED:GA4","OWNER_DATA_REQUIRED:GA4_NETLIFY","NOT_MEASURED","templated-review","exact-unique","NO_EXACT_H1_DUPLICATE; GSC_QUERY_DATA_REQUIRED","https://reumlab.com/app/academy/","INDEX / SELF_CANONICAL_STATIC_VERIFIED","MONITOR","템플릿 유사 가능성은 있으나 검색·전환 데이터 없이 삭제·통합하지 않음","P2-monitor","SEO owner"
"https://reumlab.com/website/beonyeogsamuso/","industry_service","industry_service","앱·웹·AI 개발 파트너를 찾는 사업자와 실무자","OWNER_DATA_REQUIRED:GSC","OWNER_DATA_REQUIRED:GSC","OWNER_DATA_REQUIRED:GSC","OWNER_DATA_REQUIRED:GSC","OWNER_DATA_REQUIRED:BING","OWNER_DATA_REQUIRED:BING_AI_PERFORMANCE","OWNER_DATA_REQUIRED:NAVER","OWNER_DATA_REQUIRED:NAVER","OWNER_DATA_REQUIRED:GA4","OWNER_DATA_REQUIRED:GA4","OWNER_DATA_REQUIRED:GA4_NETLIFY","NOT_MEASURED","templated-review","exact-unique","NO_EXACT_H1_DUPLICATE; GSC_QUERY_DATA_REQUIRED","https://reumlab.com/app/academy/","INDEX / SELF_CANONICAL_STATIC_VERIFIED","MONITOR","템플릿 유사 가능성은 있으나 검색·전환 데이터 없이 삭제·통합하지 않음","P2-monitor","SEO owner"
"https://reumlab.com/website/beoseuhoesa/","industry_service","industry_service","앱·웹·AI 개발 파트너를 찾는 사업자와 실무자","OWNER_DATA_REQUIRED:GSC","OWNER_DATA_REQUIRED:GSC","OWNER_DATA_REQUIRED:GSC","OWNER_DATA_REQUIRED:GSC","OWNER_DATA_REQUIRED:BING","OWNER_DATA_REQUIRED:BING_AI_PERFORMANCE","OWNER_DATA_REQUIRED:NAVER","OWNER_DATA_REQUIRED:NAVER","OWNER_DATA_REQUIRED:GA4","OWNER_DATA_REQUIRED:GA4","OWNER_DATA_REQUIRED:GA4_NETLIFY","NOT_MEASURED","templated-review","exact-unique","NO_EXACT_H1_DUPLICATE; GSC_QUERY_DATA_REQUIRED","https://reumlab.com/app/academy/","INDEX / SELF_CANONICAL_STATIC_VERIFIED","MONITOR","템플릿 유사 가능성은 있으나 검색·전환 데이터 없이 삭제·통합하지 않음","P2-monitor","SEO owner"
"https://reumlab.com/website/beulraegbagseumaejang/","industry_service","industry_service","앱·웹·AI 개발 파트너를 찾는 사업자와 실무자","OWNER_DATA_REQUIRED:GSC","OWNER_DATA_REQUIRED:GSC","OWNER_DATA_REQUIRED:GSC","OWNER_DATA_REQUIRED:GSC","OWNER_DATA_REQUIRED:BING","OWNER_DATA_REQUIRED:BING_AI_PERFORMANCE","OWNER_DATA_REQUIRED:NAVER","OWNER_DATA_REQUIRED:NAVER","OWNER_DATA_REQUIRED:GA4","OWNER_DATA_REQUIRED:GA4","OWNER_DATA_REQUIRED:GA4_NETLIFY","NOT_MEASURED","templated-review","exact-unique","NO_EXACT_H1_DUPLICATE; GSC_QUERY_DATA_REQUIRED","https://reumlab.com/app/academy/","INDEX / SELF_CANONICAL_STATIC_VERIFIED","MONITOR","템플릿 유사 가능성은 있으나 검색·전환 데이터 없이 삭제·통합하지 않음","P2-monitor","SEO owner"
"https://reumlab.com/website/beuraendinghoesa/","industry_service","industry_service","앱·웹·AI 개발 파트너를 찾는 사업자와 실무자","OWNER_DATA_REQUIRED:GSC","OWNER_DATA_REQUIRED:GSC","OWNER_DATA_REQUIRED:GSC","OWNER_DATA_REQUIRED:GSC","OWNER_DATA_REQUIRED:BING","OWNER_DATA_REQUIRED:BING_AI_PERFORMANCE","OWNER_DATA_REQUIRED:NAVER","OWNER_DATA_REQUIRED:NAVER","OWNER_DATA_REQUIRED:GA4","OWNER_DATA_REQUIRED:GA4","OWNER_DATA_REQUIRED:GA4_NETLIFY","NOT_MEASURED","templated-review","exact-unique","NO_EXACT_H1_DUPLICATE; GSC_QUERY_DATA_REQUIRED","https://reumlab.com/app/academy/","INDEX / SELF_CANONICAL_STATIC_VERIFIED","MONITOR","템플릿 유사 가능성은 있으나 검색·전환 데이터 없이 삭제·통합하지 않음","P2-monitor","SEO owner"
"https://reumlab.com/website/bideeobche/","industry_service","industry_service","앱·웹·AI 개발 파트너를 찾는 사업자와 실무자","OWNER_DATA_REQUIRED:GSC","OWNER_DATA_REQUIRED:GSC","OWNER_DATA_REQUIRED:GSC","OWNER_DATA_REQUIRED:GSC","OWNER_DATA_REQUIRED:BING","OWNER_DATA_REQUIRED:BING_AI_PERFORMANCE","OWNER_DATA_REQUIRED:NAVER","OWNER_DATA_REQUIRED:NAVER","OWNER_DATA_REQUIRED:GA4","OWNER_DATA_REQUIRED:GA4","OWNER_DATA_REQUIRED:GA4_NETLIFY","NOT_MEASURED","templated-review","exact-unique","NO_EXACT_H1_DUPLICATE; GSC_QUERY_DATA_REQUIRED","https://reumlab.com/app/academy/","INDEX / SELF_CANONICAL_STATIC_VERIFIED","MONITOR","템플릿 유사 가능성은 있으나 검색·전환 데이터 없이 삭제·통합하지 않음","P2-monitor","SEO owner"
"https://reumlab.com/website/binyogigwa/","industry_service","industry_service","앱·웹·AI 개발 파트너를 찾는 사업자와 실무자","OWNER_DATA_REQUIRED:GSC","OWNER_DATA_REQUIRED:GSC","OWNER_DATA_REQUIRED:GSC","OWNER_DATA_REQUIRED:GSC","OWNER_DATA_REQUIRED:BING","OWNER_DATA_REQUIRED:BING_AI_PERFORMANCE","OWNER_DATA_REQUIRED:NAVER","OWNER_DATA_REQUIRED:NAVER","OWNER_DATA_REQUIRED:GA4","OWNER_DATA_REQUIRED:GA4","OWNER_DATA_REQUIRED:GA4_NETLIFY","NOT_MEASURED","templated-review","exact-unique","NO_EXACT_H1_DUPLICATE; GSC_QUERY_DATA_REQUIRED","https://reumlab.com/app/academy/","INDEX / SELF_CANONICAL_STATIC_VERIFIED","MONITOR","템플릿 유사 가능성은 있으나 검색·전환 데이터 없이 삭제·통합하지 않음","P2-monitor","SEO owner"
"https://reumlab.com/website/boaneobche/","industry_service","industry_service","앱·웹·AI 개발 파트너를 찾는 사업자와 실무자","OWNER_DATA_REQUIRED:GSC","OWNER_DATA_REQUIRED:GSC","OWNER_DATA_REQUIRED:GSC","OWNER_DATA_REQUIRED:GSC","OWNER_DATA_REQUIRED:BING","OWNER_DATA_REQUIRED:BING_AI_PERFORMANCE","OWNER_DATA_REQUIRED:NAVER","OWNER_DATA_REQUIRED:NAVER","OWNER_DATA_REQUIRED:GA4","OWNER_DATA_REQUIRED:GA4","OWNER_DATA_REQUIRED:GA4_NETLIFY","NOT_MEASURED","templated-review","exact-unique","NO_EXACT_H1_DUPLICATE; GSC_QUERY_DATA_REQUIRED","https://reumlab.com/app/academy/","INDEX / SELF_CANONICAL_STATIC_VERIFIED","MONITOR","템플릿 유사 가능성은 있으나 검색·전환 데이터 없이 삭제·통합하지 않음","P2-monitor","SEO owner"
"https://reumlab.com/website/bogsingjang/","industry_service","industry_service","앱·웹·AI 개발 파트너를 찾는 사업자와 실무자","OWNER_DATA_REQUIRED:GSC","OWNER_DATA_REQUIRED:GSC","OWNER_DATA_REQUIRED:GSC","OWNER_DATA_REQUIRED:GSC","OWNER_DATA_REQUIRED:BING","OWNER_DATA_REQUIRED:BING_AI_PERFORMANCE","OWNER_DATA_REQUIRED:NAVER","OWNER_DATA_REQUIRED:NAVER","OWNER_DATA_REQUIRED:GA4","OWNER_DATA_REQUIRED:GA4","OWNER_DATA_REQUIRED:GA4_NETLIFY","NOT_MEASURED","templated-review","exact-unique","NO_EXACT_H1_DUPLICATE; GSC_QUERY_DATA_REQUIRED","https://reumlab.com/app/academy/","INDEX / SELF_CANONICAL_STATIC_VERIFIED","MONITOR","템플릿 유사 가능성은 있으나 검색·전환 데이터 없이 삭제·통합하지 않음","P2-monitor","SEO owner"
"https://reumlab.com/website/boheomdaerijeom/","industry_service","industry_service","앱·웹·AI 개발 파트너를 찾는 사업자와 실무자","OWNER_DATA_REQUIRED:GSC","OWNER_DATA_REQUIRED:GSC","OWNER_DATA_REQUIRED:GSC","OWNER_DATA_REQUIRED:GSC","OWNER_DATA_REQUIRED:BING","OWNER_DATA_REQUIRED:BING_AI_PERFORMANCE","OWNER_DATA_REQUIRED:NAVER","OWNER_DATA_REQUIRED:NAVER","OWNER_DATA_REQUIRED:GA4","OWNER_DATA_REQUIRED:GA4","OWNER_DATA_REQUIRED:GA4_NETLIFY","NOT_MEASURED","templated-review","exact-unique","NO_EXACT_H1_DUPLICATE; GSC_QUERY_DATA_REQUIRED","https://reumlab.com/app/academy/","INDEX / SELF_CANONICAL_STATIC_VERIFIED","MONITOR","템플릿 유사 가능성은 있으나 검색·전환 데이터 없이 삭제·통합하지 않음","P2-monitor","SEO owner"
"https://reumlab.com/website/boilreoeobche/","industry_service","industry_service","앱·웹·AI 개발 파트너를 찾는 사업자와 실무자","OWNER_DATA_REQUIRED:GSC","OWNER_DATA_REQUIRED:GSC","OWNER_DATA_REQUIRED:GSC","OWNER_DATA_REQUIRED:GSC","OWNER_DATA_REQUIRED:BING","OWNER_DATA_REQUIRED:BING_AI_PERFORMANCE","OWNER_DATA_REQUIRED:NAVER","OWNER_DATA_REQUIRED:NAVER","OWNER_DATA_REQUIRED:GA4","OWNER_DATA_REQUIRED:GA4","OWNER_DATA_REQUIRED:GA4_NETLIFY","NOT_MEASURED","templated-review","exact-unique","NO_EXACT_H1_DUPLICATE; GSC_QUERY_DATA_REQUIRED","https://reumlab.com/app/academy/","INDEX / SELF_CANONICAL_STATIC_VERIFIED","MONITOR","템플릿 유사 가능성은 있으나 검색·전환 데이터 없이 삭제·통합하지 않음","P2-monitor","SEO owner"
"https://reumlab.com/website/bolringjang/","industry_service","industry_service","앱·웹·AI 개발 파트너를 찾는 사업자와 실무자","OWNER_DATA_REQUIRED:GSC","OWNER_DATA_REQUIRED:GSC","OWNER_DATA_REQUIRED:GSC","OWNER_DATA_REQUIRED:GSC","OWNER_DATA_REQUIRED:BING","OWNER_DATA_REQUIRED:BING_AI_PERFORMANCE","OWNER_DATA_REQUIRED:NAVER","OWNER_DATA_REQUIRED:NAVER","OWNER_DATA_REQUIRED:GA4","OWNER_DATA_REQUIRED:GA4","OWNER_DATA_REQUIRED:GA4_NETLIFY","NOT_MEASURED","templated-review","exact-unique","NO_EXACT_H1_DUPLICATE; GSC_QUERY_DATA_REQUIRED","https://reumlab.com/app/academy/","INDEX / SELF_CANONICAL_STATIC_VERIFIED","MONITOR","템플릿 유사 가능성은 있으나 검색·전환 데이터 없이 삭제·통합하지 않음","P2-monitor","SEO owner"
"https://reumlab.com/website/budongsan/","industry_service","industry_service","앱·웹·AI 개발 파트너를 찾는 사업자와 실무자","OWNER_DATA_REQUIRED:GSC","OWNER_DATA_REQUIRED:GSC","OWNER_DATA_REQUIRED:GSC","OWNER_DATA_REQUIRED:GSC","OWNER_DATA_REQUIRED:BING","OWNER_DATA_REQUIRED:BING_AI_PERFORMANCE","OWNER_DATA_REQUIRED:NAVER","OWNER_DATA_REQUIRED:NAVER","OWNER_DATA_REQUIRED:GA4","OWNER_DATA_REQUIRED:GA4","OWNER_DATA_REQUIRED:GA4_NETLIFY","NOT_MEASURED","templated-review","exact-unique","NO_EXACT_H1_DUPLICATE; GSC_QUERY_DATA_REQUIRED","https://reumlab.com/app/academy/","INDEX / SELF_CANONICAL_STATIC_VERIFIED","MONITOR","템플릿 유사 가능성은 있으나 검색·전환 데이터 없이 삭제·통합하지 않음","P2-monitor","SEO owner"
"https://reumlab.com/website/budongsankeonseolting/","industry_service","industry_service","앱·웹·AI 개발 파트너를 찾는 사업자와 실무자","OWNER_DATA_REQUIRED:GSC","OWNER_DATA_REQUIRED:GSC","OWNER_DATA_REQUIRED:GSC","OWNER_DATA_REQUIRED:GSC","OWNER_DATA_REQUIRED:BING","OWNER_DATA_REQUIRED:BING_AI_PERFORMANCE","OWNER_DATA_REQUIRED:NAVER","OWNER_DATA_REQUIRED:NAVER","OWNER_DATA_REQUIRED:GA4","OWNER_DATA_REQUIRED:GA4","OWNER_DATA_REQUIRED:GA4_NETLIFY","NOT_MEASURED","templated-review","exact-unique","NO_EXACT_H1_DUPLICATE; GSC_QUERY_DATA_REQUIRED","https://reumlab.com/app/academy/","INDEX / SELF_CANONICAL_STATIC_VERIFIED","MONITOR","템플릿 유사 가능성은 있으나 검색·전환 데이터 없이 삭제·통합하지 않음","P2-monitor","SEO owner"
"https://reumlab.com/website/bunsigjib/","industry_service","industry_service","앱·웹·AI 개발 파트너를 찾는 사업자와 실무자","OWNER_DATA_REQUIRED:GSC","OWNER_DATA_REQUIRED:GSC","OWNER_DATA_REQUIRED:GSC","OWNER_DATA_REQUIRED:GSC","OWNER_DATA_REQUIRED:BING","OWNER_DATA_REQUIRED:BING_AI_PERFORMANCE","OWNER_DATA_REQUIRED:NAVER","OWNER_DATA_REQUIRED:NAVER","OWNER_DATA_REQUIRED:GA4","OWNER_DATA_REQUIRED:GA4","OWNER_DATA_REQUIRED:GA4_NETLIFY","NOT_MEASURED","templated-review","exact-unique","NO_EXACT_H1_DUPLICATE; GSC_QUERY_DATA_REQUIRED","https://reumlab.com/app/academy/","INDEX / SELF_CANONICAL_STATIC_VERIFIED","MONITOR","템플릿 유사 가능성은 있으나 검색·전환 데이터 없이 삭제·통합하지 않음","P2-monitor","SEO owner"
"https://reumlab.com/website/bunyangdaehaengsa/","industry_service","industry_service","앱·웹·AI 개발 파트너를 찾는 사업자와 실무자","OWNER_DATA_REQUIRED:GSC","OWNER_DATA_REQUIRED:GSC","OWNER_DATA_REQUIRED:GSC","OWNER_DATA_REQUIRED:GSC","OWNER_DATA_REQUIRED:BING","OWNER_DATA_REQUIRED:BING_AI_PERFORMANCE","OWNER_DATA_REQUIRED:NAVER","OWNER_DATA_REQUIRED:NAVER","OWNER_DATA_REQUIRED:GA4","OWNER_DATA_REQUIRED:GA4","OWNER_DATA_REQUIRED:GA4_NETLIFY","NOT_MEASURED","templated-review","exact-unique","NO_EXACT_H1_DUPLICATE; GSC_QUERY_DATA_REQUIRED","https://reumlab.com/app/academy/","INDEX / SELF_CANONICAL_STATIC_VERIFIED","MONITOR","템플릿 유사 가능성은 있으나 검색·전환 데이터 없이 삭제·통합하지 않음","P2-monitor","SEO owner"
"https://reumlab.com/website/byeongwon/","industry_service","industry_service","앱·웹·AI 개발 파트너를 찾는 사업자와 실무자","OWNER_DATA_REQUIRED:GSC","OWNER_DATA_REQUIRED:GSC","OWNER_DATA_REQUIRED:GSC","OWNER_DATA_REQUIRED:GSC","OWNER_DATA_REQUIRED:BING","OWNER_DATA_REQUIRED:BING_AI_PERFORMANCE","OWNER_DATA_REQUIRED:NAVER","OWNER_DATA_REQUIRED:NAVER","OWNER_DATA_REQUIRED:GA4","OWNER_DATA_REQUIRED:GA4","OWNER_DATA_REQUIRED:GA4_NETLIFY","NOT_MEASURED","templated-review","exact-unique","NO_EXACT_H1_DUPLICATE; GSC_QUERY_DATA_REQUIRED","https://reumlab.com/app/academy/","INDEX / SELF_CANONICAL_STATIC_VERIFIED","MONITOR","템플릿 유사 가능성은 있으나 검색·전환 데이터 없이 삭제·통합하지 않음","P2-monitor","SEO owner"
"https://reumlab.com/website/byeonhosa/","industry_service","industry_service","앱·웹·AI 개발 파트너를 찾는 사업자와 실무자","OWNER_DATA_REQUIRED:GSC","OWNER_DATA_REQUIRED:GSC","OWNER_DATA_REQUIRED:GSC","OWNER_DATA_REQUIRED:GSC","OWNER_DATA_REQUIRED:BING","OWNER_DATA_REQUIRED:BING_AI_PERFORMANCE","OWNER_DATA_REQUIRED:NAVER","OWNER_DATA_REQUIRED:NAVER","OWNER_DATA_REQUIRED:GA4","OWNER_DATA_REQUIRED:GA4","OWNER_DATA_REQUIRED:GA4_NETLIFY","NOT_MEASURED","templated-review","exact-unique","NO_EXACT_H1_DUPLICATE; GSC_QUERY_DATA_REQUIRED","https://reumlab.com/app/academy/","INDEX / SELF_CANONICAL_STATIC_VERIFIED","MONITOR","템플릿 유사 가능성은 있으나 검색·전환 데이터 없이 삭제·통합하지 않음","P2-monitor","SEO owner"
"https://reumlab.com/website/byeonrisa/","industry_service","industry_service","앱·웹·AI 개발 파트너를 찾는 사업자와 실무자","OWNER_DATA_REQUIRED:GSC","OWNER_DATA_REQUIRED:GSC","OWNER_DATA_REQUIRED:GSC","OWNER_DATA_REQUIRED:GSC","OWNER_DATA_REQUIRED:BING","OWNER_DATA_REQUIRED:BING_AI_PERFORMANCE","OWNER_DATA_REQUIRED:NAVER","OWNER_DATA_REQUIRED:NAVER","OWNER_DATA_REQUIRED:GA4","OWNER_DATA_REQUIRED:GA4","OWNER_DATA_REQUIRED:GA4_NETLIFY","NOT_MEASURED","templated-review","exact-unique","NO_EXACT_H1_DUPLICATE; GSC_QUERY_DATA_REQUIRED","https://reumlab.com/app/academy/","INDEX / SELF_CANONICAL_STATIC_VERIFIED","MONITOR","템플릿 유사 가능성은 있으나 검색·전환 데이터 없이 삭제·통합하지 않음","P2-monitor","SEO owner"
"https://reumlab.com/website/chaegwonchusimeobche/","industry_service","industry_service","앱·웹·AI 개발 파트너를 찾는 사업자와 실무자","OWNER_DATA_REQUIRED:GSC","OWNER_DATA_REQUIRED:GSC","OWNER_DATA_REQUIRED:GSC","OWNER_DATA_REQUIRED:GSC","OWNER_DATA_REQUIRED:BING","OWNER_DATA_REQUIRED:BING_AI_PERFORMANCE","OWNER_DATA_REQUIRED:NAVER","OWNER_DATA_REQUIRED:NAVER","OWNER_DATA_REQUIRED:GA4","OWNER_DATA_REQUIRED:GA4","OWNER_DATA_REQUIRED:GA4_NETLIFY","NOT_MEASURED","templated-review","exact-unique","NO_EXACT_H1_DUPLICATE; GSC_QUERY_DATA_REQUIRED","https://reumlab.com/app/academy/","INDEX / SELF_CANONICAL_STATIC_VERIFIED","MONITOR","템플릿 유사 가능성은 있으나 검색·전환 데이터 없이 삭제·통합하지 않음","P2-monitor","SEO owner"
"https://reumlab.com/website/changeobkeonseolting/","industry_service","industry_service","앱·웹·AI 개발 파트너를 찾는 사업자와 실무자","OWNER_DATA_REQUIRED:GSC","OWNER_DATA_REQUIRED:GSC","OWNER_DATA_REQUIRED:GSC","OWNER_DATA_REQUIRED:GSC","OWNER_DATA_REQUIRED:BING","OWNER_DATA_REQUIRED:BING_AI_PERFORMANCE","OWNER_DATA_REQUIRED:NAVER","OWNER_DATA_REQUIRED:NAVER","OWNER_DATA_REQUIRED:GA4","OWNER_DATA_REQUIRED:GA4","OWNER_DATA_REQUIRED:GA4_NETLIFY","NOT_MEASURED","templated-review","exact-unique","NO_EXACT_H1_DUPLICATE; GSC_QUERY_DATA_REQUIRED","https://reumlab.com/app/academy/","INDEX / SELF_CANONICAL_STATIC_VERIFIED","MONITOR","템플릿 유사 가능성은 있으나 검색·전환 데이터 없이 삭제·통합하지 않음","P2-monitor","SEO owner"
"https://reumlab.com/website/changhoeobche/","industry_service","industry_service","앱·웹·AI 개발 파트너를 찾는 사업자와 실무자","OWNER_DATA_REQUIRED:GSC","OWNER_DATA_REQUIRED:GSC","OWNER_DATA_REQUIRED:GSC","OWNER_DATA_REQUIRED:GSC","OWNER_DATA_REQUIRED:BING","OWNER_DATA_REQUIRED:BING_AI_PERFORMANCE","OWNER_DATA_REQUIRED:NAVER","OWNER_DATA_REQUIRED:NAVER","OWNER_DATA_REQUIRED:GA4","OWNER_DATA_REQUIRED:GA4","OWNER_DATA_REQUIRED:GA4_NETLIFY","NOT_MEASURED","templated-review","exact-unique","NO_EXACT_H1_DUPLICATE; GSC_QUERY_DATA_REQUIRED","https://reumlab.com/app/academy/","INDEX / SELF_CANONICAL_STATIC_VERIFIED","MONITOR","템플릿 유사 가능성은 있으나 검색·전환 데이터 없이 삭제·통합하지 않음","P2-monitor","SEO owner"
"https://reumlab.com/website/cheheommaeul/","industry_service","industry_service","앱·웹·AI 개발 파트너를 찾는 사업자와 실무자","OWNER_DATA_REQUIRED:GSC","OWNER_DATA_REQUIRED:GSC","OWNER_DATA_REQUIRED:GSC","OWNER_DATA_REQUIRED:GSC","OWNER_DATA_REQUIRED:BING","OWNER_DATA_REQUIRED:BING_AI_PERFORMANCE","OWNER_DATA_REQUIRED:NAVER","OWNER_DATA_REQUIRED:NAVER","OWNER_DATA_REQUIRED:GA4","OWNER_DATA_REQUIRED:GA4","OWNER_DATA_REQUIRED:GA4_NETLIFY","NOT_MEASURED","templated-review","exact-unique","NO_EXACT_H1_DUPLICATE; GSC_QUERY_DATA_REQUIRED","https://reumlab.com/app/academy/","INDEX / SELF_CANONICAL_STATIC_VERIFIED","MONITOR","템플릿 유사 가능성은 있으나 검색·전환 데이터 없이 삭제·통합하지 않음","P2-monitor","SEO owner"
"https://reumlab.com/website/cheolgeoeobche/","industry_service","industry_service","앱·웹·AI 개발 파트너를 찾는 사업자와 실무자","OWNER_DATA_REQUIRED:GSC","OWNER_DATA_REQUIRED:GSC","OWNER_DATA_REQUIRED:GSC","OWNER_DATA_REQUIRED:GSC","OWNER_DATA_REQUIRED:BING","OWNER_DATA_REQUIRED:BING_AI_PERFORMANCE","OWNER_DATA_REQUIRED:NAVER","OWNER_DATA_REQUIRED:NAVER","OWNER_DATA_REQUIRED:GA4","OWNER_DATA_REQUIRED:GA4","OWNER_DATA_REQUIRED:GA4_NETLIFY","NOT_MEASURED","templated-review","exact-unique","NO_EXACT_H1_DUPLICATE; GSC_QUERY_DATA_REQUIRED","https://reumlab.com/app/academy/","INDEX / SELF_CANONICAL_STATIC_VERIFIED","MONITOR","템플릿 유사 가능성은 있으나 검색·전환 데이터 없이 삭제·통합하지 않음","P2-monitor","SEO owner"
"https://reumlab.com/website/cheongcheobjangeobche/","industry_service","industry_service","앱·웹·AI 개발 파트너를 찾는 사업자와 실무자","OWNER_DATA_REQUIRED:GSC","OWNER_DATA_REQUIRED:GSC","OWNER_DATA_REQUIRED:GSC","OWNER_DATA_REQUIRED:GSC","OWNER_DATA_REQUIRED:BING","OWNER_DATA_REQUIRED:BING_AI_PERFORMANCE","OWNER_DATA_REQUIRED:NAVER","OWNER_DATA_REQUIRED:NAVER","OWNER_DATA_REQUIRED:GA4","OWNER_DATA_REQUIRED:GA4","OWNER_DATA_REQUIRED:GA4_NETLIFY","NOT_MEASURED","templated-review","exact-unique","NO_EXACT_H1_DUPLICATE; GSC_QUERY_DATA_REQUIRED","https://reumlab.com/app/academy/","INDEX / SELF_CANONICAL_STATIC_VERIFIED","MONITOR","템플릿 유사 가능성은 있으나 검색·전환 데이터 없이 삭제·통합하지 않음","P2-monitor","SEO owner"
"https://reumlab.com/website/cheongsoeobche/","industry_service","industry_service","앱·웹·AI 개발 파트너를 찾는 사업자와 실무자","OWNER_DATA_REQUIRED:GSC","OWNER_DATA_REQUIRED:GSC","OWNER_DATA_REQUIRED:GSC","OWNER_DATA_REQUIRED:GSC","OWNER_DATA_REQUIRED:BING","OWNER_DATA_REQUIRED:BING_AI_PERFORMANCE","OWNER_DATA_REQUIRED:NAVER","OWNER_DATA_REQUIRED:NAVER","OWNER_DATA_REQUIRED:GA4","OWNER_DATA_REQUIRED:GA4","OWNER_DATA_REQUIRED:GA4_NETLIFY","NOT_MEASURED","templated-review","exact-unique","NO_EXACT_H1_DUPLICATE; GSC_QUERY_DATA_REQUIRED","https://reumlab.com/app/academy/","INDEX / SELF_CANONICAL_STATIC_VERIFIED","MONITOR","템플릿 유사 가능성은 있으나 검색·전환 데이터 없이 삭제·통합하지 않음","P2-monitor","SEO owner"
"https://reumlab.com/website/cheongsonyeonsangdamsenteo/","industry_service","industry_service","앱·웹·AI 개발 파트너를 찾는 사업자와 실무자","OWNER_DATA_REQUIRED:GSC","OWNER_DATA_REQUIRED:GSC","OWNER_DATA_REQUIRED:GSC","OWNER_DATA_REQUIRED:GSC","OWNER_DATA_REQUIRED:BING","OWNER_DATA_REQUIRED:BING_AI_PERFORMANCE","OWNER_DATA_REQUIRED:NAVER","OWNER_DATA_REQUIRED:NAVER","OWNER_DATA_REQUIRED:GA4","OWNER_DATA_REQUIRED:GA4","OWNER_DATA_REQUIRED:GA4_NETLIFY","NOT_MEASURED","templated-review","exact-unique","NO_EXACT_H1_DUPLICATE; GSC_QUERY_DATA_REQUIRED","https://reumlab.com/app/academy/","INDEX / SELF_CANONICAL_STATIC_VERIFIED","MONITOR","템플릿 유사 가능성은 있으나 검색·전환 데이터 없이 삭제·통합하지 않음","P2-monitor","SEO owner"
"https://reumlab.com/website/chigwa/","industry_service","industry_service","앱·웹·AI 개발 파트너를 찾는 사업자와 실무자","OWNER_DATA_REQUIRED:GSC","OWNER_DATA_REQUIRED:GSC","OWNER_DATA_REQUIRED:GSC","OWNER_DATA_REQUIRED:GSC","OWNER_DATA_REQUIRED:BING","OWNER_DATA_REQUIRED:BING_AI_PERFORMANCE","OWNER_DATA_REQUIRED:NAVER","OWNER_DATA_REQUIRED:NAVER","OWNER_DATA_REQUIRED:GA4","OWNER_DATA_REQUIRED:GA4","OWNER_DATA_REQUIRED:GA4_NETLIFY","NOT_MEASURED","templated-review","exact-unique","NO_EXACT_H1_DUPLICATE; GSC_QUERY_DATA_REQUIRED","https://reumlab.com/app/academy/","INDEX / SELF_CANONICAL_STATIC_VERIFIED","MONITOR","템플릿 유사 가능성은 있으나 검색·전환 데이터 없이 삭제·통합하지 않음","P2-monitor","SEO owner"
"https://reumlab.com/website/chikinjib/","industry_service","industry_service","앱·웹·AI 개발 파트너를 찾는 사업자와 실무자","OWNER_DATA_REQUIRED:GSC","OWNER_DATA_REQUIRED:GSC","OWNER_DATA_REQUIRED:GSC","OWNER_DATA_REQUIRED:GSC","OWNER_DATA_REQUIRED:BING","OWNER_DATA_REQUIRED:BING_AI_PERFORMANCE","OWNER_DATA_REQUIRED:NAVER","OWNER_DATA_REQUIRED:NAVER","OWNER_DATA_REQUIRED:GA4","OWNER_DATA_REQUIRED:GA4","OWNER_DATA_REQUIRED:GA4_NETLIFY","NOT_MEASURED","templated-review","exact-unique","NO_EXACT_H1_DUPLICATE; GSC_QUERY_DATA_REQUIRED","https://reumlab.com/app/academy/","INDEX / SELF_CANONICAL_STATIC_VERIFIED","MONITOR","템플릿 유사 가능성은 있으나 검색·전환 데이터 없이 삭제·통합하지 않음","P2-monitor","SEO owner"
"https://reumlab.com/website/chuljangbwipe/","industry_service","industry_service","앱·웹·AI 개발 파트너를 찾는 사업자와 실무자","OWNER_DATA_REQUIRED:GSC","OWNER_DATA_REQUIRED:GSC","OWNER_DATA_REQUIRED:GSC","OWNER_DATA_REQUIRED:GSC","OWNER_DATA_REQUIRED:BING","OWNER_DATA_REQUIRED:BING_AI_PERFORMANCE","OWNER_DATA_REQUIRED:NAVER","OWNER_DATA_REQUIRED:NAVER","OWNER_DATA_REQUIRED:GA4","OWNER_DATA_REQUIRED:GA4","OWNER_DATA_REQUIRED:GA4_NETLIFY","NOT_MEASURED","templated-review","exact-unique","NO_EXACT_H1_DUPLICATE; GSC_QUERY_DATA_REQUIRED","https://reumlab.com/app/academy/","INDEX / SELF_CANONICAL_STATIC_VERIFIED","MONITOR","템플릿 유사 가능성은 있으나 검색·전환 데이터 없이 삭제·통합하지 않음","P2-monitor","SEO owner"
"https://reumlab.com/website/chulpansa/","industry_service","industry_service","앱·웹·AI 개발 파트너를 찾는 사업자와 실무자","OWNER_DATA_REQUIRED:GSC","OWNER_DATA_REQUIRED:GSC","OWNER_DATA_REQUIRED:GSC","OWNER_DATA_REQUIRED:GSC","OWNER_DATA_REQUIRED:BING","OWNER_DATA_REQUIRED:BING_AI_PERFORMANCE","OWNER_DATA_REQUIRED:NAVER","OWNER_DATA_REQUIRED:NAVER","OWNER_DATA_REQUIRED:GA4","OWNER_DATA_REQUIRED:GA4","OWNER_DATA_REQUIRED:GA4_NETLIFY","NOT_MEASURED","templated-review","exact-unique","NO_EXACT_H1_DUPLICATE; GSC_QUERY_DATA_REQUIRED","https://reumlab.com/app/academy/","INDEX / SELF_CANONICAL_STATIC_VERIFIED","MONITOR","템플릿 유사 가능성은 있으나 검색·전환 데이터 없이 삭제·통합하지 않음","P2-monitor","SEO owner"
"https://reumlab.com/website/dabryepumeobche/","industry_service","industry_service","앱·웹·AI 개발 파트너를 찾는 사업자와 실무자","OWNER_DATA_REQUIRED:GSC","OWNER_DATA_REQUIRED:GSC","OWNER_DATA_REQUIRED:GSC","OWNER_DATA_REQUIRED:GSC","OWNER_DATA_REQUIRED:BING","OWNER_DATA_REQUIRED:BING_AI_PERFORMANCE","OWNER_DATA_REQUIRED:NAVER","OWNER_DATA_REQUIRED:NAVER","OWNER_DATA_REQUIRED:GA4","OWNER_DATA_REQUIRED:GA4","OWNER_DATA_REQUIRED:GA4_NETLIFY","NOT_MEASURED","templated-review","exact-unique","NO_EXACT_H1_DUPLICATE; GSC_QUERY_DATA_REQUIRED","https://reumlab.com/app/academy/","INDEX / SELF_CANONICAL_STATIC_VERIFIED","MONITOR","템플릿 유사 가능성은 있으나 검색·전환 데이터 없이 삭제·통합하지 않음","P2-monitor","SEO owner"
"https://reumlab.com/website/danggujang/","industry_service","industry_service","앱·웹·AI 개발 파트너를 찾는 사업자와 실무자","OWNER_DATA_REQUIRED:GSC","OWNER_DATA_REQUIRED:GSC","OWNER_DATA_REQUIRED:GSC","OWNER_DATA_REQUIRED:GSC","OWNER_DATA_REQUIRED:BING","OWNER_DATA_REQUIRED:BING_AI_PERFORMANCE","OWNER_DATA_REQUIRED:NAVER","OWNER_DATA_REQUIRED:NAVER","OWNER_DATA_REQUIRED:GA4","OWNER_DATA_REQUIRED:GA4","OWNER_DATA_REQUIRED:GA4_NETLIFY","NOT_MEASURED","templated-review","exact-unique","NO_EXACT_H1_DUPLICATE; GSC_QUERY_DATA_REQUIRED","https://reumlab.com/app/academy/","INDEX / SELF_CANONICAL_STATIC_VERIFIED","MONITOR","템플릿 유사 가능성은 있으나 검색·전환 데이터 없이 삭제·통합하지 않음","P2-monitor","SEO owner"
"https://reumlab.com/website/deiteoboggueobche/","industry_service","industry_service","앱·웹·AI 개발 파트너를 찾는 사업자와 실무자","OWNER_DATA_REQUIRED:GSC","OWNER_DATA_REQUIRED:GSC","OWNER_DATA_REQUIRED:GSC","OWNER_DATA_REQUIRED:GSC","OWNER_DATA_REQUIRED:BING","OWNER_DATA_REQUIRED:BING_AI_PERFORMANCE","OWNER_DATA_REQUIRED:NAVER","OWNER_DATA_REQUIRED:NAVER","OWNER_DATA_REQUIRED:GA4","OWNER_DATA_REQUIRED:GA4","OWNER_DATA_REQUIRED:GA4_NETLIFY","NOT_MEASURED","templated-review","exact-unique","NO_EXACT_H1_DUPLICATE; GSC_QUERY_DATA_REQUIRED","https://reumlab.com/app/academy/","INDEX / SELF_CANONICAL_STATIC_VERIFIED","MONITOR","템플릿 유사 가능성은 있으나 검색·전환 데이터 없이 삭제·통합하지 않음","P2-monitor","SEO owner"
"https://reumlab.com/website/deuronchwalyeongeobche/","industry_service","industry_service","앱·웹·AI 개발 파트너를 찾는 사업자와 실무자","OWNER_DATA_REQUIRED:GSC","OWNER_DATA_REQUIRED:GSC","OWNER_DATA_REQUIRED:GSC","OWNER_DATA_REQUIRED:GSC","OWNER_DATA_REQUIRED:BING","OWNER_DATA_REQUIRED:BING_AI_PERFORMANCE","OWNER_DATA_REQUIRED:NAVER","OWNER_DATA_REQUIRED:NAVER","OWNER_DATA_REQUIRED:GA4","OWNER_DATA_REQUIRED:GA4","OWNER_DATA_REQUIRED:GA4_NETLIFY","NOT_MEASURED","templated-review","exact-unique","NO_EXACT_H1_DUPLICATE; GSC_QUERY_DATA_REQUIRED","https://reumlab.com/app/academy/","INDEX / SELF_CANONICAL_STATIC_VERIFIED","MONITOR","템플릿 유사 가능성은 있으나 검색·전환 데이터 없이 삭제·통합하지 않음","P2-monitor","SEO owner"
"https://reumlab.com/website/dijainhoesa/","industry_service","industry_service","앱·웹·AI 개발 파트너를 찾는 사업자와 실무자","OWNER_DATA_REQUIRED:GSC","OWNER_DATA_REQUIRED:GSC","OWNER_DATA_REQUIRED:GSC","OWNER_DATA_REQUIRED:GSC","OWNER_DATA_REQUIRED:BING","OWNER_DATA_REQUIRED:BING_AI_PERFORMANCE","OWNER_DATA_REQUIRED:NAVER","OWNER_DATA_REQUIRED:NAVER","OWNER_DATA_REQUIRED:GA4","OWNER_DATA_REQUIRED:GA4","OWNER_DATA_REQUIRED:GA4_NETLIFY","NOT_MEASURED","templated-review","exact-unique","NO_EXACT_H1_DUPLICATE; GSC_QUERY_DATA_REQUIRED","https://reumlab.com/app/academy/","INDEX / SELF_CANONICAL_STATIC_VERIFIED","MONITOR","템플릿 유사 가능성은 있으나 검색·전환 데이터 없이 삭제·통합하지 않음","P2-monitor","SEO owner"
"https://reumlab.com/website/dobaeeobche/","industry_service","industry_service","앱·웹·AI 개발 파트너를 찾는 사업자와 실무자","OWNER_DATA_REQUIRED:GSC","OWNER_DATA_REQUIRED:GSC","OWNER_DATA_REQUIRED:GSC","OWNER_DATA_REQUIRED:GSC","OWNER_DATA_REQUIRED:BING","OWNER_DATA_REQUIRED:BING_AI_PERFORMANCE","OWNER_DATA_REQUIRED:NAVER","OWNER_DATA_REQUIRED:NAVER","OWNER_DATA_REQUIRED:GA4","OWNER_DATA_REQUIRED:GA4","OWNER_DATA_REQUIRED:GA4_NETLIFY","NOT_MEASURED","templated-review","exact-unique","NO_EXACT_H1_DUPLICATE; GSC_QUERY_DATA_REQUIRED","https://reumlab.com/app/academy/","INDEX / SELF_CANONICAL_STATIC_VERIFIED","MONITOR","템플릿 유사 가능성은 있으나 검색·전환 데이터 없이 삭제·통합하지 않음","P2-monitor","SEO owner"
"https://reumlab.com/website/doeorageobche/","industry_service","industry_service","앱·웹·AI 개발 파트너를 찾는 사업자와 실무자","OWNER_DATA_REQUIRED:GSC","OWNER_DATA_REQUIRED:GSC","OWNER_DATA_REQUIRED:GSC","OWNER_DATA_REQUIRED:GSC","OWNER_DATA_REQUIRED:BING","OWNER_DATA_REQUIRED:BING_AI_PERFORMANCE","OWNER_DATA_REQUIRED:NAVER","OWNER_DATA_REQUIRED:NAVER","OWNER_DATA_REQUIRED:GA4","OWNER_DATA_REQUIRED:GA4","OWNER_DATA_REQUIRED:GA4_NETLIFY","NOT_MEASURED","templated-review","exact-unique","NO_EXACT_H1_DUPLICATE; GSC_QUERY_DATA_REQUIRED","https://reumlab.com/app/academy/","INDEX / SELF_CANONICAL_STATIC_VERIFIED","MONITOR","템플릿 유사 가능성은 있으나 검색·전환 데이터 없이 삭제·통합하지 않음","P2-monitor","SEO owner"
"https://reumlab.com/website/dogseosil/","industry_service","industry_service","앱·웹·AI 개발 파트너를 찾는 사업자와 실무자","OWNER_DATA_REQUIRED:GSC","OWNER_DATA_REQUIRED:GSC","OWNER_DATA_REQUIRED:GSC","OWNER_DATA_REQUIRED:GSC","OWNER_DATA_REQUIRED:BING","OWNER_DATA_REQUIRED:BING_AI_PERFORMANCE","OWNER_DATA_REQUIRED:NAVER","OWNER_DATA_REQUIRED:NAVER","OWNER_DATA_REQUIRED:GA4","OWNER_DATA_REQUIRED:GA4","OWNER_DATA_REQUIRED:GA4_NETLIFY","NOT_MEASURED","templated-review","exact-unique","NO_EXACT_H1_DUPLICATE; GSC_QUERY_DATA_REQUIRED","https://reumlab.com/app/academy/","INDEX / SELF_CANONICAL_STATIC_VERIFIED","MONITOR","템플릿 유사 가능성은 있으나 검색·전환 데이터 없이 삭제·통합하지 않음","P2-monitor","SEO owner"
"https://reumlab.com/website/doljanchieobche/","industry_service","industry_service","앱·웹·AI 개발 파트너를 찾는 사업자와 실무자","OWNER_DATA_REQUIRED:GSC","OWNER_DATA_REQUIRED:GSC","OWNER_DATA_REQUIRED:GSC","OWNER_DATA_REQUIRED:GSC","OWNER_DATA_REQUIRED:BING","OWNER_DATA_REQUIRED:BING_AI_PERFORMANCE","OWNER_DATA_REQUIRED:NAVER","OWNER_DATA_REQUIRED:NAVER","OWNER_DATA_REQUIRED:GA4","OWNER_DATA_REQUIRED:GA4","OWNER_DATA_REQUIRED:GA4_NETLIFY","NOT_MEASURED","templated-review","exact-unique","NO_EXACT_H1_DUPLICATE; GSC_QUERY_DATA_REQUIRED","https://reumlab.com/app/academy/","INDEX / SELF_CANONICAL_STATIC_VERIFIED","MONITOR","템플릿 유사 가능성은 있으나 검색·전환 데이터 없이 삭제·통합하지 않음","P2-monitor","SEO owner"
"https://reumlab.com/website/domaeeob/","industry_service","industry_service","앱·웹·AI 개발 파트너를 찾는 사업자와 실무자","OWNER_DATA_REQUIRED:GSC","OWNER_DATA_REQUIRED:GSC","OWNER_DATA_REQUIRED:GSC","OWNER_DATA_REQUIRED:GSC","OWNER_DATA_REQUIRED:BING","OWNER_DATA_REQUIRED:BING_AI_PERFORMANCE","OWNER_DATA_REQUIRED:NAVER","OWNER_DATA_REQUIRED:NAVER","OWNER_DATA_REQUIRED:GA4","OWNER_DATA_REQUIRED:GA4","OWNER_DATA_REQUIRED:GA4_NETLIFY","NOT_MEASURED","templated-review","exact-unique","NO_EXACT_H1_DUPLICATE; GSC_QUERY_DATA_REQUIRED","https://reumlab.com/app/academy/","INDEX / SELF_CANONICAL_STATIC_VERIFIED","MONITOR","템플릿 유사 가능성은 있으나 검색·전환 데이터 없이 삭제·통합하지 않음","P2-monitor","SEO owner"
"https://reumlab.com/website/dongmulbyeongwon/","industry_service","industry_service","앱·웹·AI 개발 파트너를 찾는 사업자와 실무자","OWNER_DATA_REQUIRED:GSC","OWNER_DATA_REQUIRED:GSC","OWNER_DATA_REQUIRED:GSC","OWNER_DATA_REQUIRED:GSC","OWNER_DATA_REQUIRED:BING","OWNER_DATA_REQUIRED:BING_AI_PERFORMANCE","OWNER_DATA_REQUIRED:NAVER","OWNER_DATA_REQUIRED:NAVER","OWNER_DATA_REQUIRED:GA4","OWNER_DATA_REQUIRED:GA4","OWNER_DATA_REQUIRED:GA4_NETLIFY","NOT_MEASURED","templated-review","exact-unique","NO_EXACT_H1_DUPLICATE; GSC_QUERY_DATA_REQUIRED","https://reumlab.com/app/academy/","INDEX / SELF_CANONICAL_STATIC_VERIFIED","MONITOR","템플릿 유사 가능성은 있으나 검색·전환 데이터 없이 삭제·통합하지 않음","P2-monitor","SEO owner"
"https://reumlab.com/website/dosirageobche/","industry_service","industry_service","앱·웹·AI 개발 파트너를 찾는 사업자와 실무자","OWNER_DATA_REQUIRED:GSC","OWNER_DATA_REQUIRED:GSC","OWNER_DATA_REQUIRED:GSC","OWNER_DATA_REQUIRED:GSC","OWNER_DATA_REQUIRED:BING","OWNER_DATA_REQUIRED:BING_AI_PERFORMANCE","OWNER_DATA_REQUIRED:NAVER","OWNER_DATA_REQUIRED:NAVER","OWNER_DATA_REQUIRED:GA4","OWNER_DATA_REQUIRED:GA4","OWNER_DATA_REQUIRED:GA4_NETLIFY","NOT_MEASURED","templated-review","exact-unique","NO_EXACT_H1_DUPLICATE; GSC_QUERY_DATA_REQUIRED","https://reumlab.com/app/academy/","INDEX / SELF_CANONICAL_STATIC_VERIFIED","MONITOR","템플릿 유사 가능성은 있으나 검색·전환 데이터 없이 삭제·통합하지 않음","P2-monitor","SEO owner"
"https://reumlab.com/website/dupigwanrisenteo/","industry_service","industry_service","앱·웹·AI 개발 파트너를 찾는 사업자와 실무자","OWNER_DATA_REQUIRED:GSC","OWNER_DATA_REQUIRED:GSC","OWNER_DATA_REQUIRED:GSC","OWNER_DATA_REQUIRED:GSC","OWNER_DATA_REQUIRED:BING","OWNER_DATA_REQUIRED:BING_AI_PERFORMANCE","OWNER_DATA_REQUIRED:NAVER","OWNER_DATA_REQUIRED:NAVER","OWNER_DATA_REQUIRED:GA4","OWNER_DATA_REQUIRED:GA4","OWNER_DATA_REQUIRED:GA4_NETLIFY","NOT_MEASURED","templated-review","exact-unique","NO_EXACT_H1_DUPLICATE; GSC_QUERY_DATA_REQUIRED","https://reumlab.com/app/academy/","INDEX / SELF_CANONICAL_STATIC_VERIFIED","MONITOR","템플릿 유사 가능성은 있으나 검색·전환 데이터 없이 삭제·통합하지 않음","P2-monitor","SEO owner"
"https://reumlab.com/website/eeokeoneobche/","industry_service","industry_service","앱·웹·AI 개발 파트너를 찾는 사업자와 실무자","OWNER_DATA_REQUIRED:GSC","OWNER_DATA_REQUIRED:GSC","OWNER_DATA_REQUIRED:GSC","OWNER_DATA_REQUIRED:GSC","OWNER_DATA_REQUIRED:BING","OWNER_DATA_REQUIRED:BING_AI_PERFORMANCE","OWNER_DATA_REQUIRED:NAVER","OWNER_DATA_REQUIRED:NAVER","OWNER_DATA_REQUIRED:GA4","OWNER_DATA_REQUIRED:GA4","OWNER_DATA_REQUIRED:GA4_NETLIFY","NOT_MEASURED","templated-review","exact-unique","NO_EXACT_H1_DUPLICATE; GSC_QUERY_DATA_REQUIRED","https://reumlab.com/app/academy/","INDEX / SELF_CANONICAL_STATIC_VERIFIED","MONITOR","템플릿 유사 가능성은 있으나 검색·전환 데이터 없이 삭제·통합하지 않음","P2-monitor","SEO owner"
"https://reumlab.com/website/eoneochiryosenteo/","industry_service","industry_service","앱·웹·AI 개발 파트너를 찾는 사업자와 실무자","OWNER_DATA_REQUIRED:GSC","OWNER_DATA_REQUIRED:GSC","OWNER_DATA_REQUIRED:GSC","OWNER_DATA_REQUIRED:GSC","OWNER_DATA_REQUIRED:BING","OWNER_DATA_REQUIRED:BING_AI_PERFORMANCE","OWNER_DATA_REQUIRED:NAVER","OWNER_DATA_REQUIRED:NAVER","OWNER_DATA_REQUIRED:GA4","OWNER_DATA_REQUIRED:GA4","OWNER_DATA_REQUIRED:GA4_NETLIFY","NOT_MEASURED","templated-review","exact-unique","NO_EXACT_H1_DUPLICATE; GSC_QUERY_DATA_REQUIRED","https://reumlab.com/app/academy/","INDEX / SELF_CANONICAL_STATIC_VERIFIED","MONITOR","템플릿 유사 가능성은 있으나 검색·전환 데이터 없이 삭제·통합하지 않음","P2-monitor","SEO owner"
"https://reumlab.com/website/eonronsa/","industry_service","industry_service","앱·웹·AI 개발 파트너를 찾는 사업자와 실무자","OWNER_DATA_REQUIRED:GSC","OWNER_DATA_REQUIRED:GSC","OWNER_DATA_REQUIRED:GSC","OWNER_DATA_REQUIRED:GSC","OWNER_DATA_REQUIRED:BING","OWNER_DATA_REQUIRED:BING_AI_PERFORMANCE","OWNER_DATA_REQUIRED:NAVER","OWNER_DATA_REQUIRED:NAVER","OWNER_DATA_REQUIRED:GA4","OWNER_DATA_REQUIRED:GA4","OWNER_DATA_REQUIRED:GA4_NETLIFY","NOT_MEASURED","templated-review","exact-unique","NO_EXACT_H1_DUPLICATE; GSC_QUERY_DATA_REQUIRED","https://reumlab.com/app/academy/","INDEX / SELF_CANONICAL_STATIC_VERIFIED","MONITOR","템플릿 유사 가능성은 있으나 검색·전환 데이터 없이 삭제·통합하지 않음","P2-monitor","SEO owner"
"https://reumlab.com/website/eorinijib/","industry_service","industry_service","앱·웹·AI 개발 파트너를 찾는 사업자와 실무자","OWNER_DATA_REQUIRED:GSC","OWNER_DATA_REQUIRED:GSC","OWNER_DATA_REQUIRED:GSC","OWNER_DATA_REQUIRED:GSC","OWNER_DATA_REQUIRED:BING","OWNER_DATA_REQUIRED:BING_AI_PERFORMANCE","OWNER_DATA_REQUIRED:NAVER","OWNER_DATA_REQUIRED:NAVER","OWNER_DATA_REQUIRED:GA4","OWNER_DATA_REQUIRED:GA4","OWNER_DATA_REQUIRED:GA4_NETLIFY","NOT_MEASURED","templated-review","exact-unique","NO_EXACT_H1_DUPLICATE; GSC_QUERY_DATA_REQUIRED","https://reumlab.com/app/academy/","INDEX / SELF_CANONICAL_STATIC_VERIFIED","MONITOR","템플릿 유사 가능성은 있으나 검색·전환 데이터 없이 삭제·통합하지 않음","P2-monitor","SEO owner"
"https://reumlab.com/website/eseutetig/","industry_service","industry_service","앱·웹·AI 개발 파트너를 찾는 사업자와 실무자","OWNER_DATA_REQUIRED:GSC","OWNER_DATA_REQUIRED:GSC","OWNER_DATA_REQUIRED:GSC","OWNER_DATA_REQUIRED:GSC","OWNER_DATA_REQUIRED:BING","OWNER_DATA_REQUIRED:BING_AI_PERFORMANCE","OWNER_DATA_REQUIRED:NAVER","OWNER_DATA_REQUIRED:NAVER","OWNER_DATA_REQUIRED:GA4","OWNER_DATA_REQUIRED:GA4","OWNER_DATA_REQUIRED:GA4_NETLIFY","NOT_MEASURED","templated-review","exact-unique","NO_EXACT_H1_DUPLICATE; GSC_QUERY_DATA_REQUIRED","https://reumlab.com/app/academy/","INDEX / SELF_CANONICAL_STATIC_VERIFIED","MONITOR","템플릿 유사 가능성은 있으나 검색·전환 데이터 없이 삭제·통합하지 않음","P2-monitor","SEO owner"
"https://reumlab.com/website/eumaghagwon/","industry_service","industry_service","앱·웹·AI 개발 파트너를 찾는 사업자와 실무자","OWNER_DATA_REQUIRED:GSC","OWNER_DATA_REQUIRED:GSC","OWNER_DATA_REQUIRED:GSC","OWNER_DATA_REQUIRED:GSC","OWNER_DATA_REQUIRED:BING","OWNER_DATA_REQUIRED:BING_AI_PERFORMANCE","OWNER_DATA_REQUIRED:NAVER","OWNER_DATA_REQUIRED:NAVER","OWNER_DATA_REQUIRED:GA4","OWNER_DATA_REQUIRED:GA4","OWNER_DATA_REQUIRED:GA4_NETLIFY","NOT_MEASURED","templated-review","exact-unique","NO_EXACT_H1_DUPLICATE; GSC_QUERY_DATA_REQUIRED","https://reumlab.com/app/academy/","INDEX / SELF_CANONICAL_STATIC_VERIFIED","MONITOR","템플릿 유사 가능성은 있으나 검색·전환 데이터 없이 삭제·통합하지 않음","P2-monitor","SEO owner"
"https://reumlab.com/website/eumhyangeobche/","industry_service","industry_service","앱·웹·AI 개발 파트너를 찾는 사업자와 실무자","OWNER_DATA_REQUIRED:GSC","OWNER_DATA_REQUIRED:GSC","OWNER_DATA_REQUIRED:GSC","OWNER_DATA_REQUIRED:GSC","OWNER_DATA_REQUIRED:BING","OWNER_DATA_REQUIRED:BING_AI_PERFORMANCE","OWNER_DATA_REQUIRED:NAVER","OWNER_DATA_REQUIRED:NAVER","OWNER_DATA_REQUIRED:GA4","OWNER_DATA_REQUIRED:GA4","OWNER_DATA_REQUIRED:GA4_NETLIFY","NOT_MEASURED","templated-review","exact-unique","NO_EXACT_H1_DUPLICATE; GSC_QUERY_DATA_REQUIRED","https://reumlab.com/app/academy/","INDEX / SELF_CANONICAL_STATIC_VERIFIED","MONITOR","템플릿 유사 가능성은 있으나 검색·전환 데이터 없이 삭제·통합하지 않음","P2-monitor","SEO owner"
"https://reumlab.com/website/gabangmaejang/","industry_service","industry_service","앱·웹·AI 개발 파트너를 찾는 사업자와 실무자","OWNER_DATA_REQUIRED:GSC","OWNER_DATA_REQUIRED:GSC","OWNER_DATA_REQUIRED:GSC","OWNER_DATA_REQUIRED:GSC","OWNER_DATA_REQUIRED:BING","OWNER_DATA_REQUIRED:BING_AI_PERFORMANCE","OWNER_DATA_REQUIRED:NAVER","OWNER_DATA_REQUIRED:NAVER","OWNER_DATA_REQUIRED:GA4","OWNER_DATA_REQUIRED:GA4","OWNER_DATA_REQUIRED:GA4_NETLIFY","NOT_MEASURED","templated-review","exact-unique","NO_EXACT_H1_DUPLICATE; GSC_QUERY_DATA_REQUIRED","https://reumlab.com/app/academy/","INDEX / SELF_CANONICAL_STATIC_VERIFIED","MONITOR","템플릿 유사 가능성은 있으나 검색·전환 데이터 없이 삭제·통합하지 않음","P2-monitor","SEO owner"
"https://reumlab.com/website/gagujeom/","industry_service","industry_service","앱·웹·AI 개발 파트너를 찾는 사업자와 실무자","OWNER_DATA_REQUIRED:GSC","OWNER_DATA_REQUIRED:GSC","OWNER_DATA_REQUIRED:GSC","OWNER_DATA_REQUIRED:GSC","OWNER_DATA_REQUIRED:BING","OWNER_DATA_REQUIRED:BING_AI_PERFORMANCE","OWNER_DATA_REQUIRED:NAVER","OWNER_DATA_REQUIRED:NAVER","OWNER_DATA_REQUIRED:GA4","OWNER_DATA_REQUIRED:GA4","OWNER_DATA_REQUIRED:GA4_NETLIFY","NOT_MEASURED","templated-review","exact-unique","NO_EXACT_H1_DUPLICATE; GSC_QUERY_DATA_REQUIRED","https://reumlab.com/app/academy/","INDEX / SELF_CANONICAL_STATIC_VERIFIED","MONITOR","템플릿 유사 가능성은 있으나 검색·전환 데이터 없이 삭제·통합하지 않음","P2-monitor","SEO owner"
"https://reumlab.com/website/gajeongsangdamso/","industry_service","industry_service","앱·웹·AI 개발 파트너를 찾는 사업자와 실무자","OWNER_DATA_REQUIRED:GSC","OWNER_DATA_REQUIRED:GSC","OWNER_DATA_REQUIRED:GSC","OWNER_DATA_REQUIRED:GSC","OWNER_DATA_REQUIRED:BING","OWNER_DATA_REQUIRED:BING_AI_PERFORMANCE","OWNER_DATA_REQUIRED:NAVER","OWNER_DATA_REQUIRED:NAVER","OWNER_DATA_REQUIRED:GA4","OWNER_DATA_REQUIRED:GA4","OWNER_DATA_REQUIRED:GA4_NETLIFY","NOT_MEASURED","templated-review","exact-unique","NO_EXACT_H1_DUPLICATE; GSC_QUERY_DATA_REQUIRED","https://reumlab.com/app/academy/","INDEX / SELF_CANONICAL_STATIC_VERIFIED","MONITOR","템플릿 유사 가능성은 있으나 검색·전환 데이터 없이 삭제·통합하지 않음","P2-monitor","SEO owner"
"https://reumlab.com/website/gamjeongpyeonggasa/","industry_service","industry_service","앱·웹·AI 개발 파트너를 찾는 사업자와 실무자","OWNER_DATA_REQUIRED:GSC","OWNER_DATA_REQUIRED:GSC","OWNER_DATA_REQUIRED:GSC","OWNER_DATA_REQUIRED:GSC","OWNER_DATA_REQUIRED:BING","OWNER_DATA_REQUIRED:BING_AI_PERFORMANCE","OWNER_DATA_REQUIRED:NAVER","OWNER_DATA_REQUIRED:NAVER","OWNER_DATA_REQUIRED:GA4","OWNER_DATA_REQUIRED:GA4","OWNER_DATA_REQUIRED:GA4_NETLIFY","NOT_MEASURED","templated-review","exact-unique","NO_EXACT_H1_DUPLICATE; GSC_QUERY_DATA_REQUIRED","https://reumlab.com/app/academy/","INDEX / SELF_CANONICAL_STATIC_VERIFIED","MONITOR","템플릿 유사 가능성은 있으나 검색·전환 데이터 없이 삭제·통합하지 않음","P2-monitor","SEO owner"
"https://reumlab.com/website/ganbyeongin/","industry_service","industry_service","앱·웹·AI 개발 파트너를 찾는 사업자와 실무자","OWNER_DATA_REQUIRED:GSC","OWNER_DATA_REQUIRED:GSC","OWNER_DATA_REQUIRED:GSC","OWNER_DATA_REQUIRED:GSC","OWNER_DATA_REQUIRED:BING","OWNER_DATA_REQUIRED:BING_AI_PERFORMANCE","OWNER_DATA_REQUIRED:NAVER","OWNER_DATA_REQUIRED:NAVER","OWNER_DATA_REQUIRED:GA4","OWNER_DATA_REQUIRED:GA4","OWNER_DATA_REQUIRED:GA4_NETLIFY","NOT_MEASURED","templated-review","exact-unique","NO_EXACT_H1_DUPLICATE; GSC_QUERY_DATA_REQUIRED","https://reumlab.com/app/academy/","INDEX / SELF_CANONICAL_STATIC_VERIFIED","MONITOR","템플릿 유사 가능성은 있으나 검색·전환 데이터 없이 삭제·통합하지 않음","P2-monitor","SEO owner"
"https://reumlab.com/website/geimhoesa/","industry_service","industry_service","앱·웹·AI 개발 파트너를 찾는 사업자와 실무자","OWNER_DATA_REQUIRED:GSC","OWNER_DATA_REQUIRED:GSC","OWNER_DATA_REQUIRED:GSC","OWNER_DATA_REQUIRED:GSC","OWNER_DATA_REQUIRED:BING","OWNER_DATA_REQUIRED:BING_AI_PERFORMANCE","OWNER_DATA_REQUIRED:NAVER","OWNER_DATA_REQUIRED:NAVER","OWNER_DATA_REQUIRED:GA4","OWNER_DATA_REQUIRED:GA4","OWNER_DATA_REQUIRED:GA4_NETLIFY","NOT_MEASURED","templated-review","exact-unique","NO_EXACT_H1_DUPLICATE; GSC_QUERY_DATA_REQUIRED","https://reumlab.com/app/academy/","INDEX / SELF_CANONICAL_STATIC_VERIFIED","MONITOR","템플릿 유사 가능성은 있으나 검색·전환 데이터 없이 삭제·통합하지 않음","P2-monitor","SEO owner"
"https://reumlab.com/website/geonchugsasamuso/","industry_service","industry_service","앱·웹·AI 개발 파트너를 찾는 사업자와 실무자","OWNER_DATA_REQUIRED:GSC","OWNER_DATA_REQUIRED:GSC","OWNER_DATA_REQUIRED:GSC","OWNER_DATA_REQUIRED:GSC","OWNER_DATA_REQUIRED:BING","OWNER_DATA_REQUIRED:BING_AI_PERFORMANCE","OWNER_DATA_REQUIRED:NAVER","OWNER_DATA_REQUIRED:NAVER","OWNER_DATA_REQUIRED:GA4","OWNER_DATA_REQUIRED:GA4","OWNER_DATA_REQUIRED:GA4_NETLIFY","NOT_MEASURED","templated-review","exact-unique","NO_EXACT_H1_DUPLICATE; GSC_QUERY_DATA_REQUIRED","https://reumlab.com/app/academy/","INDEX / SELF_CANONICAL_STATIC_VERIFIED","MONITOR","템플릿 유사 가능성은 있으나 검색·전환 데이터 없이 삭제·통합하지 않음","P2-monitor","SEO owner"
"https://reumlab.com/website/geonganggeomjinsenteo/","industry_service","industry_service","앱·웹·AI 개발 파트너를 찾는 사업자와 실무자","OWNER_DATA_REQUIRED:GSC","OWNER_DATA_REQUIRED:GSC","OWNER_DATA_REQUIRED:GSC","OWNER_DATA_REQUIRED:GSC","OWNER_DATA_REQUIRED:BING","OWNER_DATA_REQUIRED:BING_AI_PERFORMANCE","OWNER_DATA_REQUIRED:NAVER","OWNER_DATA_REQUIRED:NAVER","OWNER_DATA_REQUIRED:GA4","OWNER_DATA_REQUIRED:GA4","OWNER_DATA_REQUIRED:GA4_NETLIFY","NOT_MEASURED","templated-review","exact-unique","NO_EXACT_H1_DUPLICATE; GSC_QUERY_DATA_REQUIRED","https://reumlab.com/app/academy/","INDEX / SELF_CANONICAL_STATIC_VERIFIED","MONITOR","템플릿 유사 가능성은 있으나 검색·전환 데이터 없이 삭제·통합하지 않음","P2-monitor","SEO owner"
"https://reumlab.com/website/geongangsigpum/","industry_service","industry_service","앱·웹·AI 개발 파트너를 찾는 사업자와 실무자","OWNER_DATA_REQUIRED:GSC","OWNER_DATA_REQUIRED:GSC","OWNER_DATA_REQUIRED:GSC","OWNER_DATA_REQUIRED:GSC","OWNER_DATA_REQUIRED:BING","OWNER_DATA_REQUIRED:BING_AI_PERFORMANCE","OWNER_DATA_REQUIRED:NAVER","OWNER_DATA_REQUIRED:NAVER","OWNER_DATA_REQUIRED:GA4","OWNER_DATA_REQUIRED:GA4","OWNER_DATA_REQUIRED:GA4_NETLIFY","NOT_MEASURED","templated-review","exact-unique","NO_EXACT_H1_DUPLICATE; GSC_QUERY_DATA_REQUIRED","https://reumlab.com/app/academy/","INDEX / SELF_CANONICAL_STATIC_VERIFIED","MONITOR","템플릿 유사 가능성은 있으나 검색·전환 데이터 없이 삭제·통합하지 않음","P2-monitor","SEO owner"
"https://reumlab.com/website/geonseolhoesa/","industry_service","industry_service","앱·웹·AI 개발 파트너를 찾는 사업자와 실무자","OWNER_DATA_REQUIRED:GSC","OWNER_DATA_REQUIRED:GSC","OWNER_DATA_REQUIRED:GSC","OWNER_DATA_REQUIRED:GSC","OWNER_DATA_REQUIRED:BING","OWNER_DATA_REQUIRED:BING_AI_PERFORMANCE","OWNER_DATA_REQUIRED:NAVER","OWNER_DATA_REQUIRED:NAVER","OWNER_DATA_REQUIRED:GA4","OWNER_DATA_REQUIRED:GA4","OWNER_DATA_REQUIRED:GA4_NETLIFY","NOT_MEASURED","templated-review","exact-unique","NO_EXACT_H1_DUPLICATE; GSC_QUERY_DATA_REQUIRED","https://reumlab.com/app/academy/","INDEX / SELF_CANONICAL_STATIC_VERIFIED","MONITOR","템플릿 유사 가능성은 있으나 검색·전환 데이터 없이 삭제·통합하지 않음","P2-monitor","SEO owner"
"https://reumlab.com/website/geseuteuhauseu/","industry_service","industry_service","앱·웹·AI 개발 파트너를 찾는 사업자와 실무자","OWNER_DATA_REQUIRED:GSC","OWNER_DATA_REQUIRED:GSC","OWNER_DATA_REQUIRED:GSC","OWNER_DATA_REQUIRED:GSC","OWNER_DATA_REQUIRED:BING","OWNER_DATA_REQUIRED:BING_AI_PERFORMANCE","OWNER_DATA_REQUIRED:NAVER","OWNER_DATA_REQUIRED:NAVER","OWNER_DATA_REQUIRED:GA4","OWNER_DATA_REQUIRED:GA4","OWNER_DATA_REQUIRED:GA4_NETLIFY","NOT_MEASURED","templated-review","exact-unique","NO_EXACT_H1_DUPLICATE; GSC_QUERY_DATA_REQUIRED","https://reumlab.com/app/academy/","INDEX / SELF_CANONICAL_STATIC_VERIFIED","MONITOR","템플릿 유사 가능성은 있으나 검색·전환 데이터 없이 삭제·통합하지 않음","P2-monitor","SEO owner"
"https://reumlab.com/website/geulraempingjang/","industry_service","industry_service","앱·웹·AI 개발 파트너를 찾는 사업자와 실무자","OWNER_DATA_REQUIRED:GSC","OWNER_DATA_REQUIRED:GSC","OWNER_DATA_REQUIRED:GSC","OWNER_DATA_REQUIRED:GSC","OWNER_DATA_REQUIRED:BING","OWNER_DATA_REQUIRED:BING_AI_PERFORMANCE","OWNER_DATA_REQUIRED:NAVER","OWNER_DATA_REQUIRED:NAVER","OWNER_DATA_REQUIRED:GA4","OWNER_DATA_REQUIRED:GA4","OWNER_DATA_REQUIRED:GA4_NETLIFY","NOT_MEASURED","templated-review","exact-unique","NO_EXACT_H1_DUPLICATE; GSC_QUERY_DATA_REQUIRED","https://reumlab.com/app/academy/","INDEX / SELF_CANONICAL_STATIC_VERIFIED","MONITOR","템플릿 유사 가능성은 있으나 검색·전환 데이터 없이 삭제·통합하지 않음","P2-monitor","SEO owner"
"https://reumlab.com/website/geumhyeongeobche/","industry_service","industry_service","앱·웹·AI 개발 파트너를 찾는 사업자와 실무자","OWNER_DATA_REQUIRED:GSC","OWNER_DATA_REQUIRED:GSC","OWNER_DATA_REQUIRED:GSC","OWNER_DATA_REQUIRED:GSC","OWNER_DATA_REQUIRED:BING","OWNER_DATA_REQUIRED:BING_AI_PERFORMANCE","OWNER_DATA_REQUIRED:NAVER","OWNER_DATA_REQUIRED:NAVER","OWNER_DATA_REQUIRED:GA4","OWNER_DATA_REQUIRED:GA4","OWNER_DATA_REQUIRED:GA4_NETLIFY","NOT_MEASURED","templated-review","exact-unique","NO_EXACT_H1_DUPLICATE; GSC_QUERY_DATA_REQUIRED","https://reumlab.com/app/academy/","INDEX / SELF_CANONICAL_STATIC_VERIFIED","MONITOR","템플릿 유사 가능성은 있으나 검색·전환 데이터 없이 삭제·통합하지 않음","P2-monitor","SEO owner"
"https://reumlab.com/website/geumsoggagongeob/","industry_service","industry_service","앱·웹·AI 개발 파트너를 찾는 사업자와 실무자","OWNER_DATA_REQUIRED:GSC","OWNER_DATA_REQUIRED:GSC","OWNER_DATA_REQUIRED:GSC","OWNER_DATA_REQUIRED:GSC","OWNER_DATA_REQUIRED:BING","OWNER_DATA_REQUIRED:BING_AI_PERFORMANCE","OWNER_DATA_REQUIRED:NAVER","OWNER_DATA_REQUIRED:NAVER","OWNER_DATA_REQUIRED:GA4","OWNER_DATA_REQUIRED:GA4","OWNER_DATA_REQUIRED:GA4_NETLIFY","NOT_MEASURED","templated-review","exact-unique","NO_EXACT_H1_DUPLICATE; GSC_QUERY_DATA_REQUIRED","https://reumlab.com/app/academy/","INDEX / SELF_CANONICAL_STATIC_VERIFIED","MONITOR","템플릿 유사 가능성은 있으나 검색·전환 데이터 없이 삭제·통합하지 않음","P2-monitor","SEO owner"
"https://reumlab.com/website/gieob/","industry_service","industry_service","앱·웹·AI 개발 파트너를 찾는 사업자와 실무자","OWNER_DATA_REQUIRED:GSC","OWNER_DATA_REQUIRED:GSC","OWNER_DATA_REQUIRED:GSC","OWNER_DATA_REQUIRED:GSC","OWNER_DATA_REQUIRED:BING","OWNER_DATA_REQUIRED:BING_AI_PERFORMANCE","OWNER_DATA_REQUIRED:NAVER","OWNER_DATA_REQUIRED:NAVER","OWNER_DATA_REQUIRED:GA4","OWNER_DATA_REQUIRED:GA4","OWNER_DATA_REQUIRED:GA4_NETLIFY","NOT_MEASURED","templated-review","exact-unique","NO_EXACT_H1_DUPLICATE; GSC_QUERY_DATA_REQUIRED","https://reumlab.com/app/academy/","INDEX / SELF_CANONICAL_STATIC_VERIFIED","MONITOR","템플릿 유사 가능성은 있으나 검색·전환 데이터 없이 삭제·통합하지 않음","P2-monitor","SEO owner"
"https://reumlab.com/website/gigyejejoeob/","industry_service","industry_service","앱·웹·AI 개발 파트너를 찾는 사업자와 실무자","OWNER_DATA_REQUIRED:GSC","OWNER_DATA_REQUIRED:GSC","OWNER_DATA_REQUIRED:GSC","OWNER_DATA_REQUIRED:GSC","OWNER_DATA_REQUIRED:BING","OWNER_DATA_REQUIRED:BING_AI_PERFORMANCE","OWNER_DATA_REQUIRED:NAVER","OWNER_DATA_REQUIRED:NAVER","OWNER_DATA_REQUIRED:GA4","OWNER_DATA_REQUIRED:GA4","OWNER_DATA_REQUIRED:GA4_NETLIFY","NOT_MEASURED","templated-review","exact-unique","NO_EXACT_H1_DUPLICATE; GSC_QUERY_DATA_REQUIRED","https://reumlab.com/app/academy/","INDEX / SELF_CANONICAL_STATIC_VERIFIED","MONITOR","템플릿 유사 가능성은 있으나 검색·전환 데이터 없이 삭제·통합하지 않음","P2-monitor","SEO owner"
"https://reumlab.com/website/gogisjib/","industry_service","industry_service","앱·웹·AI 개발 파트너를 찾는 사업자와 실무자","OWNER_DATA_REQUIRED:GSC","OWNER_DATA_REQUIRED:GSC","OWNER_DATA_REQUIRED:GSC","OWNER_DATA_REQUIRED:GSC","OWNER_DATA_REQUIRED:BING","OWNER_DATA_REQUIRED:BING_AI_PERFORMANCE","OWNER_DATA_REQUIRED:NAVER","OWNER_DATA_REQUIRED:NAVER","OWNER_DATA_REQUIRED:GA4","OWNER_DATA_REQUIRED:GA4","OWNER_DATA_REQUIRED:GA4_NETLIFY","NOT_MEASURED","templated-review","exact-unique","NO_EXACT_H1_DUPLICATE; GSC_QUERY_DATA_REQUIRED","https://reumlab.com/app/academy/","INDEX / SELF_CANONICAL_STATIC_VERIFIED","MONITOR","템플릿 유사 가능성은 있으나 검색·전환 데이터 없이 삭제·통합하지 않음","P2-monitor","SEO owner"
"https://reumlab.com/website/golpeuyeonseubjang/","industry_service","industry_service","앱·웹·AI 개발 파트너를 찾는 사업자와 실무자","OWNER_DATA_REQUIRED:GSC","OWNER_DATA_REQUIRED:GSC","OWNER_DATA_REQUIRED:GSC","OWNER_DATA_REQUIRED:GSC","OWNER_DATA_REQUIRED:BING","OWNER_DATA_REQUIRED:BING_AI_PERFORMANCE","OWNER_DATA_REQUIRED:NAVER","OWNER_DATA_REQUIRED:NAVER","OWNER_DATA_REQUIRED:GA4","OWNER_DATA_REQUIRED:GA4","OWNER_DATA_REQUIRED:GA4_NETLIFY","NOT_MEASURED","templated-review","exact-unique","NO_EXACT_H1_DUPLICATE; GSC_QUERY_DATA_REQUIRED","https://reumlab.com/app/academy/","INDEX / SELF_CANONICAL_STATIC_VERIFIED","MONITOR","템플릿 유사 가능성은 있으나 검색·전환 데이터 없이 삭제·통합하지 않음","P2-monitor","SEO owner"
"https://reumlab.com/website/gonghangpigeob/","industry_service","industry_service","앱·웹·AI 개발 파트너를 찾는 사업자와 실무자","OWNER_DATA_REQUIRED:GSC","OWNER_DATA_REQUIRED:GSC","OWNER_DATA_REQUIRED:GSC","OWNER_DATA_REQUIRED:GSC","OWNER_DATA_REQUIRED:BING","OWNER_DATA_REQUIRED:BING_AI_PERFORMANCE","OWNER_DATA_REQUIRED:NAVER","OWNER_DATA_REQUIRED:NAVER","OWNER_DATA_REQUIRED:GA4","OWNER_DATA_REQUIRED:GA4","OWNER_DATA_REQUIRED:GA4_NETLIFY","NOT_MEASURED","templated-review","exact-unique","NO_EXACT_H1_DUPLICATE; GSC_QUERY_DATA_REQUIRED","https://reumlab.com/app/academy/","INDEX / SELF_CANONICAL_STATIC_VERIFIED","MONITOR","템플릿 유사 가능성은 있으나 검색·전환 데이터 없이 삭제·통합하지 않음","P2-monitor","SEO owner"
"https://reumlab.com/website/gonginjunggaesa/","industry_service","industry_service","앱·웹·AI 개발 파트너를 찾는 사업자와 실무자","OWNER_DATA_REQUIRED:GSC","OWNER_DATA_REQUIRED:GSC","OWNER_DATA_REQUIRED:GSC","OWNER_DATA_REQUIRED:GSC","OWNER_DATA_REQUIRED:BING","OWNER_DATA_REQUIRED:BING_AI_PERFORMANCE","OWNER_DATA_REQUIRED:NAVER","OWNER_DATA_REQUIRED:NAVER","OWNER_DATA_REQUIRED:GA4","OWNER_DATA_REQUIRED:GA4","OWNER_DATA_REQUIRED:GA4_NETLIFY","NOT_MEASURED","templated-review","exact-unique","NO_EXACT_H1_DUPLICATE; GSC_QUERY_DATA_REQUIRED","https://reumlab.com/app/academy/","INDEX / SELF_CANONICAL_STATIC_VERIFIED","MONITOR","템플릿 유사 가능성은 있으나 검색·전환 데이터 없이 삭제·통합하지 않음","P2-monitor","SEO owner"
"https://reumlab.com/website/gongjang/","industry_service","industry_service","앱·웹·AI 개발 파트너를 찾는 사업자와 실무자","OWNER_DATA_REQUIRED:GSC","OWNER_DATA_REQUIRED:GSC","OWNER_DATA_REQUIRED:GSC","OWNER_DATA_REQUIRED:GSC","OWNER_DATA_REQUIRED:BING","OWNER_DATA_REQUIRED:BING_AI_PERFORMANCE","OWNER_DATA_REQUIRED:NAVER","OWNER_DATA_REQUIRED:NAVER","OWNER_DATA_REQUIRED:GA4","OWNER_DATA_REQUIRED:GA4","OWNER_DATA_REQUIRED:GA4_NETLIFY","NOT_MEASURED","templated-review","exact-unique","NO_EXACT_H1_DUPLICATE; GSC_QUERY_DATA_REQUIRED","https://reumlab.com/app/academy/","INDEX / SELF_CANONICAL_STATIC_VERIFIED","MONITOR","템플릿 유사 가능성은 있으나 검색·전환 데이터 없이 삭제·통합하지 않음","P2-monitor","SEO owner"
"https://reumlab.com/website/gongyeongihoegsa/","industry_service","industry_service","앱·웹·AI 개발 파트너를 찾는 사업자와 실무자","OWNER_DATA_REQUIRED:GSC","OWNER_DATA_REQUIRED:GSC","OWNER_DATA_REQUIRED:GSC","OWNER_DATA_REQUIRED:GSC","OWNER_DATA_REQUIRED:BING","OWNER_DATA_REQUIRED:BING_AI_PERFORMANCE","OWNER_DATA_REQUIRED:NAVER","OWNER_DATA_REQUIRED:NAVER","OWNER_DATA_REQUIRED:GA4","OWNER_DATA_REQUIRED:GA4","OWNER_DATA_REQUIRED:GA4_NETLIFY","NOT_MEASURED","templated-review","exact-unique","NO_EXACT_H1_DUPLICATE; GSC_QUERY_DATA_REQUIRED","https://reumlab.com/app/academy/","INDEX / SELF_CANONICAL_STATIC_VERIFIED","MONITOR","템플릿 유사 가능성은 있으나 검색·전환 데이터 없이 삭제·통합하지 않음","P2-monitor","SEO owner"
"https://reumlab.com/website/gwanggodaehaengsa/","industry_service","industry_service","앱·웹·AI 개발 파트너를 찾는 사업자와 실무자","OWNER_DATA_REQUIRED:GSC","OWNER_DATA_REQUIRED:GSC","OWNER_DATA_REQUIRED:GSC","OWNER_DATA_REQUIRED:GSC","OWNER_DATA_REQUIRED:BING","OWNER_DATA_REQUIRED:BING_AI_PERFORMANCE","OWNER_DATA_REQUIRED:NAVER","OWNER_DATA_REQUIRED:NAVER","OWNER_DATA_REQUIRED:GA4","OWNER_DATA_REQUIRED:GA4","OWNER_DATA_REQUIRED:GA4_NETLIFY","NOT_MEASURED","templated-review","exact-unique","NO_EXACT_H1_DUPLICATE; GSC_QUERY_DATA_REQUIRED","https://reumlab.com/app/academy/","INDEX / SELF_CANONICAL_STATIC_VERIFIED","MONITOR","템플릿 유사 가능성은 있으나 검색·전환 데이터 없이 삭제·통합하지 않음","P2-monitor","SEO owner"
"https://reumlab.com/website/gwangwangbeoseu/","industry_service","industry_service","앱·웹·AI 개발 파트너를 찾는 사업자와 실무자","OWNER_DATA_REQUIRED:GSC","OWNER_DATA_REQUIRED:GSC","OWNER_DATA_REQUIRED:GSC","OWNER_DATA_REQUIRED:GSC","OWNER_DATA_REQUIRED:BING","OWNER_DATA_REQUIRED:BING_AI_PERFORMANCE","OWNER_DATA_REQUIRED:NAVER","OWNER_DATA_REQUIRED:NAVER","OWNER_DATA_REQUIRED:GA4","OWNER_DATA_REQUIRED:GA4","OWNER_DATA_REQUIRED:GA4_NETLIFY","NOT_MEASURED","templated-review","exact-unique","NO_EXACT_H1_DUPLICATE; GSC_QUERY_DATA_REQUIRED","https://reumlab.com/app/academy/","INDEX / SELF_CANONICAL_STATIC_VERIFIED","MONITOR","템플릿 유사 가능성은 있으나 검색·전환 데이터 없이 삭제·통합하지 않음","P2-monitor","SEO owner"
"https://reumlab.com/website/gwangwangnongwon/","industry_service","industry_service","앱·웹·AI 개발 파트너를 찾는 사업자와 실무자","OWNER_DATA_REQUIRED:GSC","OWNER_DATA_REQUIRED:GSC","OWNER_DATA_REQUIRED:GSC","OWNER_DATA_REQUIRED:GSC","OWNER_DATA_REQUIRED:BING","OWNER_DATA_REQUIRED:BING_AI_PERFORMANCE","OWNER_DATA_REQUIRED:NAVER","OWNER_DATA_REQUIRED:NAVER","OWNER_DATA_REQUIRED:GA4","OWNER_DATA_REQUIRED:GA4","OWNER_DATA_REQUIRED:GA4_NETLIFY","NOT_MEASURED","templated-review","exact-unique","NO_EXACT_H1_DUPLICATE; GSC_QUERY_DATA_REQUIRED","https://reumlab.com/app/academy/","INDEX / SELF_CANONICAL_STATIC_VERIFIED","MONITOR","템플릿 유사 가능성은 있으나 검색·전환 데이터 없이 삭제·통합하지 않음","P2-monitor","SEO owner"
"https://reumlab.com/website/gwansesa/","industry_service","industry_service","앱·웹·AI 개발 파트너를 찾는 사업자와 실무자","OWNER_DATA_REQUIRED:GSC","OWNER_DATA_REQUIRED:GSC","OWNER_DATA_REQUIRED:GSC","OWNER_DATA_REQUIRED:GSC","OWNER_DATA_REQUIRED:BING","OWNER_DATA_REQUIRED:BING_AI_PERFORMANCE","OWNER_DATA_REQUIRED:NAVER","OWNER_DATA_REQUIRED:NAVER","OWNER_DATA_REQUIRED:GA4","OWNER_DATA_REQUIRED:GA4","OWNER_DATA_REQUIRED:GA4_NETLIFY","NOT_MEASURED","templated-review","exact-unique","NO_EXACT_H1_DUPLICATE; GSC_QUERY_DATA_REQUIRED","https://reumlab.com/app/academy/","INDEX / SELF_CANONICAL_STATIC_VERIFIED","MONITOR","템플릿 유사 가능성은 있으나 검색·전환 데이터 없이 삭제·통합하지 않음","P2-monitor","SEO owner"
"https://reumlab.com/website/gwaoe/","industry_service","industry_service","앱·웹·AI 개발 파트너를 찾는 사업자와 실무자","OWNER_DATA_REQUIRED:GSC","OWNER_DATA_REQUIRED:GSC","OWNER_DATA_REQUIRED:GSC","OWNER_DATA_REQUIRED:GSC","OWNER_DATA_REQUIRED:BING","OWNER_DATA_REQUIRED:BING_AI_PERFORMANCE","OWNER_DATA_REQUIRED:NAVER","OWNER_DATA_REQUIRED:NAVER","OWNER_DATA_REQUIRED:GA4","OWNER_DATA_REQUIRED:GA4","OWNER_DATA_REQUIRED:GA4_NETLIFY","NOT_MEASURED","templated-review","exact-unique","NO_EXACT_H1_DUPLICATE; GSC_QUERY_DATA_REQUIRED","https://reumlab.com/app/academy/","INDEX / SELF_CANONICAL_STATIC_VERIFIED","MONITOR","템플릿 유사 가능성은 있으나 검색·전환 데이터 없이 삭제·통합하지 않음","P2-monitor","SEO owner"
"https://reumlab.com/website/gyeongbieobche/","industry_service","industry_service","앱·웹·AI 개발 파트너를 찾는 사업자와 실무자","OWNER_DATA_REQUIRED:GSC","OWNER_DATA_REQUIRED:GSC","OWNER_DATA_REQUIRED:GSC","OWNER_DATA_REQUIRED:GSC","OWNER_DATA_REQUIRED:BING","OWNER_DATA_REQUIRED:BING_AI_PERFORMANCE","OWNER_DATA_REQUIRED:NAVER","OWNER_DATA_REQUIRED:NAVER","OWNER_DATA_REQUIRED:GA4","OWNER_DATA_REQUIRED:GA4","OWNER_DATA_REQUIRED:GA4_NETLIFY","NOT_MEASURED","templated-review","exact-unique","NO_EXACT_H1_DUPLICATE; GSC_QUERY_DATA_REQUIRED","https://reumlab.com/app/academy/","INDEX / SELF_CANONICAL_STATIC_VERIFIED","MONITOR","템플릿 유사 가능성은 있으나 검색·전환 데이터 없이 삭제·통합하지 않음","P2-monitor","SEO owner"
"https://reumlab.com/website/gyeongyeongkeonseolting/","industry_service","industry_service","앱·웹·AI 개발 파트너를 찾는 사업자와 실무자","OWNER_DATA_REQUIRED:GSC","OWNER_DATA_REQUIRED:GSC","OWNER_DATA_REQUIRED:GSC","OWNER_DATA_REQUIRED:GSC","OWNER_DATA_REQUIRED:BING","OWNER_DATA_REQUIRED:BING_AI_PERFORMANCE","OWNER_DATA_REQUIRED:NAVER","OWNER_DATA_REQUIRED:NAVER","OWNER_DATA_REQUIRED:GA4","OWNER_DATA_REQUIRED:GA4","OWNER_DATA_REQUIRED:GA4_NETLIFY","NOT_MEASURED","templated-review","exact-unique","NO_EXACT_H1_DUPLICATE; GSC_QUERY_DATA_REQUIRED","https://reumlab.com/app/academy/","INDEX / SELF_CANONICAL_STATIC_VERIFIED","MONITOR","템플릿 유사 가능성은 있으나 검색·전환 데이터 없이 삭제·통합하지 않음","P2-monitor","SEO owner"
"https://reumlab.com/website/haengjeongsa/","industry_service","industry_service","앱·웹·AI 개발 파트너를 찾는 사업자와 실무자","OWNER_DATA_REQUIRED:GSC","OWNER_DATA_REQUIRED:GSC","OWNER_DATA_REQUIRED:GSC","OWNER_DATA_REQUIRED:GSC","OWNER_DATA_REQUIRED:BING","OWNER_DATA_REQUIRED:BING_AI_PERFORMANCE","OWNER_DATA_REQUIRED:NAVER","OWNER_DATA_REQUIRED:NAVER","OWNER_DATA_REQUIRED:GA4","OWNER_DATA_REQUIRED:GA4","OWNER_DATA_REQUIRED:GA4_NETLIFY","NOT_MEASURED","templated-review","exact-unique","NO_EXACT_H1_DUPLICATE; GSC_QUERY_DATA_REQUIRED","https://reumlab.com/app/academy/","INDEX / SELF_CANONICAL_STATIC_VERIFIED","MONITOR","템플릿 유사 가능성은 있으나 검색·전환 데이터 없이 삭제·통합하지 않음","P2-monitor","SEO owner"
"https://reumlab.com/website/haengsadaehaengsa/","industry_service","industry_service","앱·웹·AI 개발 파트너를 찾는 사업자와 실무자","OWNER_DATA_REQUIRED:GSC","OWNER_DATA_REQUIRED:GSC","OWNER_DATA_REQUIRED:GSC","OWNER_DATA_REQUIRED:GSC","OWNER_DATA_REQUIRED:BING","OWNER_DATA_REQUIRED:BING_AI_PERFORMANCE","OWNER_DATA_REQUIRED:NAVER","OWNER_DATA_REQUIRED:NAVER","OWNER_DATA_REQUIRED:GA4","OWNER_DATA_REQUIRED:GA4","OWNER_DATA_REQUIRED:GA4_NETLIFY","NOT_MEASURED","templated-review","exact-unique","NO_EXACT_H1_DUPLICATE; GSC_QUERY_DATA_REQUIRED","https://reumlab.com/app/academy/","INDEX / SELF_CANONICAL_STATIC_VERIFIED","MONITOR","템플릿 유사 가능성은 있으나 검색·전환 데이터 없이 삭제·통합하지 않음","P2-monitor","SEO owner"
"https://reumlab.com/website/hagwon/","industry_service","industry_service","앱·웹·AI 개발 파트너를 찾는 사업자와 실무자","OWNER_DATA_REQUIRED:GSC","OWNER_DATA_REQUIRED:GSC","OWNER_DATA_REQUIRED:GSC","OWNER_DATA_REQUIRED:GSC","OWNER_DATA_REQUIRED:BING","OWNER_DATA_REQUIRED:BING_AI_PERFORMANCE","OWNER_DATA_REQUIRED:NAVER","OWNER_DATA_REQUIRED:NAVER","OWNER_DATA_REQUIRED:GA4","OWNER_DATA_REQUIRED:GA4","OWNER_DATA_REQUIRED:GA4_NETLIFY","NOT_MEASURED","templated-review","exact-unique","NO_EXACT_H1_DUPLICATE; GSC_QUERY_DATA_REQUIRED","https://reumlab.com/app/academy/","INDEX / SELF_CANONICAL_STATIC_VERIFIED","MONITOR","템플릿 유사 가능성은 있으나 검색·전환 데이터 없이 삭제·통합하지 않음","P2-monitor","SEO owner"
"https://reumlab.com/website/hanbogjib/","industry_service","industry_service","앱·웹·AI 개발 파트너를 찾는 사업자와 실무자","OWNER_DATA_REQUIRED:GSC","OWNER_DATA_REQUIRED:GSC","OWNER_DATA_REQUIRED:GSC","OWNER_DATA_REQUIRED:GSC","OWNER_DATA_REQUIRED:BING","OWNER_DATA_REQUIRED:BING_AI_PERFORMANCE","OWNER_DATA_REQUIRED:NAVER","OWNER_DATA_REQUIRED:NAVER","OWNER_DATA_REQUIRED:GA4","OWNER_DATA_REQUIRED:GA4","OWNER_DATA_REQUIRED:GA4_NETLIFY","NOT_MEASURED","templated-review","exact-unique","NO_EXACT_H1_DUPLICATE; GSC_QUERY_DATA_REQUIRED","https://reumlab.com/app/academy/","INDEX / SELF_CANONICAL_STATIC_VERIFIED","MONITOR","템플릿 유사 가능성은 있으나 검색·전환 데이터 없이 삭제·통합하지 않음","P2-monitor","SEO owner"
"https://reumlab.com/website/hanogseutei/","industry_service","industry_service","앱·웹·AI 개발 파트너를 찾는 사업자와 실무자","OWNER_DATA_REQUIRED:GSC","OWNER_DATA_REQUIRED:GSC","OWNER_DATA_REQUIRED:GSC","OWNER_DATA_REQUIRED:GSC","OWNER_DATA_REQUIRED:BING","OWNER_DATA_REQUIRED:BING_AI_PERFORMANCE","OWNER_DATA_REQUIRED:NAVER","OWNER_DATA_REQUIRED:NAVER","OWNER_DATA_REQUIRED:GA4","OWNER_DATA_REQUIRED:GA4","OWNER_DATA_REQUIRED:GA4_NETLIFY","NOT_MEASURED","templated-review","exact-unique","NO_EXACT_H1_DUPLICATE; GSC_QUERY_DATA_REQUIRED","https://reumlab.com/app/academy/","INDEX / SELF_CANONICAL_STATIC_VERIFIED","MONITOR","템플릿 유사 가능성은 있으나 검색·전환 데이터 없이 삭제·통합하지 않음","P2-monitor","SEO owner"
"https://reumlab.com/website/hansigdang/","industry_service","industry_service","앱·웹·AI 개발 파트너를 찾는 사업자와 실무자","OWNER_DATA_REQUIRED:GSC","OWNER_DATA_REQUIRED:GSC","OWNER_DATA_REQUIRED:GSC","OWNER_DATA_REQUIRED:GSC","OWNER_DATA_REQUIRED:BING","OWNER_DATA_REQUIRED:BING_AI_PERFORMANCE","OWNER_DATA_REQUIRED:NAVER","OWNER_DATA_REQUIRED:NAVER","OWNER_DATA_REQUIRED:GA4","OWNER_DATA_REQUIRED:GA4","OWNER_DATA_REQUIRED:GA4_NETLIFY","NOT_MEASURED","templated-review","exact-unique","NO_EXACT_H1_DUPLICATE; GSC_QUERY_DATA_REQUIRED","https://reumlab.com/app/academy/","INDEX / SELF_CANONICAL_STATIC_VERIFIED","MONITOR","템플릿 유사 가능성은 있으나 검색·전환 데이터 없이 삭제·통합하지 않음","P2-monitor","SEO owner"
"https://reumlab.com/website/hanuiwon/","industry_service","industry_service","앱·웹·AI 개발 파트너를 찾는 사업자와 실무자","OWNER_DATA_REQUIRED:GSC","OWNER_DATA_REQUIRED:GSC","OWNER_DATA_REQUIRED:GSC","OWNER_DATA_REQUIRED:GSC","OWNER_DATA_REQUIRED:BING","OWNER_DATA_REQUIRED:BING_AI_PERFORMANCE","OWNER_DATA_REQUIRED:NAVER","OWNER_DATA_REQUIRED:NAVER","OWNER_DATA_REQUIRED:GA4","OWNER_DATA_REQUIRED:GA4","OWNER_DATA_REQUIRED:GA4_NETLIFY","NOT_MEASURED","templated-review","exact-unique","NO_EXACT_H1_DUPLICATE; GSC_QUERY_DATA_REQUIRED","https://reumlab.com/app/academy/","INDEX / SELF_CANONICAL_STATIC_VERIFIED","MONITOR","템플릿 유사 가능성은 있으나 검색·전환 데이터 없이 삭제·통합하지 않음","P2-monitor","SEO owner"
"https://reumlab.com/website/hasugueobche/","industry_service","industry_service","앱·웹·AI 개발 파트너를 찾는 사업자와 실무자","OWNER_DATA_REQUIRED:GSC","OWNER_DATA_REQUIRED:GSC","OWNER_DATA_REQUIRED:GSC","OWNER_DATA_REQUIRED:GSC","OWNER_DATA_REQUIRED:BING","OWNER_DATA_REQUIRED:BING_AI_PERFORMANCE","OWNER_DATA_REQUIRED:NAVER","OWNER_DATA_REQUIRED:NAVER","OWNER_DATA_REQUIRED:GA4","OWNER_DATA_REQUIRED:GA4","OWNER_DATA_REQUIRED:GA4_NETLIFY","NOT_MEASURED","templated-review","exact-unique","NO_EXACT_H1_DUPLICATE; GSC_QUERY_DATA_REQUIRED","https://reumlab.com/app/academy/","INDEX / SELF_CANONICAL_STATIC_VERIFIED","MONITOR","템플릿 유사 가능성은 있으나 검색·전환 데이터 없이 삭제·통합하지 않음","P2-monitor","SEO owner"
"https://reumlab.com/website/helseujang/","industry_service","industry_service","앱·웹·AI 개발 파트너를 찾는 사업자와 실무자","OWNER_DATA_REQUIRED:GSC","OWNER_DATA_REQUIRED:GSC","OWNER_DATA_REQUIRED:GSC","OWNER_DATA_REQUIRED:GSC","OWNER_DATA_REQUIRED:BING","OWNER_DATA_REQUIRED:BING_AI_PERFORMANCE","OWNER_DATA_REQUIRED:NAVER","OWNER_DATA_REQUIRED:NAVER","OWNER_DATA_REQUIRED:GA4","OWNER_DATA_REQUIRED:GA4","OWNER_DATA_REQUIRED:GA4_NETLIFY","NOT_MEASURED","templated-review","exact-unique","NO_EXACT_H1_DUPLICATE; GSC_QUERY_DATA_REQUIRED","https://reumlab.com/app/academy/","INDEX / SELF_CANONICAL_STATIC_VERIFIED","MONITOR","템플릿 유사 가능성은 있으나 검색·전환 데이터 없이 삭제·통합하지 않음","P2-monitor","SEO owner"
"https://reumlab.com/website/hoegyesa/","industry_service","industry_service","앱·웹·AI 개발 파트너를 찾는 사업자와 실무자","OWNER_DATA_REQUIRED:GSC","OWNER_DATA_REQUIRED:GSC","OWNER_DATA_REQUIRED:GSC","OWNER_DATA_REQUIRED:GSC","OWNER_DATA_REQUIRED:BING","OWNER_DATA_REQUIRED:BING_AI_PERFORMANCE","OWNER_DATA_REQUIRED:NAVER","OWNER_DATA_REQUIRED:NAVER","OWNER_DATA_REQUIRED:GA4","OWNER_DATA_REQUIRED:GA4","OWNER_DATA_REQUIRED:GA4_NETLIFY","NOT_MEASURED","templated-review","exact-unique","NO_EXACT_H1_DUPLICATE; GSC_QUERY_DATA_REQUIRED","https://reumlab.com/app/academy/","INDEX / SELF_CANONICAL_STATIC_VERIFIED","MONITOR","템플릿 유사 가능성은 있으나 검색·전환 데이터 없이 삭제·통합하지 않음","P2-monitor","SEO owner"
"https://reumlab.com/website/hoesjib/","industry_service","industry_service","앱·웹·AI 개발 파트너를 찾는 사업자와 실무자","OWNER_DATA_REQUIRED:GSC","OWNER_DATA_REQUIRED:GSC","OWNER_DATA_REQUIRED:GSC","OWNER_DATA_REQUIRED:GSC","OWNER_DATA_REQUIRED:BING","OWNER_DATA_REQUIRED:BING_AI_PERFORMANCE","OWNER_DATA_REQUIRED:NAVER","OWNER_DATA_REQUIRED:NAVER","OWNER_DATA_REQUIRED:GA4","OWNER_DATA_REQUIRED:GA4","OWNER_DATA_REQUIRED:GA4_NETLIFY","NOT_MEASURED","templated-review","exact-unique","NO_EXACT_H1_DUPLICATE; GSC_QUERY_DATA_REQUIRED","https://reumlab.com/app/academy/","INDEX / SELF_CANONICAL_STATIC_VERIFIED","MONITOR","템플릿 유사 가능성은 있으나 검색·전환 데이터 없이 삭제·통합하지 않음","P2-monitor","SEO owner"
"https://reumlab.com/website/hoseutingeobche/","industry_service","industry_service","앱·웹·AI 개발 파트너를 찾는 사업자와 실무자","OWNER_DATA_REQUIRED:GSC","OWNER_DATA_REQUIRED:GSC","OWNER_DATA_REQUIRED:GSC","OWNER_DATA_REQUIRED:GSC","OWNER_DATA_REQUIRED:BING","OWNER_DATA_REQUIRED:BING_AI_PERFORMANCE","OWNER_DATA_REQUIRED:NAVER","OWNER_DATA_REQUIRED:NAVER","OWNER_DATA_REQUIRED:GA4","OWNER_DATA_REQUIRED:GA4","OWNER_DATA_REQUIRED:GA4_NETLIFY","NOT_MEASURED","templated-review","exact-unique","NO_EXACT_H1_DUPLICATE; GSC_QUERY_DATA_REQUIRED","https://reumlab.com/app/academy/","INDEX / SELF_CANONICAL_STATIC_VERIFIED","MONITOR","템플릿 유사 가능성은 있으나 검색·전환 데이터 없이 삭제·통합하지 않음","P2-monitor","SEO owner"
"https://reumlab.com/website/hotel/","industry_service","industry_service","앱·웹·AI 개발 파트너를 찾는 사업자와 실무자","OWNER_DATA_REQUIRED:GSC","OWNER_DATA_REQUIRED:GSC","OWNER_DATA_REQUIRED:GSC","OWNER_DATA_REQUIRED:GSC","OWNER_DATA_REQUIRED:BING","OWNER_DATA_REQUIRED:BING_AI_PERFORMANCE","OWNER_DATA_REQUIRED:NAVER","OWNER_DATA_REQUIRED:NAVER","OWNER_DATA_REQUIRED:GA4","OWNER_DATA_REQUIRED:GA4","OWNER_DATA_REQUIRED:GA4_NETLIFY","NOT_MEASURED","templated-review","exact-unique","NO_EXACT_H1_DUPLICATE; GSC_QUERY_DATA_REQUIRED","https://reumlab.com/app/academy/","INDEX / SELF_CANONICAL_STATIC_VERIFIED","MONITOR","템플릿 유사 가능성은 있으나 검색·전환 데이터 없이 삭제·통합하지 않음","P2-monitor","SEO owner"
"https://reumlab.com/website/hwajangpumjejoeob/","industry_service","industry_service","앱·웹·AI 개발 파트너를 찾는 사업자와 실무자","OWNER_DATA_REQUIRED:GSC","OWNER_DATA_REQUIRED:GSC","OWNER_DATA_REQUIRED:GSC","OWNER_DATA_REQUIRED:GSC","OWNER_DATA_REQUIRED:BING","OWNER_DATA_REQUIRED:BING_AI_PERFORMANCE","OWNER_DATA_REQUIRED:NAVER","OWNER_DATA_REQUIRED:NAVER","OWNER_DATA_REQUIRED:GA4","OWNER_DATA_REQUIRED:GA4","OWNER_DATA_REQUIRED:GA4_NETLIFY","NOT_MEASURED","templated-review","exact-unique","NO_EXACT_H1_DUPLICATE; GSC_QUERY_DATA_REQUIRED","https://reumlab.com/app/academy/","INDEX / SELF_CANONICAL_STATIC_VERIFIED","MONITOR","템플릿 유사 가능성은 있으나 검색·전환 데이터 없이 삭제·통합하지 않음","P2-monitor","SEO owner"
"https://reumlab.com/website/hwamulunsongeobche/","industry_service","industry_service","앱·웹·AI 개발 파트너를 찾는 사업자와 실무자","OWNER_DATA_REQUIRED:GSC","OWNER_DATA_REQUIRED:GSC","OWNER_DATA_REQUIRED:GSC","OWNER_DATA_REQUIRED:GSC","OWNER_DATA_REQUIRED:BING","OWNER_DATA_REQUIRED:BING_AI_PERFORMANCE","OWNER_DATA_REQUIRED:NAVER","OWNER_DATA_REQUIRED:NAVER","OWNER_DATA_REQUIRED:GA4","OWNER_DATA_REQUIRED:GA4","OWNER_DATA_REQUIRED:GA4_NETLIFY","NOT_MEASURED","templated-review","exact-unique","NO_EXACT_H1_DUPLICATE; GSC_QUERY_DATA_REQUIRED","https://reumlab.com/app/academy/","INDEX / SELF_CANONICAL_STATIC_VERIFIED","MONITOR","템플릿 유사 가능성은 있으나 검색·전환 데이터 없이 삭제·통합하지 않음","P2-monitor","SEO owner"
"https://reumlab.com/website/hyudaeponmaejang/","industry_service","industry_service","앱·웹·AI 개발 파트너를 찾는 사업자와 실무자","OWNER_DATA_REQUIRED:GSC","OWNER_DATA_REQUIRED:GSC","OWNER_DATA_REQUIRED:GSC","OWNER_DATA_REQUIRED:GSC","OWNER_DATA_REQUIRED:BING","OWNER_DATA_REQUIRED:BING_AI_PERFORMANCE","OWNER_DATA_REQUIRED:NAVER","OWNER_DATA_REQUIRED:NAVER","OWNER_DATA_REQUIRED:GA4","OWNER_DATA_REQUIRED:GA4","OWNER_DATA_REQUIRED:GA4_NETLIFY","NOT_MEASURED","templated-review","exact-unique","NO_EXACT_H1_DUPLICATE; GSC_QUERY_DATA_REQUIRED","https://reumlab.com/app/academy/","INDEX / SELF_CANONICAL_STATIC_VERIFIED","MONITOR","템플릿 유사 가능성은 있으나 검색·전환 데이터 없이 삭제·통합하지 않음","P2-monitor","SEO owner"
"https://reumlab.com/website/hyuyangrim/","industry_service","industry_service","앱·웹·AI 개발 파트너를 찾는 사업자와 실무자","OWNER_DATA_REQUIRED:GSC","OWNER_DATA_REQUIRED:GSC","OWNER_DATA_REQUIRED:GSC","OWNER_DATA_REQUIRED:GSC","OWNER_DATA_REQUIRED:BING","OWNER_DATA_REQUIRED:BING_AI_PERFORMANCE","OWNER_DATA_REQUIRED:NAVER","OWNER_DATA_REQUIRED:NAVER","OWNER_DATA_REQUIRED:GA4","OWNER_DATA_REQUIRED:GA4","OWNER_DATA_REQUIRED:GA4_NETLIFY","NOT_MEASURED","templated-review","exact-unique","NO_EXACT_H1_DUPLICATE; GSC_QUERY_DATA_REQUIRED","https://reumlab.com/app/academy/","INDEX / SELF_CANONICAL_STATIC_VERIFIED","MONITOR","템플릿 유사 가능성은 있으나 검색·전환 데이터 없이 삭제·통합하지 않음","P2-monitor","SEO owner"
"https://reumlab.com/website/ibenteueobche/","industry_service","industry_service","앱·웹·AI 개발 파트너를 찾는 사업자와 실무자","OWNER_DATA_REQUIRED:GSC","OWNER_DATA_REQUIRED:GSC","OWNER_DATA_REQUIRED:GSC","OWNER_DATA_REQUIRED:GSC","OWNER_DATA_REQUIRED:BING","OWNER_DATA_REQUIRED:BING_AI_PERFORMANCE","OWNER_DATA_REQUIRED:NAVER","OWNER_DATA_REQUIRED:NAVER","OWNER_DATA_REQUIRED:GA4","OWNER_DATA_REQUIRED:GA4","OWNER_DATA_REQUIRED:GA4_NETLIFY","NOT_MEASURED","templated-review","exact-unique","NO_EXACT_H1_DUPLICATE; GSC_QUERY_DATA_REQUIRED","https://reumlab.com/app/academy/","INDEX / SELF_CANONICAL_STATIC_VERIFIED","MONITOR","템플릿 유사 가능성은 있으나 검색·전환 데이터 없이 삭제·통합하지 않음","P2-monitor","SEO owner"
"https://reumlab.com/website/ibiinhugwa/","industry_service","industry_service","앱·웹·AI 개발 파트너를 찾는 사업자와 실무자","OWNER_DATA_REQUIRED:GSC","OWNER_DATA_REQUIRED:GSC","OWNER_DATA_REQUIRED:GSC","OWNER_DATA_REQUIRED:GSC","OWNER_DATA_REQUIRED:BING","OWNER_DATA_REQUIRED:BING_AI_PERFORMANCE","OWNER_DATA_REQUIRED:NAVER","OWNER_DATA_REQUIRED:NAVER","OWNER_DATA_REQUIRED:GA4","OWNER_DATA_REQUIRED:GA4","OWNER_DATA_REQUIRED:GA4_NETLIFY","NOT_MEASURED","templated-review","exact-unique","NO_EXACT_H1_DUPLICATE; GSC_QUERY_DATA_REQUIRED","https://reumlab.com/app/academy/","INDEX / SELF_CANONICAL_STATIC_VERIFIED","MONITOR","템플릿 유사 가능성은 있으나 검색·전환 데이터 없이 삭제·통합하지 않음","P2-monitor","SEO owner"
"https://reumlab.com/website/ibjucheongsoeobche/","industry_service","industry_service","앱·웹·AI 개발 파트너를 찾는 사업자와 실무자","OWNER_DATA_REQUIRED:GSC","OWNER_DATA_REQUIRED:GSC","OWNER_DATA_REQUIRED:GSC","OWNER_DATA_REQUIRED:GSC","OWNER_DATA_REQUIRED:BING","OWNER_DATA_REQUIRED:BING_AI_PERFORMANCE","OWNER_DATA_REQUIRED:NAVER","OWNER_DATA_REQUIRED:NAVER","OWNER_DATA_REQUIRED:GA4","OWNER_DATA_REQUIRED:GA4","OWNER_DATA_REQUIRED:GA4_NETLIFY","NOT_MEASURED","templated-review","exact-unique","NO_EXACT_H1_DUPLICATE; GSC_QUERY_DATA_REQUIRED","https://reumlab.com/app/academy/","INDEX / SELF_CANONICAL_STATIC_VERIFIED","MONITOR","템플릿 유사 가능성은 있으나 검색·전환 데이터 없이 삭제·통합하지 않음","P2-monitor","SEO owner"
"https://reumlab.com/website/ibsihagwon/","industry_service","industry_service","앱·웹·AI 개발 파트너를 찾는 사업자와 실무자","OWNER_DATA_REQUIRED:GSC","OWNER_DATA_REQUIRED:GSC","OWNER_DATA_REQUIRED:GSC","OWNER_DATA_REQUIRED:GSC","OWNER_DATA_REQUIRED:BING","OWNER_DATA_REQUIRED:BING_AI_PERFORMANCE","OWNER_DATA_REQUIRED:NAVER","OWNER_DATA_REQUIRED:NAVER","OWNER_DATA_REQUIRED:GA4","OWNER_DATA_REQUIRED:GA4","OWNER_DATA_REQUIRED:GA4_NETLIFY","NOT_MEASURED","templated-review","exact-unique","NO_EXACT_H1_DUPLICATE; GSC_QUERY_DATA_REQUIRED","https://reumlab.com/app/academy/","INDEX / SELF_CANONICAL_STATIC_VERIFIED","MONITOR","템플릿 유사 가능성은 있으나 검색·전환 데이터 없이 삭제·통합하지 않음","P2-monitor","SEO owner"
"https://reumlab.com/website/ilsigdang/","industry_service","industry_service","앱·웹·AI 개발 파트너를 찾는 사업자와 실무자","OWNER_DATA_REQUIRED:GSC","OWNER_DATA_REQUIRED:GSC","OWNER_DATA_REQUIRED:GSC","OWNER_DATA_REQUIRED:GSC","OWNER_DATA_REQUIRED:BING","OWNER_DATA_REQUIRED:BING_AI_PERFORMANCE","OWNER_DATA_REQUIRED:NAVER","OWNER_DATA_REQUIRED:NAVER","OWNER_DATA_REQUIRED:GA4","OWNER_DATA_REQUIRED:GA4","OWNER_DATA_REQUIRED:GA4_NETLIFY","NOT_MEASURED","templated-review","exact-unique","NO_EXACT_H1_DUPLICATE; GSC_QUERY_DATA_REQUIRED","https://reumlab.com/app/academy/","INDEX / SELF_CANONICAL_STATIC_VERIFIED","MONITOR","템플릿 유사 가능성은 있으나 검색·전환 데이터 없이 삭제·통합하지 않음","P2-monitor","SEO owner"
"https://reumlab.com/website/","service_or_hub","service_or_hub","앱·웹·AI 개발 파트너를 찾는 사업자와 실무자","OWNER_DATA_REQUIRED:GSC","OWNER_DATA_REQUIRED:GSC","OWNER_DATA_REQUIRED:GSC","OWNER_DATA_REQUIRED:GSC","OWNER_DATA_REQUIRED:BING","OWNER_DATA_REQUIRED:BING_AI_PERFORMANCE","OWNER_DATA_REQUIRED:NAVER","OWNER_DATA_REQUIRED:NAVER","OWNER_DATA_REQUIRED:GA4","OWNER_DATA_REQUIRED:GA4","OWNER_DATA_REQUIRED:GA4_NETLIFY","NOT_MEASURED","moderate","exact-unique","NO_EXACT_H1_DUPLICATE; GSC_QUERY_DATA_REQUIRED","https://reumlab.com/academy-shopping-mall/","INDEX / SELF_CANONICAL_STATIC_VERIFIED","IMPROVE","핵심 의도와 기술 품질은 유효하나 인용 가능한 1차 근거 보강 여지 있음","P1","content+SEO"
"https://reumlab.com/website/inswaeeobche/","industry_service","industry_service","앱·웹·AI 개발 파트너를 찾는 사업자와 실무자","OWNER_DATA_REQUIRED:GSC","OWNER_DATA_REQUIRED:GSC","OWNER_DATA_REQUIRED:GSC","OWNER_DATA_REQUIRED:GSC","OWNER_DATA_REQUIRED:BING","OWNER_DATA_REQUIRED:BING_AI_PERFORMANCE","OWNER_DATA_REQUIRED:NAVER","OWNER_DATA_REQUIRED:NAVER","OWNER_DATA_REQUIRED:GA4","OWNER_DATA_REQUIRED:GA4","OWNER_DATA_REQUIRED:GA4_NETLIFY","NOT_MEASURED","templated-review","exact-unique","NO_EXACT_H1_DUPLICATE; GSC_QUERY_DATA_REQUIRED","https://reumlab.com/app/academy/","INDEX / SELF_CANONICAL_STATIC_VERIFIED","MONITOR","템플릿 유사 가능성은 있으나 검색·전환 데이터 없이 삭제·통합하지 않음","P2-monitor","SEO owner"
"https://reumlab.com/website/inswaeso/","industry_service","industry_service","앱·웹·AI 개발 파트너를 찾는 사업자와 실무자","OWNER_DATA_REQUIRED:GSC","OWNER_DATA_REQUIRED:GSC","OWNER_DATA_REQUIRED:GSC","OWNER_DATA_REQUIRED:GSC","OWNER_DATA_REQUIRED:BING","OWNER_DATA_REQUIRED:BING_AI_PERFORMANCE","OWNER_DATA_REQUIRED:NAVER","OWNER_DATA_REQUIRED:NAVER","OWNER_DATA_REQUIRED:GA4","OWNER_DATA_REQUIRED:GA4","OWNER_DATA_REQUIRED:GA4_NETLIFY","NOT_MEASURED","templated-review","exact-unique","NO_EXACT_H1_DUPLICATE; GSC_QUERY_DATA_REQUIRED","https://reumlab.com/app/academy/","INDEX / SELF_CANONICAL_STATIC_VERIFIED","MONITOR","템플릿 유사 가능성은 있으나 검색·전환 데이터 없이 삭제·통합하지 않음","P2-monitor","SEO owner"
"https://reumlab.com/website/interieoeobche/","industry_service","industry_service","앱·웹·AI 개발 파트너를 찾는 사업자와 실무자","OWNER_DATA_REQUIRED:GSC","OWNER_DATA_REQUIRED:GSC","OWNER_DATA_REQUIRED:GSC","OWNER_DATA_REQUIRED:GSC","OWNER_DATA_REQUIRED:BING","OWNER_DATA_REQUIRED:BING_AI_PERFORMANCE","OWNER_DATA_REQUIRED:NAVER","OWNER_DATA_REQUIRED:NAVER","OWNER_DATA_REQUIRED:GA4","OWNER_DATA_REQUIRED:GA4","OWNER_DATA_REQUIRED:GA4_NETLIFY","NOT_MEASURED","templated-review","exact-unique","NO_EXACT_H1_DUPLICATE; GSC_QUERY_DATA_REQUIRED","https://reumlab.com/app/academy/","INDEX / SELF_CANONICAL_STATIC_VERIFIED","MONITOR","템플릿 유사 가능성은 있으나 검색·전환 데이터 없이 삭제·통합하지 않음","P2-monitor","SEO owner"
"https://reumlab.com/website/interieosopumsyab/","industry_service","industry_service","앱·웹·AI 개발 파트너를 찾는 사업자와 실무자","OWNER_DATA_REQUIRED:GSC","OWNER_DATA_REQUIRED:GSC","OWNER_DATA_REQUIRED:GSC","OWNER_DATA_REQUIRED:GSC","OWNER_DATA_REQUIRED:BING","OWNER_DATA_REQUIRED:BING_AI_PERFORMANCE","OWNER_DATA_REQUIRED:NAVER","OWNER_DATA_REQUIRED:NAVER","OWNER_DATA_REQUIRED:GA4","OWNER_DATA_REQUIRED:GA4","OWNER_DATA_REQUIRED:GA4_NETLIFY","NOT_MEASURED","templated-review","exact-unique","NO_EXACT_H1_DUPLICATE; GSC_QUERY_DATA_REQUIRED","https://reumlab.com/app/academy/","INDEX / SELF_CANONICAL_STATIC_VERIFIED","MONITOR","템플릿 유사 가능성은 있으나 검색·전환 데이터 없이 삭제·통합하지 않음","P2-monitor","SEO owner"
"https://reumlab.com/website/isaeobche/","industry_service","industry_service","앱·웹·AI 개발 파트너를 찾는 사업자와 실무자","OWNER_DATA_REQUIRED:GSC","OWNER_DATA_REQUIRED:GSC","OWNER_DATA_REQUIRED:GSC","OWNER_DATA_REQUIRED:GSC","OWNER_DATA_REQUIRED:BING","OWNER_DATA_REQUIRED:BING_AI_PERFORMANCE","OWNER_DATA_REQUIRED:NAVER","OWNER_DATA_REQUIRED:NAVER","OWNER_DATA_REQUIRED:GA4","OWNER_DATA_REQUIRED:GA4","OWNER_DATA_REQUIRED:GA4_NETLIFY","NOT_MEASURED","templated-review","exact-unique","NO_EXACT_H1_DUPLICATE; GSC_QUERY_DATA_REQUIRED","https://reumlab.com/app/academy/","INDEX / SELF_CANONICAL_STATIC_VERIFIED","MONITOR","템플릿 유사 가능성은 있으나 검색·전환 데이터 없이 삭제·통합하지 않음","P2-monitor","SEO owner"
"https://reumlab.com/website/it-company/","industry_service","industry_service","앱·웹·AI 개발 파트너를 찾는 사업자와 실무자","OWNER_DATA_REQUIRED:GSC","OWNER_DATA_REQUIRED:GSC","OWNER_DATA_REQUIRED:GSC","OWNER_DATA_REQUIRED:GSC","OWNER_DATA_REQUIRED:BING","OWNER_DATA_REQUIRED:BING_AI_PERFORMANCE","OWNER_DATA_REQUIRED:NAVER","OWNER_DATA_REQUIRED:NAVER","OWNER_DATA_REQUIRED:GA4","OWNER_DATA_REQUIRED:GA4","OWNER_DATA_REQUIRED:GA4_NETLIFY","NOT_MEASURED","templated-review","exact-unique","NO_EXACT_H1_DUPLICATE; GSC_QUERY_DATA_REQUIRED","https://reumlab.com/app/academy/","INDEX / SELF_CANONICAL_STATIC_VERIFIED","MONITOR","템플릿 유사 가능성은 있으나 검색·전환 데이터 없이 삭제·통합하지 않음","P2-monitor","SEO owner"
"https://reumlab.com/website/jadongcha-jeongbiso/","industry_service","industry_service","앱·웹·AI 개발 파트너를 찾는 사업자와 실무자","OWNER_DATA_REQUIRED:GSC","OWNER_DATA_REQUIRED:GSC","OWNER_DATA_REQUIRED:GSC","OWNER_DATA_REQUIRED:GSC","OWNER_DATA_REQUIRED:BING","OWNER_DATA_REQUIRED:BING_AI_PERFORMANCE","OWNER_DATA_REQUIRED:NAVER","OWNER_DATA_REQUIRED:NAVER","OWNER_DATA_REQUIRED:GA4","OWNER_DATA_REQUIRED:GA4","OWNER_DATA_REQUIRED:GA4_NETLIFY","NOT_MEASURED","templated-review","exact-unique","NO_EXACT_H1_DUPLICATE; GSC_QUERY_DATA_REQUIRED","https://reumlab.com/app/academy/","INDEX / SELF_CANONICAL_STATIC_VERIFIED","MONITOR","템플릿 유사 가능성은 있으나 검색·전환 데이터 없이 삭제·통합하지 않음","P2-monitor","SEO owner"
"https://reumlab.com/website/jadongchabupumjejoeob/","industry_service","industry_service","앱·웹·AI 개발 파트너를 찾는 사업자와 실무자","OWNER_DATA_REQUIRED:GSC","OWNER_DATA_REQUIRED:GSC","OWNER_DATA_REQUIRED:GSC","OWNER_DATA_REQUIRED:GSC","OWNER_DATA_REQUIRED:BING","OWNER_DATA_REQUIRED:BING_AI_PERFORMANCE","OWNER_DATA_REQUIRED:NAVER","OWNER_DATA_REQUIRED:NAVER","OWNER_DATA_REQUIRED:GA4","OWNER_DATA_REQUIRED:GA4","OWNER_DATA_REQUIRED:GA4_NETLIFY","NOT_MEASURED","templated-review","exact-unique","NO_EXACT_H1_DUPLICATE; GSC_QUERY_DATA_REQUIRED","https://reumlab.com/app/academy/","INDEX / SELF_CANONICAL_STATIC_VERIFIED","MONITOR","템플릿 유사 가능성은 있으나 검색·전환 데이터 없이 삭제·통합하지 않음","P2-monitor","SEO owner"
"https://reumlab.com/website/jadongchagongeobsa/","industry_service","industry_service","앱·웹·AI 개발 파트너를 찾는 사업자와 실무자","OWNER_DATA_REQUIRED:GSC","OWNER_DATA_REQUIRED:GSC","OWNER_DATA_REQUIRED:GSC","OWNER_DATA_REQUIRED:GSC","OWNER_DATA_REQUIRED:BING","OWNER_DATA_REQUIRED:BING_AI_PERFORMANCE","OWNER_DATA_REQUIRED:NAVER","OWNER_DATA_REQUIRED:NAVER","OWNER_DATA_REQUIRED:GA4","OWNER_DATA_REQUIRED:GA4","OWNER_DATA_REQUIRED:GA4_NETLIFY","NOT_MEASURED","templated-review","exact-unique","NO_EXACT_H1_DUPLICATE; GSC_QUERY_DATA_REQUIRED","https://reumlab.com/app/academy/","INDEX / SELF_CANONICAL_STATIC_VERIFIED","MONITOR","템플릿 유사 가능성은 있으나 검색·전환 데이터 없이 삭제·통합하지 않음","P2-monitor","SEO owner"
"https://reumlab.com/website/jadongchagwangtaegeobche/","industry_service","industry_service","앱·웹·AI 개발 파트너를 찾는 사업자와 실무자","OWNER_DATA_REQUIRED:GSC","OWNER_DATA_REQUIRED:GSC","OWNER_DATA_REQUIRED:GSC","OWNER_DATA_REQUIRED:GSC","OWNER_DATA_REQUIRED:BING","OWNER_DATA_REQUIRED:BING_AI_PERFORMANCE","OWNER_DATA_REQUIRED:NAVER","OWNER_DATA_REQUIRED:NAVER","OWNER_DATA_REQUIRED:GA4","OWNER_DATA_REQUIRED:GA4","OWNER_DATA_REQUIRED:GA4_NETLIFY","NOT_MEASURED","templated-review","exact-unique","NO_EXACT_H1_DUPLICATE; GSC_QUERY_DATA_REQUIRED","https://reumlab.com/app/academy/","INDEX / SELF_CANONICAL_STATIC_VERIFIED","MONITOR","템플릿 유사 가능성은 있으나 검색·전환 데이터 없이 삭제·통합하지 않음","P2-monitor","SEO owner"
"https://reumlab.com/website/jadongchatyuningsyab/","industry_service","industry_service","앱·웹·AI 개발 파트너를 찾는 사업자와 실무자","OWNER_DATA_REQUIRED:GSC","OWNER_DATA_REQUIRED:GSC","OWNER_DATA_REQUIRED:GSC","OWNER_DATA_REQUIRED:GSC","OWNER_DATA_REQUIRED:BING","OWNER_DATA_REQUIRED:BING_AI_PERFORMANCE","OWNER_DATA_REQUIRED:NAVER","OWNER_DATA_REQUIRED:NAVER","OWNER_DATA_REQUIRED:GA4","OWNER_DATA_REQUIRED:GA4","OWNER_DATA_REQUIRED:GA4_NETLIFY","NOT_MEASURED","templated-review","exact-unique","NO_EXACT_H1_DUPLICATE; GSC_QUERY_DATA_REQUIRED","https://reumlab.com/app/academy/","INDEX / SELF_CANONICAL_STATIC_VERIFIED","MONITOR","템플릿 유사 가능성은 있으나 검색·전환 데이터 없이 삭제·통합하지 않음","P2-monitor","SEO owner"
"https://reumlab.com/website/jadongchayurieobche/","industry_service","industry_service","앱·웹·AI 개발 파트너를 찾는 사업자와 실무자","OWNER_DATA_REQUIRED:GSC","OWNER_DATA_REQUIRED:GSC","OWNER_DATA_REQUIRED:GSC","OWNER_DATA_REQUIRED:GSC","OWNER_DATA_REQUIRED:BING","OWNER_DATA_REQUIRED:BING_AI_PERFORMANCE","OWNER_DATA_REQUIRED:NAVER","OWNER_DATA_REQUIRED:NAVER","OWNER_DATA_REQUIRED:GA4","OWNER_DATA_REQUIRED:GA4","OWNER_DATA_REQUIRED:GA4_NETLIFY","NOT_MEASURED","templated-review","exact-unique","NO_EXACT_H1_DUPLICATE; GSC_QUERY_DATA_REQUIRED","https://reumlab.com/app/academy/","INDEX / SELF_CANONICAL_STATIC_VERIFIED","MONITOR","템플릿 유사 가능성은 있으나 검색·전환 데이터 없이 삭제·통합하지 않음","P2-monitor","SEO owner"
"https://reumlab.com/website/jaegabogjisenteo/","industry_service","industry_service","앱·웹·AI 개발 파트너를 찾는 사업자와 실무자","OWNER_DATA_REQUIRED:GSC","OWNER_DATA_REQUIRED:GSC","OWNER_DATA_REQUIRED:GSC","OWNER_DATA_REQUIRED:GSC","OWNER_DATA_REQUIRED:BING","OWNER_DATA_REQUIRED:BING_AI_PERFORMANCE","OWNER_DATA_REQUIRED:NAVER","OWNER_DATA_REQUIRED:NAVER","OWNER_DATA_REQUIRED:GA4","OWNER_DATA_REQUIRED:GA4","OWNER_DATA_REQUIRED:GA4_NETLIFY","NOT_MEASURED","templated-review","exact-unique","NO_EXACT_H1_DUPLICATE; GSC_QUERY_DATA_REQUIRED","https://reumlab.com/app/academy/","INDEX / SELF_CANONICAL_STATIC_VERIFIED","MONITOR","템플릿 유사 가능성은 있으나 검색·전환 데이터 없이 삭제·통합하지 않음","P2-monitor","SEO owner"
"https://reumlab.com/website/jaehwaluihaggwa/","industry_service","industry_service","앱·웹·AI 개발 파트너를 찾는 사업자와 실무자","OWNER_DATA_REQUIRED:GSC","OWNER_DATA_REQUIRED:GSC","OWNER_DATA_REQUIRED:GSC","OWNER_DATA_REQUIRED:GSC","OWNER_DATA_REQUIRED:BING","OWNER_DATA_REQUIRED:BING_AI_PERFORMANCE","OWNER_DATA_REQUIRED:NAVER","OWNER_DATA_REQUIRED:NAVER","OWNER_DATA_REQUIRED:GA4","OWNER_DATA_REQUIRED:GA4","OWNER_DATA_REQUIRED:GA4_NETLIFY","NOT_MEASURED","templated-review","exact-unique","NO_EXACT_H1_DUPLICATE; GSC_QUERY_DATA_REQUIRED","https://reumlab.com/app/academy/","INDEX / SELF_CANONICAL_STATIC_VERIFIED","MONITOR","템플릿 유사 가능성은 있으나 검색·전환 데이터 없이 삭제·통합하지 않음","P2-monitor","SEO owner"
"https://reumlab.com/website/jajeongeomaejang/","industry_service","industry_service","앱·웹·AI 개발 파트너를 찾는 사업자와 실무자","OWNER_DATA_REQUIRED:GSC","OWNER_DATA_REQUIRED:GSC","OWNER_DATA_REQUIRED:GSC","OWNER_DATA_REQUIRED:GSC","OWNER_DATA_REQUIRED:BING","OWNER_DATA_REQUIRED:BING_AI_PERFORMANCE","OWNER_DATA_REQUIRED:NAVER","OWNER_DATA_REQUIRED:NAVER","OWNER_DATA_REQUIRED:GA4","OWNER_DATA_REQUIRED:GA4","OWNER_DATA_REQUIRED:GA4_NETLIFY","NOT_MEASURED","templated-review","exact-unique","NO_EXACT_H1_DUPLICATE; GSC_QUERY_DATA_REQUIRED","https://reumlab.com/app/academy/","INDEX / SELF_CANONICAL_STATIC_VERIFIED","MONITOR","템플릿 유사 가능성은 있으나 검색·전환 데이터 없이 삭제·통합하지 않음","P2-monitor","SEO owner"
"https://reumlab.com/website/jangaeinbogjigwan/","industry_service","industry_service","앱·웹·AI 개발 파트너를 찾는 사업자와 실무자","OWNER_DATA_REQUIRED:GSC","OWNER_DATA_REQUIRED:GSC","OWNER_DATA_REQUIRED:GSC","OWNER_DATA_REQUIRED:GSC","OWNER_DATA_REQUIRED:BING","OWNER_DATA_REQUIRED:BING_AI_PERFORMANCE","OWNER_DATA_REQUIRED:NAVER","OWNER_DATA_REQUIRED:NAVER","OWNER_DATA_REQUIRED:GA4","OWNER_DATA_REQUIRED:GA4","OWNER_DATA_REQUIRED:GA4_NETLIFY","NOT_MEASURED","templated-review","exact-unique","NO_EXACT_H1_DUPLICATE; GSC_QUERY_DATA_REQUIRED","https://reumlab.com/app/academy/","INDEX / SELF_CANONICAL_STATIC_VERIFIED","MONITOR","템플릿 유사 가능성은 있으나 검색·전환 데이터 없이 삭제·통합하지 않음","P2-monitor","SEO owner"
"https://reumlab.com/website/jangryesigjang/","industry_service","industry_service","앱·웹·AI 개발 파트너를 찾는 사업자와 실무자","OWNER_DATA_REQUIRED:GSC","OWNER_DATA_REQUIRED:GSC","OWNER_DATA_REQUIRED:GSC","OWNER_DATA_REQUIRED:GSC","OWNER_DATA_REQUIRED:BING","OWNER_DATA_REQUIRED:BING_AI_PERFORMANCE","OWNER_DATA_REQUIRED:NAVER","OWNER_DATA_REQUIRED:NAVER","OWNER_DATA_REQUIRED:GA4","OWNER_DATA_REQUIRED:GA4","OWNER_DATA_REQUIRED:GA4_NETLIFY","NOT_MEASURED","templated-review","exact-unique","NO_EXACT_H1_DUPLICATE; GSC_QUERY_DATA_REQUIRED","https://reumlab.com/app/academy/","INDEX / SELF_CANONICAL_STATIC_VERIFIED","MONITOR","템플릿 유사 가능성은 있으나 검색·전환 데이터 없이 삭제·통합하지 않음","P2-monitor","SEO owner"
"https://reumlab.com/website/jejoeob/","industry_service","industry_service","앱·웹·AI 개발 파트너를 찾는 사업자와 실무자","OWNER_DATA_REQUIRED:GSC","OWNER_DATA_REQUIRED:GSC","OWNER_DATA_REQUIRED:GSC","OWNER_DATA_REQUIRED:GSC","OWNER_DATA_REQUIRED:BING","OWNER_DATA_REQUIRED:BING_AI_PERFORMANCE","OWNER_DATA_REQUIRED:NAVER","OWNER_DATA_REQUIRED:NAVER","OWNER_DATA_REQUIRED:GA4","OWNER_DATA_REQUIRED:GA4","OWNER_DATA_REQUIRED:GA4_NETLIFY","NOT_MEASURED","templated-review","exact-unique","NO_EXACT_H1_DUPLICATE; GSC_QUERY_DATA_REQUIRED","https://reumlab.com/app/academy/","INDEX / SELF_CANONICAL_STATIC_VERIFIED","MONITOR","템플릿 유사 가능성은 있으나 검색·전환 데이터 없이 삭제·통합하지 않음","P2-monitor","SEO owner"
"https://reumlab.com/website/jeonghyeongoegwa/","industry_service","industry_service","앱·웹·AI 개발 파트너를 찾는 사업자와 실무자","OWNER_DATA_REQUIRED:GSC","OWNER_DATA_REQUIRED:GSC","OWNER_DATA_REQUIRED:GSC","OWNER_DATA_REQUIRED:GSC","OWNER_DATA_REQUIRED:BING","OWNER_DATA_REQUIRED:BING_AI_PERFORMANCE","OWNER_DATA_REQUIRED:NAVER","OWNER_DATA_REQUIRED:NAVER","OWNER_DATA_REQUIRED:GA4","OWNER_DATA_REQUIRED:GA4","OWNER_DATA_REQUIRED:GA4_NETLIFY","NOT_MEASURED","templated-review","exact-unique","NO_EXACT_H1_DUPLICATE; GSC_QUERY_DATA_REQUIRED","https://reumlab.com/app/academy/","INDEX / SELF_CANONICAL_STATIC_VERIFIED","MONITOR","템플릿 유사 가능성은 있으나 검색·전환 데이터 없이 삭제·통합하지 않음","P2-monitor","SEO owner"
"https://reumlab.com/website/jeongigongsaeobche/","industry_service","industry_service","앱·웹·AI 개발 파트너를 찾는 사업자와 실무자","OWNER_DATA_REQUIRED:GSC","OWNER_DATA_REQUIRED:GSC","OWNER_DATA_REQUIRED:GSC","OWNER_DATA_REQUIRED:GSC","OWNER_DATA_REQUIRED:BING","OWNER_DATA_REQUIRED:BING_AI_PERFORMANCE","OWNER_DATA_REQUIRED:NAVER","OWNER_DATA_REQUIRED:NAVER","OWNER_DATA_REQUIRED:GA4","OWNER_DATA_REQUIRED:GA4","OWNER_DATA_REQUIRED:GA4_NETLIFY","NOT_MEASURED","templated-review","exact-unique","NO_EXACT_H1_DUPLICATE; GSC_QUERY_DATA_REQUIRED","https://reumlab.com/app/academy/","INDEX / SELF_CANONICAL_STATIC_VERIFIED","MONITOR","템플릿 유사 가능성은 있으나 검색·전환 데이터 없이 삭제·통합하지 않음","P2-monitor","SEO owner"
"https://reumlab.com/website/jeongsingeonganguihaggwa/","industry_service","industry_service","앱·웹·AI 개발 파트너를 찾는 사업자와 실무자","OWNER_DATA_REQUIRED:GSC","OWNER_DATA_REQUIRED:GSC","OWNER_DATA_REQUIRED:GSC","OWNER_DATA_REQUIRED:GSC","OWNER_DATA_REQUIRED:BING","OWNER_DATA_REQUIRED:BING_AI_PERFORMANCE","OWNER_DATA_REQUIRED:NAVER","OWNER_DATA_REQUIRED:NAVER","OWNER_DATA_REQUIRED:GA4","OWNER_DATA_REQUIRED:GA4","OWNER_DATA_REQUIRED:GA4_NETLIFY","NOT_MEASURED","templated-review","exact-unique","NO_EXACT_H1_DUPLICATE; GSC_QUERY_DATA_REQUIRED","https://reumlab.com/app/academy/","INDEX / SELF_CANONICAL_STATIC_VERIFIED","MONITOR","템플릿 유사 가능성은 있으나 검색·전환 데이터 없이 삭제·통합하지 않음","P2-monitor","SEO owner"
"https://reumlab.com/website/jeongsugieobche/","industry_service","industry_service","앱·웹·AI 개발 파트너를 찾는 사업자와 실무자","OWNER_DATA_REQUIRED:GSC","OWNER_DATA_REQUIRED:GSC","OWNER_DATA_REQUIRED:GSC","OWNER_DATA_REQUIRED:GSC","OWNER_DATA_REQUIRED:BING","OWNER_DATA_REQUIRED:BING_AI_PERFORMANCE","OWNER_DATA_REQUIRED:NAVER","OWNER_DATA_REQUIRED:NAVER","OWNER_DATA_REQUIRED:GA4","OWNER_DATA_REQUIRED:GA4","OWNER_DATA_REQUIRED:GA4_NETLIFY","NOT_MEASURED","templated-review","exact-unique","NO_EXACT_H1_DUPLICATE; GSC_QUERY_DATA_REQUIRED","https://reumlab.com/app/academy/","INDEX / SELF_CANONICAL_STATIC_VERIFIED","MONITOR","템플릿 유사 가능성은 있으나 검색·전환 데이터 없이 삭제·통합하지 않음","P2-monitor","SEO owner"
"https://reumlab.com/website/jeonjabupumjejoeob/","industry_service","industry_service","앱·웹·AI 개발 파트너를 찾는 사업자와 실무자","OWNER_DATA_REQUIRED:GSC","OWNER_DATA_REQUIRED:GSC","OWNER_DATA_REQUIRED:GSC","OWNER_DATA_REQUIRED:GSC","OWNER_DATA_REQUIRED:BING","OWNER_DATA_REQUIRED:BING_AI_PERFORMANCE","OWNER_DATA_REQUIRED:NAVER","OWNER_DATA_REQUIRED:NAVER","OWNER_DATA_REQUIRED:GA4","OWNER_DATA_REQUIRED:GA4","OWNER_DATA_REQUIRED:GA4_NETLIFY","NOT_MEASURED","templated-review","exact-unique","NO_EXACT_H1_DUPLICATE; GSC_QUERY_DATA_REQUIRED","https://reumlab.com/app/academy/","INDEX / SELF_CANONICAL_STATIC_VERIFIED","MONITOR","템플릿 유사 가능성은 있으나 검색·전환 데이터 없이 삭제·통합하지 않음","P2-monitor","SEO owner"
"https://reumlab.com/website/jeonjajepummaejang/","industry_service","industry_service","앱·웹·AI 개발 파트너를 찾는 사업자와 실무자","OWNER_DATA_REQUIRED:GSC","OWNER_DATA_REQUIRED:GSC","OWNER_DATA_REQUIRED:GSC","OWNER_DATA_REQUIRED:GSC","OWNER_DATA_REQUIRED:BING","OWNER_DATA_REQUIRED:BING_AI_PERFORMANCE","OWNER_DATA_REQUIRED:NAVER","OWNER_DATA_REQUIRED:NAVER","OWNER_DATA_REQUIRED:GA4","OWNER_DATA_REQUIRED:GA4","OWNER_DATA_REQUIRED:GA4_NETLIFY","NOT_MEASURED","templated-review","exact-unique","NO_EXACT_H1_DUPLICATE; GSC_QUERY_DATA_REQUIRED","https://reumlab.com/app/academy/","INDEX / SELF_CANONICAL_STATIC_VERIFIED","MONITOR","템플릿 유사 가능성은 있으나 검색·전환 데이터 없이 삭제·통합하지 않음","P2-monitor","SEO owner"
"https://reumlab.com/website/jeonmungeonseoleob/","industry_service","industry_service","앱·웹·AI 개발 파트너를 찾는 사업자와 실무자","OWNER_DATA_REQUIRED:GSC","OWNER_DATA_REQUIRED:GSC","OWNER_DATA_REQUIRED:GSC","OWNER_DATA_REQUIRED:GSC","OWNER_DATA_REQUIRED:BING","OWNER_DATA_REQUIRED:BING_AI_PERFORMANCE","OWNER_DATA_REQUIRED:NAVER","OWNER_DATA_REQUIRED:NAVER","OWNER_DATA_REQUIRED:GA4","OWNER_DATA_REQUIRED:GA4","OWNER_DATA_REQUIRED:GA4_NETLIFY","NOT_MEASURED","templated-review","exact-unique","NO_EXACT_H1_DUPLICATE; GSC_QUERY_DATA_REQUIRED","https://reumlab.com/app/academy/","INDEX / SELF_CANONICAL_STATIC_VERIFIED","MONITOR","템플릿 유사 가능성은 있으나 검색·전환 데이터 없이 삭제·통합하지 않음","P2-monitor","SEO owner"
"https://reumlab.com/website/jeonsigihoegsa/","industry_service","industry_service","앱·웹·AI 개발 파트너를 찾는 사업자와 실무자","OWNER_DATA_REQUIRED:GSC","OWNER_DATA_REQUIRED:GSC","OWNER_DATA_REQUIRED:GSC","OWNER_DATA_REQUIRED:GSC","OWNER_DATA_REQUIRED:BING","OWNER_DATA_REQUIRED:BING_AI_PERFORMANCE","OWNER_DATA_REQUIRED:NAVER","OWNER_DATA_REQUIRED:NAVER","OWNER_DATA_REQUIRED:GA4","OWNER_DATA_REQUIRED:GA4","OWNER_DATA_REQUIRED:GA4_NETLIFY","NOT_MEASURED","templated-review","exact-unique","NO_EXACT_H1_DUPLICATE; GSC_QUERY_DATA_REQUIRED","https://reumlab.com/app/academy/","INDEX / SELF_CANONICAL_STATIC_VERIFIED","MONITOR","템플릿 유사 가능성은 있으나 검색·전환 데이터 없이 삭제·통합하지 않음","P2-monitor","SEO owner"
"https://reumlab.com/website/jeontongsijang/","industry_service","industry_service","앱·웹·AI 개발 파트너를 찾는 사업자와 실무자","OWNER_DATA_REQUIRED:GSC","OWNER_DATA_REQUIRED:GSC","OWNER_DATA_REQUIRED:GSC","OWNER_DATA_REQUIRED:GSC","OWNER_DATA_REQUIRED:BING","OWNER_DATA_REQUIRED:BING_AI_PERFORMANCE","OWNER_DATA_REQUIRED:NAVER","OWNER_DATA_REQUIRED:NAVER","OWNER_DATA_REQUIRED:GA4","OWNER_DATA_REQUIRED:GA4","OWNER_DATA_REQUIRED:GA4_NETLIFY","NOT_MEASURED","templated-review","exact-unique","NO_EXACT_H1_DUPLICATE; GSC_QUERY_DATA_REQUIRED","https://reumlab.com/app/academy/","INDEX / SELF_CANONICAL_STATIC_VERIFIED","MONITOR","템플릿 유사 가능성은 있으나 검색·전환 데이터 없이 삭제·통합하지 않음","P2-monitor","SEO owner"
"https://reumlab.com/website/jigeobjeonmunhaggyo/","industry_service","industry_service","앱·웹·AI 개발 파트너를 찾는 사업자와 실무자","OWNER_DATA_REQUIRED:GSC","OWNER_DATA_REQUIRED:GSC","OWNER_DATA_REQUIRED:GSC","OWNER_DATA_REQUIRED:GSC","OWNER_DATA_REQUIRED:BING","OWNER_DATA_REQUIRED:BING_AI_PERFORMANCE","OWNER_DATA_REQUIRED:NAVER","OWNER_DATA_REQUIRED:NAVER","OWNER_DATA_REQUIRED:GA4","OWNER_DATA_REQUIRED:GA4","OWNER_DATA_REQUIRED:GA4_NETLIFY","NOT_MEASURED","templated-review","exact-unique","NO_EXACT_H1_DUPLICATE; GSC_QUERY_DATA_REQUIRED","https://reumlab.com/app/academy/","INDEX / SELF_CANONICAL_STATIC_VERIFIED","MONITOR","템플릿 유사 가능성은 있으나 검색·전환 데이터 없이 삭제·통합하지 않음","P2-monitor","SEO owner"
"https://reumlab.com/website/jogyeongeobche/","industry_service","industry_service","앱·웹·AI 개발 파트너를 찾는 사업자와 실무자","OWNER_DATA_REQUIRED:GSC","OWNER_DATA_REQUIRED:GSC","OWNER_DATA_REQUIRED:GSC","OWNER_DATA_REQUIRED:GSC","OWNER_DATA_REQUIRED:BING","OWNER_DATA_REQUIRED:BING_AI_PERFORMANCE","OWNER_DATA_REQUIRED:NAVER","OWNER_DATA_REQUIRED:NAVER","OWNER_DATA_REQUIRED:GA4","OWNER_DATA_REQUIRED:GA4","OWNER_DATA_REQUIRED:GA4_NETLIFY","NOT_MEASURED","templated-review","exact-unique","NO_EXACT_H1_DUPLICATE; GSC_QUERY_DATA_REQUIRED","https://reumlab.com/app/academy/","INDEX / SELF_CANONICAL_STATIC_VERIFIED","MONITOR","템플릿 유사 가능성은 있으나 검색·전환 데이터 없이 삭제·통합하지 않음","P2-monitor","SEO owner"
"https://reumlab.com/website/jomyeongeobche/","industry_service","industry_service","앱·웹·AI 개발 파트너를 찾는 사업자와 실무자","OWNER_DATA_REQUIRED:GSC","OWNER_DATA_REQUIRED:GSC","OWNER_DATA_REQUIRED:GSC","OWNER_DATA_REQUIRED:GSC","OWNER_DATA_REQUIRED:BING","OWNER_DATA_REQUIRED:BING_AI_PERFORMANCE","OWNER_DATA_REQUIRED:NAVER","OWNER_DATA_REQUIRED:NAVER","OWNER_DATA_REQUIRED:GA4","OWNER_DATA_REQUIRED:GA4","OWNER_DATA_REQUIRED:GA4_NETLIFY","NOT_MEASURED","templated-review","exact-unique","NO_EXACT_H1_DUPLICATE; GSC_QUERY_DATA_REQUIRED","https://reumlab.com/app/academy/","INDEX / SELF_CANONICAL_STATIC_VERIFIED","MONITOR","템플릿 유사 가능성은 있으나 검색·전환 데이터 없이 삭제·통합하지 않음","P2-monitor","SEO owner"
"https://reumlab.com/website/jonghabgeonseoleob/","industry_service","industry_service","앱·웹·AI 개발 파트너를 찾는 사업자와 실무자","OWNER_DATA_REQUIRED:GSC","OWNER_DATA_REQUIRED:GSC","OWNER_DATA_REQUIRED:GSC","OWNER_DATA_REQUIRED:GSC","OWNER_DATA_REQUIRED:BING","OWNER_DATA_REQUIRED:BING_AI_PERFORMANCE","OWNER_DATA_REQUIRED:NAVER","OWNER_DATA_REQUIRED:NAVER","OWNER_DATA_REQUIRED:GA4","OWNER_DATA_REQUIRED:GA4","OWNER_DATA_REQUIRED:GA4_NETLIFY","NOT_MEASURED","templated-review","exact-unique","NO_EXACT_H1_DUPLICATE; GSC_QUERY_DATA_REQUIRED","https://reumlab.com/app/academy/","INDEX / SELF_CANONICAL_STATIC_VERIFIED","MONITOR","템플릿 유사 가능성은 있으나 검색·전환 데이터 없이 삭제·통합하지 않음","P2-monitor","SEO owner"
"https://reumlab.com/website/jonghabyutongeob/","industry_service","industry_service","앱·웹·AI 개발 파트너를 찾는 사업자와 실무자","OWNER_DATA_REQUIRED:GSC","OWNER_DATA_REQUIRED:GSC","OWNER_DATA_REQUIRED:GSC","OWNER_DATA_REQUIRED:GSC","OWNER_DATA_REQUIRED:BING","OWNER_DATA_REQUIRED:BING_AI_PERFORMANCE","OWNER_DATA_REQUIRED:NAVER","OWNER_DATA_REQUIRED:NAVER","OWNER_DATA_REQUIRED:GA4","OWNER_DATA_REQUIRED:GA4","OWNER_DATA_REQUIRED:GA4_NETLIFY","NOT_MEASURED","templated-review","exact-unique","NO_EXACT_H1_DUPLICATE; GSC_QUERY_DATA_REQUIRED","https://reumlab.com/app/academy/","INDEX / SELF_CANONICAL_STATIC_VERIFIED","MONITOR","템플릿 유사 가능성은 있으나 검색·전환 데이터 없이 삭제·통합하지 않음","P2-monitor","SEO owner"
"https://reumlab.com/website/juchajang/","industry_service","industry_service","앱·웹·AI 개발 파트너를 찾는 사업자와 실무자","OWNER_DATA_REQUIRED:GSC","OWNER_DATA_REQUIRED:GSC","OWNER_DATA_REQUIRED:GSC","OWNER_DATA_REQUIRED:GSC","OWNER_DATA_REQUIRED:BING","OWNER_DATA_REQUIRED:BING_AI_PERFORMANCE","OWNER_DATA_REQUIRED:NAVER","OWNER_DATA_REQUIRED:NAVER","OWNER_DATA_REQUIRED:GA4","OWNER_DATA_REQUIRED:GA4","OWNER_DATA_REQUIRED:GA4_NETLIFY","NOT_MEASURED","templated-review","exact-unique","NO_EXACT_H1_DUPLICATE; GSC_QUERY_DATA_REQUIRED","https://reumlab.com/app/academy/","INDEX / SELF_CANONICAL_STATIC_VERIFIED","MONITOR","템플릿 유사 가능성은 있으나 검색·전환 데이터 없이 삭제·통합하지 않음","P2-monitor","SEO owner"
"https://reumlab.com/website/jueolrisyab/","industry_service","industry_service","앱·웹·AI 개발 파트너를 찾는 사업자와 실무자","OWNER_DATA_REQUIRED:GSC","OWNER_DATA_REQUIRED:GSC","OWNER_DATA_REQUIRED:GSC","OWNER_DATA_REQUIRED:GSC","OWNER_DATA_REQUIRED:BING","OWNER_DATA_REQUIRED:BING_AI_PERFORMANCE","OWNER_DATA_REQUIRED:NAVER","OWNER_DATA_REQUIRED:NAVER","OWNER_DATA_REQUIRED:GA4","OWNER_DATA_REQUIRED:GA4","OWNER_DATA_REQUIRED:GA4_NETLIFY","NOT_MEASURED","templated-review","exact-unique","NO_EXACT_H1_DUPLICATE; GSC_QUERY_DATA_REQUIRED","https://reumlab.com/app/academy/","INDEX / SELF_CANONICAL_STATIC_VERIFIED","MONITOR","템플릿 유사 가능성은 있으나 검색·전환 데이터 없이 삭제·통합하지 않음","P2-monitor","SEO owner"
"https://reumlab.com/website/juganbohosenteo/","industry_service","industry_service","앱·웹·AI 개발 파트너를 찾는 사업자와 실무자","OWNER_DATA_REQUIRED:GSC","OWNER_DATA_REQUIRED:GSC","OWNER_DATA_REQUIRED:GSC","OWNER_DATA_REQUIRED:GSC","OWNER_DATA_REQUIRED:BING","OWNER_DATA_REQUIRED:BING_AI_PERFORMANCE","OWNER_DATA_REQUIRED:NAVER","OWNER_DATA_REQUIRED:NAVER","OWNER_DATA_REQUIRED:GA4","OWNER_DATA_REQUIRED:GA4","OWNER_DATA_REQUIRED:GA4_NETLIFY","NOT_MEASURED","templated-review","exact-unique","NO_EXACT_H1_DUPLICATE; GSC_QUERY_DATA_REQUIRED","https://reumlab.com/app/academy/","INDEX / SELF_CANONICAL_STATIC_VERIFIED","MONITOR","템플릿 유사 가능성은 있으나 검색·전환 데이터 없이 삭제·통합하지 않음","P2-monitor","SEO owner"
"https://reumlab.com/website/jujissudojang/","industry_service","industry_service","앱·웹·AI 개발 파트너를 찾는 사업자와 실무자","OWNER_DATA_REQUIRED:GSC","OWNER_DATA_REQUIRED:GSC","OWNER_DATA_REQUIRED:GSC","OWNER_DATA_REQUIRED:GSC","OWNER_DATA_REQUIRED:BING","OWNER_DATA_REQUIRED:BING_AI_PERFORMANCE","OWNER_DATA_REQUIRED:NAVER","OWNER_DATA_REQUIRED:NAVER","OWNER_DATA_REQUIRED:GA4","OWNER_DATA_REQUIRED:GA4","OWNER_DATA_REQUIRED:GA4_NETLIFY","NOT_MEASURED","templated-review","exact-unique","NO_EXACT_H1_DUPLICATE; GSC_QUERY_DATA_REQUIRED","https://reumlab.com/app/academy/","INDEX / SELF_CANONICAL_STATIC_VERIFIED","MONITOR","템플릿 유사 가능성은 있으나 검색·전환 데이터 없이 삭제·통합하지 않음","P2-monitor","SEO owner"
"https://reumlab.com/website/junggochamaemaeeobche/","industry_service","industry_service","앱·웹·AI 개발 파트너를 찾는 사업자와 실무자","OWNER_DATA_REQUIRED:GSC","OWNER_DATA_REQUIRED:GSC","OWNER_DATA_REQUIRED:GSC","OWNER_DATA_REQUIRED:GSC","OWNER_DATA_REQUIRED:BING","OWNER_DATA_REQUIRED:BING_AI_PERFORMANCE","OWNER_DATA_REQUIRED:NAVER","OWNER_DATA_REQUIRED:NAVER","OWNER_DATA_REQUIRED:GA4","OWNER_DATA_REQUIRED:GA4","OWNER_DATA_REQUIRED:GA4_NETLIFY","NOT_MEASURED","templated-review","exact-unique","NO_EXACT_H1_DUPLICATE; GSC_QUERY_DATA_REQUIRED","https://reumlab.com/app/academy/","INDEX / SELF_CANONICAL_STATIC_VERIFIED","MONITOR","템플릿 유사 가능성은 있으나 검색·전환 데이터 없이 삭제·통합하지 않음","P2-monitor","SEO owner"
"https://reumlab.com/website/junggomaejang/","industry_service","industry_service","앱·웹·AI 개발 파트너를 찾는 사업자와 실무자","OWNER_DATA_REQUIRED:GSC","OWNER_DATA_REQUIRED:GSC","OWNER_DATA_REQUIRED:GSC","OWNER_DATA_REQUIRED:GSC","OWNER_DATA_REQUIRED:BING","OWNER_DATA_REQUIRED:BING_AI_PERFORMANCE","OWNER_DATA_REQUIRED:NAVER","OWNER_DATA_REQUIRED:NAVER","OWNER_DATA_REQUIRED:GA4","OWNER_DATA_REQUIRED:GA4","OWNER_DATA_REQUIRED:GA4_NETLIFY","NOT_MEASURED","templated-review","exact-unique","NO_EXACT_H1_DUPLICATE; GSC_QUERY_DATA_REQUIRED","https://reumlab.com/app/academy/","INDEX / SELF_CANONICAL_STATIC_VERIFIED","MONITOR","템플릿 유사 가능성은 있으나 검색·전환 데이터 없이 삭제·통합하지 않음","P2-monitor","SEO owner"
"https://reumlab.com/website/jungsigdang/","industry_service","industry_service","앱·웹·AI 개발 파트너를 찾는 사업자와 실무자","OWNER_DATA_REQUIRED:GSC","OWNER_DATA_REQUIRED:GSC","OWNER_DATA_REQUIRED:GSC","OWNER_DATA_REQUIRED:GSC","OWNER_DATA_REQUIRED:BING","OWNER_DATA_REQUIRED:BING_AI_PERFORMANCE","OWNER_DATA_REQUIRED:NAVER","OWNER_DATA_REQUIRED:NAVER","OWNER_DATA_REQUIRED:GA4","OWNER_DATA_REQUIRED:GA4","OWNER_DATA_REQUIRED:GA4_NETLIFY","NOT_MEASURED","templated-review","exact-unique","NO_EXACT_H1_DUPLICATE; GSC_QUERY_DATA_REQUIRED","https://reumlab.com/app/academy/","INDEX / SELF_CANONICAL_STATIC_VERIFIED","MONITOR","템플릿 유사 가능성은 있으나 검색·전환 데이터 없이 삭제·통합하지 않음","P2-monitor","SEO owner"
"https://reumlab.com/website/kaempingjang/","industry_service","industry_service","앱·웹·AI 개발 파트너를 찾는 사업자와 실무자","OWNER_DATA_REQUIRED:GSC","OWNER_DATA_REQUIRED:GSC","OWNER_DATA_REQUIRED:GSC","OWNER_DATA_REQUIRED:GSC","OWNER_DATA_REQUIRED:BING","OWNER_DATA_REQUIRED:BING_AI_PERFORMANCE","OWNER_DATA_REQUIRED:NAVER","OWNER_DATA_REQUIRED:NAVER","OWNER_DATA_REQUIRED:GA4","OWNER_DATA_REQUIRED:GA4","OWNER_DATA_REQUIRED:GA4_NETLIFY","NOT_MEASURED","templated-review","exact-unique","NO_EXACT_H1_DUPLICATE; GSC_QUERY_DATA_REQUIRED","https://reumlab.com/app/academy/","INDEX / SELF_CANONICAL_STATIC_VERIFIED","MONITOR","템플릿 유사 가능성은 있으나 검색·전환 데이터 없이 삭제·통합하지 않음","P2-monitor","SEO owner"
"https://reumlab.com/website/kaempingpensyeon/","industry_service","industry_service","앱·웹·AI 개발 파트너를 찾는 사업자와 실무자","OWNER_DATA_REQUIRED:GSC","OWNER_DATA_REQUIRED:GSC","OWNER_DATA_REQUIRED:GSC","OWNER_DATA_REQUIRED:GSC","OWNER_DATA_REQUIRED:BING","OWNER_DATA_REQUIRED:BING_AI_PERFORMANCE","OWNER_DATA_REQUIRED:NAVER","OWNER_DATA_REQUIRED:NAVER","OWNER_DATA_REQUIRED:GA4","OWNER_DATA_REQUIRED:GA4","OWNER_DATA_REQUIRED:GA4_NETLIFY","NOT_MEASURED","templated-review","exact-unique","NO_EXACT_H1_DUPLICATE; GSC_QUERY_DATA_REQUIRED","https://reumlab.com/app/academy/","INDEX / SELF_CANONICAL_STATIC_VERIFIED","MONITOR","템플릿 유사 가능성은 있으나 검색·전환 데이터 없이 삭제·통합하지 않음","P2-monitor","SEO owner"
"https://reumlab.com/website/kape/","industry_service","industry_service","앱·웹·AI 개발 파트너를 찾는 사업자와 실무자","OWNER_DATA_REQUIRED:GSC","OWNER_DATA_REQUIRED:GSC","OWNER_DATA_REQUIRED:GSC","OWNER_DATA_REQUIRED:GSC","OWNER_DATA_REQUIRED:BING","OWNER_DATA_REQUIRED:BING_AI_PERFORMANCE","OWNER_DATA_REQUIRED:NAVER","OWNER_DATA_REQUIRED:NAVER","OWNER_DATA_REQUIRED:GA4","OWNER_DATA_REQUIRED:GA4","OWNER_DATA_REQUIRED:GA4_NETLIFY","NOT_MEASURED","templated-review","exact-unique","NO_EXACT_H1_DUPLICATE; GSC_QUERY_DATA_REQUIRED","https://reumlab.com/app/academy/","INDEX / SELF_CANONICAL_STATIC_VERIFIED","MONITOR","템플릿 유사 가능성은 있으나 검색·전환 데이터 없이 삭제·통합하지 않음","P2-monitor","SEO owner"
"https://reumlab.com/website/kasenteo/","industry_service","industry_service","앱·웹·AI 개발 파트너를 찾는 사업자와 실무자","OWNER_DATA_REQUIRED:GSC","OWNER_DATA_REQUIRED:GSC","OWNER_DATA_REQUIRED:GSC","OWNER_DATA_REQUIRED:GSC","OWNER_DATA_REQUIRED:BING","OWNER_DATA_REQUIRED:BING_AI_PERFORMANCE","OWNER_DATA_REQUIRED:NAVER","OWNER_DATA_REQUIRED:NAVER","OWNER_DATA_REQUIRED:GA4","OWNER_DATA_REQUIRED:GA4","OWNER_DATA_REQUIRED:GA4_NETLIFY","NOT_MEASURED","templated-review","exact-unique","NO_EXACT_H1_DUPLICATE; GSC_QUERY_DATA_REQUIRED","https://reumlab.com/app/academy/","INDEX / SELF_CANONICAL_STATIC_VERIFIED","MONITOR","템플릿 유사 가능성은 있으나 검색·전환 데이터 없이 삭제·통합하지 않음","P2-monitor","SEO owner"
"https://reumlab.com/website/keiteoring/","industry_service","industry_service","앱·웹·AI 개발 파트너를 찾는 사업자와 실무자","OWNER_DATA_REQUIRED:GSC","OWNER_DATA_REQUIRED:GSC","OWNER_DATA_REQUIRED:GSC","OWNER_DATA_REQUIRED:GSC","OWNER_DATA_REQUIRED:BING","OWNER_DATA_REQUIRED:BING_AI_PERFORMANCE","OWNER_DATA_REQUIRED:NAVER","OWNER_DATA_REQUIRED:NAVER","OWNER_DATA_REQUIRED:GA4","OWNER_DATA_REQUIRED:GA4","OWNER_DATA_REQUIRED:GA4_NETLIFY","NOT_MEASURED","templated-review","exact-unique","NO_EXACT_H1_DUPLICATE; GSC_QUERY_DATA_REQUIRED","https://reumlab.com/app/academy/","INDEX / SELF_CANONICAL_STATIC_VERIFIED","MONITOR","템플릿 유사 가능성은 있으나 검색·전환 데이터 없이 삭제·통합하지 않음","P2-monitor","SEO owner"
"https://reumlab.com/website/keompyuteosurieobche/","industry_service","industry_service","앱·웹·AI 개발 파트너를 찾는 사업자와 실무자","OWNER_DATA_REQUIRED:GSC","OWNER_DATA_REQUIRED:GSC","OWNER_DATA_REQUIRED:GSC","OWNER_DATA_REQUIRED:GSC","OWNER_DATA_REQUIRED:BING","OWNER_DATA_REQUIRED:BING_AI_PERFORMANCE","OWNER_DATA_REQUIRED:NAVER","OWNER_DATA_REQUIRED:NAVER","OWNER_DATA_REQUIRED:GA4","OWNER_DATA_REQUIRED:GA4","OWNER_DATA_REQUIRED:GA4_NETLIFY","NOT_MEASURED","templated-review","exact-unique","NO_EXACT_H1_DUPLICATE; GSC_QUERY_DATA_REQUIRED","https://reumlab.com/app/academy/","INDEX / SELF_CANONICAL_STATIC_VERIFIED","MONITOR","템플릿 유사 가능성은 있으나 검색·전환 데이터 없이 삭제·통합하지 않음","P2-monitor","SEO owner"
"https://reumlab.com/website/keulraimingjim/","industry_service","industry_service","앱·웹·AI 개발 파트너를 찾는 사업자와 실무자","OWNER_DATA_REQUIRED:GSC","OWNER_DATA_REQUIRED:GSC","OWNER_DATA_REQUIRED:GSC","OWNER_DATA_REQUIRED:GSC","OWNER_DATA_REQUIRED:BING","OWNER_DATA_REQUIRED:BING_AI_PERFORMANCE","OWNER_DATA_REQUIRED:NAVER","OWNER_DATA_REQUIRED:NAVER","OWNER_DATA_REQUIRED:GA4","OWNER_DATA_REQUIRED:GA4","OWNER_DATA_REQUIRED:GA4_NETLIFY","NOT_MEASURED","templated-review","exact-unique","NO_EXACT_H1_DUPLICATE; GSC_QUERY_DATA_REQUIRED","https://reumlab.com/app/academy/","INDEX / SELF_CANONICAL_STATIC_VERIFIED","MONITOR","템플릿 유사 가능성은 있으나 검색·전환 데이터 없이 삭제·통합하지 않음","P2-monitor","SEO owner"
"https://reumlab.com/website/keuroseupis/","industry_service","industry_service","앱·웹·AI 개발 파트너를 찾는 사업자와 실무자","OWNER_DATA_REQUIRED:GSC","OWNER_DATA_REQUIRED:GSC","OWNER_DATA_REQUIRED:GSC","OWNER_DATA_REQUIRED:GSC","OWNER_DATA_REQUIRED:BING","OWNER_DATA_REQUIRED:BING_AI_PERFORMANCE","OWNER_DATA_REQUIRED:NAVER","OWNER_DATA_REQUIRED:NAVER","OWNER_DATA_REQUIRED:GA4","OWNER_DATA_REQUIRED:GA4","OWNER_DATA_REQUIRED:GA4_NETLIFY","NOT_MEASURED","templated-review","exact-unique","NO_EXACT_H1_DUPLICATE; GSC_QUERY_DATA_REQUIRED","https://reumlab.com/app/academy/","INDEX / SELF_CANONICAL_STATIC_VERIFIED","MONITOR","템플릿 유사 가능성은 있으나 검색·전환 데이터 없이 삭제·통합하지 않음","P2-monitor","SEO owner"
"https://reumlab.com/website/kkochjib/","industry_service","industry_service","앱·웹·AI 개발 파트너를 찾는 사업자와 실무자","OWNER_DATA_REQUIRED:GSC","OWNER_DATA_REQUIRED:GSC","OWNER_DATA_REQUIRED:GSC","OWNER_DATA_REQUIRED:GSC","OWNER_DATA_REQUIRED:BING","OWNER_DATA_REQUIRED:BING_AI_PERFORMANCE","OWNER_DATA_REQUIRED:NAVER","OWNER_DATA_REQUIRED:NAVER","OWNER_DATA_REQUIRED:GA4","OWNER_DATA_REQUIRED:GA4","OWNER_DATA_REQUIRED:GA4_NETLIFY","NOT_MEASURED","templated-review","exact-unique","NO_EXACT_H1_DUPLICATE; GSC_QUERY_DATA_REQUIRED","https://reumlab.com/app/academy/","INDEX / SELF_CANONICAL_STATIC_VERIFIED","MONITOR","템플릿 유사 가능성은 있으나 검색·전환 데이터 없이 삭제·통합하지 않음","P2-monitor","SEO owner"
"https://reumlab.com/website/kodinghagwon/","industry_service","industry_service","앱·웹·AI 개발 파트너를 찾는 사업자와 실무자","OWNER_DATA_REQUIRED:GSC","OWNER_DATA_REQUIRED:GSC","OWNER_DATA_REQUIRED:GSC","OWNER_DATA_REQUIRED:GSC","OWNER_DATA_REQUIRED:BING","OWNER_DATA_REQUIRED:BING_AI_PERFORMANCE","OWNER_DATA_REQUIRED:NAVER","OWNER_DATA_REQUIRED:NAVER","OWNER_DATA_REQUIRED:GA4","OWNER_DATA_REQUIRED:GA4","OWNER_DATA_REQUIRED:GA4_NETLIFY","NOT_MEASURED","templated-review","exact-unique","NO_EXACT_H1_DUPLICATE; GSC_QUERY_DATA_REQUIRED","https://reumlab.com/app/academy/","INDEX / SELF_CANONICAL_STATIC_VERIFIED","MONITOR","템플릿 유사 가능성은 있으나 검색·전환 데이터 없이 삭제·통합하지 않음","P2-monitor","SEO owner"
"https://reumlab.com/website/koinsetagso/","industry_service","industry_service","앱·웹·AI 개발 파트너를 찾는 사업자와 실무자","OWNER_DATA_REQUIRED:GSC","OWNER_DATA_REQUIRED:GSC","OWNER_DATA_REQUIRED:GSC","OWNER_DATA_REQUIRED:GSC","OWNER_DATA_REQUIRED:BING","OWNER_DATA_REQUIRED:BING_AI_PERFORMANCE","OWNER_DATA_REQUIRED:NAVER","OWNER_DATA_REQUIRED:NAVER","OWNER_DATA_REQUIRED:GA4","OWNER_DATA_REQUIRED:GA4","OWNER_DATA_REQUIRED:GA4_NETLIFY","NOT_MEASURED","templated-review","exact-unique","NO_EXACT_H1_DUPLICATE; GSC_QUERY_DATA_REQUIRED","https://reumlab.com/app/academy/","INDEX / SELF_CANONICAL_STATIC_VERIFIED","MONITOR","템플릿 유사 가능성은 있으나 검색·전환 데이터 없이 삭제·통합하지 않음","P2-monitor","SEO owner"
"https://reumlab.com/website/kwigseobiseu/","industry_service","industry_service","앱·웹·AI 개발 파트너를 찾는 사업자와 실무자","OWNER_DATA_REQUIRED:GSC","OWNER_DATA_REQUIRED:GSC","OWNER_DATA_REQUIRED:GSC","OWNER_DATA_REQUIRED:GSC","OWNER_DATA_REQUIRED:BING","OWNER_DATA_REQUIRED:BING_AI_PERFORMANCE","OWNER_DATA_REQUIRED:NAVER","OWNER_DATA_REQUIRED:NAVER","OWNER_DATA_REQUIRED:GA4","OWNER_DATA_REQUIRED:GA4","OWNER_DATA_REQUIRED:GA4_NETLIFY","NOT_MEASURED","templated-review","exact-unique","NO_EXACT_H1_DUPLICATE; GSC_QUERY_DATA_REQUIRED","https://reumlab.com/app/academy/","INDEX / SELF_CANONICAL_STATIC_VERIFIED","MONITOR","템플릿 유사 가능성은 있으나 검색·전환 데이터 없이 삭제·통합하지 않음","P2-monitor","SEO owner"
"https://reumlab.com/website/majchumjeongjang/","industry_service","industry_service","앱·웹·AI 개발 파트너를 찾는 사업자와 실무자","OWNER_DATA_REQUIRED:GSC","OWNER_DATA_REQUIRED:GSC","OWNER_DATA_REQUIRED:GSC","OWNER_DATA_REQUIRED:GSC","OWNER_DATA_REQUIRED:BING","OWNER_DATA_REQUIRED:BING_AI_PERFORMANCE","OWNER_DATA_REQUIRED:NAVER","OWNER_DATA_REQUIRED:NAVER","OWNER_DATA_REQUIRED:GA4","OWNER_DATA_REQUIRED:GA4","OWNER_DATA_REQUIRED:GA4_NETLIFY","NOT_MEASURED","templated-review","exact-unique","NO_EXACT_H1_DUPLICATE; GSC_QUERY_DATA_REQUIRED","https://reumlab.com/app/academy/","INDEX / SELF_CANONICAL_STATIC_VERIFIED","MONITOR","템플릿 유사 가능성은 있으나 검색·전환 데이터 없이 삭제·통합하지 않음","P2-monitor","SEO owner"
"https://reumlab.com/website/maketingdaehaengsa/","industry_service","industry_service","앱·웹·AI 개발 파트너를 찾는 사업자와 실무자","OWNER_DATA_REQUIRED:GSC","OWNER_DATA_REQUIRED:GSC","OWNER_DATA_REQUIRED:GSC","OWNER_DATA_REQUIRED:GSC","OWNER_DATA_REQUIRED:BING","OWNER_DATA_REQUIRED:BING_AI_PERFORMANCE","OWNER_DATA_REQUIRED:NAVER","OWNER_DATA_REQUIRED:NAVER","OWNER_DATA_REQUIRED:GA4","OWNER_DATA_REQUIRED:GA4","OWNER_DATA_REQUIRED:GA4_NETLIFY","NOT_MEASURED","templated-review","exact-unique","NO_EXACT_H1_DUPLICATE; GSC_QUERY_DATA_REQUIRED","https://reumlab.com/app/academy/","INDEX / SELF_CANONICAL_STATIC_VERIFIED","MONITOR","템플릿 유사 가능성은 있으나 검색·전환 데이터 없이 삭제·통합하지 않음","P2-monitor","SEO owner"
"https://reumlab.com/website/masajisyab/","industry_service","industry_service","앱·웹·AI 개발 파트너를 찾는 사업자와 실무자","OWNER_DATA_REQUIRED:GSC","OWNER_DATA_REQUIRED:GSC","OWNER_DATA_REQUIRED:GSC","OWNER_DATA_REQUIRED:GSC","OWNER_DATA_REQUIRED:BING","OWNER_DATA_REQUIRED:BING_AI_PERFORMANCE","OWNER_DATA_REQUIRED:NAVER","OWNER_DATA_REQUIRED:NAVER","OWNER_DATA_REQUIRED:GA4","OWNER_DATA_REQUIRED:GA4","OWNER_DATA_REQUIRED:GA4_NETLIFY","NOT_MEASURED","templated-review","exact-unique","NO_EXACT_H1_DUPLICATE; GSC_QUERY_DATA_REQUIRED","https://reumlab.com/app/academy/","INDEX / SELF_CANONICAL_STATIC_VERIFIED","MONITOR","템플릿 유사 가능성은 있으나 검색·전환 데이터 없이 삭제·통합하지 않음","P2-monitor","SEO owner"
"https://reumlab.com/website/mateu/","industry_service","industry_service","앱·웹·AI 개발 파트너를 찾는 사업자와 실무자","OWNER_DATA_REQUIRED:GSC","OWNER_DATA_REQUIRED:GSC","OWNER_DATA_REQUIRED:GSC","OWNER_DATA_REQUIRED:GSC","OWNER_DATA_REQUIRED:BING","OWNER_DATA_REQUIRED:BING_AI_PERFORMANCE","OWNER_DATA_REQUIRED:NAVER","OWNER_DATA_REQUIRED:NAVER","OWNER_DATA_REQUIRED:GA4","OWNER_DATA_REQUIRED:GA4","OWNER_DATA_REQUIRED:GA4_NETLIFY","NOT_MEASURED","templated-review","exact-unique","NO_EXACT_H1_DUPLICATE; GSC_QUERY_DATA_REQUIRED","https://reumlab.com/app/academy/","INDEX / SELF_CANONICAL_STATIC_VERIFIED","MONITOR","템플릿 유사 가능성은 있으나 검색·전환 데이터 없이 삭제·통합하지 않음","P2-monitor","SEO owner"
"https://reumlab.com/website/mcn-agency/","industry_service","industry_service","앱·웹·AI 개발 파트너를 찾는 사업자와 실무자","OWNER_DATA_REQUIRED:GSC","OWNER_DATA_REQUIRED:GSC","OWNER_DATA_REQUIRED:GSC","OWNER_DATA_REQUIRED:GSC","OWNER_DATA_REQUIRED:BING","OWNER_DATA_REQUIRED:BING_AI_PERFORMANCE","OWNER_DATA_REQUIRED:NAVER","OWNER_DATA_REQUIRED:NAVER","OWNER_DATA_REQUIRED:GA4","OWNER_DATA_REQUIRED:GA4","OWNER_DATA_REQUIRED:GA4_NETLIFY","NOT_MEASURED","templated-review","exact-unique","NO_EXACT_H1_DUPLICATE; GSC_QUERY_DATA_REQUIRED","https://reumlab.com/app/academy/","INDEX / SELF_CANONICAL_STATIC_VERIFIED","MONITOR","템플릿 유사 가능성은 있으나 검색·전환 데이터 없이 삭제·통합하지 않음","P2-monitor","SEO owner"
"https://reumlab.com/website/meikeueobsyab/","industry_service","industry_service","앱·웹·AI 개발 파트너를 찾는 사업자와 실무자","OWNER_DATA_REQUIRED:GSC","OWNER_DATA_REQUIRED:GSC","OWNER_DATA_REQUIRED:GSC","OWNER_DATA_REQUIRED:GSC","OWNER_DATA_REQUIRED:BING","OWNER_DATA_REQUIRED:BING_AI_PERFORMANCE","OWNER_DATA_REQUIRED:NAVER","OWNER_DATA_REQUIRED:NAVER","OWNER_DATA_REQUIRED:GA4","OWNER_DATA_REQUIRED:GA4","OWNER_DATA_REQUIRED:GA4_NETLIFY","NOT_MEASURED","templated-review","exact-unique","NO_EXACT_H1_DUPLICATE; GSC_QUERY_DATA_REQUIRED","https://reumlab.com/app/academy/","INDEX / SELF_CANONICAL_STATIC_VERIFIED","MONITOR","템플릿 유사 가능성은 있으나 검색·전환 데이터 없이 삭제·통합하지 않음","P2-monitor","SEO owner"
"https://reumlab.com/website/minbag/","industry_service","industry_service","앱·웹·AI 개발 파트너를 찾는 사업자와 실무자","OWNER_DATA_REQUIRED:GSC","OWNER_DATA_REQUIRED:GSC","OWNER_DATA_REQUIRED:GSC","OWNER_DATA_REQUIRED:GSC","OWNER_DATA_REQUIRED:BING","OWNER_DATA_REQUIRED:BING_AI_PERFORMANCE","OWNER_DATA_REQUIRED:NAVER","OWNER_DATA_REQUIRED:NAVER","OWNER_DATA_REQUIRED:GA4","OWNER_DATA_REQUIRED:GA4","OWNER_DATA_REQUIRED:GA4_NETLIFY","NOT_MEASURED","templated-review","exact-unique","NO_EXACT_H1_DUPLICATE; GSC_QUERY_DATA_REQUIRED","https://reumlab.com/app/academy/","INDEX / SELF_CANONICAL_STATIC_VERIFIED","MONITOR","템플릿 유사 가능성은 있으나 검색·전환 데이터 없이 삭제·통합하지 않음","P2-monitor","SEO owner"
"https://reumlab.com/website/misulhagwon/","industry_service","industry_service","앱·웹·AI 개발 파트너를 찾는 사업자와 실무자","OWNER_DATA_REQUIRED:GSC","OWNER_DATA_REQUIRED:GSC","OWNER_DATA_REQUIRED:GSC","OWNER_DATA_REQUIRED:GSC","OWNER_DATA_REQUIRED:BING","OWNER_DATA_REQUIRED:BING_AI_PERFORMANCE","OWNER_DATA_REQUIRED:NAVER","OWNER_DATA_REQUIRED:NAVER","OWNER_DATA_REQUIRED:GA4","OWNER_DATA_REQUIRED:GA4","OWNER_DATA_REQUIRED:GA4_NETLIFY","NOT_MEASURED","templated-review","exact-unique","NO_EXACT_H1_DUPLICATE; GSC_QUERY_DATA_REQUIRED","https://reumlab.com/app/academy/","INDEX / SELF_CANONICAL_STATIC_VERIFIED","MONITOR","템플릿 유사 가능성은 있으나 검색·전환 데이터 없이 삭제·통합하지 않음","P2-monitor","SEO owner"
"https://reumlab.com/website/miyongsil/","industry_service","industry_service","앱·웹·AI 개발 파트너를 찾는 사업자와 실무자","OWNER_DATA_REQUIRED:GSC","OWNER_DATA_REQUIRED:GSC","OWNER_DATA_REQUIRED:GSC","OWNER_DATA_REQUIRED:GSC","OWNER_DATA_REQUIRED:BING","OWNER_DATA_REQUIRED:BING_AI_PERFORMANCE","OWNER_DATA_REQUIRED:NAVER","OWNER_DATA_REQUIRED:NAVER","OWNER_DATA_REQUIRED:GA4","OWNER_DATA_REQUIRED:GA4","OWNER_DATA_REQUIRED:GA4_NETLIFY","NOT_MEASURED","templated-review","exact-unique","NO_EXACT_H1_DUPLICATE; GSC_QUERY_DATA_REQUIRED","https://reumlab.com/app/academy/","INDEX / SELF_CANONICAL_STATIC_VERIFIED","MONITOR","템플릿 유사 가능성은 있으나 검색·전환 데이터 없이 삭제·통합하지 않음","P2-monitor","SEO owner"
"https://reumlab.com/website/motel/","industry_service","industry_service","앱·웹·AI 개발 파트너를 찾는 사업자와 실무자","OWNER_DATA_REQUIRED:GSC","OWNER_DATA_REQUIRED:GSC","OWNER_DATA_REQUIRED:GSC","OWNER_DATA_REQUIRED:GSC","OWNER_DATA_REQUIRED:BING","OWNER_DATA_REQUIRED:BING_AI_PERFORMANCE","OWNER_DATA_REQUIRED:NAVER","OWNER_DATA_REQUIRED:NAVER","OWNER_DATA_REQUIRED:GA4","OWNER_DATA_REQUIRED:GA4","OWNER_DATA_REQUIRED:GA4_NETLIFY","NOT_MEASURED","templated-review","exact-unique","NO_EXACT_H1_DUPLICATE; GSC_QUERY_DATA_REQUIRED","https://reumlab.com/app/academy/","INDEX / SELF_CANONICAL_STATIC_VERIFIED","MONITOR","템플릿 유사 가능성은 있으나 검색·전환 데이터 없이 삭제·통합하지 않음","P2-monitor","SEO owner"
"https://reumlab.com/website/mulryuhoesa/","industry_service","industry_service","앱·웹·AI 개발 파트너를 찾는 사업자와 실무자","OWNER_DATA_REQUIRED:GSC","OWNER_DATA_REQUIRED:GSC","OWNER_DATA_REQUIRED:GSC","OWNER_DATA_REQUIRED:GSC","OWNER_DATA_REQUIRED:BING","OWNER_DATA_REQUIRED:BING_AI_PERFORMANCE","OWNER_DATA_REQUIRED:NAVER","OWNER_DATA_REQUIRED:NAVER","OWNER_DATA_REQUIRED:GA4","OWNER_DATA_REQUIRED:GA4","OWNER_DATA_REQUIRED:GA4_NETLIFY","NOT_MEASURED","templated-review","exact-unique","NO_EXACT_H1_DUPLICATE; GSC_QUERY_DATA_REQUIRED","https://reumlab.com/app/academy/","INDEX / SELF_CANONICAL_STATIC_VERIFIED","MONITOR","템플릿 유사 가능성은 있으나 검색·전환 데이터 없이 삭제·통합하지 않음","P2-monitor","SEO owner"
"https://reumlab.com/website/muyeoghoesa/","industry_service","industry_service","앱·웹·AI 개발 파트너를 찾는 사업자와 실무자","OWNER_DATA_REQUIRED:GSC","OWNER_DATA_REQUIRED:GSC","OWNER_DATA_REQUIRED:GSC","OWNER_DATA_REQUIRED:GSC","OWNER_DATA_REQUIRED:BING","OWNER_DATA_REQUIRED:BING_AI_PERFORMANCE","OWNER_DATA_REQUIRED:NAVER","OWNER_DATA_REQUIRED:NAVER","OWNER_DATA_REQUIRED:GA4","OWNER_DATA_REQUIRED:GA4","OWNER_DATA_REQUIRED:GA4_NETLIFY","NOT_MEASURED","templated-review","exact-unique","NO_EXACT_H1_DUPLICATE; GSC_QUERY_DATA_REQUIRED","https://reumlab.com/app/academy/","INDEX / SELF_CANONICAL_STATIC_VERIFIED","MONITOR","템플릿 유사 가능성은 있으나 검색·전환 데이터 없이 삭제·통합하지 않음","P2-monitor","SEO owner"
"https://reumlab.com/website/naegwa/","industry_service","industry_service","앱·웹·AI 개발 파트너를 찾는 사업자와 실무자","OWNER_DATA_REQUIRED:GSC","OWNER_DATA_REQUIRED:GSC","OWNER_DATA_REQUIRED:GSC","OWNER_DATA_REQUIRED:GSC","OWNER_DATA_REQUIRED:BING","OWNER_DATA_REQUIRED:BING_AI_PERFORMANCE","OWNER_DATA_REQUIRED:NAVER","OWNER_DATA_REQUIRED:NAVER","OWNER_DATA_REQUIRED:GA4","OWNER_DATA_REQUIRED:GA4","OWNER_DATA_REQUIRED:GA4_NETLIFY","NOT_MEASURED","templated-review","exact-unique","NO_EXACT_H1_DUPLICATE; GSC_QUERY_DATA_REQUIRED","https://reumlab.com/app/academy/","INDEX / SELF_CANONICAL_STATIC_VERIFIED","MONITOR","템플릿 유사 가능성은 있으나 검색·전환 데이터 없이 삭제·통합하지 않음","P2-monitor","SEO owner"
"https://reumlab.com/website/nakksiteo/","industry_service","industry_service","앱·웹·AI 개발 파트너를 찾는 사업자와 실무자","OWNER_DATA_REQUIRED:GSC","OWNER_DATA_REQUIRED:GSC","OWNER_DATA_REQUIRED:GSC","OWNER_DATA_REQUIRED:GSC","OWNER_DATA_REQUIRED:BING","OWNER_DATA_REQUIRED:BING_AI_PERFORMANCE","OWNER_DATA_REQUIRED:NAVER","OWNER_DATA_REQUIRED:NAVER","OWNER_DATA_REQUIRED:GA4","OWNER_DATA_REQUIRED:GA4","OWNER_DATA_REQUIRED:GA4_NETLIFY","NOT_MEASURED","templated-review","exact-unique","NO_EXACT_H1_DUPLICATE; GSC_QUERY_DATA_REQUIRED","https://reumlab.com/app/academy/","INDEX / SELF_CANONICAL_STATIC_VERIFIED","MONITOR","템플릿 유사 가능성은 있으나 검색·전환 데이터 없이 삭제·통합하지 않음","P2-monitor","SEO owner"
"https://reumlab.com/website/neilsyab/","industry_service","industry_service","앱·웹·AI 개발 파트너를 찾는 사업자와 실무자","OWNER_DATA_REQUIRED:GSC","OWNER_DATA_REQUIRED:GSC","OWNER_DATA_REQUIRED:GSC","OWNER_DATA_REQUIRED:GSC","OWNER_DATA_REQUIRED:BING","OWNER_DATA_REQUIRED:BING_AI_PERFORMANCE","OWNER_DATA_REQUIRED:NAVER","OWNER_DATA_REQUIRED:NAVER","OWNER_DATA_REQUIRED:GA4","OWNER_DATA_REQUIRED:GA4","OWNER_DATA_REQUIRED:GA4_NETLIFY","NOT_MEASURED","templated-review","exact-unique","NO_EXACT_H1_DUPLICATE; GSC_QUERY_DATA_REQUIRED","https://reumlab.com/app/academy/","INDEX / SELF_CANONICAL_STATIC_VERIFIED","MONITOR","템플릿 유사 가능성은 있으나 검색·전환 데이터 없이 삭제·통합하지 않음","P2-monitor","SEO owner"
"https://reumlab.com/website/noinbogjigwan/","industry_service","industry_service","앱·웹·AI 개발 파트너를 찾는 사업자와 실무자","OWNER_DATA_REQUIRED:GSC","OWNER_DATA_REQUIRED:GSC","OWNER_DATA_REQUIRED:GSC","OWNER_DATA_REQUIRED:GSC","OWNER_DATA_REQUIRED:BING","OWNER_DATA_REQUIRED:BING_AI_PERFORMANCE","OWNER_DATA_REQUIRED:NAVER","OWNER_DATA_REQUIRED:NAVER","OWNER_DATA_REQUIRED:GA4","OWNER_DATA_REQUIRED:GA4","OWNER_DATA_REQUIRED:GA4_NETLIFY","NOT_MEASURED","templated-review","exact-unique","NO_EXACT_H1_DUPLICATE; GSC_QUERY_DATA_REQUIRED","https://reumlab.com/app/academy/","INDEX / SELF_CANONICAL_STATIC_VERIFIED","MONITOR","템플릿 유사 가능성은 있으나 검색·전환 데이터 없이 삭제·통합하지 않음","P2-monitor","SEO owner"
"https://reumlab.com/website/nomusa/","industry_service","industry_service","앱·웹·AI 개발 파트너를 찾는 사업자와 실무자","OWNER_DATA_REQUIRED:GSC","OWNER_DATA_REQUIRED:GSC","OWNER_DATA_REQUIRED:GSC","OWNER_DATA_REQUIRED:GSC","OWNER_DATA_REQUIRED:BING","OWNER_DATA_REQUIRED:BING_AI_PERFORMANCE","OWNER_DATA_REQUIRED:NAVER","OWNER_DATA_REQUIRED:NAVER","OWNER_DATA_REQUIRED:GA4","OWNER_DATA_REQUIRED:GA4","OWNER_DATA_REQUIRED:GA4_NETLIFY","NOT_MEASURED","templated-review","exact-unique","NO_EXACT_H1_DUPLICATE; GSC_QUERY_DATA_REQUIRED","https://reumlab.com/app/academy/","INDEX / SELF_CANONICAL_STATIC_VERIFIED","MONITOR","템플릿 유사 가능성은 있으나 검색·전환 데이터 없이 삭제·통합하지 않음","P2-monitor","SEO owner"
"https://reumlab.com/website/nongsanmulpanmae/","industry_service","industry_service","앱·웹·AI 개발 파트너를 찾는 사업자와 실무자","OWNER_DATA_REQUIRED:GSC","OWNER_DATA_REQUIRED:GSC","OWNER_DATA_REQUIRED:GSC","OWNER_DATA_REQUIRED:GSC","OWNER_DATA_REQUIRED:BING","OWNER_DATA_REQUIRED:BING_AI_PERFORMANCE","OWNER_DATA_REQUIRED:NAVER","OWNER_DATA_REQUIRED:NAVER","OWNER_DATA_REQUIRED:GA4","OWNER_DATA_REQUIRED:GA4","OWNER_DATA_REQUIRED:GA4_NETLIFY","NOT_MEASURED","templated-review","exact-unique","NO_EXACT_H1_DUPLICATE; GSC_QUERY_DATA_REQUIRED","https://reumlab.com/app/academy/","INDEX / SELF_CANONICAL_STATIC_VERIFIED","MONITOR","템플릿 유사 가능성은 있으나 검색·전환 데이터 없이 삭제·통합하지 않음","P2-monitor","SEO owner"
"https://reumlab.com/website/nusutamjieobche/","industry_service","industry_service","앱·웹·AI 개발 파트너를 찾는 사업자와 실무자","OWNER_DATA_REQUIRED:GSC","OWNER_DATA_REQUIRED:GSC","OWNER_DATA_REQUIRED:GSC","OWNER_DATA_REQUIRED:GSC","OWNER_DATA_REQUIRED:BING","OWNER_DATA_REQUIRED:BING_AI_PERFORMANCE","OWNER_DATA_REQUIRED:NAVER","OWNER_DATA_REQUIRED:NAVER","OWNER_DATA_REQUIRED:GA4","OWNER_DATA_REQUIRED:GA4","OWNER_DATA_REQUIRED:GA4_NETLIFY","NOT_MEASURED","templated-review","exact-unique","NO_EXACT_H1_DUPLICATE; GSC_QUERY_DATA_REQUIRED","https://reumlab.com/app/academy/","INDEX / SELF_CANONICAL_STATIC_VERIFIED","MONITOR","템플릿 유사 가능성은 있으나 검색·전환 데이터 없이 삭제·통합하지 않음","P2-monitor","SEO owner"
"https://reumlab.com/website/onrainsyopingmol/","industry_service","industry_service","앱·웹·AI 개발 파트너를 찾는 사업자와 실무자","OWNER_DATA_REQUIRED:GSC","OWNER_DATA_REQUIRED:GSC","OWNER_DATA_REQUIRED:GSC","OWNER_DATA_REQUIRED:GSC","OWNER_DATA_REQUIRED:BING","OWNER_DATA_REQUIRED:BING_AI_PERFORMANCE","OWNER_DATA_REQUIRED:NAVER","OWNER_DATA_REQUIRED:NAVER","OWNER_DATA_REQUIRED:GA4","OWNER_DATA_REQUIRED:GA4","OWNER_DATA_REQUIRED:GA4_NETLIFY","NOT_MEASURED","templated-review","exact-unique","NO_EXACT_H1_DUPLICATE; GSC_QUERY_DATA_REQUIRED","https://reumlab.com/app/academy/","INDEX / SELF_CANONICAL_STATIC_VERIFIED","MONITOR","템플릿 유사 가능성은 있으나 검색·전환 데이터 없이 삭제·통합하지 않음","P2-monitor","SEO owner"
"https://reumlab.com/website/otobaimaejang/","industry_service","industry_service","앱·웹·AI 개발 파트너를 찾는 사업자와 실무자","OWNER_DATA_REQUIRED:GSC","OWNER_DATA_REQUIRED:GSC","OWNER_DATA_REQUIRED:GSC","OWNER_DATA_REQUIRED:GSC","OWNER_DATA_REQUIRED:BING","OWNER_DATA_REQUIRED:BING_AI_PERFORMANCE","OWNER_DATA_REQUIRED:NAVER","OWNER_DATA_REQUIRED:NAVER","OWNER_DATA_REQUIRED:GA4","OWNER_DATA_REQUIRED:GA4","OWNER_DATA_REQUIRED:GA4_NETLIFY","NOT_MEASURED","templated-review","exact-unique","NO_EXACT_H1_DUPLICATE; GSC_QUERY_DATA_REQUIRED","https://reumlab.com/app/academy/","INDEX / SELF_CANONICAL_STATIC_VERIFIED","MONITOR","템플릿 유사 가능성은 있으나 검색·전환 데이터 없이 삭제·통합하지 않음","P2-monitor","SEO owner"
"https://reumlab.com/website/panchogmuleobche/","industry_service","industry_service","앱·웹·AI 개발 파트너를 찾는 사업자와 실무자","OWNER_DATA_REQUIRED:GSC","OWNER_DATA_REQUIRED:GSC","OWNER_DATA_REQUIRED:GSC","OWNER_DATA_REQUIRED:GSC","OWNER_DATA_REQUIRED:BING","OWNER_DATA_REQUIRED:BING_AI_PERFORMANCE","OWNER_DATA_REQUIRED:NAVER","OWNER_DATA_REQUIRED:NAVER","OWNER_DATA_REQUIRED:GA4","OWNER_DATA_REQUIRED:GA4","OWNER_DATA_REQUIRED:GA4_NETLIFY","NOT_MEASURED","templated-review","exact-unique","NO_EXACT_H1_DUPLICATE; GSC_QUERY_DATA_REQUIRED","https://reumlab.com/app/academy/","INDEX / SELF_CANONICAL_STATIC_VERIFIED","MONITOR","템플릿 유사 가능성은 있으나 검색·전환 데이터 없이 삭제·통합하지 않음","P2-monitor","SEO owner"
"https://reumlab.com/website/patirum/","industry_service","industry_service","앱·웹·AI 개발 파트너를 찾는 사업자와 실무자","OWNER_DATA_REQUIRED:GSC","OWNER_DATA_REQUIRED:GSC","OWNER_DATA_REQUIRED:GSC","OWNER_DATA_REQUIRED:GSC","OWNER_DATA_REQUIRED:BING","OWNER_DATA_REQUIRED:BING_AI_PERFORMANCE","OWNER_DATA_REQUIRED:NAVER","OWNER_DATA_REQUIRED:NAVER","OWNER_DATA_REQUIRED:GA4","OWNER_DATA_REQUIRED:GA4","OWNER_DATA_REQUIRED:GA4_NETLIFY","NOT_MEASURED","templated-review","exact-unique","NO_EXACT_H1_DUPLICATE; GSC_QUERY_DATA_REQUIRED","https://reumlab.com/app/academy/","INDEX / SELF_CANONICAL_STATIC_VERIFIED","MONITOR","템플릿 유사 가능성은 있으나 검색·전환 데이터 없이 삭제·통합하지 않음","P2-monitor","SEO owner"
"https://reumlab.com/website/pensyeon/","industry_service","industry_service","앱·웹·AI 개발 파트너를 찾는 사업자와 실무자","OWNER_DATA_REQUIRED:GSC","OWNER_DATA_REQUIRED:GSC","OWNER_DATA_REQUIRED:GSC","OWNER_DATA_REQUIRED:GSC","OWNER_DATA_REQUIRED:BING","OWNER_DATA_REQUIRED:BING_AI_PERFORMANCE","OWNER_DATA_REQUIRED:NAVER","OWNER_DATA_REQUIRED:NAVER","OWNER_DATA_REQUIRED:GA4","OWNER_DATA_REQUIRED:GA4","OWNER_DATA_REQUIRED:GA4_NETLIFY","NOT_MEASURED","templated-review","exact-unique","NO_EXACT_H1_DUPLICATE; GSC_QUERY_DATA_REQUIRED","https://reumlab.com/app/academy/","INDEX / SELF_CANONICAL_STATIC_VERIFIED","MONITOR","템플릿 유사 가능성은 있으나 검색·전환 데이터 없이 삭제·통합하지 않음","P2-monitor","SEO owner"
"https://reumlab.com/website/peoseuneolkeolreo/","industry_service","industry_service","앱·웹·AI 개발 파트너를 찾는 사업자와 실무자","OWNER_DATA_REQUIRED:GSC","OWNER_DATA_REQUIRED:GSC","OWNER_DATA_REQUIRED:GSC","OWNER_DATA_REQUIRED:GSC","OWNER_DATA_REQUIRED:BING","OWNER_DATA_REQUIRED:BING_AI_PERFORMANCE","OWNER_DATA_REQUIRED:NAVER","OWNER_DATA_REQUIRED:NAVER","OWNER_DATA_REQUIRED:GA4","OWNER_DATA_REQUIRED:GA4","OWNER_DATA_REQUIRED:GA4_NETLIFY","NOT_MEASURED","templated-review","exact-unique","NO_EXACT_H1_DUPLICATE; GSC_QUERY_DATA_REQUIRED","https://reumlab.com/app/academy/","INDEX / SELF_CANONICAL_STATIC_VERIFIED","MONITOR","템플릿 유사 가능성은 있으나 검색·전환 데이터 없이 삭제·통합하지 않음","P2-monitor","SEO owner"
"https://reumlab.com/website/peulraseutigjejoeob/","industry_service","industry_service","앱·웹·AI 개발 파트너를 찾는 사업자와 실무자","OWNER_DATA_REQUIRED:GSC","OWNER_DATA_REQUIRED:GSC","OWNER_DATA_REQUIRED:GSC","OWNER_DATA_REQUIRED:GSC","OWNER_DATA_REQUIRED:BING","OWNER_DATA_REQUIRED:BING_AI_PERFORMANCE","OWNER_DATA_REQUIRED:NAVER","OWNER_DATA_REQUIRED:NAVER","OWNER_DATA_REQUIRED:GA4","OWNER_DATA_REQUIRED:GA4","OWNER_DATA_REQUIRED:GA4_NETLIFY","NOT_MEASURED","templated-review","exact-unique","NO_EXACT_H1_DUPLICATE; GSC_QUERY_DATA_REQUIRED","https://reumlab.com/app/academy/","INDEX / SELF_CANONICAL_STATIC_VERIFIED","MONITOR","템플릿 유사 가능성은 있으나 검색·전환 데이터 없이 삭제·통합하지 않음","P2-monitor","SEO owner"
"https://reumlab.com/website/peulrawosyab/","industry_service","industry_service","앱·웹·AI 개발 파트너를 찾는 사업자와 실무자","OWNER_DATA_REQUIRED:GSC","OWNER_DATA_REQUIRED:GSC","OWNER_DATA_REQUIRED:GSC","OWNER_DATA_REQUIRED:GSC","OWNER_DATA_REQUIRED:BING","OWNER_DATA_REQUIRED:BING_AI_PERFORMANCE","OWNER_DATA_REQUIRED:NAVER","OWNER_DATA_REQUIRED:NAVER","OWNER_DATA_REQUIRED:GA4","OWNER_DATA_REQUIRED:GA4","OWNER_DATA_REQUIRED:GA4_NETLIFY","NOT_MEASURED","templated-review","exact-unique","NO_EXACT_H1_DUPLICATE; GSC_QUERY_DATA_REQUIRED","https://reumlab.com/app/academy/","INDEX / SELF_CANONICAL_STATIC_VERIFIED","MONITOR","템플릿 유사 가능성은 있으나 검색·전환 데이터 없이 삭제·통합하지 않음","P2-monitor","SEO owner"
"https://reumlab.com/website/pianohagwon/","industry_service","industry_service","앱·웹·AI 개발 파트너를 찾는 사업자와 실무자","OWNER_DATA_REQUIRED:GSC","OWNER_DATA_REQUIRED:GSC","OWNER_DATA_REQUIRED:GSC","OWNER_DATA_REQUIRED:GSC","OWNER_DATA_REQUIRED:BING","OWNER_DATA_REQUIRED:BING_AI_PERFORMANCE","OWNER_DATA_REQUIRED:NAVER","OWNER_DATA_REQUIRED:NAVER","OWNER_DATA_REQUIRED:GA4","OWNER_DATA_REQUIRED:GA4","OWNER_DATA_REQUIRED:GA4_NETLIFY","NOT_MEASURED","templated-review","exact-unique","NO_EXACT_H1_DUPLICATE; GSC_QUERY_DATA_REQUIRED","https://reumlab.com/app/academy/","INDEX / SELF_CANONICAL_STATIC_VERIFIED","MONITOR","템플릿 유사 가능성은 있으나 검색·전환 데이터 없이 삭제·통합하지 않음","P2-monitor","SEO owner"
"https://reumlab.com/website/pibugwa/","industry_service","industry_service","앱·웹·AI 개발 파트너를 찾는 사업자와 실무자","OWNER_DATA_REQUIRED:GSC","OWNER_DATA_REQUIRED:GSC","OWNER_DATA_REQUIRED:GSC","OWNER_DATA_REQUIRED:GSC","OWNER_DATA_REQUIRED:BING","OWNER_DATA_REQUIRED:BING_AI_PERFORMANCE","OWNER_DATA_REQUIRED:NAVER","OWNER_DATA_REQUIRED:NAVER","OWNER_DATA_REQUIRED:GA4","OWNER_DATA_REQUIRED:GA4","OWNER_DATA_REQUIRED:GA4_NETLIFY","NOT_MEASURED","templated-review","exact-unique","NO_EXACT_H1_DUPLICATE; GSC_QUERY_DATA_REQUIRED","https://reumlab.com/app/academy/","INDEX / SELF_CANONICAL_STATIC_VERIFIED","MONITOR","템플릿 유사 가능성은 있으나 검색·전환 데이터 없이 삭제·통합하지 않음","P2-monitor","SEO owner"
"https://reumlab.com/website/pibugwanrisyab/","industry_service","industry_service","앱·웹·AI 개발 파트너를 찾는 사업자와 실무자","OWNER_DATA_REQUIRED:GSC","OWNER_DATA_REQUIRED:GSC","OWNER_DATA_REQUIRED:GSC","OWNER_DATA_REQUIRED:GSC","OWNER_DATA_REQUIRED:BING","OWNER_DATA_REQUIRED:BING_AI_PERFORMANCE","OWNER_DATA_REQUIRED:NAVER","OWNER_DATA_REQUIRED:NAVER","OWNER_DATA_REQUIRED:GA4","OWNER_DATA_REQUIRED:GA4","OWNER_DATA_REQUIRED:GA4_NETLIFY","NOT_MEASURED","templated-review","exact-unique","NO_EXACT_H1_DUPLICATE; GSC_QUERY_DATA_REQUIRED","https://reumlab.com/app/academy/","INDEX / SELF_CANONICAL_STATIC_VERIFIED","MONITOR","템플릿 유사 가능성은 있으나 검색·전환 데이터 없이 삭제·통합하지 않음","P2-monitor","SEO owner"
"https://reumlab.com/website/pijajib/","industry_service","industry_service","앱·웹·AI 개발 파트너를 찾는 사업자와 실무자","OWNER_DATA_REQUIRED:GSC","OWNER_DATA_REQUIRED:GSC","OWNER_DATA_REQUIRED:GSC","OWNER_DATA_REQUIRED:GSC","OWNER_DATA_REQUIRED:BING","OWNER_DATA_REQUIRED:BING_AI_PERFORMANCE","OWNER_DATA_REQUIRED:NAVER","OWNER_DATA_REQUIRED:NAVER","OWNER_DATA_REQUIRED:GA4","OWNER_DATA_REQUIRED:GA4","OWNER_DATA_REQUIRED:GA4_NETLIFY","NOT_MEASURED","templated-review","exact-unique","NO_EXACT_H1_DUPLICATE; GSC_QUERY_DATA_REQUIRED","https://reumlab.com/app/academy/","INDEX / SELF_CANONICAL_STATIC_VERIFIED","MONITOR","템플릿 유사 가능성은 있으나 검색·전환 데이터 없이 삭제·통합하지 않음","P2-monitor","SEO owner"
"https://reumlab.com/website/pilrateseu/","industry_service","industry_service","앱·웹·AI 개발 파트너를 찾는 사업자와 실무자","OWNER_DATA_REQUIRED:GSC","OWNER_DATA_REQUIRED:GSC","OWNER_DATA_REQUIRED:GSC","OWNER_DATA_REQUIRED:GSC","OWNER_DATA_REQUIRED:BING","OWNER_DATA_REQUIRED:BING_AI_PERFORMANCE","OWNER_DATA_REQUIRED:NAVER","OWNER_DATA_REQUIRED:NAVER","OWNER_DATA_REQUIRED:GA4","OWNER_DATA_REQUIRED:GA4","OWNER_DATA_REQUIRED:GA4_NETLIFY","NOT_MEASURED","templated-review","exact-unique","NO_EXACT_H1_DUPLICATE; GSC_QUERY_DATA_REQUIRED","https://reumlab.com/app/academy/","INDEX / SELF_CANONICAL_STATIC_VERIFIED","MONITOR","템플릿 유사 가능성은 있으나 검색·전환 데이터 없이 삭제·통합하지 않음","P2-monitor","SEO owner"
"https://reumlab.com/website/pojangjaejejoeob/","industry_service","industry_service","앱·웹·AI 개발 파트너를 찾는 사업자와 실무자","OWNER_DATA_REQUIRED:GSC","OWNER_DATA_REQUIRED:GSC","OWNER_DATA_REQUIRED:GSC","OWNER_DATA_REQUIRED:GSC","OWNER_DATA_REQUIRED:BING","OWNER_DATA_REQUIRED:BING_AI_PERFORMANCE","OWNER_DATA_REQUIRED:NAVER","OWNER_DATA_REQUIRED:NAVER","OWNER_DATA_REQUIRED:GA4","OWNER_DATA_REQUIRED:GA4","OWNER_DATA_REQUIRED:GA4_NETLIFY","NOT_MEASURED","templated-review","exact-unique","NO_EXACT_H1_DUPLICATE; GSC_QUERY_DATA_REQUIRED","https://reumlab.com/app/academy/","INDEX / SELF_CANONICAL_STATIC_VERIFIED","MONITOR","템플릿 유사 가능성은 있으나 검색·전환 데이터 없이 삭제·통합하지 않음","P2-monitor","SEO owner"
"https://reumlab.com/website/potobuseueobche/","industry_service","industry_service","앱·웹·AI 개발 파트너를 찾는 사업자와 실무자","OWNER_DATA_REQUIRED:GSC","OWNER_DATA_REQUIRED:GSC","OWNER_DATA_REQUIRED:GSC","OWNER_DATA_REQUIRED:GSC","OWNER_DATA_REQUIRED:BING","OWNER_DATA_REQUIRED:BING_AI_PERFORMANCE","OWNER_DATA_REQUIRED:NAVER","OWNER_DATA_REQUIRED:NAVER","OWNER_DATA_REQUIRED:GA4","OWNER_DATA_REQUIRED:GA4","OWNER_DATA_REQUIRED:GA4_NETLIFY","NOT_MEASURED","templated-review","exact-unique","NO_EXACT_H1_DUPLICATE; GSC_QUERY_DATA_REQUIRED","https://reumlab.com/app/academy/","INDEX / SELF_CANONICAL_STATIC_VERIFIED","MONITOR","템플릿 유사 가능성은 있으나 검색·전환 데이터 없이 삭제·통합하지 않음","P2-monitor","SEO owner"
"https://reumlab.com/website/pt-shop/","industry_service","industry_service","앱·웹·AI 개발 파트너를 찾는 사업자와 실무자","OWNER_DATA_REQUIRED:GSC","OWNER_DATA_REQUIRED:GSC","OWNER_DATA_REQUIRED:GSC","OWNER_DATA_REQUIRED:GSC","OWNER_DATA_REQUIRED:BING","OWNER_DATA_REQUIRED:BING_AI_PERFORMANCE","OWNER_DATA_REQUIRED:NAVER","OWNER_DATA_REQUIRED:NAVER","OWNER_DATA_REQUIRED:GA4","OWNER_DATA_REQUIRED:GA4","OWNER_DATA_REQUIRED:GA4_NETLIFY","NOT_MEASURED","templated-review","exact-unique","NO_EXACT_H1_DUPLICATE; GSC_QUERY_DATA_REQUIRED","https://reumlab.com/app/academy/","INDEX / SELF_CANONICAL_STATIC_VERIFIED","MONITOR","템플릿 유사 가능성은 있으나 검색·전환 데이터 없이 삭제·통합하지 않음","P2-monitor","SEO owner"
"https://reumlab.com/website/pudeuteureog/","industry_service","industry_service","앱·웹·AI 개발 파트너를 찾는 사업자와 실무자","OWNER_DATA_REQUIRED:GSC","OWNER_DATA_REQUIRED:GSC","OWNER_DATA_REQUIRED:GSC","OWNER_DATA_REQUIRED:GSC","OWNER_DATA_REQUIRED:BING","OWNER_DATA_REQUIRED:BING_AI_PERFORMANCE","OWNER_DATA_REQUIRED:NAVER","OWNER_DATA_REQUIRED:NAVER","OWNER_DATA_REQUIRED:GA4","OWNER_DATA_REQUIRED:GA4","OWNER_DATA_REQUIRED:GA4_NETLIFY","NOT_MEASURED","templated-review","exact-unique","NO_EXACT_H1_DUPLICATE; GSC_QUERY_DATA_REQUIRED","https://reumlab.com/app/academy/","INDEX / SELF_CANONICAL_STATIC_VERIFIED","MONITOR","템플릿 유사 가능성은 있으나 검색·전환 데이터 없이 삭제·통합하지 않음","P2-monitor","SEO owner"
"https://reumlab.com/website/pulbilra/","industry_service","industry_service","앱·웹·AI 개발 파트너를 찾는 사업자와 실무자","OWNER_DATA_REQUIRED:GSC","OWNER_DATA_REQUIRED:GSC","OWNER_DATA_REQUIRED:GSC","OWNER_DATA_REQUIRED:GSC","OWNER_DATA_REQUIRED:BING","OWNER_DATA_REQUIRED:BING_AI_PERFORMANCE","OWNER_DATA_REQUIRED:NAVER","OWNER_DATA_REQUIRED:NAVER","OWNER_DATA_REQUIRED:GA4","OWNER_DATA_REQUIRED:GA4","OWNER_DATA_REQUIRED:GA4_NETLIFY","NOT_MEASURED","templated-review","exact-unique","NO_EXACT_H1_DUPLICATE; GSC_QUERY_DATA_REQUIRED","https://reumlab.com/app/academy/","INDEX / SELF_CANONICAL_STATIC_VERIFIED","MONITOR","템플릿 유사 가능성은 있으나 검색·전환 데이터 없이 삭제·통합하지 않음","P2-monitor","SEO owner"
"https://reumlab.com/website/pyegimulcheorieobche/","industry_service","industry_service","앱·웹·AI 개발 파트너를 찾는 사업자와 실무자","OWNER_DATA_REQUIRED:GSC","OWNER_DATA_REQUIRED:GSC","OWNER_DATA_REQUIRED:GSC","OWNER_DATA_REQUIRED:GSC","OWNER_DATA_REQUIRED:BING","OWNER_DATA_REQUIRED:BING_AI_PERFORMANCE","OWNER_DATA_REQUIRED:NAVER","OWNER_DATA_REQUIRED:NAVER","OWNER_DATA_REQUIRED:GA4","OWNER_DATA_REQUIRED:GA4","OWNER_DATA_REQUIRED:GA4_NETLIFY","NOT_MEASURED","templated-review","exact-unique","NO_EXACT_H1_DUPLICATE; GSC_QUERY_DATA_REQUIRED","https://reumlab.com/app/academy/","INDEX / SELF_CANONICAL_STATIC_VERIFIED","MONITOR","템플릿 유사 가능성은 있으나 검색·전환 데이터 없이 삭제·통합하지 않음","P2-monitor","SEO owner"
"https://reumlab.com/website/pyeonuijeom/","industry_service","industry_service","앱·웹·AI 개발 파트너를 찾는 사업자와 실무자","OWNER_DATA_REQUIRED:GSC","OWNER_DATA_REQUIRED:GSC","OWNER_DATA_REQUIRED:GSC","OWNER_DATA_REQUIRED:GSC","OWNER_DATA_REQUIRED:BING","OWNER_DATA_REQUIRED:BING_AI_PERFORMANCE","OWNER_DATA_REQUIRED:NAVER","OWNER_DATA_REQUIRED:NAVER","OWNER_DATA_REQUIRED:GA4","OWNER_DATA_REQUIRED:GA4","OWNER_DATA_REQUIRED:GA4_NETLIFY","NOT_MEASURED","templated-review","exact-unique","NO_EXACT_H1_DUPLICATE; GSC_QUERY_DATA_REQUIRED","https://reumlab.com/app/academy/","INDEX / SELF_CANONICAL_STATIC_VERIFIED","MONITOR","템플릿 유사 가능성은 있으나 검색·전환 데이터 없이 삭제·통합하지 않음","P2-monitor","SEO owner"
"https://reumlab.com/website/rejeoseupocheu/","industry_service","industry_service","앱·웹·AI 개발 파트너를 찾는 사업자와 실무자","OWNER_DATA_REQUIRED:GSC","OWNER_DATA_REQUIRED:GSC","OWNER_DATA_REQUIRED:GSC","OWNER_DATA_REQUIRED:GSC","OWNER_DATA_REQUIRED:BING","OWNER_DATA_REQUIRED:BING_AI_PERFORMANCE","OWNER_DATA_REQUIRED:NAVER","OWNER_DATA_REQUIRED:NAVER","OWNER_DATA_REQUIRED:GA4","OWNER_DATA_REQUIRED:GA4","OWNER_DATA_REQUIRED:GA4_NETLIFY","NOT_MEASURED","templated-review","exact-unique","NO_EXACT_H1_DUPLICATE; GSC_QUERY_DATA_REQUIRED","https://reumlab.com/app/academy/","INDEX / SELF_CANONICAL_STATIC_VERIFIED","MONITOR","템플릿 유사 가능성은 있으나 검색·전환 데이터 없이 삭제·통합하지 않음","P2-monitor","SEO owner"
"https://reumlab.com/website/rentaleobche/","industry_service","industry_service","앱·웹·AI 개발 파트너를 찾는 사업자와 실무자","OWNER_DATA_REQUIRED:GSC","OWNER_DATA_REQUIRED:GSC","OWNER_DATA_REQUIRED:GSC","OWNER_DATA_REQUIRED:GSC","OWNER_DATA_REQUIRED:BING","OWNER_DATA_REQUIRED:BING_AI_PERFORMANCE","OWNER_DATA_REQUIRED:NAVER","OWNER_DATA_REQUIRED:NAVER","OWNER_DATA_REQUIRED:GA4","OWNER_DATA_REQUIRED:GA4","OWNER_DATA_REQUIRED:GA4_NETLIFY","NOT_MEASURED","templated-review","exact-unique","NO_EXACT_H1_DUPLICATE; GSC_QUERY_DATA_REQUIRED","https://reumlab.com/app/academy/","INDEX / SELF_CANONICAL_STATIC_VERIFIED","MONITOR","템플릿 유사 가능성은 있으나 검색·전환 데이터 없이 삭제·통합하지 않음","P2-monitor","SEO owner"
"https://reumlab.com/website/renteoka/","industry_service","industry_service","앱·웹·AI 개발 파트너를 찾는 사업자와 실무자","OWNER_DATA_REQUIRED:GSC","OWNER_DATA_REQUIRED:GSC","OWNER_DATA_REQUIRED:GSC","OWNER_DATA_REQUIRED:GSC","OWNER_DATA_REQUIRED:BING","OWNER_DATA_REQUIRED:BING_AI_PERFORMANCE","OWNER_DATA_REQUIRED:NAVER","OWNER_DATA_REQUIRED:NAVER","OWNER_DATA_REQUIRED:GA4","OWNER_DATA_REQUIRED:GA4","OWNER_DATA_REQUIRED:GA4_NETLIFY","NOT_MEASURED","templated-review","exact-unique","NO_EXACT_H1_DUPLICATE; GSC_QUERY_DATA_REQUIRED","https://reumlab.com/app/academy/","INDEX / SELF_CANONICAL_STATIC_VERIFIED","MONITOR","템플릿 유사 가능성은 있으나 검색·전환 데이터 없이 삭제·통합하지 않음","P2-monitor","SEO owner"
"https://reumlab.com/website/rijoteu/","industry_service","industry_service","앱·웹·AI 개발 파트너를 찾는 사업자와 실무자","OWNER_DATA_REQUIRED:GSC","OWNER_DATA_REQUIRED:GSC","OWNER_DATA_REQUIRED:GSC","OWNER_DATA_REQUIRED:GSC","OWNER_DATA_REQUIRED:BING","OWNER_DATA_REQUIRED:BING_AI_PERFORMANCE","OWNER_DATA_REQUIRED:NAVER","OWNER_DATA_REQUIRED:NAVER","OWNER_DATA_REQUIRED:GA4","OWNER_DATA_REQUIRED:GA4","OWNER_DATA_REQUIRED:GA4_NETLIFY","NOT_MEASURED","templated-review","exact-unique","NO_EXACT_H1_DUPLICATE; GSC_QUERY_DATA_REQUIRED","https://reumlab.com/app/academy/","INDEX / SELF_CANONICAL_STATIC_VERIFIED","MONITOR","템플릿 유사 가능성은 있으나 검색·전환 데이터 없이 삭제·통합하지 않음","P2-monitor","SEO owner"
"https://reumlab.com/website/rimodelringeobche/","industry_service","industry_service","앱·웹·AI 개발 파트너를 찾는 사업자와 실무자","OWNER_DATA_REQUIRED:GSC","OWNER_DATA_REQUIRED:GSC","OWNER_DATA_REQUIRED:GSC","OWNER_DATA_REQUIRED:GSC","OWNER_DATA_REQUIRED:BING","OWNER_DATA_REQUIRED:BING_AI_PERFORMANCE","OWNER_DATA_REQUIRED:NAVER","OWNER_DATA_REQUIRED:NAVER","OWNER_DATA_REQUIRED:GA4","OWNER_DATA_REQUIRED:GA4","OWNER_DATA_REQUIRED:GA4_NETLIFY","NOT_MEASURED","templated-review","exact-unique","NO_EXACT_H1_DUPLICATE; GSC_QUERY_DATA_REQUIRED","https://reumlab.com/app/academy/","INDEX / SELF_CANONICAL_STATIC_VERIFIED","MONITOR","템플릿 유사 가능성은 있으나 검색·전환 데이터 없이 삭제·통합하지 않음","P2-monitor","SEO owner"
"https://reumlab.com/website/sahoebogjigwan/","industry_service","industry_service","앱·웹·AI 개발 파트너를 찾는 사업자와 실무자","OWNER_DATA_REQUIRED:GSC","OWNER_DATA_REQUIRED:GSC","OWNER_DATA_REQUIRED:GSC","OWNER_DATA_REQUIRED:GSC","OWNER_DATA_REQUIRED:BING","OWNER_DATA_REQUIRED:BING_AI_PERFORMANCE","OWNER_DATA_REQUIRED:NAVER","OWNER_DATA_REQUIRED:NAVER","OWNER_DATA_REQUIRED:GA4","OWNER_DATA_REQUIRED:GA4","OWNER_DATA_REQUIRED:GA4_NETLIFY","NOT_MEASURED","templated-review","exact-unique","NO_EXACT_H1_DUPLICATE; GSC_QUERY_DATA_REQUIRED","https://reumlab.com/app/academy/","INDEX / SELF_CANONICAL_STATIC_VERIFIED","MONITOR","템플릿 유사 가능성은 있으나 검색·전환 데이터 없이 삭제·통합하지 않음","P2-monitor","SEO owner"
"https://reumlab.com/website/sajingwan/","industry_service","industry_service","앱·웹·AI 개발 파트너를 찾는 사업자와 실무자","OWNER_DATA_REQUIRED:GSC","OWNER_DATA_REQUIRED:GSC","OWNER_DATA_REQUIRED:GSC","OWNER_DATA_REQUIRED:GSC","OWNER_DATA_REQUIRED:BING","OWNER_DATA_REQUIRED:BING_AI_PERFORMANCE","OWNER_DATA_REQUIRED:NAVER","OWNER_DATA_REQUIRED:NAVER","OWNER_DATA_REQUIRED:GA4","OWNER_DATA_REQUIRED:GA4","OWNER_DATA_REQUIRED:GA4_NETLIFY","NOT_MEASURED","templated-review","exact-unique","NO_EXACT_H1_DUPLICATE; GSC_QUERY_DATA_REQUIRED","https://reumlab.com/app/academy/","INDEX / SELF_CANONICAL_STATIC_VERIFIED","MONITOR","템플릿 유사 가능성은 있으나 검색·전환 데이터 없이 삭제·통합하지 않음","P2-monitor","SEO owner"
"https://reumlab.com/website/sanbuingwa/","industry_service","industry_service","앱·웹·AI 개발 파트너를 찾는 사업자와 실무자","OWNER_DATA_REQUIRED:GSC","OWNER_DATA_REQUIRED:GSC","OWNER_DATA_REQUIRED:GSC","OWNER_DATA_REQUIRED:GSC","OWNER_DATA_REQUIRED:BING","OWNER_DATA_REQUIRED:BING_AI_PERFORMANCE","OWNER_DATA_REQUIRED:NAVER","OWNER_DATA_REQUIRED:NAVER","OWNER_DATA_REQUIRED:GA4","OWNER_DATA_REQUIRED:GA4","OWNER_DATA_REQUIRED:GA4_NETLIFY","NOT_MEASURED","templated-review","exact-unique","NO_EXACT_H1_DUPLICATE; GSC_QUERY_DATA_REQUIRED","https://reumlab.com/app/academy/","INDEX / SELF_CANONICAL_STATIC_VERIFIED","MONITOR","템플릿 유사 가능성은 있으나 검색·전환 데이터 없이 삭제·통합하지 않음","P2-monitor","SEO owner"
"https://reumlab.com/website/saneobjangbieobche/","industry_service","industry_service","앱·웹·AI 개발 파트너를 찾는 사업자와 실무자","OWNER_DATA_REQUIRED:GSC","OWNER_DATA_REQUIRED:GSC","OWNER_DATA_REQUIRED:GSC","OWNER_DATA_REQUIRED:GSC","OWNER_DATA_REQUIRED:BING","OWNER_DATA_REQUIRED:BING_AI_PERFORMANCE","OWNER_DATA_REQUIRED:NAVER","OWNER_DATA_REQUIRED:NAVER","OWNER_DATA_REQUIRED:GA4","OWNER_DATA_REQUIRED:GA4","OWNER_DATA_REQUIRED:GA4_NETLIFY","NOT_MEASURED","templated-review","exact-unique","NO_EXACT_H1_DUPLICATE; GSC_QUERY_DATA_REQUIRED","https://reumlab.com/app/academy/","INDEX / SELF_CANONICAL_STATIC_VERIFIED","MONITOR","템플릿 유사 가능성은 있으나 검색·전환 데이터 없이 삭제·통합하지 않음","P2-monitor","SEO owner"
"https://reumlab.com/website/sangjohoesa/","industry_service","industry_service","앱·웹·AI 개발 파트너를 찾는 사업자와 실무자","OWNER_DATA_REQUIRED:GSC","OWNER_DATA_REQUIRED:GSC","OWNER_DATA_REQUIRED:GSC","OWNER_DATA_REQUIRED:GSC","OWNER_DATA_REQUIRED:BING","OWNER_DATA_REQUIRED:BING_AI_PERFORMANCE","OWNER_DATA_REQUIRED:NAVER","OWNER_DATA_REQUIRED:NAVER","OWNER_DATA_REQUIRED:GA4","OWNER_DATA_REQUIRED:GA4","OWNER_DATA_REQUIRED:GA4_NETLIFY","NOT_MEASURED","templated-review","exact-unique","NO_EXACT_H1_DUPLICATE; GSC_QUERY_DATA_REQUIRED","https://reumlab.com/app/academy/","INDEX / SELF_CANONICAL_STATIC_VERIFIED","MONITOR","템플릿 유사 가능성은 있으나 검색·전환 데이터 없이 삭제·통합하지 않음","P2-monitor","SEO owner"
"https://reumlab.com/website/sanhudoumi/","industry_service","industry_service","앱·웹·AI 개발 파트너를 찾는 사업자와 실무자","OWNER_DATA_REQUIRED:GSC","OWNER_DATA_REQUIRED:GSC","OWNER_DATA_REQUIRED:GSC","OWNER_DATA_REQUIRED:GSC","OWNER_DATA_REQUIRED:BING","OWNER_DATA_REQUIRED:BING_AI_PERFORMANCE","OWNER_DATA_REQUIRED:NAVER","OWNER_DATA_REQUIRED:NAVER","OWNER_DATA_REQUIRED:GA4","OWNER_DATA_REQUIRED:GA4","OWNER_DATA_REQUIRED:GA4_NETLIFY","NOT_MEASURED","templated-review","exact-unique","NO_EXACT_H1_DUPLICATE; GSC_QUERY_DATA_REQUIRED","https://reumlab.com/app/academy/","INDEX / SELF_CANONICAL_STATIC_VERIFIED","MONITOR","템플릿 유사 가능성은 있으나 검색·전환 데이터 없이 삭제·통합하지 않음","P2-monitor","SEO owner"
"https://reumlab.com/website/sanhujoriwon/","industry_service","industry_service","앱·웹·AI 개발 파트너를 찾는 사업자와 실무자","OWNER_DATA_REQUIRED:GSC","OWNER_DATA_REQUIRED:GSC","OWNER_DATA_REQUIRED:GSC","OWNER_DATA_REQUIRED:GSC","OWNER_DATA_REQUIRED:BING","OWNER_DATA_REQUIRED:BING_AI_PERFORMANCE","OWNER_DATA_REQUIRED:NAVER","OWNER_DATA_REQUIRED:NAVER","OWNER_DATA_REQUIRED:GA4","OWNER_DATA_REQUIRED:GA4","OWNER_DATA_REQUIRED:GA4_NETLIFY","NOT_MEASURED","templated-review","exact-unique","NO_EXACT_H1_DUPLICATE; GSC_QUERY_DATA_REQUIRED","https://reumlab.com/app/academy/","INDEX / SELF_CANONICAL_STATIC_VERIFIED","MONITOR","템플릿 유사 가능성은 있으나 검색·전환 데이터 없이 삭제·통합하지 않음","P2-monitor","SEO owner"
"https://reumlab.com/website/sechajang/","industry_service","industry_service","앱·웹·AI 개발 파트너를 찾는 사업자와 실무자","OWNER_DATA_REQUIRED:GSC","OWNER_DATA_REQUIRED:GSC","OWNER_DATA_REQUIRED:GSC","OWNER_DATA_REQUIRED:GSC","OWNER_DATA_REQUIRED:BING","OWNER_DATA_REQUIRED:BING_AI_PERFORMANCE","OWNER_DATA_REQUIRED:NAVER","OWNER_DATA_REQUIRED:NAVER","OWNER_DATA_REQUIRED:GA4","OWNER_DATA_REQUIRED:GA4","OWNER_DATA_REQUIRED:GA4_NETLIFY","NOT_MEASURED","templated-review","exact-unique","NO_EXACT_H1_DUPLICATE; GSC_QUERY_DATA_REQUIRED","https://reumlab.com/app/academy/","INDEX / SELF_CANONICAL_STATIC_VERIFIED","MONITOR","템플릿 유사 가능성은 있으나 검색·전환 데이터 없이 삭제·통합하지 않음","P2-monitor","SEO owner"
"https://reumlab.com/website/semusa/","industry_service","industry_service","앱·웹·AI 개발 파트너를 찾는 사업자와 실무자","OWNER_DATA_REQUIRED:GSC","OWNER_DATA_REQUIRED:GSC","OWNER_DATA_REQUIRED:GSC","OWNER_DATA_REQUIRED:GSC","OWNER_DATA_REQUIRED:BING","OWNER_DATA_REQUIRED:BING_AI_PERFORMANCE","OWNER_DATA_REQUIRED:NAVER","OWNER_DATA_REQUIRED:NAVER","OWNER_DATA_REQUIRED:GA4","OWNER_DATA_REQUIRED:GA4","OWNER_DATA_REQUIRED:GA4_NETLIFY","NOT_MEASURED","templated-review","exact-unique","NO_EXACT_H1_DUPLICATE; GSC_QUERY_DATA_REQUIRED","https://reumlab.com/app/academy/","INDEX / SELF_CANONICAL_STATIC_VERIFIED","MONITOR","템플릿 유사 가능성은 있으나 검색·전환 데이터 없이 삭제·통합하지 않음","P2-monitor","SEO owner"
"https://reumlab.com/website/seojeom/","industry_service","industry_service","앱·웹·AI 개발 파트너를 찾는 사업자와 실무자","OWNER_DATA_REQUIRED:GSC","OWNER_DATA_REQUIRED:GSC","OWNER_DATA_REQUIRED:GSC","OWNER_DATA_REQUIRED:GSC","OWNER_DATA_REQUIRED:BING","OWNER_DATA_REQUIRED:BING_AI_PERFORMANCE","OWNER_DATA_REQUIRED:NAVER","OWNER_DATA_REQUIRED:NAVER","OWNER_DATA_REQUIRED:GA4","OWNER_DATA_REQUIRED:GA4","OWNER_DATA_REQUIRED:GA4_NETLIFY","NOT_MEASURED","templated-review","exact-unique","NO_EXACT_H1_DUPLICATE; GSC_QUERY_DATA_REQUIRED","https://reumlab.com/app/academy/","INDEX / SELF_CANONICAL_STATIC_VERIFIED","MONITOR","템플릿 유사 가능성은 있으나 검색·전환 데이터 없이 삭제·통합하지 않음","P2-monitor","SEO owner"
"https://reumlab.com/website/seolbieobche/","industry_service","industry_service","앱·웹·AI 개발 파트너를 찾는 사업자와 실무자","OWNER_DATA_REQUIRED:GSC","OWNER_DATA_REQUIRED:GSC","OWNER_DATA_REQUIRED:GSC","OWNER_DATA_REQUIRED:GSC","OWNER_DATA_REQUIRED:BING","OWNER_DATA_REQUIRED:BING_AI_PERFORMANCE","OWNER_DATA_REQUIRED:NAVER","OWNER_DATA_REQUIRED:NAVER","OWNER_DATA_REQUIRED:GA4","OWNER_DATA_REQUIRED:GA4","OWNER_DATA_REQUIRED:GA4_NETLIFY","NOT_MEASURED","templated-review","exact-unique","NO_EXACT_H1_DUPLICATE; GSC_QUERY_DATA_REQUIRED","https://reumlab.com/app/academy/","INDEX / SELF_CANONICAL_STATIC_VERIFIED","MONITOR","템플릿 유사 가능성은 있으나 검색·전환 데이터 없이 삭제·통합하지 않음","P2-monitor","SEO owner"
"https://reumlab.com/website/seomyujejoeob/","industry_service","industry_service","앱·웹·AI 개발 파트너를 찾는 사업자와 실무자","OWNER_DATA_REQUIRED:GSC","OWNER_DATA_REQUIRED:GSC","OWNER_DATA_REQUIRED:GSC","OWNER_DATA_REQUIRED:GSC","OWNER_DATA_REQUIRED:BING","OWNER_DATA_REQUIRED:BING_AI_PERFORMANCE","OWNER_DATA_REQUIRED:NAVER","OWNER_DATA_REQUIRED:NAVER","OWNER_DATA_REQUIRED:GA4","OWNER_DATA_REQUIRED:GA4","OWNER_DATA_REQUIRED:GA4_NETLIFY","NOT_MEASURED","templated-review","exact-unique","NO_EXACT_H1_DUPLICATE; GSC_QUERY_DATA_REQUIRED","https://reumlab.com/app/academy/","INDEX / SELF_CANONICAL_STATIC_VERIFIED","MONITOR","템플릿 유사 가능성은 있으나 검색·전환 데이터 없이 삭제·통합하지 않음","P2-monitor","SEO owner"
"https://reumlab.com/website/seonghyeongoegwa/","industry_service","industry_service","앱·웹·AI 개발 파트너를 찾는 사업자와 실무자","OWNER_DATA_REQUIRED:GSC","OWNER_DATA_REQUIRED:GSC","OWNER_DATA_REQUIRED:GSC","OWNER_DATA_REQUIRED:GSC","OWNER_DATA_REQUIRED:BING","OWNER_DATA_REQUIRED:BING_AI_PERFORMANCE","OWNER_DATA_REQUIRED:NAVER","OWNER_DATA_REQUIRED:NAVER","OWNER_DATA_REQUIRED:GA4","OWNER_DATA_REQUIRED:GA4","OWNER_DATA_REQUIRED:GA4_NETLIFY","NOT_MEASURED","templated-review","exact-unique","NO_EXACT_H1_DUPLICATE; GSC_QUERY_DATA_REQUIRED","https://reumlab.com/app/academy/","INDEX / SELF_CANONICAL_STATIC_VERIFIED","MONITOR","템플릿 유사 가능성은 있으나 검색·전환 데이터 없이 삭제·통합하지 않음","P2-monitor","SEO owner"
"https://reumlab.com/website/setagso/","industry_service","industry_service","앱·웹·AI 개발 파트너를 찾는 사업자와 실무자","OWNER_DATA_REQUIRED:GSC","OWNER_DATA_REQUIRED:GSC","OWNER_DATA_REQUIRED:GSC","OWNER_DATA_REQUIRED:GSC","OWNER_DATA_REQUIRED:BING","OWNER_DATA_REQUIRED:BING_AI_PERFORMANCE","OWNER_DATA_REQUIRED:NAVER","OWNER_DATA_REQUIRED:NAVER","OWNER_DATA_REQUIRED:GA4","OWNER_DATA_REQUIRED:GA4","OWNER_DATA_REQUIRED:GA4_NETLIFY","NOT_MEASURED","templated-review","exact-unique","NO_EXACT_H1_DUPLICATE; GSC_QUERY_DATA_REQUIRED","https://reumlab.com/app/academy/","INDEX / SELF_CANONICAL_STATIC_VERIFIED","MONITOR","템플릿 유사 가능성은 있으나 검색·전환 데이터 없이 삭제·통합하지 않음","P2-monitor","SEO owner"
"https://reumlab.com/website/seukeuringolpeu/","industry_service","industry_service","앱·웹·AI 개발 파트너를 찾는 사업자와 실무자","OWNER_DATA_REQUIRED:GSC","OWNER_DATA_REQUIRED:GSC","OWNER_DATA_REQUIRED:GSC","OWNER_DATA_REQUIRED:GSC","OWNER_DATA_REQUIRED:BING","OWNER_DATA_REQUIRED:BING_AI_PERFORMANCE","OWNER_DATA_REQUIRED:NAVER","OWNER_DATA_REQUIRED:NAVER","OWNER_DATA_REQUIRED:GA4","OWNER_DATA_REQUIRED:GA4","OWNER_DATA_REQUIRED:GA4_NETLIFY","NOT_MEASURED","templated-review","exact-unique","NO_EXACT_H1_DUPLICATE; GSC_QUERY_DATA_REQUIRED","https://reumlab.com/app/academy/","INDEX / SELF_CANONICAL_STATIC_VERIFIED","MONITOR","템플릿 유사 가능성은 있으나 검색·전환 데이터 없이 삭제·통합하지 않음","P2-monitor","SEO owner"
"https://reumlab.com/website/seungmajang/","industry_service","industry_service","앱·웹·AI 개발 파트너를 찾는 사업자와 실무자","OWNER_DATA_REQUIRED:GSC","OWNER_DATA_REQUIRED:GSC","OWNER_DATA_REQUIRED:GSC","OWNER_DATA_REQUIRED:GSC","OWNER_DATA_REQUIRED:BING","OWNER_DATA_REQUIRED:BING_AI_PERFORMANCE","OWNER_DATA_REQUIRED:NAVER","OWNER_DATA_REQUIRED:NAVER","OWNER_DATA_REQUIRED:GA4","OWNER_DATA_REQUIRED:GA4","OWNER_DATA_REQUIRED:GA4_NETLIFY","NOT_MEASURED","templated-review","exact-unique","NO_EXACT_H1_DUPLICATE; GSC_QUERY_DATA_REQUIRED","https://reumlab.com/app/academy/","INDEX / SELF_CANONICAL_STATIC_VERIFIED","MONITOR","템플릿 유사 가능성은 있으나 검색·전환 데이터 없이 삭제·통합하지 않음","P2-monitor","SEO owner"
"https://reumlab.com/website/seupa/","industry_service","industry_service","앱·웹·AI 개발 파트너를 찾는 사업자와 실무자","OWNER_DATA_REQUIRED:GSC","OWNER_DATA_REQUIRED:GSC","OWNER_DATA_REQUIRED:GSC","OWNER_DATA_REQUIRED:GSC","OWNER_DATA_REQUIRED:BING","OWNER_DATA_REQUIRED:BING_AI_PERFORMANCE","OWNER_DATA_REQUIRED:NAVER","OWNER_DATA_REQUIRED:NAVER","OWNER_DATA_REQUIRED:GA4","OWNER_DATA_REQUIRED:GA4","OWNER_DATA_REQUIRED:GA4_NETLIFY","NOT_MEASURED","templated-review","exact-unique","NO_EXACT_H1_DUPLICATE; GSC_QUERY_DATA_REQUIRED","https://reumlab.com/app/academy/","INDEX / SELF_CANONICAL_STATIC_VERIFIED","MONITOR","템플릿 유사 가능성은 있으나 검색·전환 데이터 없이 삭제·통합하지 않음","P2-monitor","SEO owner"
"https://reumlab.com/website/seutateueob/","industry_service","industry_service","앱·웹·AI 개발 파트너를 찾는 사업자와 실무자","OWNER_DATA_REQUIRED:GSC","OWNER_DATA_REQUIRED:GSC","OWNER_DATA_REQUIRED:GSC","OWNER_DATA_REQUIRED:GSC","OWNER_DATA_REQUIRED:BING","OWNER_DATA_REQUIRED:BING_AI_PERFORMANCE","OWNER_DATA_REQUIRED:NAVER","OWNER_DATA_REQUIRED:NAVER","OWNER_DATA_REQUIRED:GA4","OWNER_DATA_REQUIRED:GA4","OWNER_DATA_REQUIRED:GA4_NETLIFY","NOT_MEASURED","templated-review","exact-unique","NO_EXACT_H1_DUPLICATE; GSC_QUERY_DATA_REQUIRED","https://reumlab.com/app/academy/","INDEX / SELF_CANONICAL_STATIC_VERIFIED","MONITOR","템플릿 유사 가능성은 있으나 검색·전환 데이터 없이 삭제·통합하지 않음","P2-monitor","SEO owner"
"https://reumlab.com/website/seuteodikape/","industry_service","industry_service","앱·웹·AI 개발 파트너를 찾는 사업자와 실무자","OWNER_DATA_REQUIRED:GSC","OWNER_DATA_REQUIRED:GSC","OWNER_DATA_REQUIRED:GSC","OWNER_DATA_REQUIRED:GSC","OWNER_DATA_REQUIRED:BING","OWNER_DATA_REQUIRED:BING_AI_PERFORMANCE","OWNER_DATA_REQUIRED:NAVER","OWNER_DATA_REQUIRED:NAVER","OWNER_DATA_REQUIRED:GA4","OWNER_DATA_REQUIRED:GA4","OWNER_DATA_REQUIRED:GA4_NETLIFY","NOT_MEASURED","templated-review","exact-unique","NO_EXACT_H1_DUPLICATE; GSC_QUERY_DATA_REQUIRED","https://reumlab.com/app/academy/","INDEX / SELF_CANONICAL_STATIC_VERIFIED","MONITOR","템플릿 유사 가능성은 있으나 검색·전환 데이터 없이 삭제·통합하지 않음","P2-monitor","SEO owner"
"https://reumlab.com/website/seutyudio/","industry_service","industry_service","앱·웹·AI 개발 파트너를 찾는 사업자와 실무자","OWNER_DATA_REQUIRED:GSC","OWNER_DATA_REQUIRED:GSC","OWNER_DATA_REQUIRED:GSC","OWNER_DATA_REQUIRED:GSC","OWNER_DATA_REQUIRED:BING","OWNER_DATA_REQUIRED:BING_AI_PERFORMANCE","OWNER_DATA_REQUIRED:NAVER","OWNER_DATA_REQUIRED:NAVER","OWNER_DATA_REQUIRED:GA4","OWNER_DATA_REQUIRED:GA4","OWNER_DATA_REQUIRED:GA4_NETLIFY","NOT_MEASURED","templated-review","exact-unique","NO_EXACT_H1_DUPLICATE; GSC_QUERY_DATA_REQUIRED","https://reumlab.com/app/academy/","INDEX / SELF_CANONICAL_STATIC_VERIFIED","MONITOR","템플릿 유사 가능성은 있으나 검색·전환 데이터 없이 삭제·통합하지 않음","P2-monitor","SEO owner"
"https://reumlab.com/website/sigdang/","industry_service","industry_service","앱·웹·AI 개발 파트너를 찾는 사업자와 실무자","OWNER_DATA_REQUIRED:GSC","OWNER_DATA_REQUIRED:GSC","OWNER_DATA_REQUIRED:GSC","OWNER_DATA_REQUIRED:GSC","OWNER_DATA_REQUIRED:BING","OWNER_DATA_REQUIRED:BING_AI_PERFORMANCE","OWNER_DATA_REQUIRED:NAVER","OWNER_DATA_REQUIRED:NAVER","OWNER_DATA_REQUIRED:GA4","OWNER_DATA_REQUIRED:GA4","OWNER_DATA_REQUIRED:GA4_NETLIFY","NOT_MEASURED","templated-review","exact-unique","NO_EXACT_H1_DUPLICATE; GSC_QUERY_DATA_REQUIRED","https://reumlab.com/app/academy/","INDEX / SELF_CANONICAL_STATIC_VERIFIED","MONITOR","템플릿 유사 가능성은 있으나 검색·전환 데이터 없이 삭제·통합하지 않음","P2-monitor","SEO owner"
"https://reumlab.com/website/sigpumgagongeob/","industry_service","industry_service","앱·웹·AI 개발 파트너를 찾는 사업자와 실무자","OWNER_DATA_REQUIRED:GSC","OWNER_DATA_REQUIRED:GSC","OWNER_DATA_REQUIRED:GSC","OWNER_DATA_REQUIRED:GSC","OWNER_DATA_REQUIRED:BING","OWNER_DATA_REQUIRED:BING_AI_PERFORMANCE","OWNER_DATA_REQUIRED:NAVER","OWNER_DATA_REQUIRED:NAVER","OWNER_DATA_REQUIRED:GA4","OWNER_DATA_REQUIRED:GA4","OWNER_DATA_REQUIRED:GA4_NETLIFY","NOT_MEASURED","templated-review","exact-unique","NO_EXACT_H1_DUPLICATE; GSC_QUERY_DATA_REQUIRED","https://reumlab.com/app/academy/","INDEX / SELF_CANONICAL_STATIC_VERIFIED","MONITOR","템플릿 유사 가능성은 있으나 검색·전환 데이터 없이 삭제·통합하지 않음","P2-monitor","SEO owner"
"https://reumlab.com/website/sigpumjejoeob/","industry_service","industry_service","앱·웹·AI 개발 파트너를 찾는 사업자와 실무자","OWNER_DATA_REQUIRED:GSC","OWNER_DATA_REQUIRED:GSC","OWNER_DATA_REQUIRED:GSC","OWNER_DATA_REQUIRED:GSC","OWNER_DATA_REQUIRED:BING","OWNER_DATA_REQUIRED:BING_AI_PERFORMANCE","OWNER_DATA_REQUIRED:NAVER","OWNER_DATA_REQUIRED:NAVER","OWNER_DATA_REQUIRED:GA4","OWNER_DATA_REQUIRED:GA4","OWNER_DATA_REQUIRED:GA4_NETLIFY","NOT_MEASURED","templated-review","exact-unique","NO_EXACT_H1_DUPLICATE; GSC_QUERY_DATA_REQUIRED","https://reumlab.com/app/academy/","INDEX / SELF_CANONICAL_STATIC_VERIFIED","MONITOR","템플릿 유사 가능성은 있으나 검색·전환 데이터 없이 삭제·통합하지 않음","P2-monitor","SEO owner"
"https://reumlab.com/website/silbeotaun/","industry_service","industry_service","앱·웹·AI 개발 파트너를 찾는 사업자와 실무자","OWNER_DATA_REQUIRED:GSC","OWNER_DATA_REQUIRED:GSC","OWNER_DATA_REQUIRED:GSC","OWNER_DATA_REQUIRED:GSC","OWNER_DATA_REQUIRED:BING","OWNER_DATA_REQUIRED:BING_AI_PERFORMANCE","OWNER_DATA_REQUIRED:NAVER","OWNER_DATA_REQUIRED:NAVER","OWNER_DATA_REQUIRED:GA4","OWNER_DATA_REQUIRED:GA4","OWNER_DATA_REQUIRED:GA4_NETLIFY","NOT_MEASURED","templated-review","exact-unique","NO_EXACT_H1_DUPLICATE; GSC_QUERY_DATA_REQUIRED","https://reumlab.com/app/academy/","INDEX / SELF_CANONICAL_STATIC_VERIFIED","MONITOR","템플릿 유사 가능성은 있으나 검색·전환 데이터 없이 삭제·통합하지 않음","P2-monitor","SEO owner"
"https://reumlab.com/website/simrisangdamsenteo/","industry_service","industry_service","앱·웹·AI 개발 파트너를 찾는 사업자와 실무자","OWNER_DATA_REQUIRED:GSC","OWNER_DATA_REQUIRED:GSC","OWNER_DATA_REQUIRED:GSC","OWNER_DATA_REQUIRED:GSC","OWNER_DATA_REQUIRED:BING","OWNER_DATA_REQUIRED:BING_AI_PERFORMANCE","OWNER_DATA_REQUIRED:NAVER","OWNER_DATA_REQUIRED:NAVER","OWNER_DATA_REQUIRED:GA4","OWNER_DATA_REQUIRED:GA4","OWNER_DATA_REQUIRED:GA4_NETLIFY","NOT_MEASURED","templated-review","exact-unique","NO_EXACT_H1_DUPLICATE; GSC_QUERY_DATA_REQUIRED","https://reumlab.com/app/academy/","INDEX / SELF_CANONICAL_STATIC_VERIFIED","MONITOR","템플릿 유사 가능성은 있으나 검색·전환 데이터 없이 삭제·통합하지 않음","P2-monitor","SEO owner"
"https://reumlab.com/website/sinbalmaejang/","industry_service","industry_service","앱·웹·AI 개발 파트너를 찾는 사업자와 실무자","OWNER_DATA_REQUIRED:GSC","OWNER_DATA_REQUIRED:GSC","OWNER_DATA_REQUIRED:GSC","OWNER_DATA_REQUIRED:GSC","OWNER_DATA_REQUIRED:BING","OWNER_DATA_REQUIRED:BING_AI_PERFORMANCE","OWNER_DATA_REQUIRED:NAVER","OWNER_DATA_REQUIRED:NAVER","OWNER_DATA_REQUIRED:GA4","OWNER_DATA_REQUIRED:GA4","OWNER_DATA_REQUIRED:GA4_NETLIFY","NOT_MEASURED","templated-review","exact-unique","NO_EXACT_H1_DUPLICATE; GSC_QUERY_DATA_REQUIRED","https://reumlab.com/app/academy/","INDEX / SELF_CANONICAL_STATIC_VERIFIED","MONITOR","템플릿 유사 가능성은 있으나 검색·전환 데이터 없이 삭제·통합하지 않음","P2-monitor","SEO owner"
"https://reumlab.com/website/sinchadilreo/","industry_service","industry_service","앱·웹·AI 개발 파트너를 찾는 사업자와 실무자","OWNER_DATA_REQUIRED:GSC","OWNER_DATA_REQUIRED:GSC","OWNER_DATA_REQUIRED:GSC","OWNER_DATA_REQUIRED:GSC","OWNER_DATA_REQUIRED:BING","OWNER_DATA_REQUIRED:BING_AI_PERFORMANCE","OWNER_DATA_REQUIRED:NAVER","OWNER_DATA_REQUIRED:NAVER","OWNER_DATA_REQUIRED:GA4","OWNER_DATA_REQUIRED:GA4","OWNER_DATA_REQUIRED:GA4_NETLIFY","NOT_MEASURED","templated-review","exact-unique","NO_EXACT_H1_DUPLICATE; GSC_QUERY_DATA_REQUIRED","https://reumlab.com/app/academy/","INDEX / SELF_CANONICAL_STATIC_VERIFIED","MONITOR","템플릿 유사 가능성은 있으나 검색·전환 데이터 없이 삭제·통합하지 않음","P2-monitor","SEO owner"
"https://reumlab.com/website/singyeongoegwa/","industry_service","industry_service","앱·웹·AI 개발 파트너를 찾는 사업자와 실무자","OWNER_DATA_REQUIRED:GSC","OWNER_DATA_REQUIRED:GSC","OWNER_DATA_REQUIRED:GSC","OWNER_DATA_REQUIRED:GSC","OWNER_DATA_REQUIRED:BING","OWNER_DATA_REQUIRED:BING_AI_PERFORMANCE","OWNER_DATA_REQUIRED:NAVER","OWNER_DATA_REQUIRED:NAVER","OWNER_DATA_REQUIRED:GA4","OWNER_DATA_REQUIRED:GA4","OWNER_DATA_REQUIRED:GA4_NETLIFY","NOT_MEASURED","templated-review","exact-unique","NO_EXACT_H1_DUPLICATE; GSC_QUERY_DATA_REQUIRED","https://reumlab.com/app/academy/","INDEX / SELF_CANONICAL_STATIC_VERIFIED","MONITOR","템플릿 유사 가능성은 있으나 검색·전환 데이터 없이 삭제·통합하지 않음","P2-monitor","SEO owner"
"https://reumlab.com/website/sinyongjeongbohoesa/","industry_service","industry_service","앱·웹·AI 개발 파트너를 찾는 사업자와 실무자","OWNER_DATA_REQUIRED:GSC","OWNER_DATA_REQUIRED:GSC","OWNER_DATA_REQUIRED:GSC","OWNER_DATA_REQUIRED:GSC","OWNER_DATA_REQUIRED:BING","OWNER_DATA_REQUIRED:BING_AI_PERFORMANCE","OWNER_DATA_REQUIRED:NAVER","OWNER_DATA_REQUIRED:NAVER","OWNER_DATA_REQUIRED:GA4","OWNER_DATA_REQUIRED:GA4","OWNER_DATA_REQUIRED:GA4_NETLIFY","NOT_MEASURED","templated-review","exact-unique","NO_EXACT_H1_DUPLICATE; GSC_QUERY_DATA_REQUIRED","https://reumlab.com/app/academy/","INDEX / SELF_CANONICAL_STATIC_VERIFIED","MONITOR","템플릿 유사 가능성은 있으나 검색·전환 데이터 없이 삭제·통합하지 않음","P2-monitor","SEO owner"
"https://reumlab.com/website/soagwa/","industry_service","industry_service","앱·웹·AI 개발 파트너를 찾는 사업자와 실무자","OWNER_DATA_REQUIRED:GSC","OWNER_DATA_REQUIRED:GSC","OWNER_DATA_REQUIRED:GSC","OWNER_DATA_REQUIRED:GSC","OWNER_DATA_REQUIRED:BING","OWNER_DATA_REQUIRED:BING_AI_PERFORMANCE","OWNER_DATA_REQUIRED:NAVER","OWNER_DATA_REQUIRED:NAVER","OWNER_DATA_REQUIRED:GA4","OWNER_DATA_REQUIRED:GA4","OWNER_DATA_REQUIRED:GA4_NETLIFY","NOT_MEASURED","templated-review","exact-unique","NO_EXACT_H1_DUPLICATE; GSC_QUERY_DATA_REQUIRED","https://reumlab.com/app/academy/","INDEX / SELF_CANONICAL_STATIC_VERIFIED","MONITOR","템플릿 유사 가능성은 있으나 검색·전환 데이터 없이 삭제·통합하지 않음","P2-monitor","SEO owner"
"https://reumlab.com/website/sodogeobche/","industry_service","industry_service","앱·웹·AI 개발 파트너를 찾는 사업자와 실무자","OWNER_DATA_REQUIRED:GSC","OWNER_DATA_REQUIRED:GSC","OWNER_DATA_REQUIRED:GSC","OWNER_DATA_REQUIRED:GSC","OWNER_DATA_REQUIRED:BING","OWNER_DATA_REQUIRED:BING_AI_PERFORMANCE","OWNER_DATA_REQUIRED:NAVER","OWNER_DATA_REQUIRED:NAVER","OWNER_DATA_REQUIRED:GA4","OWNER_DATA_REQUIRED:GA4","OWNER_DATA_REQUIRED:GA4_NETLIFY","NOT_MEASURED","templated-review","exact-unique","NO_EXACT_H1_DUPLICATE; GSC_QUERY_DATA_REQUIRED","https://reumlab.com/app/academy/","INDEX / SELF_CANONICAL_STATIC_VERIFIED","MONITOR","템플릿 유사 가능성은 있으나 검색·전환 데이터 없이 삭제·통합하지 않음","P2-monitor","SEO owner"
"https://reumlab.com/website/sognunsseobsyab/","industry_service","industry_service","앱·웹·AI 개발 파트너를 찾는 사업자와 실무자","OWNER_DATA_REQUIRED:GSC","OWNER_DATA_REQUIRED:GSC","OWNER_DATA_REQUIRED:GSC","OWNER_DATA_REQUIRED:GSC","OWNER_DATA_REQUIRED:BING","OWNER_DATA_REQUIRED:BING_AI_PERFORMANCE","OWNER_DATA_REQUIRED:NAVER","OWNER_DATA_REQUIRED:NAVER","OWNER_DATA_REQUIRED:GA4","OWNER_DATA_REQUIRED:GA4","OWNER_DATA_REQUIRED:GA4_NETLIFY","NOT_MEASURED","templated-review","exact-unique","NO_EXACT_H1_DUPLICATE; GSC_QUERY_DATA_REQUIRED","https://reumlab.com/app/academy/","INDEX / SELF_CANONICAL_STATIC_VERIFIED","MONITOR","템플릿 유사 가능성은 있으나 검색·전환 데이터 없이 삭제·통합하지 않음","P2-monitor","SEO owner"
"https://reumlab.com/website/solrusyeoneobche/","industry_service","industry_service","앱·웹·AI 개발 파트너를 찾는 사업자와 실무자","OWNER_DATA_REQUIRED:GSC","OWNER_DATA_REQUIRED:GSC","OWNER_DATA_REQUIRED:GSC","OWNER_DATA_REQUIRED:GSC","OWNER_DATA_REQUIRED:BING","OWNER_DATA_REQUIRED:BING_AI_PERFORMANCE","OWNER_DATA_REQUIRED:NAVER","OWNER_DATA_REQUIRED:NAVER","OWNER_DATA_REQUIRED:GA4","OWNER_DATA_REQUIRED:GA4","OWNER_DATA_REQUIRED:GA4_NETLIFY","NOT_MEASURED","templated-review","exact-unique","NO_EXACT_H1_DUPLICATE; GSC_QUERY_DATA_REQUIRED","https://reumlab.com/app/academy/","INDEX / SELF_CANONICAL_STATIC_VERIFIED","MONITOR","템플릿 유사 가능성은 있으나 검색·전환 데이터 없이 삭제·통합하지 않음","P2-monitor","SEO owner"
"https://reumlab.com/website/somaeeob/","industry_service","industry_service","앱·웹·AI 개발 파트너를 찾는 사업자와 실무자","OWNER_DATA_REQUIRED:GSC","OWNER_DATA_REQUIRED:GSC","OWNER_DATA_REQUIRED:GSC","OWNER_DATA_REQUIRED:GSC","OWNER_DATA_REQUIRED:BING","OWNER_DATA_REQUIRED:BING_AI_PERFORMANCE","OWNER_DATA_REQUIRED:NAVER","OWNER_DATA_REQUIRED:NAVER","OWNER_DATA_REQUIRED:GA4","OWNER_DATA_REQUIRED:GA4","OWNER_DATA_REQUIRED:GA4_NETLIFY","NOT_MEASURED","templated-review","exact-unique","NO_EXACT_H1_DUPLICATE; GSC_QUERY_DATA_REQUIRED","https://reumlab.com/app/academy/","INDEX / SELF_CANONICAL_STATIC_VERIFIED","MONITOR","템플릿 유사 가능성은 있으나 검색·전환 데이터 없이 삭제·통합하지 않음","P2-monitor","SEO owner"
"https://reumlab.com/website/sonhaesajeongsa/","industry_service","industry_service","앱·웹·AI 개발 파트너를 찾는 사업자와 실무자","OWNER_DATA_REQUIRED:GSC","OWNER_DATA_REQUIRED:GSC","OWNER_DATA_REQUIRED:GSC","OWNER_DATA_REQUIRED:GSC","OWNER_DATA_REQUIRED:BING","OWNER_DATA_REQUIRED:BING_AI_PERFORMANCE","OWNER_DATA_REQUIRED:NAVER","OWNER_DATA_REQUIRED:NAVER","OWNER_DATA_REQUIRED:GA4","OWNER_DATA_REQUIRED:GA4","OWNER_DATA_REQUIRED:GA4_NETLIFY","NOT_MEASURED","templated-review","exact-unique","NO_EXACT_H1_DUPLICATE; GSC_QUERY_DATA_REQUIRED","https://reumlab.com/app/academy/","INDEX / SELF_CANONICAL_STATIC_VERIFIED","MONITOR","템플릿 유사 가능성은 있으나 검색·전환 데이터 없이 삭제·통합하지 않음","P2-monitor","SEO owner"
"https://reumlab.com/website/sonsechajang/","industry_service","industry_service","앱·웹·AI 개발 파트너를 찾는 사업자와 실무자","OWNER_DATA_REQUIRED:GSC","OWNER_DATA_REQUIRED:GSC","OWNER_DATA_REQUIRED:GSC","OWNER_DATA_REQUIRED:GSC","OWNER_DATA_REQUIRED:BING","OWNER_DATA_REQUIRED:BING_AI_PERFORMANCE","OWNER_DATA_REQUIRED:NAVER","OWNER_DATA_REQUIRED:NAVER","OWNER_DATA_REQUIRED:GA4","OWNER_DATA_REQUIRED:GA4","OWNER_DATA_REQUIRED:GA4_NETLIFY","NOT_MEASURED","templated-review","exact-unique","NO_EXACT_H1_DUPLICATE; GSC_QUERY_DATA_REQUIRED","https://reumlab.com/app/academy/","INDEX / SELF_CANONICAL_STATIC_VERIFIED","MONITOR","템플릿 유사 가능성은 있으나 검색·전환 데이터 없이 삭제·통합하지 않음","P2-monitor","SEO owner"
"https://reumlab.com/website/sopeuteuweeogaebalsa/","industry_service","industry_service","앱·웹·AI 개발 파트너를 찾는 사업자와 실무자","OWNER_DATA_REQUIRED:GSC","OWNER_DATA_REQUIRED:GSC","OWNER_DATA_REQUIRED:GSC","OWNER_DATA_REQUIRED:GSC","OWNER_DATA_REQUIRED:BING","OWNER_DATA_REQUIRED:BING_AI_PERFORMANCE","OWNER_DATA_REQUIRED:NAVER","OWNER_DATA_REQUIRED:NAVER","OWNER_DATA_REQUIRED:GA4","OWNER_DATA_REQUIRED:GA4","OWNER_DATA_REQUIRED:GA4_NETLIFY","NOT_MEASURED","templated-review","exact-unique","NO_EXACT_H1_DUPLICATE; GSC_QUERY_DATA_REQUIRED","https://reumlab.com/app/academy/","INDEX / SELF_CANONICAL_STATIC_VERIFIED","MONITOR","템플릿 유사 가능성은 있으나 검색·전환 데이터 없이 삭제·통합하지 않음","P2-monitor","SEO owner"
"https://reumlab.com/website/suhaghagwon/","industry_service","industry_service","앱·웹·AI 개발 파트너를 찾는 사업자와 실무자","OWNER_DATA_REQUIRED:GSC","OWNER_DATA_REQUIRED:GSC","OWNER_DATA_REQUIRED:GSC","OWNER_DATA_REQUIRED:GSC","OWNER_DATA_REQUIRED:BING","OWNER_DATA_REQUIRED:BING_AI_PERFORMANCE","OWNER_DATA_REQUIRED:NAVER","OWNER_DATA_REQUIRED:NAVER","OWNER_DATA_REQUIRED:GA4","OWNER_DATA_REQUIRED:GA4","OWNER_DATA_REQUIRED:GA4_NETLIFY","NOT_MEASURED","templated-review","exact-unique","NO_EXACT_H1_DUPLICATE; GSC_QUERY_DATA_REQUIRED","https://reumlab.com/app/academy/","INDEX / SELF_CANONICAL_STATIC_VERIFIED","MONITOR","템플릿 유사 가능성은 있으나 검색·전환 데이터 없이 삭제·통합하지 않음","P2-monitor","SEO owner"
"https://reumlab.com/website/suibpanmaeeob/","industry_service","industry_service","앱·웹·AI 개발 파트너를 찾는 사업자와 실무자","OWNER_DATA_REQUIRED:GSC","OWNER_DATA_REQUIRED:GSC","OWNER_DATA_REQUIRED:GSC","OWNER_DATA_REQUIRED:GSC","OWNER_DATA_REQUIRED:BING","OWNER_DATA_REQUIRED:BING_AI_PERFORMANCE","OWNER_DATA_REQUIRED:NAVER","OWNER_DATA_REQUIRED:NAVER","OWNER_DATA_REQUIRED:GA4","OWNER_DATA_REQUIRED:GA4","OWNER_DATA_REQUIRED:GA4_NETLIFY","NOT_MEASURED","templated-review","exact-unique","NO_EXACT_H1_DUPLICATE; GSC_QUERY_DATA_REQUIRED","https://reumlab.com/app/academy/","INDEX / SELF_CANONICAL_STATIC_VERIFIED","MONITOR","템플릿 유사 가능성은 있으나 검색·전환 데이터 없이 삭제·통합하지 않음","P2-monitor","SEO owner"
"https://reumlab.com/website/suyeongjang/","industry_service","industry_service","앱·웹·AI 개발 파트너를 찾는 사업자와 실무자","OWNER_DATA_REQUIRED:GSC","OWNER_DATA_REQUIRED:GSC","OWNER_DATA_REQUIRED:GSC","OWNER_DATA_REQUIRED:GSC","OWNER_DATA_REQUIRED:BING","OWNER_DATA_REQUIRED:BING_AI_PERFORMANCE","OWNER_DATA_REQUIRED:NAVER","OWNER_DATA_REQUIRED:NAVER","OWNER_DATA_REQUIRED:GA4","OWNER_DATA_REQUIRED:GA4","OWNER_DATA_REQUIRED:GA4_NETLIFY","NOT_MEASURED","templated-review","exact-unique","NO_EXACT_H1_DUPLICATE; GSC_QUERY_DATA_REQUIRED","https://reumlab.com/app/academy/","INDEX / SELF_CANONICAL_STATIC_VERIFIED","MONITOR","템플릿 유사 가능성은 있으나 검색·전환 데이터 없이 삭제·통합하지 않음","P2-monitor","SEO owner"
"https://reumlab.com/website/syopingmol/","industry_service","industry_service","앱·웹·AI 개발 파트너를 찾는 사업자와 실무자","OWNER_DATA_REQUIRED:GSC","OWNER_DATA_REQUIRED:GSC","OWNER_DATA_REQUIRED:GSC","OWNER_DATA_REQUIRED:GSC","OWNER_DATA_REQUIRED:BING","OWNER_DATA_REQUIRED:BING_AI_PERFORMANCE","OWNER_DATA_REQUIRED:NAVER","OWNER_DATA_REQUIRED:NAVER","OWNER_DATA_REQUIRED:GA4","OWNER_DATA_REQUIRED:GA4","OWNER_DATA_REQUIRED:GA4_NETLIFY","NOT_MEASURED","templated-review","exact-unique","NO_EXACT_H1_DUPLICATE; GSC_QUERY_DATA_REQUIRED","https://reumlab.com/app/academy/","INDEX / SELF_CANONICAL_STATIC_VERIFIED","MONITOR","템플릿 유사 가능성은 있으나 검색·전환 데이터 없이 삭제·통합하지 않음","P2-monitor","SEO owner"
"https://reumlab.com/website/taegbaeeobche/","industry_service","industry_service","앱·웹·AI 개발 파트너를 찾는 사업자와 실무자","OWNER_DATA_REQUIRED:GSC","OWNER_DATA_REQUIRED:GSC","OWNER_DATA_REQUIRED:GSC","OWNER_DATA_REQUIRED:GSC","OWNER_DATA_REQUIRED:BING","OWNER_DATA_REQUIRED:BING_AI_PERFORMANCE","OWNER_DATA_REQUIRED:NAVER","OWNER_DATA_REQUIRED:NAVER","OWNER_DATA_REQUIRED:GA4","OWNER_DATA_REQUIRED:GA4","OWNER_DATA_REQUIRED:GA4_NETLIFY","NOT_MEASURED","templated-review","exact-unique","NO_EXACT_H1_DUPLICATE; GSC_QUERY_DATA_REQUIRED","https://reumlab.com/app/academy/","INDEX / SELF_CANONICAL_STATIC_VERIFIED","MONITOR","템플릿 유사 가능성은 있으나 검색·전환 데이터 없이 삭제·통합하지 않음","P2-monitor","SEO owner"
"https://reumlab.com/website/taegwondojang/","industry_service","industry_service","앱·웹·AI 개발 파트너를 찾는 사업자와 실무자","OWNER_DATA_REQUIRED:GSC","OWNER_DATA_REQUIRED:GSC","OWNER_DATA_REQUIRED:GSC","OWNER_DATA_REQUIRED:GSC","OWNER_DATA_REQUIRED:BING","OWNER_DATA_REQUIRED:BING_AI_PERFORMANCE","OWNER_DATA_REQUIRED:NAVER","OWNER_DATA_REQUIRED:NAVER","OWNER_DATA_REQUIRED:GA4","OWNER_DATA_REQUIRED:GA4","OWNER_DATA_REQUIRED:GA4_NETLIFY","NOT_MEASURED","templated-review","exact-unique","NO_EXACT_H1_DUPLICATE; GSC_QUERY_DATA_REQUIRED","https://reumlab.com/app/academy/","INDEX / SELF_CANONICAL_STATIC_VERIFIED","MONITOR","템플릿 유사 가능성은 있으나 검색·전환 데이터 없이 삭제·통합하지 않음","P2-monitor","SEO owner"
"https://reumlab.com/website/taieomaejang/","industry_service","industry_service","앱·웹·AI 개발 파트너를 찾는 사업자와 실무자","OWNER_DATA_REQUIRED:GSC","OWNER_DATA_REQUIRED:GSC","OWNER_DATA_REQUIRED:GSC","OWNER_DATA_REQUIRED:GSC","OWNER_DATA_REQUIRED:BING","OWNER_DATA_REQUIRED:BING_AI_PERFORMANCE","OWNER_DATA_REQUIRED:NAVER","OWNER_DATA_REQUIRED:NAVER","OWNER_DATA_REQUIRED:GA4","OWNER_DATA_REQUIRED:GA4","OWNER_DATA_REQUIRED:GA4_NETLIFY","NOT_MEASURED","templated-review","exact-unique","NO_EXACT_H1_DUPLICATE; GSC_QUERY_DATA_REQUIRED","https://reumlab.com/app/academy/","INDEX / SELF_CANONICAL_STATIC_VERIFIED","MONITOR","템플릿 유사 가능성은 있으나 검색·전환 데이터 없이 삭제·통합하지 않음","P2-monitor","SEO owner"
"https://reumlab.com/website/taileobche/","industry_service","industry_service","앱·웹·AI 개발 파트너를 찾는 사업자와 실무자","OWNER_DATA_REQUIRED:GSC","OWNER_DATA_REQUIRED:GSC","OWNER_DATA_REQUIRED:GSC","OWNER_DATA_REQUIRED:GSC","OWNER_DATA_REQUIRED:BING","OWNER_DATA_REQUIRED:BING_AI_PERFORMANCE","OWNER_DATA_REQUIRED:NAVER","OWNER_DATA_REQUIRED:NAVER","OWNER_DATA_REQUIRED:GA4","OWNER_DATA_REQUIRED:GA4","OWNER_DATA_REQUIRED:GA4_NETLIFY","NOT_MEASURED","templated-review","exact-unique","NO_EXACT_H1_DUPLICATE; GSC_QUERY_DATA_REQUIRED","https://reumlab.com/app/academy/","INDEX / SELF_CANONICAL_STATIC_VERIFIED","MONITOR","템플릿 유사 가능성은 있으나 검색·전환 데이터 없이 삭제·통합하지 않음","P2-monitor","SEO owner"
"https://reumlab.com/website/temapakeu/","industry_service","industry_service","앱·웹·AI 개발 파트너를 찾는 사업자와 실무자","OWNER_DATA_REQUIRED:GSC","OWNER_DATA_REQUIRED:GSC","OWNER_DATA_REQUIRED:GSC","OWNER_DATA_REQUIRED:GSC","OWNER_DATA_REQUIRED:BING","OWNER_DATA_REQUIRED:BING_AI_PERFORMANCE","OWNER_DATA_REQUIRED:NAVER","OWNER_DATA_REQUIRED:NAVER","OWNER_DATA_REQUIRED:GA4","OWNER_DATA_REQUIRED:GA4","OWNER_DATA_REQUIRED:GA4_NETLIFY","NOT_MEASURED","templated-review","exact-unique","NO_EXACT_H1_DUPLICATE; GSC_QUERY_DATA_REQUIRED","https://reumlab.com/app/academy/","INDEX / SELF_CANONICAL_STATIC_VERIFIED","MONITOR","템플릿 유사 가능성은 있으나 검색·전환 데이터 없이 삭제·통합하지 않음","P2-monitor","SEO owner"
"https://reumlab.com/website/teniseujang/","industry_service","industry_service","앱·웹·AI 개발 파트너를 찾는 사업자와 실무자","OWNER_DATA_REQUIRED:GSC","OWNER_DATA_REQUIRED:GSC","OWNER_DATA_REQUIRED:GSC","OWNER_DATA_REQUIRED:GSC","OWNER_DATA_REQUIRED:BING","OWNER_DATA_REQUIRED:BING_AI_PERFORMANCE","OWNER_DATA_REQUIRED:NAVER","OWNER_DATA_REQUIRED:NAVER","OWNER_DATA_REQUIRED:GA4","OWNER_DATA_REQUIRED:GA4","OWNER_DATA_REQUIRED:GA4_NETLIFY","NOT_MEASURED","templated-review","exact-unique","NO_EXACT_H1_DUPLICATE; GSC_QUERY_DATA_REQUIRED","https://reumlab.com/app/academy/","INDEX / SELF_CANONICAL_STATIC_VERIFIED","MONITOR","템플릿 유사 가능성은 있으나 검색·전환 데이터 없이 삭제·통합하지 않음","P2-monitor","SEO owner"
"https://reumlab.com/website/teugheosamuso/","industry_service","industry_service","앱·웹·AI 개발 파트너를 찾는 사업자와 실무자","OWNER_DATA_REQUIRED:GSC","OWNER_DATA_REQUIRED:GSC","OWNER_DATA_REQUIRED:GSC","OWNER_DATA_REQUIRED:GSC","OWNER_DATA_REQUIRED:BING","OWNER_DATA_REQUIRED:BING_AI_PERFORMANCE","OWNER_DATA_REQUIRED:NAVER","OWNER_DATA_REQUIRED:NAVER","OWNER_DATA_REQUIRED:GA4","OWNER_DATA_REQUIRED:GA4","OWNER_DATA_REQUIRED:GA4_NETLIFY","NOT_MEASURED","templated-review","exact-unique","NO_EXACT_H1_DUPLICATE; GSC_QUERY_DATA_REQUIRED","https://reumlab.com/app/academy/","INDEX / SELF_CANONICAL_STATIC_VERIFIED","MONITOR","템플릿 유사 가능성은 있으나 검색·전환 데이터 없이 삭제·통합하지 않음","P2-monitor","SEO owner"
"https://reumlab.com/website/tomoghoesa/","industry_service","industry_service","앱·웹·AI 개발 파트너를 찾는 사업자와 실무자","OWNER_DATA_REQUIRED:GSC","OWNER_DATA_REQUIRED:GSC","OWNER_DATA_REQUIRED:GSC","OWNER_DATA_REQUIRED:GSC","OWNER_DATA_REQUIRED:BING","OWNER_DATA_REQUIRED:BING_AI_PERFORMANCE","OWNER_DATA_REQUIRED:NAVER","OWNER_DATA_REQUIRED:NAVER","OWNER_DATA_REQUIRED:GA4","OWNER_DATA_REQUIRED:GA4","OWNER_DATA_REQUIRED:GA4_NETLIFY","NOT_MEASURED","templated-review","exact-unique","NO_EXACT_H1_DUPLICATE; GSC_QUERY_DATA_REQUIRED","https://reumlab.com/app/academy/","INDEX / SELF_CANONICAL_STATIC_VERIFIED","MONITOR","템플릿 유사 가능성은 있으나 검색·전환 데이터 없이 삭제·통합하지 않음","P2-monitor","SEO owner"
"https://reumlab.com/website/tongjeunguihaggwa/","industry_service","industry_service","앱·웹·AI 개발 파트너를 찾는 사업자와 실무자","OWNER_DATA_REQUIRED:GSC","OWNER_DATA_REQUIRED:GSC","OWNER_DATA_REQUIRED:GSC","OWNER_DATA_REQUIRED:GSC","OWNER_DATA_REQUIRED:BING","OWNER_DATA_REQUIRED:BING_AI_PERFORMANCE","OWNER_DATA_REQUIRED:NAVER","OWNER_DATA_REQUIRED:NAVER","OWNER_DATA_REQUIRED:GA4","OWNER_DATA_REQUIRED:GA4","OWNER_DATA_REQUIRED:GA4_NETLIFY","NOT_MEASURED","templated-review","exact-unique","NO_EXACT_H1_DUPLICATE; GSC_QUERY_DATA_REQUIRED","https://reumlab.com/app/academy/","INDEX / SELF_CANONICAL_STATIC_VERIFIED","MONITOR","템플릿 유사 가능성은 있으나 검색·전환 데이터 없이 삭제·통합하지 않음","P2-monitor","SEO owner"
"https://reumlab.com/website/tteogjib/","industry_service","industry_service","앱·웹·AI 개발 파트너를 찾는 사업자와 실무자","OWNER_DATA_REQUIRED:GSC","OWNER_DATA_REQUIRED:GSC","OWNER_DATA_REQUIRED:GSC","OWNER_DATA_REQUIRED:GSC","OWNER_DATA_REQUIRED:BING","OWNER_DATA_REQUIRED:BING_AI_PERFORMANCE","OWNER_DATA_REQUIRED:NAVER","OWNER_DATA_REQUIRED:NAVER","OWNER_DATA_REQUIRED:GA4","OWNER_DATA_REQUIRED:GA4","OWNER_DATA_REQUIRED:GA4_NETLIFY","NOT_MEASURED","templated-review","exact-unique","NO_EXACT_H1_DUPLICATE; GSC_QUERY_DATA_REQUIRED","https://reumlab.com/app/academy/","INDEX / SELF_CANONICAL_STATIC_VERIFIED","MONITOR","템플릿 유사 가능성은 있으나 검색·전환 데이터 없이 삭제·통합하지 않음","P2-monitor","SEO owner"
"https://reumlab.com/website/uiryogigijejoeob/","industry_service","industry_service","앱·웹·AI 개발 파트너를 찾는 사업자와 실무자","OWNER_DATA_REQUIRED:GSC","OWNER_DATA_REQUIRED:GSC","OWNER_DATA_REQUIRED:GSC","OWNER_DATA_REQUIRED:GSC","OWNER_DATA_REQUIRED:BING","OWNER_DATA_REQUIRED:BING_AI_PERFORMANCE","OWNER_DATA_REQUIRED:NAVER","OWNER_DATA_REQUIRED:NAVER","OWNER_DATA_REQUIRED:GA4","OWNER_DATA_REQUIRED:GA4","OWNER_DATA_REQUIRED:GA4_NETLIFY","NOT_MEASURED","templated-review","exact-unique","NO_EXACT_H1_DUPLICATE; GSC_QUERY_DATA_REQUIRED","https://reumlab.com/app/academy/","INDEX / SELF_CANONICAL_STATIC_VERIFIED","MONITOR","템플릿 유사 가능성은 있으나 검색·전환 데이터 없이 삭제·통합하지 않음","P2-monitor","SEO owner"
"https://reumlab.com/website/uiryumaejang/","industry_service","industry_service","앱·웹·AI 개발 파트너를 찾는 사업자와 실무자","OWNER_DATA_REQUIRED:GSC","OWNER_DATA_REQUIRED:GSC","OWNER_DATA_REQUIRED:GSC","OWNER_DATA_REQUIRED:GSC","OWNER_DATA_REQUIRED:BING","OWNER_DATA_REQUIRED:BING_AI_PERFORMANCE","OWNER_DATA_REQUIRED:NAVER","OWNER_DATA_REQUIRED:NAVER","OWNER_DATA_REQUIRED:GA4","OWNER_DATA_REQUIRED:GA4","OWNER_DATA_REQUIRED:GA4_NETLIFY","NOT_MEASURED","templated-review","exact-unique","NO_EXACT_H1_DUPLICATE; GSC_QUERY_DATA_REQUIRED","https://reumlab.com/app/academy/","INDEX / SELF_CANONICAL_STATIC_VERIFIED","MONITOR","템플릿 유사 가능성은 있으나 검색·전환 데이터 없이 삭제·통합하지 않음","P2-monitor","SEO owner"
"https://reumlab.com/website/unjeonhagwon/","industry_service","industry_service","앱·웹·AI 개발 파트너를 찾는 사업자와 실무자","OWNER_DATA_REQUIRED:GSC","OWNER_DATA_REQUIRED:GSC","OWNER_DATA_REQUIRED:GSC","OWNER_DATA_REQUIRED:GSC","OWNER_DATA_REQUIRED:BING","OWNER_DATA_REQUIRED:BING_AI_PERFORMANCE","OWNER_DATA_REQUIRED:NAVER","OWNER_DATA_REQUIRED:NAVER","OWNER_DATA_REQUIRED:GA4","OWNER_DATA_REQUIRED:GA4","OWNER_DATA_REQUIRED:GA4_NETLIFY","NOT_MEASURED","templated-review","exact-unique","NO_EXACT_H1_DUPLICATE; GSC_QUERY_DATA_REQUIRED","https://reumlab.com/app/academy/","INDEX / SELF_CANONICAL_STATIC_VERIFIED","MONITOR","템플릿 유사 가능성은 있으나 검색·전환 데이터 없이 삭제·통합하지 않음","P2-monitor","SEO owner"
"https://reumlab.com/website/wagsingsyab/","industry_service","industry_service","앱·웹·AI 개발 파트너를 찾는 사업자와 실무자","OWNER_DATA_REQUIRED:GSC","OWNER_DATA_REQUIRED:GSC","OWNER_DATA_REQUIRED:GSC","OWNER_DATA_REQUIRED:GSC","OWNER_DATA_REQUIRED:BING","OWNER_DATA_REQUIRED:BING_AI_PERFORMANCE","OWNER_DATA_REQUIRED:NAVER","OWNER_DATA_REQUIRED:NAVER","OWNER_DATA_REQUIRED:GA4","OWNER_DATA_REQUIRED:GA4","OWNER_DATA_REQUIRED:GA4_NETLIFY","NOT_MEASURED","templated-review","exact-unique","NO_EXACT_H1_DUPLICATE; GSC_QUERY_DATA_REQUIRED","https://reumlab.com/app/academy/","INDEX / SELF_CANONICAL_STATIC_VERIFIED","MONITOR","템플릿 유사 가능성은 있으나 검색·전환 데이터 없이 삭제·통합하지 않음","P2-monitor","SEO owner"
"https://reumlab.com/website/wangujeom/","industry_service","industry_service","앱·웹·AI 개발 파트너를 찾는 사업자와 실무자","OWNER_DATA_REQUIRED:GSC","OWNER_DATA_REQUIRED:GSC","OWNER_DATA_REQUIRED:GSC","OWNER_DATA_REQUIRED:GSC","OWNER_DATA_REQUIRED:BING","OWNER_DATA_REQUIRED:BING_AI_PERFORMANCE","OWNER_DATA_REQUIRED:NAVER","OWNER_DATA_REQUIRED:NAVER","OWNER_DATA_REQUIRED:GA4","OWNER_DATA_REQUIRED:GA4","OWNER_DATA_REQUIRED:GA4_NETLIFY","NOT_MEASURED","templated-review","exact-unique","NO_EXACT_H1_DUPLICATE; GSC_QUERY_DATA_REQUIRED","https://reumlab.com/app/academy/","INDEX / SELF_CANONICAL_STATIC_VERIFIED","MONITOR","템플릿 유사 가능성은 있으나 검색·전환 데이터 없이 삭제·통합하지 않음","P2-monitor","SEO owner"
"https://reumlab.com/website/webeijeonsi/","industry_service","industry_service","앱·웹·AI 개발 파트너를 찾는 사업자와 실무자","OWNER_DATA_REQUIRED:GSC","OWNER_DATA_REQUIRED:GSC","OWNER_DATA_REQUIRED:GSC","OWNER_DATA_REQUIRED:GSC","OWNER_DATA_REQUIRED:BING","OWNER_DATA_REQUIRED:BING_AI_PERFORMANCE","OWNER_DATA_REQUIRED:NAVER","OWNER_DATA_REQUIRED:NAVER","OWNER_DATA_REQUIRED:GA4","OWNER_DATA_REQUIRED:GA4","OWNER_DATA_REQUIRED:GA4_NETLIFY","NOT_MEASURED","templated-review","exact-unique","NO_EXACT_H1_DUPLICATE; GSC_QUERY_DATA_REQUIRED","https://reumlab.com/app/academy/","INDEX / SELF_CANONICAL_STATIC_VERIFIED","MONITOR","템플릿 유사 가능성은 있으나 검색·전환 데이터 없이 삭제·통합하지 않음","P2-monitor","SEO owner"
"https://reumlab.com/website/wedingdeureseusyab/","industry_service","industry_service","앱·웹·AI 개발 파트너를 찾는 사업자와 실무자","OWNER_DATA_REQUIRED:GSC","OWNER_DATA_REQUIRED:GSC","OWNER_DATA_REQUIRED:GSC","OWNER_DATA_REQUIRED:GSC","OWNER_DATA_REQUIRED:BING","OWNER_DATA_REQUIRED:BING_AI_PERFORMANCE","OWNER_DATA_REQUIRED:NAVER","OWNER_DATA_REQUIRED:NAVER","OWNER_DATA_REQUIRED:GA4","OWNER_DATA_REQUIRED:GA4","OWNER_DATA_REQUIRED:GA4_NETLIFY","NOT_MEASURED","templated-review","exact-unique","NO_EXACT_H1_DUPLICATE; GSC_QUERY_DATA_REQUIRED","https://reumlab.com/app/academy/","INDEX / SELF_CANONICAL_STATIC_VERIFIED","MONITOR","템플릿 유사 가능성은 있으나 검색·전환 데이터 없이 삭제·통합하지 않음","P2-monitor","SEO owner"
"https://reumlab.com/website/wedinghol/","industry_service","industry_service","앱·웹·AI 개발 파트너를 찾는 사업자와 실무자","OWNER_DATA_REQUIRED:GSC","OWNER_DATA_REQUIRED:GSC","OWNER_DATA_REQUIRED:GSC","OWNER_DATA_REQUIRED:GSC","OWNER_DATA_REQUIRED:BING","OWNER_DATA_REQUIRED:BING_AI_PERFORMANCE","OWNER_DATA_REQUIRED:NAVER","OWNER_DATA_REQUIRED:NAVER","OWNER_DATA_REQUIRED:GA4","OWNER_DATA_REQUIRED:GA4","OWNER_DATA_REQUIRED:GA4_NETLIFY","NOT_MEASURED","templated-review","exact-unique","NO_EXACT_H1_DUPLICATE; GSC_QUERY_DATA_REQUIRED","https://reumlab.com/app/academy/","INDEX / SELF_CANONICAL_STATIC_VERIFIED","MONITOR","템플릿 유사 가능성은 있으나 검색·전환 데이터 없이 삭제·통합하지 않음","P2-monitor","SEO owner"
"https://reumlab.com/website/wedingpeulraeneo/","industry_service","industry_service","앱·웹·AI 개발 파트너를 찾는 사업자와 실무자","OWNER_DATA_REQUIRED:GSC","OWNER_DATA_REQUIRED:GSC","OWNER_DATA_REQUIRED:GSC","OWNER_DATA_REQUIRED:GSC","OWNER_DATA_REQUIRED:BING","OWNER_DATA_REQUIRED:BING_AI_PERFORMANCE","OWNER_DATA_REQUIRED:NAVER","OWNER_DATA_REQUIRED:NAVER","OWNER_DATA_REQUIRED:GA4","OWNER_DATA_REQUIRED:GA4","OWNER_DATA_REQUIRED:GA4_NETLIFY","NOT_MEASURED","templated-review","exact-unique","NO_EXACT_H1_DUPLICATE; GSC_QUERY_DATA_REQUIRED","https://reumlab.com/app/academy/","INDEX / SELF_CANONICAL_STATIC_VERIFIED","MONITOR","템플릿 유사 가능성은 있으나 검색·전환 데이터 없이 삭제·통합하지 않음","P2-monitor","SEO owner"
"https://reumlab.com/website/wedingseutyudio/","industry_service","industry_service","앱·웹·AI 개발 파트너를 찾는 사업자와 실무자","OWNER_DATA_REQUIRED:GSC","OWNER_DATA_REQUIRED:GSC","OWNER_DATA_REQUIRED:GSC","OWNER_DATA_REQUIRED:GSC","OWNER_DATA_REQUIRED:BING","OWNER_DATA_REQUIRED:BING_AI_PERFORMANCE","OWNER_DATA_REQUIRED:NAVER","OWNER_DATA_REQUIRED:NAVER","OWNER_DATA_REQUIRED:GA4","OWNER_DATA_REQUIRED:GA4","OWNER_DATA_REQUIRED:GA4_NETLIFY","NOT_MEASURED","templated-review","exact-unique","NO_EXACT_H1_DUPLICATE; GSC_QUERY_DATA_REQUIRED","https://reumlab.com/app/academy/","INDEX / SELF_CANONICAL_STATIC_VERIFIED","MONITOR","템플릿 유사 가능성은 있으나 검색·전환 데이터 없이 삭제·통합하지 않음","P2-monitor","SEO owner"
"https://reumlab.com/website/woteopakeu/","industry_service","industry_service","앱·웹·AI 개발 파트너를 찾는 사업자와 실무자","OWNER_DATA_REQUIRED:GSC","OWNER_DATA_REQUIRED:GSC","OWNER_DATA_REQUIRED:GSC","OWNER_DATA_REQUIRED:GSC","OWNER_DATA_REQUIRED:BING","OWNER_DATA_REQUIRED:BING_AI_PERFORMANCE","OWNER_DATA_REQUIRED:NAVER","OWNER_DATA_REQUIRED:NAVER","OWNER_DATA_REQUIRED:GA4","OWNER_DATA_REQUIRED:GA4","OWNER_DATA_REQUIRED:GA4_NETLIFY","NOT_MEASURED","templated-review","exact-unique","NO_EXACT_H1_DUPLICATE; GSC_QUERY_DATA_REQUIRED","https://reumlab.com/app/academy/","INDEX / SELF_CANONICAL_STATIC_VERIFIED","MONITOR","템플릿 유사 가능성은 있으나 검색·전환 데이터 없이 삭제·통합하지 않음","P2-monitor","SEO owner"
"https://reumlab.com/website/yaggug/","industry_service","industry_service","앱·웹·AI 개발 파트너를 찾는 사업자와 실무자","OWNER_DATA_REQUIRED:GSC","OWNER_DATA_REQUIRED:GSC","OWNER_DATA_REQUIRED:GSC","OWNER_DATA_REQUIRED:GSC","OWNER_DATA_REQUIRED:BING","OWNER_DATA_REQUIRED:BING_AI_PERFORMANCE","OWNER_DATA_REQUIRED:NAVER","OWNER_DATA_REQUIRED:NAVER","OWNER_DATA_REQUIRED:GA4","OWNER_DATA_REQUIRED:GA4","OWNER_DATA_REQUIRED:GA4_NETLIFY","NOT_MEASURED","templated-review","exact-unique","NO_EXACT_H1_DUPLICATE; GSC_QUERY_DATA_REQUIRED","https://reumlab.com/app/academy/","INDEX / SELF_CANONICAL_STATIC_VERIFIED","MONITOR","템플릿 유사 가능성은 있으나 검색·전환 데이터 없이 삭제·통합하지 않음","P2-monitor","SEO owner"
"https://reumlab.com/website/yangsigdang/","industry_service","industry_service","앱·웹·AI 개발 파트너를 찾는 사업자와 실무자","OWNER_DATA_REQUIRED:GSC","OWNER_DATA_REQUIRED:GSC","OWNER_DATA_REQUIRED:GSC","OWNER_DATA_REQUIRED:GSC","OWNER_DATA_REQUIRED:BING","OWNER_DATA_REQUIRED:BING_AI_PERFORMANCE","OWNER_DATA_REQUIRED:NAVER","OWNER_DATA_REQUIRED:NAVER","OWNER_DATA_REQUIRED:GA4","OWNER_DATA_REQUIRED:GA4","OWNER_DATA_REQUIRED:GA4_NETLIFY","NOT_MEASURED","templated-review","exact-unique","NO_EXACT_H1_DUPLICATE; GSC_QUERY_DATA_REQUIRED","https://reumlab.com/app/academy/","INDEX / SELF_CANONICAL_STATIC_VERIFIED","MONITOR","템플릿 유사 가능성은 있으나 검색·전환 데이터 없이 삭제·통합하지 않음","P2-monitor","SEO owner"
"https://reumlab.com/website/yeohaengsa/","industry_service","industry_service","앱·웹·AI 개발 파트너를 찾는 사업자와 실무자","OWNER_DATA_REQUIRED:GSC","OWNER_DATA_REQUIRED:GSC","OWNER_DATA_REQUIRED:GSC","OWNER_DATA_REQUIRED:GSC","OWNER_DATA_REQUIRED:BING","OWNER_DATA_REQUIRED:BING_AI_PERFORMANCE","OWNER_DATA_REQUIRED:NAVER","OWNER_DATA_REQUIRED:NAVER","OWNER_DATA_REQUIRED:GA4","OWNER_DATA_REQUIRED:GA4","OWNER_DATA_REQUIRED:GA4_NETLIFY","NOT_MEASURED","templated-review","exact-unique","NO_EXACT_H1_DUPLICATE; GSC_QUERY_DATA_REQUIRED","https://reumlab.com/app/academy/","INDEX / SELF_CANONICAL_STATIC_VERIFIED","MONITOR","템플릿 유사 가능성은 있으나 검색·전환 데이터 없이 삭제·통합하지 않음","P2-monitor","SEO owner"
"https://reumlab.com/website/yeolsoeeobche/","industry_service","industry_service","앱·웹·AI 개발 파트너를 찾는 사업자와 실무자","OWNER_DATA_REQUIRED:GSC","OWNER_DATA_REQUIRED:GSC","OWNER_DATA_REQUIRED:GSC","OWNER_DATA_REQUIRED:GSC","OWNER_DATA_REQUIRED:BING","OWNER_DATA_REQUIRED:BING_AI_PERFORMANCE","OWNER_DATA_REQUIRED:NAVER","OWNER_DATA_REQUIRED:NAVER","OWNER_DATA_REQUIRED:GA4","OWNER_DATA_REQUIRED:GA4","OWNER_DATA_REQUIRED:GA4_NETLIFY","NOT_MEASURED","templated-review","exact-unique","NO_EXACT_H1_DUPLICATE; GSC_QUERY_DATA_REQUIRED","https://reumlab.com/app/academy/","INDEX / SELF_CANONICAL_STATIC_VERIFIED","MONITOR","템플릿 유사 가능성은 있으나 검색·전환 데이터 없이 삭제·통합하지 않음","P2-monitor","SEO owner"
"https://reumlab.com/website/yeongeohagwon/","industry_service","industry_service","앱·웹·AI 개발 파트너를 찾는 사업자와 실무자","OWNER_DATA_REQUIRED:GSC","OWNER_DATA_REQUIRED:GSC","OWNER_DATA_REQUIRED:GSC","OWNER_DATA_REQUIRED:GSC","OWNER_DATA_REQUIRED:BING","OWNER_DATA_REQUIRED:BING_AI_PERFORMANCE","OWNER_DATA_REQUIRED:NAVER","OWNER_DATA_REQUIRED:NAVER","OWNER_DATA_REQUIRED:GA4","OWNER_DATA_REQUIRED:GA4","OWNER_DATA_REQUIRED:GA4_NETLIFY","NOT_MEASURED","templated-review","exact-unique","NO_EXACT_H1_DUPLICATE; GSC_QUERY_DATA_REQUIRED","https://reumlab.com/app/academy/","INDEX / SELF_CANONICAL_STATIC_VERIFIED","MONITOR","템플릿 유사 가능성은 있으나 검색·전환 데이터 없이 삭제·통합하지 않음","P2-monitor","SEO owner"
"https://reumlab.com/website/yeongsangjejageobche/","industry_service","industry_service","앱·웹·AI 개발 파트너를 찾는 사업자와 실무자","OWNER_DATA_REQUIRED:GSC","OWNER_DATA_REQUIRED:GSC","OWNER_DATA_REQUIRED:GSC","OWNER_DATA_REQUIRED:GSC","OWNER_DATA_REQUIRED:BING","OWNER_DATA_REQUIRED:BING_AI_PERFORMANCE","OWNER_DATA_REQUIRED:NAVER","OWNER_DATA_REQUIRED:NAVER","OWNER_DATA_REQUIRED:GA4","OWNER_DATA_REQUIRED:GA4","OWNER_DATA_REQUIRED:GA4_NETLIFY","NOT_MEASURED","templated-review","exact-unique","NO_EXACT_H1_DUPLICATE; GSC_QUERY_DATA_REQUIRED","https://reumlab.com/app/academy/","INDEX / SELF_CANONICAL_STATIC_VERIFIED","MONITOR","템플릿 유사 가능성은 있으나 검색·전환 데이터 없이 삭제·통합하지 않음","P2-monitor","SEO owner"
"https://reumlab.com/website/yeonguso/","industry_service","industry_service","앱·웹·AI 개발 파트너를 찾는 사업자와 실무자","OWNER_DATA_REQUIRED:GSC","OWNER_DATA_REQUIRED:GSC","OWNER_DATA_REQUIRED:GSC","OWNER_DATA_REQUIRED:GSC","OWNER_DATA_REQUIRED:BING","OWNER_DATA_REQUIRED:BING_AI_PERFORMANCE","OWNER_DATA_REQUIRED:NAVER","OWNER_DATA_REQUIRED:NAVER","OWNER_DATA_REQUIRED:GA4","OWNER_DATA_REQUIRED:GA4","OWNER_DATA_REQUIRED:GA4_NETLIFY","NOT_MEASURED","templated-review","exact-unique","NO_EXACT_H1_DUPLICATE; GSC_QUERY_DATA_REQUIRED","https://reumlab.com/app/academy/","INDEX / SELF_CANONICAL_STATIC_VERIFIED","MONITOR","템플릿 유사 가능성은 있으나 검색·전환 데이터 없이 삭제·통합하지 않음","P2-monitor","SEO owner"
"https://reumlab.com/website/yogawon/","industry_service","industry_service","앱·웹·AI 개발 파트너를 찾는 사업자와 실무자","OWNER_DATA_REQUIRED:GSC","OWNER_DATA_REQUIRED:GSC","OWNER_DATA_REQUIRED:GSC","OWNER_DATA_REQUIRED:GSC","OWNER_DATA_REQUIRED:BING","OWNER_DATA_REQUIRED:BING_AI_PERFORMANCE","OWNER_DATA_REQUIRED:NAVER","OWNER_DATA_REQUIRED:NAVER","OWNER_DATA_REQUIRED:GA4","OWNER_DATA_REQUIRED:GA4","OWNER_DATA_REQUIRED:GA4_NETLIFY","NOT_MEASURED","templated-review","exact-unique","NO_EXACT_H1_DUPLICATE; GSC_QUERY_DATA_REQUIRED","https://reumlab.com/app/academy/","INDEX / SELF_CANONICAL_STATIC_VERIFIED","MONITOR","템플릿 유사 가능성은 있으나 검색·전환 데이터 없이 삭제·통합하지 않음","P2-monitor","SEO owner"
"https://reumlab.com/website/yongdaleobche/","industry_service","industry_service","앱·웹·AI 개발 파트너를 찾는 사업자와 실무자","OWNER_DATA_REQUIRED:GSC","OWNER_DATA_REQUIRED:GSC","OWNER_DATA_REQUIRED:GSC","OWNER_DATA_REQUIRED:GSC","OWNER_DATA_REQUIRED:BING","OWNER_DATA_REQUIRED:BING_AI_PERFORMANCE","OWNER_DATA_REQUIRED:NAVER","OWNER_DATA_REQUIRED:NAVER","OWNER_DATA_REQUIRED:GA4","OWNER_DATA_REQUIRED:GA4","OWNER_DATA_REQUIRED:GA4_NETLIFY","NOT_MEASURED","templated-review","exact-unique","NO_EXACT_H1_DUPLICATE; GSC_QUERY_DATA_REQUIRED","https://reumlab.com/app/academy/","INDEX / SELF_CANONICAL_STATIC_VERIFIED","MONITOR","템플릿 유사 가능성은 있으나 검색·전환 데이터 없이 삭제·통합하지 않음","P2-monitor","SEO owner"
"https://reumlab.com/website/yongjeobeobche/","industry_service","industry_service","앱·웹·AI 개발 파트너를 찾는 사업자와 실무자","OWNER_DATA_REQUIRED:GSC","OWNER_DATA_REQUIRED:GSC","OWNER_DATA_REQUIRED:GSC","OWNER_DATA_REQUIRED:GSC","OWNER_DATA_REQUIRED:BING","OWNER_DATA_REQUIRED:BING_AI_PERFORMANCE","OWNER_DATA_REQUIRED:NAVER","OWNER_DATA_REQUIRED:NAVER","OWNER_DATA_REQUIRED:GA4","OWNER_DATA_REQUIRED:GA4","OWNER_DATA_REQUIRED:GA4_NETLIFY","NOT_MEASURED","templated-review","exact-unique","NO_EXACT_H1_DUPLICATE; GSC_QUERY_DATA_REQUIRED","https://reumlab.com/app/academy/","INDEX / SELF_CANONICAL_STATIC_VERIFIED","MONITOR","템플릿 유사 가능성은 있으나 검색·전환 데이터 없이 삭제·통합하지 않음","P2-monitor","SEO owner"
"https://reumlab.com/website/yorihagwon/","industry_service","industry_service","앱·웹·AI 개발 파트너를 찾는 사업자와 실무자","OWNER_DATA_REQUIRED:GSC","OWNER_DATA_REQUIRED:GSC","OWNER_DATA_REQUIRED:GSC","OWNER_DATA_REQUIRED:GSC","OWNER_DATA_REQUIRED:BING","OWNER_DATA_REQUIRED:BING_AI_PERFORMANCE","OWNER_DATA_REQUIRED:NAVER","OWNER_DATA_REQUIRED:NAVER","OWNER_DATA_REQUIRED:GA4","OWNER_DATA_REQUIRED:GA4","OWNER_DATA_REQUIRED:GA4_NETLIFY","NOT_MEASURED","templated-review","exact-unique","NO_EXACT_H1_DUPLICATE; GSC_QUERY_DATA_REQUIRED","https://reumlab.com/app/academy/","INDEX / SELF_CANONICAL_STATIC_VERIFIED","MONITOR","템플릿 유사 가능성은 있으나 검색·전환 데이터 없이 삭제·통합하지 않음","P2-monitor","SEO owner"
"https://reumlab.com/website/yoyangbyeongwon/","industry_service","industry_service","앱·웹·AI 개발 파트너를 찾는 사업자와 실무자","OWNER_DATA_REQUIRED:GSC","OWNER_DATA_REQUIRED:GSC","OWNER_DATA_REQUIRED:GSC","OWNER_DATA_REQUIRED:GSC","OWNER_DATA_REQUIRED:BING","OWNER_DATA_REQUIRED:BING_AI_PERFORMANCE","OWNER_DATA_REQUIRED:NAVER","OWNER_DATA_REQUIRED:NAVER","OWNER_DATA_REQUIRED:GA4","OWNER_DATA_REQUIRED:GA4","OWNER_DATA_REQUIRED:GA4_NETLIFY","NOT_MEASURED","templated-review","exact-unique","NO_EXACT_H1_DUPLICATE; GSC_QUERY_DATA_REQUIRED","https://reumlab.com/app/academy/","INDEX / SELF_CANONICAL_STATIC_VERIFIED","MONITOR","템플릿 유사 가능성은 있으나 검색·전환 데이터 없이 삭제·통합하지 않음","P2-monitor","SEO owner"
"https://reumlab.com/website/yoyangwon/","industry_service","industry_service","앱·웹·AI 개발 파트너를 찾는 사업자와 실무자","OWNER_DATA_REQUIRED:GSC","OWNER_DATA_REQUIRED:GSC","OWNER_DATA_REQUIRED:GSC","OWNER_DATA_REQUIRED:GSC","OWNER_DATA_REQUIRED:BING","OWNER_DATA_REQUIRED:BING_AI_PERFORMANCE","OWNER_DATA_REQUIRED:NAVER","OWNER_DATA_REQUIRED:NAVER","OWNER_DATA_REQUIRED:GA4","OWNER_DATA_REQUIRED:GA4","OWNER_DATA_REQUIRED:GA4_NETLIFY","NOT_MEASURED","templated-review","exact-unique","NO_EXACT_H1_DUPLICATE; GSC_QUERY_DATA_REQUIRED","https://reumlab.com/app/academy/","INDEX / SELF_CANONICAL_STATIC_VERIFIED","MONITOR","템플릿 유사 가능성은 있으나 검색·전환 데이터 없이 삭제·통합하지 않음","P2-monitor","SEO owner"
"https://reumlab.com/website/yuchiwon/","industry_service","industry_service","앱·웹·AI 개발 파트너를 찾는 사업자와 실무자","OWNER_DATA_REQUIRED:GSC","OWNER_DATA_REQUIRED:GSC","OWNER_DATA_REQUIRED:GSC","OWNER_DATA_REQUIRED:GSC","OWNER_DATA_REQUIRED:BING","OWNER_DATA_REQUIRED:BING_AI_PERFORMANCE","OWNER_DATA_REQUIRED:NAVER","OWNER_DATA_REQUIRED:NAVER","OWNER_DATA_REQUIRED:GA4","OWNER_DATA_REQUIRED:GA4","OWNER_DATA_REQUIRED:GA4_NETLIFY","NOT_MEASURED","templated-review","exact-unique","NO_EXACT_H1_DUPLICATE; GSC_QUERY_DATA_REQUIRED","https://reumlab.com/app/academy/","INDEX / SELF_CANONICAL_STATIC_VERIFIED","MONITOR","템플릿 유사 가능성은 있으나 검색·전환 데이터 없이 삭제·통합하지 않음","P2-monitor","SEO owner"
"https://reumlab.com/website/yuhagwon/","industry_service","industry_service","앱·웹·AI 개발 파트너를 찾는 사업자와 실무자","OWNER_DATA_REQUIRED:GSC","OWNER_DATA_REQUIRED:GSC","OWNER_DATA_REQUIRED:GSC","OWNER_DATA_REQUIRED:GSC","OWNER_DATA_REQUIRED:BING","OWNER_DATA_REQUIRED:BING_AI_PERFORMANCE","OWNER_DATA_REQUIRED:NAVER","OWNER_DATA_REQUIRED:NAVER","OWNER_DATA_REQUIRED:GA4","OWNER_DATA_REQUIRED:GA4","OWNER_DATA_REQUIRED:GA4_NETLIFY","NOT_MEASURED","templated-review","exact-unique","NO_EXACT_H1_DUPLICATE; GSC_QUERY_DATA_REQUIRED","https://reumlab.com/app/academy/","INDEX / SELF_CANONICAL_STATIC_VERIFIED","MONITOR","템플릿 유사 가능성은 있으나 검색·전환 데이터 없이 삭제·통합하지 않음","P2-monitor","SEO owner"
"https://reumlab.com/website/yuramseon/","industry_service","industry_service","앱·웹·AI 개발 파트너를 찾는 사업자와 실무자","OWNER_DATA_REQUIRED:GSC","OWNER_DATA_REQUIRED:GSC","OWNER_DATA_REQUIRED:GSC","OWNER_DATA_REQUIRED:GSC","OWNER_DATA_REQUIRED:BING","OWNER_DATA_REQUIRED:BING_AI_PERFORMANCE","OWNER_DATA_REQUIRED:NAVER","OWNER_DATA_REQUIRED:NAVER","OWNER_DATA_REQUIRED:GA4","OWNER_DATA_REQUIRED:GA4","OWNER_DATA_REQUIRED:GA4_NETLIFY","NOT_MEASURED","templated-review","exact-unique","NO_EXACT_H1_DUPLICATE; GSC_QUERY_DATA_REQUIRED","https://reumlab.com/app/academy/","INDEX / SELF_CANONICAL_STATIC_VERIFIED","MONITOR","템플릿 유사 가능성은 있으나 검색·전환 데이터 없이 삭제·통합하지 않음","P2-monitor","SEO owner"
"https://reumlab.com/website/yutongkeonseolting/","industry_service","industry_service","앱·웹·AI 개발 파트너를 찾는 사업자와 실무자","OWNER_DATA_REQUIRED:GSC","OWNER_DATA_REQUIRED:GSC","OWNER_DATA_REQUIRED:GSC","OWNER_DATA_REQUIRED:GSC","OWNER_DATA_REQUIRED:BING","OWNER_DATA_REQUIRED:BING_AI_PERFORMANCE","OWNER_DATA_REQUIRED:NAVER","OWNER_DATA_REQUIRED:NAVER","OWNER_DATA_REQUIRED:GA4","OWNER_DATA_REQUIRED:GA4","OWNER_DATA_REQUIRED:GA4_NETLIFY","NOT_MEASURED","templated-review","exact-unique","NO_EXACT_H1_DUPLICATE; GSC_QUERY_DATA_REQUIRED","https://reumlab.com/app/academy/","INDEX / SELF_CANONICAL_STATIC_VERIFIED","MONITOR","템플릿 유사 가능성은 있으나 검색·전환 데이터 없이 삭제·통합하지 않음","P2-monitor","SEO owner"
"https://reumlab.com/website/yutyubeujejagsa/","industry_service","industry_service","앱·웹·AI 개발 파트너를 찾는 사업자와 실무자","OWNER_DATA_REQUIRED:GSC","OWNER_DATA_REQUIRED:GSC","OWNER_DATA_REQUIRED:GSC","OWNER_DATA_REQUIRED:GSC","OWNER_DATA_REQUIRED:BING","OWNER_DATA_REQUIRED:BING_AI_PERFORMANCE","OWNER_DATA_REQUIRED:NAVER","OWNER_DATA_REQUIRED:NAVER","OWNER_DATA_REQUIRED:GA4","OWNER_DATA_REQUIRED:GA4","OWNER_DATA_REQUIRED:GA4_NETLIFY","NOT_MEASURED","templated-review","exact-unique","NO_EXACT_H1_DUPLICATE; GSC_QUERY_DATA_REQUIRED","https://reumlab.com/app/academy/","INDEX / SELF_CANONICAL_STATIC_VERIFIED","MONITOR","템플릿 유사 가능성은 있으나 검색·전환 데이터 없이 삭제·통합하지 않음","P2-monitor","SEO owner"
"https://reumlab.com/website-agency/","service_or_hub","service_or_hub","앱·웹·AI 개발 파트너를 찾는 사업자와 실무자","OWNER_DATA_REQUIRED:GSC","OWNER_DATA_REQUIRED:GSC","OWNER_DATA_REQUIRED:GSC","OWNER_DATA_REQUIRED:GSC","OWNER_DATA_REQUIRED:BING","OWNER_DATA_REQUIRED:BING_AI_PERFORMANCE","OWNER_DATA_REQUIRED:NAVER","OWNER_DATA_REQUIRED:NAVER","OWNER_DATA_REQUIRED:GA4","OWNER_DATA_REQUIRED:GA4","OWNER_DATA_REQUIRED:GA4_NETLIFY","NOT_MEASURED","moderate","exact-unique","NO_EXACT_H1_DUPLICATE; GSC_QUERY_DATA_REQUIRED","https://reumlab.com/academy-shopping-mall/","INDEX / SELF_CANONICAL_STATIC_VERIFIED","IMPROVE","핵심 의도와 기술 품질은 유효하나 인용 가능한 1차 근거 보강 여지 있음","P1","content+SEO"
"https://reumlab.com/windows-app-development/","service_or_hub","service_or_hub","앱·웹·AI 개발 파트너를 찾는 사업자와 실무자","OWNER_DATA_REQUIRED:GSC","OWNER_DATA_REQUIRED:GSC","OWNER_DATA_REQUIRED:GSC","OWNER_DATA_REQUIRED:GSC","OWNER_DATA_REQUIRED:BING","OWNER_DATA_REQUIRED:BING_AI_PERFORMANCE","OWNER_DATA_REQUIRED:NAVER","OWNER_DATA_REQUIRED:NAVER","OWNER_DATA_REQUIRED:GA4","OWNER_DATA_REQUIRED:GA4","OWNER_DATA_REQUIRED:GA4_NETLIFY","NOT_MEASURED","moderate","exact-unique","NO_EXACT_H1_DUPLICATE; GSC_QUERY_DATA_REQUIRED","https://reumlab.com/academy-shopping-mall/","INDEX / SELF_CANONICAL_STATIC_VERIFIED","IMPROVE","핵심 의도와 기술 품질은 유효하나 인용 가능한 1차 근거 보강 여지 있음","P1","content+SEO"
