"url","status_code","canonical","robots","indexable","in_sitemap","in_rss","title","description","h1","schema_types","internal_link_count","click_depth","page_type","primary_intent","naver_priority","decision","reason","verification_status"
"https://reumlab.com/404.html","404","https://reumlab.com/404.html","noindex","no","no","no","페이지를 찾을 수 없습니다 (404) | 름랩 REUMLAB","요청하신 주소가 바뀌었거나 삭제된 페이지입니다. 름랩의 앱 MVP·Flutter 앱개발·웹사이트 제작·AI 개발 페이지에서 필요한 서비스를 찾아보세요.","페이지를 찾을 수 없습니다","ContactPoint|Country|OpeningHoursSpecification|Organization|PostalAddress|ProfessionalService|PropertyValue|WebSite","25","","404","404","P3","404","custom not-found document","TESTED_LOCAL_BUILD"
"https://reumlab.com/academy-shopping-mall/","200","https://reumlab.com/academy-shopping-mall/","index, follow","yes","yes","no","학원 쇼핑몰 제작 | 수강신청·결제·관리자 맞춤 구축 — 름랩","학원 수강권·교재·특강을 온라인으로 파는 학원 전용 쇼핑몰을 제작합니다. 회원가입·수강신청·결제·환불·관리자페이지·수강생 관리까지 맞춤 구축하고, 소스코드 전체 이관 + 직접 운영 교육. 동탄·수원 거점, 전국 진행.","학원 운영에 맞춘 수강신청·결제 쇼핑몰 제작","Answer|BreadcrumbList|ContactPoint|Country|FAQPage|ListItem|OpeningHoursSpecification|Organization|PostalAddress|ProfessionalService|PropertyValue|Question|Service|WebSite","29","1","service_or_hub","service_or_hub","P1","INDEX","self-canonical, indexable and present in sitemap","TESTED_LOCAL_BUILD"
"https://reumlab.com/admin-page-development/","200","https://reumlab.com/admin-page-development/","index, follow","yes","yes","no","관리자 페이지 개발 외주 | 어드민·백오피스 맞춤 구축 — 름랩","엑셀·수기로 하던 주문·회원·재고·정산 관리를 관리자(어드민) 페이지로 자동화합니다. 카페24·노코드로는 막히는 맞춤 백오피스를 정액으로 구축하고 소스코드 전체 이관 + 직접 운영 교육. 동탄·수원 거점, 전국 어디서나 진행.","관리자 페이지 개발 — 엑셀·수기 관리를 어드민 한 화면으로","Answer|BreadcrumbList|ContactPoint|Country|FAQPage|ListItem|OpeningHoursSpecification|Organization|PostalAddress|ProfessionalService|PropertyValue|Question|Service|WebSite","35","1","service_or_hub","service_or_hub","P1","INDEX","self-canonical, indexable and present in sitemap","TESTED_LOCAL_BUILD"
"https://reumlab.com/ai-automation/","200","https://reumlab.com/ai-automation/","index,follow","yes","yes","no","AI 업무 자동화 개발 — 반복 업무를 AI 흐름으로 | 름랩 REUMLAB","문서 작성·검색·분류·콘텐츠·영업 업무를 회사가 실제로 쓰는 데이터와 업무 방식에 맞게 자동화합니다. 기존 서비스 AI 추가부터 AI SaaS 출시까지. 름랩.","AI 업무 자동화 개발 사람이 반복하던 일을 AI가 처리하는 흐름으로","Answer|BreadcrumbList|ContactPoint|Country|FAQPage|ListItem|OpeningHoursSpecification|Organization|PostalAddress|ProfessionalService|PropertyValue|Question|Service|WebSite","26","1","service_or_hub","service_or_hub","P1","INDEX","self-canonical, indexable and present in sitemap","TESTED_LOCAL_BUILD"
"https://reumlab.com/ai-development/ansan/","200","https://reumlab.com/ai-development/ansan/","noindex, follow","no","no","no","안산 AI 외주개발 | 챗봇·업무 자동화 실전형 — 름랩","반복되는 응대와 업무를 줄이고 싶으신가요. 안산 AI 외주개발 — 안산의 제조·유통·로컬 수요에 맞춰 주문·재고·예약 같은 실무 기능을 핵심부터 추려 제작합니다. 챗봇·자동화 실전형 · 최소 기능부터 단계별.","안산 AI 외주개발","Answer|BreadcrumbList|ContactPoint|Country|FAQPage|ListItem|OpeningHoursSpecification|Organization|Place|PostalAddress|ProfessionalService|PropertyValue|Question|Service|WebSite","40","3","region_service","region_service","P3","NOINDEX","robots noindex in initial HTML","TESTED_LOCAL_BUILD"
"https://reumlab.com/ai-development/anyang/","200","https://reumlab.com/ai-development/anyang/","noindex, follow","no","no","no","안양 AI 외주개발 | 챗봇·업무 자동화 실전형 — 름랩","반복되는 응대와 업무를 줄이고 싶으신가요. 안양 AI 외주개발 — 안양 평촌 학원가와 구도심 상권에 맞춰 수강신청·예약·결제 같은 운영 기능 중심으로 제작합니다. 챗봇·자동화 실전형 · 최소 기능부터 단계별.","안양 AI 외주개발","Answer|BreadcrumbList|ContactPoint|Country|FAQPage|ListItem|OpeningHoursSpecification|Organization|Place|PostalAddress|ProfessionalService|PropertyValue|Question|Service|WebSite","40","4","region_service","region_service","P3","NOINDEX","robots noindex in initial HTML","TESTED_LOCAL_BUILD"
"https://reumlab.com/ai-development/asan/","200","https://reumlab.com/ai-development/asan/","noindex, follow","no","no","no","아산 AI 외주개발 | 챗봇·업무 자동화 실전형 — 름랩","반복되는 응대와 업무를 줄이고 싶으신가요. 아산 AI 외주개발 — 아산의 산업단지와 온양·배방 신도시 상권 수요에 맞춰 실무 자동화·예약·주문 앱·웹을 비대면으로 제작합니다. 챗봇·자동화 실전형 · 최소 기능부터 단계별.","아산 AI 외주개발","Answer|BreadcrumbList|ContactPoint|Country|FAQPage|ListItem|OpeningHoursSpecification|Organization|Place|PostalAddress|ProfessionalService|PropertyValue|Question|Service|WebSite","40","","region_service","region_service","P3","NOINDEX","robots noindex in initial HTML","TESTED_LOCAL_BUILD"
"https://reumlab.com/ai-development/bucheon/","200","https://reumlab.com/ai-development/bucheon/","noindex, follow","no","no","no","부천 AI 외주개발 | 챗봇·업무 자동화 실전형 — 름랩","반복되는 응대와 업무를 줄이고 싶으신가요. 부천 AI 외주개발 — 부천의 촘촘한 자영업 상권에 맞춰 예약·주문·회원 중심의 앱·웹을 빠르게 만들고 소스코드를 이관합니다. 챗봇·자동화 실전형 · 최소 기능부터 단계별.","부천 AI 외주개발","Answer|BreadcrumbList|ContactPoint|Country|FAQPage|ListItem|OpeningHoursSpecification|Organization|Place|PostalAddress|ProfessionalService|PropertyValue|Question|Service|WebSite","40","4","region_service","region_service","P3","NOINDEX","robots noindex in initial HTML","TESTED_LOCAL_BUILD"
"https://reumlab.com/ai-development/bundang/","200","https://reumlab.com/ai-development/bundang/","noindex, follow","no","no","no","분당 AI 외주개발 | 챗봇·업무 자동화 실전형 — 름랩","반복되는 응대와 업무를 줄이고 싶으신가요. 분당 AI 외주개발 — 분당은 IT 종사자·예비창업자 비중이 높아, 빠른 검증과 소스코드 이관을 중시하는 프로젝트에 잘 맞습니다. 챗봇·자동화 실전형 · 최소 기능부터 단계별.","분당 AI 외주개발","Answer|BreadcrumbList|ContactPoint|Country|FAQPage|ListItem|OpeningHoursSpecification|Organization|Place|PostalAddress|ProfessionalService|PropertyValue|Question|Service|WebSite","40","4","region_service","region_service","P3","NOINDEX","robots noindex in initial HTML","TESTED_LOCAL_BUILD"
"https://reumlab.com/ai-development/busan/","200","https://reumlab.com/ai-development/busan/","noindex, follow","no","no","no","부산 AI 외주개발 | 챗봇·업무 자동화 실전형 — 름랩","반복되는 응대와 업무를 줄이고 싶으신가요. 부산 AI 외주개발 — 름랩은 소스코드 이관·비대면 협업 구조라 부산 사업자와도 화상 상담으로 전국 동일 조건으로 진행합니다. 챗봇·자동화 실전형 · 최소 기능부터 단계별.","부산 AI 외주개발","Answer|BreadcrumbList|ContactPoint|Country|FAQPage|ListItem|OpeningHoursSpecification|Organization|Place|PostalAddress|ProfessionalService|PropertyValue|Question|Service|WebSite","40","","region_service","region_service","P3","NOINDEX","robots noindex in initial HTML","TESTED_LOCAL_BUILD"
"https://reumlab.com/ai-development/changwon/","200","https://reumlab.com/ai-development/changwon/","noindex, follow","no","no","no","창원 AI 외주개발 | 챗봇·업무 자동화 실전형 — 름랩","반복되는 응대와 업무를 줄이고 싶으신가요. 창원 AI 외주개발 — 창원의 기계·제조 산업과 상남동 상권 수요에 맞춰 실무 자동화·예약·주문 앱·웹을 비대면으로 제작합니다. 챗봇·자동화 실전형 · 최소 기능부터 단계별.","창원 AI 외주개발","Answer|BreadcrumbList|ContactPoint|Country|FAQPage|ListItem|OpeningHoursSpecification|Organization|Place|PostalAddress|ProfessionalService|PropertyValue|Question|Service|WebSite","40","","region_service","region_service","P3","NOINDEX","robots noindex in initial HTML","TESTED_LOCAL_BUILD"
"https://reumlab.com/ai-development/cheonan/","200","https://reumlab.com/ai-development/cheonan/","noindex, follow","no","no","no","천안 AI 외주개발 | 챗봇·업무 자동화 실전형 — 름랩","반복되는 응대와 업무를 줄이고 싶으신가요. 천안 AI 외주개발 — 천안의 대학가 상권과 산업단지 수요에 맞춰 예약·주문·실무 자동화 앱·웹을 비대면으로 제작합니다. 챗봇·자동화 실전형 · 최소 기능부터 단계별.","천안 AI 외주개발","Answer|BreadcrumbList|ContactPoint|Country|FAQPage|ListItem|OpeningHoursSpecification|Organization|Place|PostalAddress|ProfessionalService|PropertyValue|Question|Service|WebSite","40","","region_service","region_service","P3","NOINDEX","robots noindex in initial HTML","TESTED_LOCAL_BUILD"
"https://reumlab.com/ai-development/cheongju/","200","https://reumlab.com/ai-development/cheongju/","noindex, follow","no","no","no","청주 AI 외주개발 | 챗봇·업무 자동화 실전형 — 름랩","반복되는 응대와 업무를 줄이고 싶으신가요. 청주 AI 외주개발 — 청주의 성안길 상권과 오창·오송 산업단지 수요에 맞춰 예약·주문·실무 자동화 앱·웹을 비대면으로 제작합니다. 챗봇·자동화 실전형 · 최소 기능부터 단계별.","청주 AI 외주개발","Answer|BreadcrumbList|ContactPoint|Country|FAQPage|ListItem|OpeningHoursSpecification|Organization|Place|PostalAddress|ProfessionalService|PropertyValue|Question|Service|WebSite","40","","region_service","region_service","P3","NOINDEX","robots noindex in initial HTML","TESTED_LOCAL_BUILD"
"https://reumlab.com/ai-development/chuncheon/","200","https://reumlab.com/ai-development/chuncheon/","noindex, follow","no","no","no","춘천 AI 외주개발 | 챗봇·업무 자동화 실전형 — 름랩","반복되는 응대와 업무를 줄이고 싶으신가요. 춘천 AI 외주개발 — 춘천의 관광·대학 상권 수요에 맞춰 예약·커머스·회원 중심 앱·웹을 비대면으로 제작합니다. 챗봇·자동화 실전형 · 최소 기능부터 단계별.","춘천 AI 외주개발","Answer|BreadcrumbList|ContactPoint|Country|FAQPage|ListItem|OpeningHoursSpecification|Organization|Place|PostalAddress|ProfessionalService|PropertyValue|Question|Service|WebSite","40","","region_service","region_service","P3","NOINDEX","robots noindex in initial HTML","TESTED_LOCAL_BUILD"
"https://reumlab.com/ai-development/chungju/","200","https://reumlab.com/ai-development/chungju/","noindex, follow","no","no","no","충주 AI 외주개발 | 챗봇·업무 자동화 실전형 — 름랩","반복되는 응대와 업무를 줄이고 싶으신가요. 충주 AI 외주개발 — 충주 산업단지와 호수 관광 상권 수요에 맞춰 실무 자동화·예약·주문 앱·웹을 비대면으로 제작합니다. 챗봇·자동화 실전형 · 최소 기능부터 단계별.","충주 AI 외주개발","Answer|BreadcrumbList|ContactPoint|Country|FAQPage|ListItem|OpeningHoursSpecification|Organization|Place|PostalAddress|ProfessionalService|PropertyValue|Question|Service|WebSite","40","","region_service","region_service","P3","NOINDEX","robots noindex in initial HTML","TESTED_LOCAL_BUILD"
"https://reumlab.com/ai-development/daegu/","200","https://reumlab.com/ai-development/daegu/","noindex, follow","no","no","no","대구 AI 외주개발 | 챗봇·업무 자동화 실전형 — 름랩","반복되는 응대와 업무를 줄이고 싶으신가요. 대구 AI 외주개발 — 대구의 동성로 상권·섬유/제조 수요에 맞춰 예약·주문·실무 자동화 앱·웹을 비대면으로 제작합니다. 챗봇·자동화 실전형 · 최소 기능부터 단계별.","대구 AI 외주개발","Answer|BreadcrumbList|ContactPoint|Country|FAQPage|ListItem|OpeningHoursSpecification|Organization|Place|PostalAddress|ProfessionalService|PropertyValue|Question|Service|WebSite","40","","region_service","region_service","P3","NOINDEX","robots noindex in initial HTML","TESTED_LOCAL_BUILD"
"https://reumlab.com/ai-development/daejeon/","200","https://reumlab.com/ai-development/daejeon/","noindex, follow","no","no","no","대전 AI 외주개발 | 챗봇·업무 자동화 실전형 — 름랩","반복되는 응대와 업무를 줄이고 싶으신가요. 대전 AI 외주개발 — 대전 둔산 상권과 대덕연구단지 기반 기술 수요에 맞춰 플랫폼·실무 자동화·예약 앱·웹을 비대면으로 제작합니다. 챗봇·자동화 실전형 · 최소 기능부터 단계별.","대전 AI 외주개발","Answer|BreadcrumbList|ContactPoint|Country|FAQPage|ListItem|OpeningHoursSpecification|Organization|Place|PostalAddress|ProfessionalService|PropertyValue|Question|Service|WebSite","40","","region_service","region_service","P3","NOINDEX","robots noindex in initial HTML","TESTED_LOCAL_BUILD"
"https://reumlab.com/ai-development/dongtan/","200","https://reumlab.com/ai-development/dongtan/","index, follow","yes","yes","no","동탄 AI 외주개발 | 챗봇·업무 자동화 실전형 — 름랩","반복되는 응대와 업무를 줄이고 싶으신가요. 동탄 AI 외주개발 — 동탄의 신축 상권·젊은 인구에 맞춰 예약·주문·구독 중심의 실사용 기능부터 빠르게 출시합니다. 챗봇·자동화 실전형 · 최소 기능부터 단계별.","동탄 AI 외주개발","Answer|BreadcrumbList|ContactPoint|Country|FAQPage|ListItem|OpeningHoursSpecification|Organization|Place|PostalAddress|ProfessionalService|PropertyValue|Question|Service|WebSite","39","2","region_service","region_service","P3","INDEX","self-canonical, indexable and present in sitemap","TESTED_LOCAL_BUILD"
"https://reumlab.com/ai-development/gangdong/","200","https://reumlab.com/ai-development/gangdong/","noindex, follow","no","no","no","서울 강동 AI 외주개발 | 챗봇·업무 자동화 실전형 — 름랩","반복되는 응대와 업무를 줄이고 싶으신가요. 서울 강동 AI 외주개발 — 강동 천호·고덕 상권과 재건축 주거 수요에 맞춰 예약·주문·회원 중심의 앱·웹을 제작합니다. 챗봇·자동화 실전형 · 최소 기능부터 단계별.","서울 강동 AI 외주개발","Answer|BreadcrumbList|ContactPoint|Country|FAQPage|ListItem|OpeningHoursSpecification|Organization|Place|PostalAddress|ProfessionalService|PropertyValue|Question|Service|WebSite","40","5","region_service","region_service","P3","NOINDEX","robots noindex in initial HTML","TESTED_LOCAL_BUILD"
"https://reumlab.com/ai-development/gangnam/","200","https://reumlab.com/ai-development/gangnam/","noindex, follow","no","no","no","서울 강남 AI 외주개발 | 챗봇·업무 자동화 실전형 — 름랩","반복되는 응대와 업무를 줄이고 싶으신가요. 서울 강남 AI 외주개발 — 강남 테헤란로의 SaaS·플랫폼·전문서비스 수요에 맞춰 검증용 MVP부터 운영 서비스까지 진행합니다. 챗봇·자동화 실전형 · 최소 기능부터 단계별.","서울 강남 AI 외주개발","Answer|BreadcrumbList|ContactPoint|Country|FAQPage|ListItem|OpeningHoursSpecification|Organization|Place|PostalAddress|ProfessionalService|PropertyValue|Question|Service|WebSite","40","4","region_service","region_service","P3","NOINDEX","robots noindex in initial HTML","TESTED_LOCAL_BUILD"
"https://reumlab.com/ai-development/gangneung/","200","https://reumlab.com/ai-development/gangneung/","noindex, follow","no","no","no","강릉 AI 외주개발 | 챗봇·업무 자동화 실전형 — 름랩","반복되는 응대와 업무를 줄이고 싶으신가요. 강릉 AI 외주개발 — 강릉의 관광·해양 상권 수요에 맞춰 예약·숙박·커머스 중심 앱·웹을 비대면으로 제작합니다. 챗봇·자동화 실전형 · 최소 기능부터 단계별.","강릉 AI 외주개발","Answer|BreadcrumbList|ContactPoint|Country|FAQPage|ListItem|OpeningHoursSpecification|Organization|Place|PostalAddress|ProfessionalService|PropertyValue|Question|Service|WebSite","40","","region_service","region_service","P3","NOINDEX","robots noindex in initial HTML","TESTED_LOCAL_BUILD"
"https://reumlab.com/ai-development/geoje/","200","https://reumlab.com/ai-development/geoje/","noindex, follow","no","no","no","거제 AI 외주개발 | 챗봇·업무 자동화 실전형 — 름랩","반복되는 응대와 업무를 줄이고 싶으신가요. 거제 AI 외주개발 — 거제 조선 산업과 관광 상권 수요에 맞춰 실무 자동화·예약·숙박 앱·웹을 비대면으로 제작합니다. 챗봇·자동화 실전형 · 최소 기능부터 단계별.","거제 AI 외주개발","Answer|BreadcrumbList|ContactPoint|Country|FAQPage|ListItem|OpeningHoursSpecification|Organization|Place|PostalAddress|ProfessionalService|PropertyValue|Question|Service|WebSite","40","","region_service","region_service","P3","NOINDEX","robots noindex in initial HTML","TESTED_LOCAL_BUILD"
"https://reumlab.com/ai-development/gimhae/","200","https://reumlab.com/ai-development/gimhae/","noindex, follow","no","no","no","김해 AI 외주개발 | 챗봇·업무 자동화 실전형 — 름랩","반복되는 응대와 업무를 줄이고 싶으신가요. 김해 AI 외주개발 — 김해의 산업·물류와 신도시 상권 수요에 맞춰 주문·예약·회원 중심 앱·웹을 비대면으로 제작합니다. 챗봇·자동화 실전형 · 최소 기능부터 단계별.","김해 AI 외주개발","Answer|BreadcrumbList|ContactPoint|Country|FAQPage|ListItem|OpeningHoursSpecification|Organization|Place|PostalAddress|ProfessionalService|PropertyValue|Question|Service|WebSite","40","","region_service","region_service","P3","NOINDEX","robots noindex in initial HTML","TESTED_LOCAL_BUILD"
"https://reumlab.com/ai-development/gimpo/","200","https://reumlab.com/ai-development/gimpo/","noindex, follow","no","no","no","김포 AI 외주개발 | 챗봇·업무 자동화 실전형 — 름랩","반복되는 응대와 업무를 줄이고 싶으신가요. 김포 AI 외주개발 — 김포 한강신도시 상권과 물류 수요에 맞춰 예약·주문·회원 중심 앱·웹을 제작합니다. 챗봇·자동화 실전형 · 최소 기능부터 단계별.","김포 AI 외주개발","Answer|BreadcrumbList|ContactPoint|Country|FAQPage|ListItem|OpeningHoursSpecification|Organization|Place|PostalAddress|ProfessionalService|PropertyValue|Question|Service|WebSite","40","","region_service","region_service","P3","NOINDEX","robots noindex in initial HTML","TESTED_LOCAL_BUILD"
"https://reumlab.com/ai-development/goyang/","200","https://reumlab.com/ai-development/goyang/","noindex, follow","no","no","no","고양 일산 AI 외주개발 | 챗봇·업무 자동화 실전형 — 름랩","반복되는 응대와 업무를 줄이고 싶으신가요. 고양 일산 AI 외주개발 — 고양 일산 신도시 상권과 방송·전시 수요에 맞춰 예약·커머스·회원 중심 앱·웹을 제작합니다. 챗봇·자동화 실전형 · 최소 기능부터 단계별.","고양 일산 AI 외주개발","Answer|BreadcrumbList|ContactPoint|Country|FAQPage|ListItem|OpeningHoursSpecification|Organization|Place|PostalAddress|ProfessionalService|PropertyValue|Question|Service|WebSite","40","","region_service","region_service","P3","NOINDEX","robots noindex in initial HTML","TESTED_LOCAL_BUILD"
"https://reumlab.com/ai-development/gumi/","200","https://reumlab.com/ai-development/gumi/","noindex, follow","no","no","no","구미 AI 외주개발 | 챗봇·업무 자동화 실전형 — 름랩","반복되는 응대와 업무를 줄이고 싶으신가요. 구미 AI 외주개발 — 구미의 전자·제조 산업단지 수요에 맞춰 실무 자동화·주문·재고 앱·웹을 비대면으로 제작합니다. 챗봇·자동화 실전형 · 최소 기능부터 단계별.","구미 AI 외주개발","Answer|BreadcrumbList|ContactPoint|Country|FAQPage|ListItem|OpeningHoursSpecification|Organization|Place|PostalAddress|ProfessionalService|PropertyValue|Question|Service|WebSite","40","","region_service","region_service","P3","NOINDEX","robots noindex in initial HTML","TESTED_LOCAL_BUILD"
"https://reumlab.com/ai-development/gunpo/","200","https://reumlab.com/ai-development/gunpo/","noindex, follow","no","no","no","군포 AI 외주개발 | 챗봇·업무 자동화 실전형 — 름랩","반복되는 응대와 업무를 줄이고 싶으신가요. 군포 AI 외주개발 — 군포 산본 상권의 예약 중심 업종에 맞춰 예약·노쇼 방지·결제 기능부터 MVP로 제작합니다. 챗봇·자동화 실전형 · 최소 기능부터 단계별.","군포 AI 외주개발","Answer|BreadcrumbList|ContactPoint|Country|FAQPage|ListItem|OpeningHoursSpecification|Organization|Place|PostalAddress|ProfessionalService|PropertyValue|Question|Service|WebSite","40","3","region_service","region_service","P3","NOINDEX","robots noindex in initial HTML","TESTED_LOCAL_BUILD"
"https://reumlab.com/ai-development/gunsan/","200","https://reumlab.com/ai-development/gunsan/","noindex, follow","no","no","no","군산 AI 외주개발 | 챗봇·업무 자동화 실전형 — 름랩","반복되는 응대와 업무를 줄이고 싶으신가요. 군산 AI 외주개발 — 군산 근대문화 관광 상권과 산업단지 수요에 맞춰 예약·커머스·실무 자동화 앱·웹을 비대면으로 제작합니다. 챗봇·자동화 실전형 · 최소 기능부터 단계별.","군산 AI 외주개발","Answer|BreadcrumbList|ContactPoint|Country|FAQPage|ListItem|OpeningHoursSpecification|Organization|Place|PostalAddress|ProfessionalService|PropertyValue|Question|Service|WebSite","40","","region_service","region_service","P3","NOINDEX","robots noindex in initial HTML","TESTED_LOCAL_BUILD"
"https://reumlab.com/ai-development/gwacheon/","200","https://reumlab.com/ai-development/gwacheon/","noindex, follow","no","no","no","과천 AI 외주개발 | 챗봇·업무 자동화 실전형 — 름랩","반복되는 응대와 업무를 줄이고 싶으신가요. 과천 AI 외주개발 — 과천 정부청사·주거 상권의 소규모 사업장에 맞춰 예약·회원·문의 중심 앱·웹을 제작합니다. 챗봇·자동화 실전형 · 최소 기능부터 단계별.","과천 AI 외주개발","Answer|BreadcrumbList|ContactPoint|Country|FAQPage|ListItem|OpeningHoursSpecification|Organization|Place|PostalAddress|ProfessionalService|PropertyValue|Question|Service|WebSite","40","","region_service","region_service","P3","NOINDEX","robots noindex in initial HTML","TESTED_LOCAL_BUILD"
"https://reumlab.com/ai-development/gwangjin/","200","https://reumlab.com/ai-development/gwangjin/","noindex, follow","no","no","no","서울 광진 AI 외주개발 | 챗봇·업무 자동화 실전형 — 름랩","반복되는 응대와 업무를 줄이고 싶으신가요. 서울 광진 AI 외주개발 — 광진 건대입구 대학 상권의 젊은 유동인구에 맞춰 예약·커머스·커뮤니티 중심의 앱·웹을 제작합니다. 챗봇·자동화 실전형 · 최소 기능부터 단계별.","서울 광진 AI 외주개발","Answer|BreadcrumbList|ContactPoint|Country|FAQPage|ListItem|OpeningHoursSpecification|Organization|Place|PostalAddress|ProfessionalService|PropertyValue|Question|Service|WebSite","40","5","region_service","region_service","P3","NOINDEX","robots noindex in initial HTML","TESTED_LOCAL_BUILD"
"https://reumlab.com/ai-development/gwangju/","200","https://reumlab.com/ai-development/gwangju/","noindex, follow","no","no","no","광주 AI 외주개발 | 챗봇·업무 자동화 실전형 — 름랩","반복되는 응대와 업무를 줄이고 싶으신가요. 광주 AI 외주개발 — 광주 충장로·상무지구 상권과 AI·모빌리티 산업 수요에 맞춰 예약·주문·플랫폼 앱·웹을 비대면으로 제작합니다. 챗봇·자동화 실전형 · 최소 기능부터 단계별.","광주 AI 외주개발","Answer|BreadcrumbList|ContactPoint|Country|FAQPage|ListItem|OpeningHoursSpecification|Organization|Place|PostalAddress|ProfessionalService|PropertyValue|Question|Service|WebSite","40","","region_service","region_service","P3","NOINDEX","robots noindex in initial HTML","TESTED_LOCAL_BUILD"
"https://reumlab.com/ai-development/gwangmyeong/","200","https://reumlab.com/ai-development/gwangmyeong/","noindex, follow","no","no","no","광명 AI 외주개발 | 챗봇·업무 자동화 실전형 — 름랩","반복되는 응대와 업무를 줄이고 싶으신가요. 광명 AI 외주개발 — 광명 역세권·철산·하안 상권에 맞춰 예약·주문·문의 중심의 앱·웹을 정액 패키지로 제작합니다. 챗봇·자동화 실전형 · 최소 기능부터 단계별.","광명 AI 외주개발","Answer|BreadcrumbList|ContactPoint|Country|FAQPage|ListItem|OpeningHoursSpecification|Organization|Place|PostalAddress|ProfessionalService|PropertyValue|Question|Service|WebSite","40","","region_service","region_service","P3","NOINDEX","robots noindex in initial HTML","TESTED_LOCAL_BUILD"
"https://reumlab.com/ai-development/gwangyang/","200","https://reumlab.com/ai-development/gwangyang/","noindex, follow","no","no","no","광양 AI 외주개발 | 챗봇·업무 자동화 실전형 — 름랩","반복되는 응대와 업무를 줄이고 싶으신가요. 광양 AI 외주개발 — 광양 철강·항만 산업 수요에 맞춰 실무 자동화·주문·재고 앱·웹을 비대면으로 제작합니다. 챗봇·자동화 실전형 · 최소 기능부터 단계별.","광양 AI 외주개발","Answer|BreadcrumbList|ContactPoint|Country|FAQPage|ListItem|OpeningHoursSpecification|Organization|Place|PostalAddress|ProfessionalService|PropertyValue|Question|Service|WebSite","40","","region_service","region_service","P3","NOINDEX","robots noindex in initial HTML","TESTED_LOCAL_BUILD"
"https://reumlab.com/ai-development/gyeongju/","200","https://reumlab.com/ai-development/gyeongju/","noindex, follow","no","no","no","경주 AI 외주개발 | 챗봇·업무 자동화 실전형 — 름랩","반복되는 응대와 업무를 줄이고 싶으신가요. 경주 AI 외주개발 — 경주의 관광·숙박 상권 수요에 맞춰 예약·다국어 안내·커머스 중심 앱·웹을 비대면으로 제작합니다. 챗봇·자동화 실전형 · 최소 기능부터 단계별.","경주 AI 외주개발","Answer|BreadcrumbList|ContactPoint|Country|FAQPage|ListItem|OpeningHoursSpecification|Organization|Place|PostalAddress|ProfessionalService|PropertyValue|Question|Service|WebSite","40","","region_service","region_service","P3","NOINDEX","robots noindex in initial HTML","TESTED_LOCAL_BUILD"
"https://reumlab.com/ai-development/gyeongsan/","200","https://reumlab.com/ai-development/gyeongsan/","noindex, follow","no","no","no","경산 AI 외주개발 | 챗봇·업무 자동화 실전형 — 름랩","반복되는 응대와 업무를 줄이고 싶으신가요. 경산 AI 외주개발 — 경산 대학가 상권과 산업단지 수요에 맞춰 예약·주문·실무 자동화 앱·웹을 비대면으로 제작합니다. 챗봇·자동화 실전형 · 최소 기능부터 단계별.","경산 AI 외주개발","Answer|BreadcrumbList|ContactPoint|Country|FAQPage|ListItem|OpeningHoursSpecification|Organization|Place|PostalAddress|ProfessionalService|PropertyValue|Question|Service|WebSite","40","","region_service","region_service","P3","NOINDEX","robots noindex in initial HTML","TESTED_LOCAL_BUILD"
"https://reumlab.com/ai-development/haeundae/","200","https://reumlab.com/ai-development/haeundae/","noindex, follow","no","no","no","부산 해운대 AI 외주개발 | 챗봇·업무 자동화 실전형 — 름랩","반복되는 응대와 업무를 줄이고 싶으신가요. 부산 해운대 AI 외주개발 — 해운대의 관광·리조트·고급 주거 상권에 맞춰 예약·멤버십·커머스 중심의 앱·웹을 비대면으로 제작합니다. 챗봇·자동화 실전형 · 최소 기능부터 단계별.","부산 해운대 AI 외주개발","Answer|BreadcrumbList|ContactPoint|Country|FAQPage|ListItem|OpeningHoursSpecification|Organization|Place|PostalAddress|ProfessionalService|PropertyValue|Question|Service|WebSite","40","","region_service","region_service","P3","NOINDEX","robots noindex in initial HTML","TESTED_LOCAL_BUILD"
"https://reumlab.com/ai-development/hanam/","200","https://reumlab.com/ai-development/hanam/","noindex, follow","no","no","no","하남 AI 외주개발 | 챗봇·업무 자동화 실전형 — 름랩","반복되는 응대와 업무를 줄이고 싶으신가요. 하남 AI 외주개발 — 하남 미사·위례 신도시 상권과 대형 상업시설 수요에 맞춰 예약·커머스·회원 앱·웹을 제작합니다. 챗봇·자동화 실전형 · 최소 기능부터 단계별.","하남 AI 외주개발","Answer|BreadcrumbList|ContactPoint|Country|FAQPage|ListItem|OpeningHoursSpecification|Organization|Place|PostalAddress|ProfessionalService|PropertyValue|Question|Service|WebSite","40","","region_service","region_service","P3","NOINDEX","robots noindex in initial HTML","TESTED_LOCAL_BUILD"
"https://reumlab.com/ai-development/hwaseong/","200","https://reumlab.com/ai-development/hwaseong/","index, follow","yes","yes","no","화성 AI 외주개발 | 챗봇·업무 자동화 실전형 — 름랩","반복되는 응대와 업무를 줄이고 싶으신가요. 화성 AI 외주개발 — 화성·동탄 신도시 상권에 맞춰 예약·주문·멤버십 앱과 반응형 웹을 정액 패키지로 제작합니다. 챗봇·자동화 실전형 · 최소 기능부터 단계별.","화성 AI 외주개발","Answer|BreadcrumbList|ContactPoint|Country|FAQPage|ListItem|OpeningHoursSpecification|Organization|Place|PostalAddress|ProfessionalService|PropertyValue|Question|Service|WebSite","39","2","region_service","region_service","P3","INDEX","self-canonical, indexable and present in sitemap","TESTED_LOCAL_BUILD"
"https://reumlab.com/ai-development/icheon/","200","https://reumlab.com/ai-development/icheon/","noindex, follow","no","no","no","이천 AI 외주개발 | 챗봇·업무 자동화 실전형 — 름랩","반복되는 응대와 업무를 줄이고 싶으신가요. 이천 AI 외주개발 — 이천 물류·제조와 도자 관광 상권 수요에 맞춰 주문·재고·예약 중심 앱·웹을 비대면으로 제작합니다. 챗봇·자동화 실전형 · 최소 기능부터 단계별.","이천 AI 외주개발","Answer|BreadcrumbList|ContactPoint|Country|FAQPage|ListItem|OpeningHoursSpecification|Organization|Place|PostalAddress|ProfessionalService|PropertyValue|Question|Service|WebSite","40","4","region_service","region_service","P3","NOINDEX","robots noindex in initial HTML","TESTED_LOCAL_BUILD"
"https://reumlab.com/ai-development/iksan/","200","https://reumlab.com/ai-development/iksan/","noindex, follow","no","no","no","익산 AI 외주개발 | 챗봇·업무 자동화 실전형 — 름랩","반복되는 응대와 업무를 줄이고 싶으신가요. 익산 AI 외주개발 — 익산 교통 요지 상권과 산업단지 수요에 맞춰 예약·주문·실무 자동화 앱·웹을 비대면으로 제작합니다. 챗봇·자동화 실전형 · 최소 기능부터 단계별.","익산 AI 외주개발","Answer|BreadcrumbList|ContactPoint|Country|FAQPage|ListItem|OpeningHoursSpecification|Organization|Place|PostalAddress|ProfessionalService|PropertyValue|Question|Service|WebSite","40","","region_service","region_service","P3","NOINDEX","robots noindex in initial HTML","TESTED_LOCAL_BUILD"
"https://reumlab.com/ai-development/incheon/","200","https://reumlab.com/ai-development/incheon/","noindex, follow","no","no","no","인천 AI 외주개발 | 챗봇·업무 자동화 실전형 — 름랩","반복되는 응대와 업무를 줄이고 싶으신가요. 인천 AI 외주개발 — 인천 송도·구도심·산단의 다양한 수요에 맞춰 물류·예약·주문·플랫폼 MVP를 빠르게 만들고 소스코드를 이관합니다. 챗봇·자동화 실전형 · 최소 기능부터 단계별.","인천 AI 외주개발","Answer|BreadcrumbList|ContactPoint|Country|FAQPage|ListItem|OpeningHoursSpecification|Organization|Place|PostalAddress|ProfessionalService|PropertyValue|Question|Service|WebSite","40","","region_service","region_service","P3","NOINDEX","robots noindex in initial HTML","TESTED_LOCAL_BUILD"
"https://reumlab.com/ai-development/","200","https://reumlab.com/ai-development/","index, follow","yes","yes","no","AI 외주개발 | 챗봇·상담 자동화 실전형 — 름랩 REUMLAB","거창한 AI가 아니라 운영에 필요한 기능부터. 고객문의 자동화 챗봇·문서 요약·상담 자동화·추천을 최소 기능으로 설계하고, AI를 직접 지시·운영하도록 1:1 교육. 소스코드·API 키 직접 보유. 전국 어디서나 진행.","AI 외주개발","Answer|BreadcrumbList|ContactPoint|Country|FAQPage|ListItem|OpeningHoursSpecification|Organization|PostalAddress|ProfessionalService|PropertyValue|Question|Service|WebSite","41","1","service_or_hub","service_or_hub","P1","INDEX","self-canonical, indexable and present in sitemap","TESTED_LOCAL_BUILD"
"https://reumlab.com/ai-development/jeju/","200","https://reumlab.com/ai-development/jeju/","noindex, follow","no","no","no","제주 AI 외주개발 | 챗봇·업무 자동화 실전형 — 름랩","반복되는 응대와 업무를 줄이고 싶으신가요. 제주 AI 외주개발 — 제주의 관광·숙박·로컬 상권 수요에 맞춰 예약·다국어·커머스 중심 앱·웹을 비대면으로 제작합니다. 챗봇·자동화 실전형 · 최소 기능부터 단계별.","제주 AI 외주개발","Answer|BreadcrumbList|ContactPoint|Country|FAQPage|ListItem|OpeningHoursSpecification|Organization|Place|PostalAddress|ProfessionalService|PropertyValue|Question|Service|WebSite","40","","region_service","region_service","P3","NOINDEX","robots noindex in initial HTML","TESTED_LOCAL_BUILD"
"https://reumlab.com/ai-development/jeonju/","200","https://reumlab.com/ai-development/jeonju/","noindex, follow","no","no","no","전주 AI 외주개발 | 챗봇·업무 자동화 실전형 — 름랩","반복되는 응대와 업무를 줄이고 싶으신가요. 전주 AI 외주개발 — 전주의 한옥마을 관광 상권과 교육 수요에 맞춰 예약·커머스·회원 중심 앱·웹을 비대면으로 제작합니다. 챗봇·자동화 실전형 · 최소 기능부터 단계별.","전주 AI 외주개발","Answer|BreadcrumbList|ContactPoint|Country|FAQPage|ListItem|OpeningHoursSpecification|Organization|Place|PostalAddress|ProfessionalService|PropertyValue|Question|Service|WebSite","40","","region_service","region_service","P3","NOINDEX","robots noindex in initial HTML","TESTED_LOCAL_BUILD"
"https://reumlab.com/ai-development/jinju/","200","https://reumlab.com/ai-development/jinju/","noindex, follow","no","no","no","진주 AI 외주개발 | 챗봇·업무 자동화 실전형 — 름랩","반복되는 응대와 업무를 줄이고 싶으신가요. 진주 AI 외주개발 — 진주의 교육·행정 중심 상권과 혁신도시 수요에 맞춰 예약·상담·회원 앱·웹을 비대면으로 제작합니다. 챗봇·자동화 실전형 · 최소 기능부터 단계별.","진주 AI 외주개발","Answer|BreadcrumbList|ContactPoint|Country|FAQPage|ListItem|OpeningHoursSpecification|Organization|Place|PostalAddress|ProfessionalService|PropertyValue|Question|Service|WebSite","40","","region_service","region_service","P3","NOINDEX","robots noindex in initial HTML","TESTED_LOCAL_BUILD"
"https://reumlab.com/ai-development/jongno/","200","https://reumlab.com/ai-development/jongno/","noindex, follow","no","no","no","서울 종로 AI 외주개발 | 챗봇·업무 자동화 실전형 — 름랩","반복되는 응대와 업무를 줄이고 싶으신가요. 서울 종로 AI 외주개발 — 종로·광화문 도심 업무와 관광 상권 수요에 맞춰 예약·업무 자동화·커머스 앱·웹을 제작합니다. 챗봇·자동화 실전형 · 최소 기능부터 단계별.","서울 종로 AI 외주개발","Answer|BreadcrumbList|ContactPoint|Country|FAQPage|ListItem|OpeningHoursSpecification|Organization|Place|PostalAddress|ProfessionalService|PropertyValue|Question|Service|WebSite","40","","region_service","region_service","P3","NOINDEX","robots noindex in initial HTML","TESTED_LOCAL_BUILD"
"https://reumlab.com/ai-development/mapo/","200","https://reumlab.com/ai-development/mapo/","noindex, follow","no","no","no","서울 마포 AI 외주개발 | 챗봇·업무 자동화 실전형 — 름랩","반복되는 응대와 업무를 줄이고 싶으신가요. 서울 마포 AI 외주개발 — 마포 홍대·합정·상암의 콘텐츠·창작 수요에 맞춰 예약·커뮤니티·구독 중심의 앱·웹을 제작합니다. 챗봇·자동화 실전형 · 최소 기능부터 단계별.","서울 마포 AI 외주개발","Answer|BreadcrumbList|ContactPoint|Country|FAQPage|ListItem|OpeningHoursSpecification|Organization|Place|PostalAddress|ProfessionalService|PropertyValue|Question|Service|WebSite","40","5","region_service","region_service","P3","NOINDEX","robots noindex in initial HTML","TESTED_LOCAL_BUILD"
"https://reumlab.com/ai-development/mokpo/","200","https://reumlab.com/ai-development/mokpo/","noindex, follow","no","no","no","목포 AI 외주개발 | 챗봇·업무 자동화 실전형 — 름랩","반복되는 응대와 업무를 줄이고 싶으신가요. 목포 AI 외주개발 — 목포의 항만·관광 상권과 로컬 자영업 수요에 맞춰 예약·주문·회원 앱·웹을 비대면으로 제작합니다. 챗봇·자동화 실전형 · 최소 기능부터 단계별.","목포 AI 외주개발","Answer|BreadcrumbList|ContactPoint|Country|FAQPage|ListItem|OpeningHoursSpecification|Organization|Place|PostalAddress|ProfessionalService|PropertyValue|Question|Service|WebSite","40","","region_service","region_service","P3","NOINDEX","robots noindex in initial HTML","TESTED_LOCAL_BUILD"
"https://reumlab.com/ai-development/namyangju/","200","https://reumlab.com/ai-development/namyangju/","noindex, follow","no","no","no","남양주 AI 외주개발 | 챗봇·업무 자동화 실전형 — 름랩","반복되는 응대와 업무를 줄이고 싶으신가요. 남양주 AI 외주개발 — 남양주 다산·별내 신도시 상권에 맞춰 예약·주문·멤버십 중심 앱·웹을 제작합니다. 챗봇·자동화 실전형 · 최소 기능부터 단계별.","남양주 AI 외주개발","Answer|BreadcrumbList|ContactPoint|Country|FAQPage|ListItem|OpeningHoursSpecification|Organization|Place|PostalAddress|ProfessionalService|PropertyValue|Question|Service|WebSite","40","","region_service","region_service","P3","NOINDEX","robots noindex in initial HTML","TESTED_LOCAL_BUILD"
"https://reumlab.com/ai-development/nowon/","200","https://reumlab.com/ai-development/nowon/","noindex, follow","no","no","no","서울 노원 AI 외주개발 | 챗봇·업무 자동화 실전형 — 름랩","반복되는 응대와 업무를 줄이고 싶으신가요. 서울 노원 AI 외주개발 — 노원·중계 학원가의 교육 수요에 맞춰 수강신청·출결·결제 중심의 앱·웹을 제작합니다. 챗봇·자동화 실전형 · 최소 기능부터 단계별.","서울 노원 AI 외주개발","Answer|BreadcrumbList|ContactPoint|Country|FAQPage|ListItem|OpeningHoursSpecification|Organization|Place|PostalAddress|ProfessionalService|PropertyValue|Question|Service|WebSite","40","","region_service","region_service","P3","NOINDEX","robots noindex in initial HTML","TESTED_LOCAL_BUILD"
"https://reumlab.com/ai-development/osan/","200","https://reumlab.com/ai-development/osan/","noindex, follow","no","no","no","오산 AI 외주개발 | 챗봇·업무 자동화 실전형 — 름랩","반복되는 응대와 업무를 줄이고 싶으신가요. 오산 AI 외주개발 — 오산 역세권·산단 인근 수요에 맞춰 예약·주문·회원 중심의 앱·웹을 핵심 기능부터 제작합니다. 챗봇·자동화 실전형 · 최소 기능부터 단계별.","오산 AI 외주개발","Answer|BreadcrumbList|ContactPoint|Country|FAQPage|ListItem|OpeningHoursSpecification|Organization|Place|PostalAddress|ProfessionalService|PropertyValue|Question|Service|WebSite","40","3","region_service","region_service","P3","NOINDEX","robots noindex in initial HTML","TESTED_LOCAL_BUILD"
"https://reumlab.com/ai-development/paju/","200","https://reumlab.com/ai-development/paju/","noindex, follow","no","no","no","파주 AI 외주개발 | 챗봇·업무 자동화 실전형 — 름랩","반복되는 응대와 업무를 줄이고 싶으신가요. 파주 AI 외주개발 — 파주 운정 신도시 상권과 출판·산업단지 수요에 맞춰 예약·커머스·실무 자동화 앱·웹을 제작합니다. 챗봇·자동화 실전형 · 최소 기능부터 단계별.","파주 AI 외주개발","Answer|BreadcrumbList|ContactPoint|Country|FAQPage|ListItem|OpeningHoursSpecification|Organization|Place|PostalAddress|ProfessionalService|PropertyValue|Question|Service|WebSite","40","","region_service","region_service","P3","NOINDEX","robots noindex in initial HTML","TESTED_LOCAL_BUILD"
"https://reumlab.com/ai-development/pangyo/","200","https://reumlab.com/ai-development/pangyo/","noindex, follow","no","no","no","판교 AI 외주개발 | 챗봇·업무 자동화 실전형 — 름랩","반복되는 응대와 업무를 줄이고 싶으신가요. 판교 AI 외주개발 — 판교는 데모데이·IR 일정에 맞춘 속도와 추후 확장 구조가 동시에 중요한 지역이라, 그에 맞춰 범위를 설계합니다. 챗봇·자동화 실전형 · 최소 기능부터 단계별.","판교 AI 외주개발","Answer|BreadcrumbList|ContactPoint|Country|FAQPage|ListItem|OpeningHoursSpecification|Organization|Place|PostalAddress|ProfessionalService|PropertyValue|Question|Service|WebSite","40","4","region_service","region_service","P3","NOINDEX","robots noindex in initial HTML","TESTED_LOCAL_BUILD"
"https://reumlab.com/ai-development/pohang/","200","https://reumlab.com/ai-development/pohang/","noindex, follow","no","no","no","포항 AI 외주개발 | 챗봇·업무 자동화 실전형 — 름랩","반복되는 응대와 업무를 줄이고 싶으신가요. 포항 AI 외주개발 — 포항의 철강 산업과 죽도·영일대 상권 수요에 맞춰 실무 자동화·예약·주문 앱·웹을 비대면으로 제작합니다. 챗봇·자동화 실전형 · 최소 기능부터 단계별.","포항 AI 외주개발","Answer|BreadcrumbList|ContactPoint|Country|FAQPage|ListItem|OpeningHoursSpecification|Organization|Place|PostalAddress|ProfessionalService|PropertyValue|Question|Service|WebSite","40","","region_service","region_service","P3","NOINDEX","robots noindex in initial HTML","TESTED_LOCAL_BUILD"
"https://reumlab.com/ai-development/pyeongtaek/","200","https://reumlab.com/ai-development/pyeongtaek/","noindex, follow","no","no","no","평택 AI 외주개발 | 챗봇·업무 자동화 실전형 — 름랩","반복되는 응대와 업무를 줄이고 싶으신가요. 평택 AI 외주개발 — 평택의 산업·물류·신도시 수요에 맞춰 주문·예약·회원 중심의 앱·웹을 정액으로 빠르게 만듭니다. 챗봇·자동화 실전형 · 최소 기능부터 단계별.","평택 AI 외주개발","Answer|BreadcrumbList|ContactPoint|Country|FAQPage|ListItem|OpeningHoursSpecification|Organization|Place|PostalAddress|ProfessionalService|PropertyValue|Question|Service|WebSite","40","3","region_service","region_service","P3","NOINDEX","robots noindex in initial HTML","TESTED_LOCAL_BUILD"
"https://reumlab.com/ai-development/sejong/","200","https://reumlab.com/ai-development/sejong/","noindex, follow","no","no","no","세종 AI 외주개발 | 챗봇·업무 자동화 실전형 — 름랩","반복되는 응대와 업무를 줄이고 싶으신가요. 세종 AI 외주개발 — 세종의 행정·신도시 주거 상권 수요에 맞춰 예약·회원·실무 자동화 앱·웹을 비대면으로 제작합니다. 챗봇·자동화 실전형 · 최소 기능부터 단계별.","세종 AI 외주개발","Answer|BreadcrumbList|ContactPoint|Country|FAQPage|ListItem|OpeningHoursSpecification|Organization|Place|PostalAddress|ProfessionalService|PropertyValue|Question|Service|WebSite","40","","region_service","region_service","P3","NOINDEX","robots noindex in initial HTML","TESTED_LOCAL_BUILD"
"https://reumlab.com/ai-development/seocho/","200","https://reumlab.com/ai-development/seocho/","noindex, follow","no","no","no","서울 서초 AI 외주개발 | 챗봇·업무 자동화 실전형 — 름랩","반복되는 응대와 업무를 줄이고 싶으신가요. 서울 서초 AI 외주개발 — 서초·양재의 전문서비스·스타트업 수요에 맞춰 예약·상담·회원·자동화 기능 중심으로 제작합니다. 챗봇·자동화 실전형 · 최소 기능부터 단계별.","서울 서초 AI 외주개발","Answer|BreadcrumbList|ContactPoint|Country|FAQPage|ListItem|OpeningHoursSpecification|Organization|Place|PostalAddress|ProfessionalService|PropertyValue|Question|Service|WebSite","40","5","region_service","region_service","P3","NOINDEX","robots noindex in initial HTML","TESTED_LOCAL_BUILD"
"https://reumlab.com/ai-development/seogwipo/","200","https://reumlab.com/ai-development/seogwipo/","noindex, follow","no","no","no","제주 서귀포 AI 외주개발 | 챗봇·업무 자동화 실전형 — 름랩","반복되는 응대와 업무를 줄이고 싶으신가요. 제주 서귀포 AI 외주개발 — 서귀포 관광·감귤 산지 상권 수요에 맞춰 예약·직거래 커머스·다국어 앱·웹을 비대면으로 제작합니다. 챗봇·자동화 실전형 · 최소 기능부터 단계별.","제주 서귀포 AI 외주개발","Answer|BreadcrumbList|ContactPoint|Country|FAQPage|ListItem|OpeningHoursSpecification|Organization|Place|PostalAddress|ProfessionalService|PropertyValue|Question|Service|WebSite","40","","region_service","region_service","P3","NOINDEX","robots noindex in initial HTML","TESTED_LOCAL_BUILD"
"https://reumlab.com/ai-development/seongnam/","200","https://reumlab.com/ai-development/seongnam/","noindex, follow","no","no","no","성남 AI 외주개발 | 챗봇·업무 자동화 실전형 — 름랩","반복되는 응대와 업무를 줄이고 싶으신가요. 성남 AI 외주개발 — 성남은 분당·판교 IT 벨트를 끼고 있어, 검증 위주의 빠른 MVP와 확장 가능한 구조를 함께 고려해 진행합니다. 챗봇·자동화 실전형 · 최소 기능부터 단계별.","성남 AI 외주개발","Answer|BreadcrumbList|ContactPoint|Country|FAQPage|ListItem|OpeningHoursSpecification|Organization|Place|PostalAddress|ProfessionalService|PropertyValue|Question|Service|WebSite","40","4","region_service","region_service","P3","NOINDEX","robots noindex in initial HTML","TESTED_LOCAL_BUILD"
"https://reumlab.com/ai-development/seongsu/","200","https://reumlab.com/ai-development/seongsu/","noindex, follow","no","no","no","성수 AI 외주개발 | 챗봇·업무 자동화 실전형 — 름랩","반복되는 응대와 업무를 줄이고 싶으신가요. 성수 AI 외주개발 — 성수 브랜드·소셜벤처의 수요에 맞춰 커머스·예약·구독·커뮤니티 중심의 앱·웹을 빠르게 제작합니다. 챗봇·자동화 실전형 · 최소 기능부터 단계별.","성수 AI 외주개발","Answer|BreadcrumbList|ContactPoint|Country|FAQPage|ListItem|OpeningHoursSpecification|Organization|Place|PostalAddress|ProfessionalService|PropertyValue|Question|Service|WebSite","40","","region_service","region_service","P3","NOINDEX","robots noindex in initial HTML","TESTED_LOCAL_BUILD"
"https://reumlab.com/ai-development/seosan/","200","https://reumlab.com/ai-development/seosan/","noindex, follow","no","no","no","서산 AI 외주개발 | 챗봇·업무 자동화 실전형 — 름랩","반복되는 응대와 업무를 줄이고 싶으신가요. 서산 AI 외주개발 — 서산 석유화학·자동차 산업 수요에 맞춰 실무 자동화·주문·예약 앱·웹을 비대면으로 제작합니다. 챗봇·자동화 실전형 · 최소 기능부터 단계별.","서산 AI 외주개발","Answer|BreadcrumbList|ContactPoint|Country|FAQPage|ListItem|OpeningHoursSpecification|Organization|Place|PostalAddress|ProfessionalService|PropertyValue|Question|Service|WebSite","40","","region_service","region_service","P3","NOINDEX","robots noindex in initial HTML","TESTED_LOCAL_BUILD"
"https://reumlab.com/ai-development/sokcho/","200","https://reumlab.com/ai-development/sokcho/","noindex, follow","no","no","no","속초 AI 외주개발 | 챗봇·업무 자동화 실전형 — 름랩","반복되는 응대와 업무를 줄이고 싶으신가요. 속초 AI 외주개발 — 속초 해양 관광 상권 수요에 맞춰 예약·숙박·커머스 중심 앱·웹을 비대면으로 제작합니다. 챗봇·자동화 실전형 · 최소 기능부터 단계별.","속초 AI 외주개발","Answer|BreadcrumbList|ContactPoint|Country|FAQPage|ListItem|OpeningHoursSpecification|Organization|Place|PostalAddress|ProfessionalService|PropertyValue|Question|Service|WebSite","40","","region_service","region_service","P3","NOINDEX","robots noindex in initial HTML","TESTED_LOCAL_BUILD"
"https://reumlab.com/ai-development/songpa/","200","https://reumlab.com/ai-development/songpa/","noindex, follow","no","no","no","서울 송파 AI 외주개발 | 챗봇·업무 자동화 실전형 — 름랩","반복되는 응대와 업무를 줄이고 싶으신가요. 서울 송파 AI 외주개발 — 송파 잠실·문정의 로컬·B2B 수요에 맞춰 예약·주문·멤버십·플랫폼 중심의 앱·웹을 제작합니다. 챗봇·자동화 실전형 · 최소 기능부터 단계별.","서울 송파 AI 외주개발","Answer|BreadcrumbList|ContactPoint|Country|FAQPage|ListItem|OpeningHoursSpecification|Organization|Place|PostalAddress|ProfessionalService|PropertyValue|Question|Service|WebSite","40","5","region_service","region_service","P3","NOINDEX","robots noindex in initial HTML","TESTED_LOCAL_BUILD"
"https://reumlab.com/ai-development/suncheon/","200","https://reumlab.com/ai-development/suncheon/","noindex, follow","no","no","no","순천 AI 외주개발 | 챗봇·업무 자동화 실전형 — 름랩","반복되는 응대와 업무를 줄이고 싶으신가요. 순천 AI 외주개발 — 순천의 생태 관광 상권과 로컬 자영업 수요에 맞춰 예약·주문·회원 앱·웹을 비대면으로 제작합니다. 챗봇·자동화 실전형 · 최소 기능부터 단계별.","순천 AI 외주개발","Answer|BreadcrumbList|ContactPoint|Country|FAQPage|ListItem|OpeningHoursSpecification|Organization|Place|PostalAddress|ProfessionalService|PropertyValue|Question|Service|WebSite","40","","region_service","region_service","P3","NOINDEX","robots noindex in initial HTML","TESTED_LOCAL_BUILD"
"https://reumlab.com/ai-development/suwon/","200","https://reumlab.com/ai-development/suwon/","index, follow","yes","yes","no","수원 AI 외주개발 | 챗봇·업무 자동화 실전형 — 름랩","반복되는 응대와 업무를 줄이고 싶으신가요. 수원 AI 외주개발 — 수원은 대기업·중소기업·자영업·스타트업 수요가 두루 섞여, 로컬 예약 앱부터 스타트업 MVP까지 폭넓게 진행합니다. 챗봇·자동화 실전형 · 최소 기능부터 단계별.","수원 AI 외주개발","Answer|BreadcrumbList|ContactPoint|Country|FAQPage|ListItem|OpeningHoursSpecification|Organization|Place|PostalAddress|ProfessionalService|PropertyValue|Question|Service|WebSite","39","2","region_service","region_service","P3","INDEX","self-canonical, indexable and present in sitemap","TESTED_LOCAL_BUILD"
"https://reumlab.com/ai-development/tongyeong/","200","https://reumlab.com/ai-development/tongyeong/","noindex, follow","no","no","no","통영 AI 외주개발 | 챗봇·업무 자동화 실전형 — 름랩","반복되는 응대와 업무를 줄이고 싶으신가요. 통영 AI 외주개발 — 통영 해양 관광·수산 상권 수요에 맞춰 예약·숙박·커머스 중심 앱·웹을 비대면으로 제작합니다. 챗봇·자동화 실전형 · 최소 기능부터 단계별.","통영 AI 외주개발","Answer|BreadcrumbList|ContactPoint|Country|FAQPage|ListItem|OpeningHoursSpecification|Organization|Place|PostalAddress|ProfessionalService|PropertyValue|Question|Service|WebSite","40","","region_service","region_service","P3","NOINDEX","robots noindex in initial HTML","TESTED_LOCAL_BUILD"
"https://reumlab.com/ai-development/uijeongbu/","200","https://reumlab.com/ai-development/uijeongbu/","noindex, follow","no","no","no","의정부 AI 외주개발 | 챗봇·업무 자동화 실전형 — 름랩","반복되는 응대와 업무를 줄이고 싶으신가요. 의정부 AI 외주개발 — 의정부 구도심·신곡 상권의 로컬 사업자에 맞춰 예약·주문·회원 중심 앱·웹을 제작합니다. 챗봇·자동화 실전형 · 최소 기능부터 단계별.","의정부 AI 외주개발","Answer|BreadcrumbList|ContactPoint|Country|FAQPage|ListItem|OpeningHoursSpecification|Organization|Place|PostalAddress|ProfessionalService|PropertyValue|Question|Service|WebSite","40","","region_service","region_service","P3","NOINDEX","robots noindex in initial HTML","TESTED_LOCAL_BUILD"
"https://reumlab.com/ai-development/uiwang/","200","https://reumlab.com/ai-development/uiwang/","noindex, follow","no","no","no","의왕 AI 외주개발 | 챗봇·업무 자동화 실전형 — 름랩","반복되는 응대와 업무를 줄이고 싶으신가요. 의왕 AI 외주개발 — 의왕 내손·포일 주거 상권의 소규모 사업장에 맞춰 예약·주문·문의 중심으로 합리적으로 제작합니다. 챗봇·자동화 실전형 · 최소 기능부터 단계별.","의왕 AI 외주개발","Answer|BreadcrumbList|ContactPoint|Country|FAQPage|ListItem|OpeningHoursSpecification|Organization|Place|PostalAddress|ProfessionalService|PropertyValue|Question|Service|WebSite","40","3","region_service","region_service","P3","NOINDEX","robots noindex in initial HTML","TESTED_LOCAL_BUILD"
"https://reumlab.com/ai-development/ulsan/","200","https://reumlab.com/ai-development/ulsan/","noindex, follow","no","no","no","울산 AI 외주개발 | 챗봇·업무 자동화 실전형 — 름랩","반복되는 응대와 업무를 줄이고 싶으신가요. 울산 AI 외주개발 — 울산의 산업·제조 기반 실무 자동화와 로컬 상권 수요에 맞춰 앱·웹 MVP를 비대면으로 제작합니다. 챗봇·자동화 실전형 · 최소 기능부터 단계별.","울산 AI 외주개발","Answer|BreadcrumbList|ContactPoint|Country|FAQPage|ListItem|OpeningHoursSpecification|Organization|Place|PostalAddress|ProfessionalService|PropertyValue|Question|Service|WebSite","40","","region_service","region_service","P3","NOINDEX","robots noindex in initial HTML","TESTED_LOCAL_BUILD"
"https://reumlab.com/ai-development/wonju/","200","https://reumlab.com/ai-development/wonju/","noindex, follow","no","no","no","원주 AI 외주개발 | 챗봇·업무 자동화 실전형 — 름랩","반복되는 응대와 업무를 줄이고 싶으신가요. 원주 AI 외주개발 — 원주의 혁신도시·의료기기 산업과 상권 수요에 맞춰 실무 자동화·예약·주문 앱·웹을 비대면으로 제작합니다. 챗봇·자동화 실전형 · 최소 기능부터 단계별.","원주 AI 외주개발","Answer|BreadcrumbList|ContactPoint|Country|FAQPage|ListItem|OpeningHoursSpecification|Organization|Place|PostalAddress|ProfessionalService|PropertyValue|Question|Service|WebSite","40","","region_service","region_service","P3","NOINDEX","robots noindex in initial HTML","TESTED_LOCAL_BUILD"
"https://reumlab.com/ai-development/yangsan/","200","https://reumlab.com/ai-development/yangsan/","noindex, follow","no","no","no","양산 AI 외주개발 | 챗봇·업무 자동화 실전형 — 름랩","반복되는 응대와 업무를 줄이고 싶으신가요. 양산 AI 외주개발 — 양산 신도시 주거 상권의 로컬 사업자에 맞춰 예약·주문·회원 중심 앱·웹을 비대면으로 제작합니다. 챗봇·자동화 실전형 · 최소 기능부터 단계별.","양산 AI 외주개발","Answer|BreadcrumbList|ContactPoint|Country|FAQPage|ListItem|OpeningHoursSpecification|Organization|Place|PostalAddress|ProfessionalService|PropertyValue|Question|Service|WebSite","40","","region_service","region_service","P3","NOINDEX","robots noindex in initial HTML","TESTED_LOCAL_BUILD"
"https://reumlab.com/ai-development/yeosu/","200","https://reumlab.com/ai-development/yeosu/","noindex, follow","no","no","no","여수 AI 외주개발 | 챗봇·업무 자동화 실전형 — 름랩","반복되는 응대와 업무를 줄이고 싶으신가요. 여수 AI 외주개발 — 여수의 관광·해양 상권 수요에 맞춰 예약·숙박·커머스 중심 앱·웹을 비대면으로 제작합니다. 챗봇·자동화 실전형 · 최소 기능부터 단계별.","여수 AI 외주개발","Answer|BreadcrumbList|ContactPoint|Country|FAQPage|ListItem|OpeningHoursSpecification|Organization|Place|PostalAddress|ProfessionalService|PropertyValue|Question|Service|WebSite","40","","region_service","region_service","P3","NOINDEX","robots noindex in initial HTML","TESTED_LOCAL_BUILD"
"https://reumlab.com/ai-development/yeouido/","200","https://reumlab.com/ai-development/yeouido/","noindex, follow","no","no","no","여의도 AI 외주개발 | 챗봇·업무 자동화 실전형 — 름랩","반복되는 응대와 업무를 줄이고 싶으신가요. 여의도 AI 외주개발 — 여의도 금융·전문서비스의 사내 수요에 맞춰 업무 자동화·관리자 웹·고객 응대 MVP를 제작합니다. 챗봇·자동화 실전형 · 최소 기능부터 단계별.","여의도 AI 외주개발","Answer|BreadcrumbList|ContactPoint|Country|FAQPage|ListItem|OpeningHoursSpecification|Organization|Place|PostalAddress|ProfessionalService|PropertyValue|Question|Service|WebSite","40","5","region_service","region_service","P3","NOINDEX","robots noindex in initial HTML","TESTED_LOCAL_BUILD"
"https://reumlab.com/ai-development/yongin/","200","https://reumlab.com/ai-development/yongin/","noindex, follow","no","no","no","용인 AI 외주개발 | 챗봇·업무 자동화 실전형 — 름랩","반복되는 응대와 업무를 줄이고 싶으신가요. 용인 AI 외주개발 — 용인 수지·기흥·처인의 로컬 사업자·초기 창업자에 맞춰 예약·주문·회원 중심의 앱·웹을 빠르게 만듭니다. 챗봇·자동화 실전형 · 최소 기능부터 단계별.","용인 AI 외주개발","Answer|BreadcrumbList|ContactPoint|Country|FAQPage|ListItem|OpeningHoursSpecification|Organization|Place|PostalAddress|ProfessionalService|PropertyValue|Question|Service|WebSite","40","3","region_service","region_service","P3","NOINDEX","robots noindex in initial HTML","TESTED_LOCAL_BUILD"
"https://reumlab.com/ai-development/yongsan/","200","https://reumlab.com/ai-development/yongsan/","noindex, follow","no","no","no","서울 용산 AI 외주개발 | 챗봇·업무 자동화 실전형 — 름랩","반복되는 응대와 업무를 줄이고 싶으신가요. 서울 용산 AI 외주개발 — 용산 업무·관광·전자상가 수요에 맞춰 예약·커머스·플랫폼 중심의 앱·웹을 제작합니다. 챗봇·자동화 실전형 · 최소 기능부터 단계별.","서울 용산 AI 외주개발","Answer|BreadcrumbList|ContactPoint|Country|FAQPage|ListItem|OpeningHoursSpecification|Organization|Place|PostalAddress|ProfessionalService|PropertyValue|Question|Service|WebSite","40","","region_service","region_service","P3","NOINDEX","robots noindex in initial HTML","TESTED_LOCAL_BUILD"
"https://reumlab.com/ai-development/","200","https://reumlab.com/ai-development/","noindex, follow","no","yes","no","이동 중… | 름랩","","","","1","","service_or_hub","service_or_hub","P1","NOINDEX","robots noindex in initial HTML","TESTED_LOCAL_BUILD"
"https://reumlab.com/app/academy/","200","https://reumlab.com/app/academy/","index, follow","yes","yes","no","학원·교육 앱 만들 수 있나요 | 기능·비용·개발기간 정리 | 름랩","학원·교육 앱에 실제로 들어가는 기능 — 수강신청·출결·결제. 등하원 알림만 자동화해도 학부모 문의가 크게 줄고, 수강신청·결제를 앱으로 옮기면 데스크 업무가 단순해집니다. 580만원대 MVP부터, 소스코드 이관 포함.","학원·교육 앱 개발","Answer|BreadcrumbList|ContactPoint|Country|FAQPage|ListItem|OpeningHoursSpecification|Organization|PostalAddress|ProfessionalService|PropertyValue|Question|Service|WebSite","41","2","service_or_hub","industry_service","P1","INDEX","self-canonical, indexable and present in sitemap","TESTED_LOCAL_BUILD"
"https://reumlab.com/app/agriculture/","200","https://reumlab.com/app/agriculture/","index, follow","yes","yes","no","농업·산지직거래 앱 제작 | 산지직송 주문·예약수확 실제 구현 범위와 견적 | 름랩","농업·산지직거래 앱에 실제로 들어가는 기능 — 산지직송 주문·예약수확·정기꾸러미. 중간 유통을 거치지 않고 소비자와 직접 거래하면 농가 수익이 커지지만, 수확 시기와 물량이 들쭉날쭉해 관리가 어렵습니다. 580만원대 MVP부터, 소스코드 이관 포함.","농업·산지직거래 앱 개발","Answer|BreadcrumbList|ContactPoint|Country|FAQPage|ListItem|OpeningHoursSpecification|Organization|PostalAddress|ProfessionalService|PropertyValue|Question|Service|WebSite","40","2","service_or_hub","industry_service","P1","INDEX","self-canonical, indexable and present in sitemap","TESTED_LOCAL_BUILD"
"https://reumlab.com/app/animal-hospital/","200","https://reumlab.com/app/animal-hospital/","index, follow","yes","yes","no","동물병원 앱 제작 | 진료예약·접종차트 실제 구현 범위와 견적 | 름랩","동물병원 앱에 실제로 들어가는 기능 — 진료예약·접종차트·보호자 알림. 동물병원은 접종·심장사상충·구충처럼 주기가 정해진 처치가 많아, 다음 시기를 놓치지 않게 알리는 것만으로도 재방문이 크게 늘어납니다. 580만원대 MVP부터, 소스코드 이관 포함.","동물병원 앱 개발","Answer|BreadcrumbList|ContactPoint|Country|FAQPage|ListItem|OpeningHoursSpecification|Organization|PostalAddress|ProfessionalService|PropertyValue|Question|Service|WebSite","40","2","service_or_hub","industry_service","P1","INDEX","self-canonical, indexable and present in sitemap","TESTED_LOCAL_BUILD"
"https://reumlab.com/app/art-academy/","200","https://reumlab.com/app/art-academy/","index, follow","yes","yes","no","미술학원 앱 만들 수 있나요 | 기능·비용·개발기간 정리 | 름랩","미술학원 앱에 실제로 들어가는 기능 — 작품 아카이브·전시·재료비. 미술학원은 학생의 작품이 쌓이는 과정 자체가 학부모에게 보여 줄 성과입니다. 580만원대 MVP부터, 소스코드 이관 포함.","미술학원 앱 개발","Answer|BreadcrumbList|ContactPoint|Country|FAQPage|ListItem|OpeningHoursSpecification|Organization|PostalAddress|ProfessionalService|PropertyValue|Question|Service|WebSite","41","2","service_or_hub","industry_service","P1","INDEX","self-canonical, indexable and present in sitemap","TESTED_LOCAL_BUILD"
"https://reumlab.com/app/b2b-saas/","200","https://reumlab.com/app/b2b-saas/","index, follow","yes","yes","no","B2B SaaS·업무툴 앱 개발 | 구독·온보딩 등 필요한 기능부터 | 름랩","B2B SaaS·업무툴 앱에 실제로 들어가는 기능 — 구독·온보딩·대시보드. B2B 툴은 기능을 다 만들기보다, 한 팀의 반복 업무를 확실히 줄이는 핵심 기능부터 검증하는 것이 중요합니다. 580만원대 MVP부터, 소스코드 이관 포함.","B2B SaaS·업무툴 개발","Answer|BreadcrumbList|ContactPoint|Country|FAQPage|ListItem|OpeningHoursSpecification|Organization|PostalAddress|ProfessionalService|PropertyValue|Question|Service|WebSite","40","2","service_or_hub","industry_service","P1","INDEX","self-canonical, indexable and present in sitemap","TESTED_LOCAL_BUILD"
"https://reumlab.com/app/bakery/","200","https://reumlab.com/app/bakery/","index, follow","yes","yes","no","베이커리·디저트 앱 만들 수 있나요 | 기능·비용·개발기간 정리 | 름랩","베이커리·디저트 앱에 실제로 들어가는 기능 — 케이크 예약주문·픽업·재고소진. 주문 제작 케이크는 문구·사이즈·수령 시간 같은 옵션을 전화로 받다 보면 착오가 생기기 쉬운데, 앱으로 옵션과 픽업 시간을 받으면 실수가 줄고 생산 계획이 명확해집니다.","베이커리·디저트 앱 개발","Answer|BreadcrumbList|ContactPoint|Country|FAQPage|ListItem|OpeningHoursSpecification|Organization|PostalAddress|ProfessionalService|PropertyValue|Question|Service|WebSite","41","2","service_or_hub","industry_service","P1","INDEX","self-canonical, indexable and present in sitemap","TESTED_LOCAL_BUILD"
"https://reumlab.com/app/billiards/","200","https://reumlab.com/app/billiards/","index, follow","yes","yes","no","당구장·볼링장 앱 만들 수 있나요 | 기능·비용·개발기간 정리 | 름랩","당구장·볼링장 앱에 실제로 들어가는 기능 — 테이블·레인 예약·시간요금. 당구장·볼링장은 테이블·레인이 한정되어 시간대 예약과 이용 시간 정산이 매출 회전을 좌우합니다. 580만원대 MVP부터, 소스코드 이관 포함.","당구장·볼링장 앱 개발","Answer|BreadcrumbList|ContactPoint|Country|FAQPage|ListItem|OpeningHoursSpecification|Organization|PostalAddress|ProfessionalService|PropertyValue|Question|Service|WebSite","40","2","service_or_hub","industry_service","P1","INDEX","self-canonical, indexable and present in sitemap","TESTED_LOCAL_BUILD"
"https://reumlab.com/app/booking/","200","https://reumlab.com/app/booking/","index, follow","yes","yes","no","예약(미용·네일·공방) 앱 개발 | 예약·노쇼방지 등 필요한 기능부터 | 름랩","예약(미용·네일·공방) 앱에 실제로 들어가는 기능 — 예약·노쇼방지·결제. 예약을 앱으로 옮기면 전화·메신저 응대가 줄고, 예약금·노쇼 방지로 매출 누수를 막을 수 있습니다. 580만원대 MVP부터, 소스코드 이관 포함.","예약(미용·네일·공방) 앱 개발","Answer|BreadcrumbList|ContactPoint|Country|FAQPage|ListItem|OpeningHoursSpecification|Organization|PostalAddress|ProfessionalService|PropertyValue|Question|Service|WebSite","40","2","service_or_hub","industry_service","P1","INDEX","self-canonical, indexable and present in sitemap","TESTED_LOCAL_BUILD"
"https://reumlab.com/app/bookstore/","200","https://reumlab.com/app/bookstore/","index, follow","yes","yes","no","서점·북카페 앱 만들 수 있나요 | 기능·비용·개발기간 정리 | 름랩","서점·북카페 앱에 실제로 들어가는 기능 — 도서 주문·픽업·북클럽. 동네 서점·북카페는 대형 온라인 서점과 달리 큐레이션과 모임으로 단골을 만듭니다. 580만원대 MVP부터, 소스코드 이관 포함.","서점·북카페 앱 개발","Answer|BreadcrumbList|ContactPoint|Country|FAQPage|ListItem|OpeningHoursSpecification|Organization|PostalAddress|ProfessionalService|PropertyValue|Question|Service|WebSite","40","2","service_or_hub","industry_service","P1","INDEX","self-canonical, indexable and present in sitemap","TESTED_LOCAL_BUILD"
"https://reumlab.com/app/butcher/","200","https://reumlab.com/app/butcher/","index, follow","yes","yes","no","정육·수산 앱 개발 | 부위 옵션 주문·정기배송 등 필요한 기능부터 | 름랩","정육·수산 앱에 실제로 들어가는 기능 — 부위 옵션 주문·정기배송·재고. 정육·수산은 부위·중량·손질 방식 같은 옵션을 정확히 받아야 준비가 매끄럽고, 신선 재고라 당일 소진 관리가 중요합니다. 580만원대 MVP부터, 소스코드 이관 포함.","정육·수산 앱 개발","Answer|BreadcrumbList|ContactPoint|Country|FAQPage|ListItem|OpeningHoursSpecification|Organization|PostalAddress|ProfessionalService|PropertyValue|Question|Service|WebSite","40","2","service_or_hub","industry_service","P1","INDEX","self-canonical, indexable and present in sitemap","TESTED_LOCAL_BUILD"
"https://reumlab.com/app/cafe/","200","https://reumlab.com/app/cafe/","index, follow","yes","yes","no","카페 앱 개발 | 모바일오더·스탬프 등 필요한 기능부터 | 름랩","카페 앱에 실제로 들어가는 기능 — 모바일오더·스탬프·원두구독. 피크 시간대에 줄이 길어지면 이탈이 생기는데, 모바일 오더로 미리 주문·픽업 시간을 정하게 하면 회전이 빨라지고 대기 불만이 줄어듭니다. 580만원대 MVP부터, 소스코드 이관 포함.","카페 앱 개발","Answer|BreadcrumbList|ContactPoint|Country|FAQPage|ListItem|OpeningHoursSpecification|Organization|PostalAddress|ProfessionalService|PropertyValue|Question|Service|WebSite","42","2","service_or_hub","industry_service","P1","INDEX","self-canonical, indexable and present in sitemap","TESTED_LOCAL_BUILD"
"https://reumlab.com/app/camping/","200","https://reumlab.com/app/camping/","index, follow","yes","yes","no","캠핑·글램핑 앱 개발 | 사이트 예약·성수기 요금 등 필요한 기능부터 | 름랩","캠핑·글램핑 앱에 실제로 들어가는 기능 — 사이트 예약·성수기 요금·부대시설. 캠핑장은 사이트마다 특성이 다르고 성수기·주말 요금 편차가 커서 예약·요금 관리가 복잡합니다. 580만원대 MVP부터, 소스코드 이관 포함.","캠핑·글램핑 앱 개발","Answer|BreadcrumbList|ContactPoint|Country|FAQPage|ListItem|OpeningHoursSpecification|Organization|PostalAddress|ProfessionalService|PropertyValue|Question|Service|WebSite","40","2","service_or_hub","industry_service","P1","INDEX","self-canonical, indexable and present in sitemap","TESTED_LOCAL_BUILD"
"https://reumlab.com/app/car-repair/","200","https://reumlab.com/app/car-repair/","index, follow","yes","yes","no","자동차정비 앱 만들 수 있나요 | 기능·비용·개발기간 정리 | 름랩","자동차정비 앱에 실제로 들어가는 기능 — 정비예약·차량이력·견적. 차량별로 언제 무슨 정비를 했는지 이력이 남으면 다음 점검 시점을 안내하기 쉽고, 손님도 과잉 정비 걱정 없이 신뢰하게 됩니다. 580만원대 MVP부터, 소스코드 이관 포함.","자동차정비 앱 개발","Answer|BreadcrumbList|ContactPoint|Country|FAQPage|ListItem|OpeningHoursSpecification|Organization|PostalAddress|ProfessionalService|PropertyValue|Question|Service|WebSite","41","2","service_or_hub","industry_service","P1","INDEX","self-canonical, indexable and present in sitemap","TESTED_LOCAL_BUILD"
"https://reumlab.com/app/car-wash/","200","https://reumlab.com/app/car-wash/","index, follow","yes","yes","no","세차·디테일링 앱 개발 | 현장 운영 흐름 그대로 MVP로 | 름랩","세차·디테일링 앱에 실제로 들어가는 기능 — 예약·구독세차·멤버십. 세차는 날씨와 요일에 따라 수요가 몰려 대기가 길어지기 쉬운데, 예약과 현장 순번으로 방문 시점을 분산하면 대기 불만이 줄어듭니다. 580만원대 MVP부터, 소스코드 이관 포함.","세차·디테일링 앱 개발","Answer|BreadcrumbList|ContactPoint|Country|FAQPage|ListItem|OpeningHoursSpecification|Organization|PostalAddress|ProfessionalService|PropertyValue|Question|Service|WebSite","41","2","service_or_hub","industry_service","P1","INDEX","self-canonical, indexable and present in sitemap","TESTED_LOCAL_BUILD"
"https://reumlab.com/app/catering/","200","https://reumlab.com/app/catering/","index, follow","yes","yes","no","케이터링·출장뷔페 앱 개발 | 견적·행사 예약 등 필요한 기능부터 | 름랩","케이터링·출장뷔페 앱에 실제로 들어가는 기능 — 견적·행사 예약·인원 관리. 케이터링은 인원·메뉴·장소에 따라 견적이 달라져 상담이 복잡하고, 같은 날짜에 행사가 겹치면 준비가 어렵습니다. 580만원대 MVP부터, 소스코드 이관 포함.","케이터링·출장뷔페 앱 개발","Answer|BreadcrumbList|ContactPoint|Country|FAQPage|ListItem|OpeningHoursSpecification|Organization|PostalAddress|ProfessionalService|PropertyValue|Question|Service|WebSite","40","2","service_or_hub","industry_service","P1","INDEX","self-canonical, indexable and present in sitemap","TESTED_LOCAL_BUILD"
"https://reumlab.com/app/childcare/","200","https://reumlab.com/app/childcare/","index, follow","yes","yes","no","유치원·어린이집 앱 개발 | 등하원 알림·알림장 등 필요한 기능부터 | 름랩","유치원·어린이집 앱에 실제로 들어가는 기능 — 등하원 알림·알림장·식단. 학부모가 가장 안심하는 순간은 아이가 무사히 등원·하원했다는 알림을 받을 때입니다. 580만원대 MVP부터, 소스코드 이관 포함.","유치원·어린이집 앱 개발","Answer|BreadcrumbList|ContactPoint|Country|FAQPage|ListItem|OpeningHoursSpecification|Organization|PostalAddress|ProfessionalService|PropertyValue|Question|Service|WebSite","40","2","service_or_hub","industry_service","P1","INDEX","self-canonical, indexable and present in sitemap","TESTED_LOCAL_BUILD"
"https://reumlab.com/app/church/","200","https://reumlab.com/app/church/","index, follow","yes","yes","no","교회·종교시설 앱 제작 | 교인 관리·헌금 실제 구현 범위와 견적 | 름랩","교회·종교시설 앱에 실제로 들어가는 기능 — 교인 관리·헌금·예배 신청. 교회·종교시설은 교인 명부와 소식 전달, 헌금 관리가 사무의 큰 부분입니다. 580만원대 MVP부터, 소스코드 이관 포함.","교회·종교시설 앱 개발","Answer|BreadcrumbList|ContactPoint|Country|FAQPage|ListItem|OpeningHoursSpecification|Organization|PostalAddress|ProfessionalService|PropertyValue|Question|Service|WebSite","40","2","service_or_hub","industry_service","P1","INDEX","self-canonical, indexable and present in sitemap","TESTED_LOCAL_BUILD"
"https://reumlab.com/app/cleaning/","200","https://reumlab.com/app/cleaning/","index, follow","yes","yes","no","청소·홈서비스 앱 제작 | 방문예약·기사배정 실제 구현 범위와 견적 | 름랩","청소·홈서비스 앱에 실제로 들어가는 기능 — 방문예약·기사배정·정기청소. 홈서비스는 손님의 시간·주소·집 상태를 정확히 받아 알맞은 기사를 보내는 것이 만족도를 좌우합니다. 580만원대 MVP부터, 소스코드 이관 포함.","청소·홈서비스 앱 개발","Answer|BreadcrumbList|ContactPoint|Country|FAQPage|ListItem|OpeningHoursSpecification|Organization|PostalAddress|ProfessionalService|PropertyValue|Question|Service|WebSite","41","2","service_or_hub","industry_service","P1","INDEX","self-canonical, indexable and present in sitemap","TESTED_LOCAL_BUILD"
"https://reumlab.com/app/climbing/","200","https://reumlab.com/app/climbing/","index, follow","yes","yes","no","클라이밍짐 앱 제작 | 회원권·데이패스 실제 구현 범위와 견적 | 름랩","클라이밍짐 앱에 실제로 들어가는 기능 — 회원권·데이패스·강습. 클라이밍짐은 회원권과 데이패스(1일권) 이용이 섞여 있어 이용권 관리가 반복 업무입니다. 580만원대 MVP부터, 소스코드 이관 포함.","클라이밍짐 앱 개발","Answer|BreadcrumbList|ContactPoint|Country|FAQPage|ListItem|OpeningHoursSpecification|Organization|PostalAddress|ProfessionalService|PropertyValue|Question|Service|WebSite","40","2","service_or_hub","industry_service","P1","INDEX","self-canonical, indexable and present in sitemap","TESTED_LOCAL_BUILD"
"https://reumlab.com/app/cloud-kitchen/","200","https://reumlab.com/app/cloud-kitchen/","index, follow","yes","yes","no","공유주방 앱 개발 | 현장 운영 흐름 그대로 MVP로 | 름랩","공유주방 앱에 실제로 들어가는 기능 — 입점·주방예약·주문·정산. 입점 사업자가 앱에서 원하는 주방과 시간대를 직접 예약하면 운영사가 전화로 공간을 배정하던 업무가 줄어듭니다. 580만원대 MVP부터, 소스코드 이관 포함.","공유주방 앱 개발","Answer|BreadcrumbList|ContactPoint|Country|FAQPage|ListItem|OpeningHoursSpecification|Organization|PostalAddress|ProfessionalService|PropertyValue|Question|Service|WebSite","41","2","service_or_hub","industry_service","P1","INDEX","self-canonical, indexable and present in sitemap","TESTED_LOCAL_BUILD"
"https://reumlab.com/app/coin-laundry/","200","https://reumlab.com/app/coin-laundry/","index, follow","yes","yes","no","무인 코인세탁 앱 개발 | 세탁기 현황·결제 등 필요한 기능부터 | 름랩","무인 코인세탁 앱에 실제로 들어가는 기능 — 세탁기 현황·결제·완료 알림. 무인 코인세탁은 손님이 빈 세탁기를 확인하러 헛걸음하거나 완료 시점을 몰라 오래 방치되는 문제가 있습니다. 580만원대 MVP부터, 소스코드 이관 포함.","무인 코인세탁 앱 개발","Answer|BreadcrumbList|ContactPoint|Country|FAQPage|ListItem|OpeningHoursSpecification|Organization|PostalAddress|ProfessionalService|PropertyValue|Question|Service|WebSite","41","2","service_or_hub","industry_service","P1","INDEX","self-canonical, indexable and present in sitemap","TESTED_LOCAL_BUILD"
"https://reumlab.com/app/community/","200","https://reumlab.com/app/community/","index, follow","yes","yes","no","커뮤니티·모임 앱 제작 | 게시판·채팅 실제 구현 범위와 견적 | 름랩","커뮤니티·모임 앱에 실제로 들어가는 기능 — 게시판·채팅·알림. 초기에는 핵심 주제의 게시판과 알림만으로 활동을 모으고, 사용자가 늘면 채팅·모임·이벤트로 확장하는 방식이 안정적입니다. 580만원대 MVP부터, 소스코드 이관 포함.","커뮤니티·모임 앱 개발","Answer|BreadcrumbList|ContactPoint|Country|FAQPage|ListItem|OpeningHoursSpecification|Organization|PostalAddress|ProfessionalService|PropertyValue|Question|Service|WebSite","40","2","service_or_hub","industry_service","P1","INDEX","self-canonical, indexable and present in sitemap","TESTED_LOCAL_BUILD"
"https://reumlab.com/app/construction/","200","https://reumlab.com/app/construction/","index, follow","yes","yes","no","건설·현장관리 앱 개발 | 공정률·자재인력 등 필요한 기능부터 | 름랩","건설·현장관리 앱에 실제로 들어가는 기능 — 공정률·자재인력·안전점검. 여러 현장을 운영하면 본사가 각 현장의 진척을 파악하기 어려운데, 일일 작업 보고와 공정률을 앱으로 올리면 본사가 실시간으로 현황을 봅니다. 580만원대 MVP부터, 소스코드 이관 포함.","건설·현장관리 앱 개발","Answer|BreadcrumbList|ContactPoint|Country|FAQPage|ListItem|OpeningHoursSpecification|Organization|PostalAddress|ProfessionalService|PropertyValue|Question|Service|WebSite","41","2","service_or_hub","industry_service","P1","INDEX","self-canonical, indexable and present in sitemap","TESTED_LOCAL_BUILD"
"https://reumlab.com/app/cooking-class/","200","https://reumlab.com/app/cooking-class/","index, follow","yes","yes","no","요리·원데이 클래스 앱 제작 | 클래스예약·결제 실제 구현 범위와 견적 | 름랩","요리·원데이 클래스 앱에 실제로 들어가는 기능 — 클래스예약·결제·후기. 수강생이 앱에서 원하는 날짜의 클래스를 골라 잔여석을 확인하고 예약금을 결제하면 예약이 확정됩니다. 580만원대 MVP부터, 소스코드 이관 포함.","원데이 클래스·공방 예약 앱 개발","Answer|BreadcrumbList|ContactPoint|Country|FAQPage|ListItem|OpeningHoursSpecification|Organization|PostalAddress|ProfessionalService|PropertyValue|Question|Service|WebSite","40","2","service_or_hub","industry_service","P1","INDEX","self-canonical, indexable and present in sitemap","TESTED_LOCAL_BUILD"
"https://reumlab.com/app/coworking/","200","https://reumlab.com/app/coworking/","index, follow","yes","yes","no","공유오피스 앱 제작 | 좌석·회의실 예약 실제 구현 범위와 견적 | 름랩","공유오피스 앱에 실제로 들어가는 기능 — 좌석·회의실 예약·멤버십. 공유오피스는 멤버가 좌석·회의실을 유연하게 쓰기 때문에 예약과 이용 정산이 반복 업무입니다. 580만원대 MVP부터, 소스코드 이관 포함.","공유오피스 앱 개발","Answer|BreadcrumbList|ContactPoint|Country|FAQPage|ListItem|OpeningHoursSpecification|Organization|PostalAddress|ProfessionalService|PropertyValue|Question|Service|WebSite","41","2","service_or_hub","industry_service","P1","INDEX","self-canonical, indexable and present in sitemap","TESTED_LOCAL_BUILD"
"https://reumlab.com/app/creator/","200","https://reumlab.com/app/creator/","index, follow","yes","yes","no","크리에이터·MCN 앱 개발 | 현장 운영 흐름 그대로 MVP로 | 름랩","크리에이터·MCN 앱에 실제로 들어가는 기능 — 광고 매칭·정산·일정. MCN은 다수 크리에이터의 캠페인·일정·정산을 엑셀로 관리하다 착오가 생기기 쉽습니다. 580만원대 MVP부터, 소스코드 이관 포함.","크리에이터·MCN 앱 개발","Answer|BreadcrumbList|ContactPoint|Country|FAQPage|ListItem|OpeningHoursSpecification|Organization|PostalAddress|ProfessionalService|PropertyValue|Question|Service|WebSite","40","2","service_or_hub","industry_service","P1","INDEX","self-canonical, indexable and present in sitemap","TESTED_LOCAL_BUILD"
"https://reumlab.com/app/dance-academy/","200","https://reumlab.com/app/dance-academy/","index, follow","yes","yes","no","무용·발레학원 앱 개발 | 현장 운영 흐름 그대로 MVP로 | 름랩","무용·발레학원 앱에 실제로 들어가는 기능 — 수업 예약·발표회·출결. 무용·발레학원은 정기 수업 외에 발표회·공연 준비가 큰 이벤트라 신청·의상·참가비 관리가 몰립니다. 580만원대 MVP부터, 소스코드 이관 포함.","무용·발레학원 앱 개발","Answer|BreadcrumbList|ContactPoint|Country|FAQPage|ListItem|OpeningHoursSpecification|Organization|PostalAddress|ProfessionalService|PropertyValue|Question|Service|WebSite","41","2","service_or_hub","industry_service","P1","INDEX","self-canonical, indexable and present in sitemap","TESTED_LOCAL_BUILD"
"https://reumlab.com/app/delivery/","200","https://reumlab.com/app/delivery/","index, follow","yes","yes","no","배달·주문 앱 만들 수 있나요 | 기능·비용·개발기간 정리 | 름랩","배달·주문 앱에 실제로 들어가는 기능 — 주문·결제·배차. 배달앱 수수료 부담을 줄이려는 매장·프랜차이즈가 자체 주문 채널을 만드는 사례가 늘고 있습니다. 580만원대 MVP부터, 소스코드 이관 포함.","배달·주문 앱 개발","Answer|BreadcrumbList|ContactPoint|Country|FAQPage|ListItem|OpeningHoursSpecification|Organization|PostalAddress|ProfessionalService|PropertyValue|Question|Service|WebSite","42","2","service_or_hub","industry_service","P1","INDEX","self-canonical, indexable and present in sitemap","TESTED_LOCAL_BUILD"
"https://reumlab.com/app/dental/","200","https://reumlab.com/app/dental/","index, follow","yes","yes","no","치과 앱 만들 수 있나요 | 기능·비용·개발기간 정리 | 름랩","치과 앱에 실제로 들어가는 기능 — 예약·문진·정기검진 리콜. 치과는 한 번 온 환자를 6개월 뒤 정기검진으로 다시 부르는 리콜이 핵심 수익원입니다. 580만원대 MVP부터, 소스코드 이관 포함.","치과 앱 개발","Answer|BreadcrumbList|ContactPoint|Country|FAQPage|ListItem|OpeningHoursSpecification|Organization|PostalAddress|ProfessionalService|PropertyValue|Question|Service|WebSite","40","2","service_or_hub","industry_service","P1","INDEX","self-canonical, indexable and present in sitemap","TESTED_LOCAL_BUILD"
"https://reumlab.com/app/driving-school/","200","https://reumlab.com/app/driving-school/","index, follow","yes","yes","no","운전학원 앱 개발 | 현장 운영 흐름 그대로 MVP로 | 름랩","운전학원 앱에 실제로 들어가는 기능 — 교육 예약·차량 배정·수료. 운전학원은 정해진 교육 시간에 차량과 강사를 정확히 배정해야 대기와 공차가 줄어듭니다. 580만원대 MVP부터, 소스코드 이관 포함.","운전학원 앱 개발","Answer|BreadcrumbList|ContactPoint|Country|FAQPage|ListItem|OpeningHoursSpecification|Organization|PostalAddress|ProfessionalService|PropertyValue|Question|Service|WebSite","40","2","service_or_hub","industry_service","P1","INDEX","self-canonical, indexable and present in sitemap","TESTED_LOCAL_BUILD"
"https://reumlab.com/app/english-academy/","200","https://reumlab.com/app/english-academy/","index, follow","yes","yes","no","영어학원 앱 개발 | 레벨테스트·화상수업 등 필요한 기능부터 | 름랩","영어학원 앱에 실제로 들어가는 기능 — 레벨테스트·화상수업·단어관리. 영어학원은 학생마다 수준이 달라 반 배정과 진도 관리가 핵심입니다. 580만원대 MVP부터, 소스코드 이관 포함.","영어학원 앱 개발","Answer|BreadcrumbList|ContactPoint|Country|FAQPage|ListItem|OpeningHoursSpecification|Organization|PostalAddress|ProfessionalService|PropertyValue|Question|Service|WebSite","41","2","service_or_hub","industry_service","P1","INDEX","self-canonical, indexable and present in sitemap","TESTED_LOCAL_BUILD"
"https://reumlab.com/app/esthetic/","200","https://reumlab.com/app/esthetic/","index, follow","yes","yes","no","에스테틱·스파 앱 개발 | 관리 회차·프로그램 등 필요한 기능부터 | 름랩","에스테틱·스파 앱에 실제로 들어가는 기능 — 관리 회차·프로그램·멤버십. 에스테틱은 여러 회에 걸친 관리 프로그램을 판매하는 경우가 많아 회차권 관리가 매출과 직결됩니다. 580만원대 MVP부터, 소스코드 이관 포함.","에스테틱·스파 앱 개발","Answer|BreadcrumbList|ContactPoint|Country|FAQPage|ListItem|OpeningHoursSpecification|Organization|PostalAddress|ProfessionalService|PropertyValue|Question|Service|WebSite","40","2","service_or_hub","industry_service","P1","INDEX","self-canonical, indexable and present in sitemap","TESTED_LOCAL_BUILD"
"https://reumlab.com/app/event-agency/","200","https://reumlab.com/app/event-agency/","index, follow","yes","yes","no","행사·이벤트 대행 앱 만들 수 있나요 | 기능·비용·개발기간 정리 | 름랩","행사·이벤트 대행 앱에 실제로 들어가는 기능 — 견적·일정·인력배치. 의뢰인이 행사 종류와 예상 인원, 날짜, 필요한 장비를 입력하면 항목별 견적이 산정되어 전달됩니다. 580만원대 MVP부터, 소스코드 이관 포함.","행사·이벤트 대행 앱 개발","Answer|BreadcrumbList|ContactPoint|Country|FAQPage|ListItem|OpeningHoursSpecification|Organization|PostalAddress|ProfessionalService|PropertyValue|Question|Service|WebSite","40","2","service_or_hub","industry_service","P1","INDEX","self-canonical, indexable and present in sitemap","TESTED_LOCAL_BUILD"
"https://reumlab.com/app/fishing/","200","https://reumlab.com/app/fishing/","index, follow","yes","yes","no","낚시·선상 앱 만들 수 있나요 | 기능·비용·개발기간 정리 | 름랩","낚시·선상 앱에 실제로 들어가는 기능 — 선상 좌석 예약·물때·정산. 선상 낚시는 배의 좌석이 한정되고 날씨·물때에 따라 출조가 바뀌어 전화 예약 관리가 번거롭습니다. 580만원대 MVP부터, 소스코드 이관 포함.","낚시·선상 앱 개발","Answer|BreadcrumbList|ContactPoint|Country|FAQPage|ListItem|OpeningHoursSpecification|Organization|PostalAddress|ProfessionalService|PropertyValue|Question|Service|WebSite","40","2","service_or_hub","industry_service","P1","INDEX","self-canonical, indexable and present in sitemap","TESTED_LOCAL_BUILD"
"https://reumlab.com/app/fitness/","200","https://reumlab.com/app/fitness/","index, follow","yes","yes","no","피트니스·헬스장 앱 개발 | 현장 운영 흐름 그대로 MVP로 | 름랩","피트니스·헬스장 앱에 실제로 들어가는 기능 — 회원권·출석·PT예약. 회원권 잔여와 출석을 앱에서 직접 확인하게 하면 데스크 문의가 줄고, PT 예약을 앱으로 옮기면 트레이너 일정 관리가 쉬워집니다. 580만원대 MVP부터, 소스코드 이관 포함.","피트니스·헬스장 앱 개발","Answer|BreadcrumbList|ContactPoint|Country|FAQPage|ListItem|OpeningHoursSpecification|Organization|PostalAddress|ProfessionalService|PropertyValue|Question|Service|WebSite","40","2","service_or_hub","industry_service","P1","INDEX","self-canonical, indexable and present in sitemap","TESTED_LOCAL_BUILD"
"https://reumlab.com/app/flower/","200","https://reumlab.com/app/flower/","index, follow","yes","yes","no","꽃집·화훼 앱 제작 | 주문 제작·배송 실제 구현 범위와 견적 | 름랩","꽃집·화훼 앱에 실제로 들어가는 기능 — 주문 제작·배송·기념일 리마인드. 꽃은 기념일 수요가 크고 시들기 전에 배송해야 해서 시간 관리가 중요합니다. 580만원대 MVP부터, 소스코드 이관 포함.","꽃집·화훼 앱 개발","Answer|BreadcrumbList|ContactPoint|Country|FAQPage|ListItem|OpeningHoursSpecification|Organization|PostalAddress|ProfessionalService|PropertyValue|Question|Service|WebSite","40","2","service_or_hub","industry_service","P1","INDEX","self-canonical, indexable and present in sitemap","TESTED_LOCAL_BUILD"
"https://reumlab.com/app/foodtech/","200","https://reumlab.com/app/foodtech/","index, follow","yes","yes","no","푸드테크·식단 앱 만들 수 있나요 | 기능·비용·개발기간 정리 | 름랩","푸드테크·식단 앱에 실제로 들어가는 기능 — 주문·추천·구독. 식단 구독은 정기 주문·배송 흐름이 핵심이라, 주문·구독 MVP를 먼저 검증하고 추천·맞춤 기능을 붙이는 방식이 효율적입니다. 580만원대 MVP부터, 소스코드 이관 포함.","푸드테크·식단 앱 개발","Answer|BreadcrumbList|ContactPoint|Country|FAQPage|ListItem|OpeningHoursSpecification|Organization|PostalAddress|ProfessionalService|PropertyValue|Question|Service|WebSite","41","2","service_or_hub","industry_service","P1","INDEX","self-canonical, indexable and present in sitemap","TESTED_LOCAL_BUILD"
"https://reumlab.com/app/franchise/","200","https://reumlab.com/app/franchise/","index, follow","yes","yes","no","프랜차이즈 본사 앱 개발 | 가맹점 발주·매출정산 등 필요한 기능부터 | 름랩","프랜차이즈 본사 앱에 실제로 들어가는 기능 — 가맹점 발주·매출정산·본사공지. 가맹점이 늘수록 본사가 발주를 전화·엑셀로 받고 매출을 취합하는 부담이 커집니다. 580만원대 MVP부터, 소스코드 이관 포함.","프랜차이즈 본사 앱 개발","Answer|BreadcrumbList|ContactPoint|Country|FAQPage|ListItem|OpeningHoursSpecification|Organization|PostalAddress|ProfessionalService|PropertyValue|Question|Service|WebSite","40","2","service_or_hub","industry_service","P1","INDEX","self-canonical, indexable and present in sitemap","TESTED_LOCAL_BUILD"
"https://reumlab.com/app/funeral/","200","https://reumlab.com/app/funeral/","index, follow","yes","yes","no","상조·장례 앱 개발 | 상담·상품 등 필요한 기능부터 | 름랩","상조·장례 앱에 실제로 들어가는 기능 — 상담·상품·일정 관리. 상조·장례는 갑작스러운 상황에서 빠른 상담 연결과 명확한 절차 안내가 가장 중요합니다. 580만원대 MVP부터, 소스코드 이관 포함.","상조·장례 앱 개발","Answer|BreadcrumbList|ContactPoint|Country|FAQPage|ListItem|OpeningHoursSpecification|Organization|PostalAddress|ProfessionalService|PropertyValue|Question|Service|WebSite","40","2","service_or_hub","industry_service","P1","INDEX","self-canonical, indexable and present in sitemap","TESTED_LOCAL_BUILD"
"https://reumlab.com/app/furniture/","200","https://reumlab.com/app/furniture/","index, follow","yes","yes","no","가구·리빙 앱 만들 수 있나요 | 기능·비용·개발기간 정리 | 름랩","가구·리빙 앱에 실제로 들어가는 기능 — 주문제작 견적·배송설치·AS. 맞춤 가구는 치수·색상·옵션을 정확히 받아야 제작 착오가 없는데, 앱으로 옵션과 사진을 받으면 견적과 제작 지시가 명확해집니다. 580만원대 MVP부터, 소스코드 이관 포함.","가구·리빙 앱 개발","Answer|BreadcrumbList|ContactPoint|Country|FAQPage|ListItem|OpeningHoursSpecification|Organization|PostalAddress|ProfessionalService|PropertyValue|Question|Service|WebSite","40","2","service_or_hub","industry_service","P1","INDEX","self-canonical, indexable and present in sitemap","TESTED_LOCAL_BUILD"
"https://reumlab.com/app/game-studio/","200","https://reumlab.com/app/game-studio/","index, follow","yes","yes","no","게임 개발 앱 개발 | 게임 앱·인앱결제 등 필요한 기능부터 | 름랩","게임 개발 앱에 실제로 들어가는 기능 — 게임 앱·인앱결제·라이브운영. 게임은 기능을 다 넣기보다 재미의 핵심 루프를 먼저 검증하는 것이 중요합니다. 580만원대 MVP부터, 소스코드 이관 포함.","게임 앱 개발","Answer|BreadcrumbList|ContactPoint|Country|FAQPage|ListItem|OpeningHoursSpecification|Organization|PostalAddress|ProfessionalService|PropertyValue|Question|Service|WebSite","40","2","service_or_hub","industry_service","P1","INDEX","self-canonical, indexable and present in sitemap","TESTED_LOCAL_BUILD"
"https://reumlab.com/app/golf/","200","https://reumlab.com/app/golf/","index, follow","yes","yes","no","골프·스포츠 예약 앱 만들 수 있나요 | 기능·비용·개발기간 정리 | 름랩","골프·스포츠 예약 앱에 실제로 들어가는 기능 — 부킹·정산·알림. 전화·수기로 받던 부킹을 앱으로 옮기면 중복 예약과 누락이 줄고, 결제·정산을 연결하면 운영이 단순해집니다. 580만원대 MVP부터, 소스코드 이관 포함.","골프·스포츠 예약 앱 개발","Answer|BreadcrumbList|ContactPoint|Country|FAQPage|ListItem|OpeningHoursSpecification|Organization|PostalAddress|ProfessionalService|PropertyValue|Question|Service|WebSite","40","2","service_or_hub","industry_service","P1","INDEX","self-canonical, indexable and present in sitemap","TESTED_LOCAL_BUILD"
"https://reumlab.com/app/golf-range/","200","https://reumlab.com/app/golf-range/","index, follow","yes","yes","no","골프연습장 앱 만들 수 있나요 | 기능·비용·개발기간 정리 | 름랩","골프연습장 앱에 실제로 들어가는 기능 — 타석 정기권·좌석 배정·이용시간. 골프연습장은 정기권 회원의 타석 이용과 대기 관리가 반복 업무입니다. 580만원대 MVP부터, 소스코드 이관 포함.","골프연습장 앱 개발","Answer|BreadcrumbList|ContactPoint|Country|FAQPage|ListItem|OpeningHoursSpecification|Organization|PostalAddress|ProfessionalService|PropertyValue|Question|Service|WebSite","40","2","service_or_hub","industry_service","P1","INDEX","self-canonical, indexable and present in sitemap","TESTED_LOCAL_BUILD"
"https://reumlab.com/app/grocery/","200","https://reumlab.com/app/grocery/","index, follow","yes","yes","no","동네마트·장보기 앱 개발 | 장바구니·당일배달 등 필요한 기능부터 | 름랩","동네마트·장보기 앱에 실제로 들어가는 기능 — 장바구니·당일배달·재고. 동네마트는 가까운 거리의 당일·즉시 배달이 강점이라, 주문과 재고가 실시간으로 맞아야 합니다. 580만원대 MVP부터, 소스코드 이관 포함.","동네마트·장보기 앱 개발","Answer|BreadcrumbList|ContactPoint|Country|FAQPage|ListItem|OpeningHoursSpecification|Organization|PostalAddress|ProfessionalService|PropertyValue|Question|Service|WebSite","40","2","service_or_hub","industry_service","P1","INDEX","self-canonical, indexable and present in sitemap","TESTED_LOCAL_BUILD"
"https://reumlab.com/app/hair-salon/","200","https://reumlab.com/app/hair-salon/","index, follow","yes","yes","no","미용실 앱 만들 수 있나요 | 기능·비용·개발기간 정리 | 름랩","미용실 앱에 실제로 들어가는 기능 — 디자이너 지정 예약·시술이력·리콜. 미용실은 손님이 특정 디자이너를 지정하는 경우가 많아, 디자이너별 예약과 시술 이력 관리가 재방문을 좌우합니다. 580만원대 MVP부터, 소스코드 이관 포함.","미용실 앱 개발","Answer|BreadcrumbList|ContactPoint|Country|FAQPage|ListItem|OpeningHoursSpecification|Organization|PostalAddress|ProfessionalService|PropertyValue|Question|Service|WebSite","40","2","service_or_hub","industry_service","P1","INDEX","self-canonical, indexable and present in sitemap","TESTED_LOCAL_BUILD"
"https://reumlab.com/app/hospital/","200","https://reumlab.com/app/hospital/","index, follow","yes","yes","no","병원·의원 앱 개발 | 현장 운영 흐름 그대로 MVP로 | 름랩","병원·의원 앱에 실제로 들어가는 기능 — 예약·문진·알림. 데스크 전화 예약을 앱·웹 예약으로 옮기면 접수 업무가 줄고, 사전 문진으로 진료 준비 시간이 단축됩니다. 580만원대 MVP부터, 소스코드 이관 포함.","병원·의원 앱 개발","Answer|BreadcrumbList|ContactPoint|Country|FAQPage|ListItem|OpeningHoursSpecification|Organization|PostalAddress|ProfessionalService|PropertyValue|Question|Service|WebSite","40","2","service_or_hub","industry_service","P1","INDEX","self-canonical, indexable and present in sitemap","TESTED_LOCAL_BUILD"
"https://reumlab.com/app/","200","https://reumlab.com/app/","index, follow","yes","yes","no","업종별 앱 개발 100개 업종 | 기능·비용·솔루션 한눈에 — 름랩","병원·학원·헬스장·카페·쇼핑몰부터 법무·세무·부동산까지 100개 업종별 앱 개발 가이드. 업종마다 무엇을 만드나(기능)·얼마가 드나(비용)·어떻게 구축하나(솔루션)를 정리했습니다. Flutter MVP·소스코드 이관·직접 운영.","업종별 앱 개발 — 100개 업종 맞춤 MVP·솔루션","BreadcrumbList|CollectionPage|ContactPoint|Country|ItemList|ListItem|OpeningHoursSpecification|Organization|PostalAddress|ProfessionalService|PropertyValue|WebSite","368","1","service_or_hub","service_or_hub","P1","INDEX","self-canonical, indexable and present in sitemap","TESTED_LOCAL_BUILD"
"https://reumlab.com/app/insurance/","200","https://reumlab.com/app/insurance/","index, follow","yes","yes","no","보험 설계 앱 개발 | 현장 운영 흐름 그대로 MVP로 | 름랩","보험 설계 앱에 실제로 들어가는 기능 — 상담·계약·고객관리. 설계사는 아침에 앱을 열어 오늘 방문 상담 일정을 확인하고, 상담이 끝나면 나눈 내용과 다음 액션을 이력으로 남깁니다. 580만원대 MVP부터, 소스코드 이관 포함.","보험 설계·GA 시스템 개발","Answer|BreadcrumbList|ContactPoint|Country|FAQPage|ListItem|OpeningHoursSpecification|Organization|PostalAddress|ProfessionalService|PropertyValue|Question|Service|WebSite","40","2","service_or_hub","industry_service","P1","INDEX","self-canonical, indexable and present in sitemap","TESTED_LOCAL_BUILD"
"https://reumlab.com/app/interior/","200","https://reumlab.com/app/interior/","index, follow","yes","yes","no","인테리어·시공 앱 만들 수 있나요 | 기능·비용·개발기간 정리 | 름랩","인테리어·시공 앱에 실제로 들어가는 기능 — 견적상담·시공일지·계약. 인테리어는 진행 중 고객이 현장이 어떻게 되고 있는지 불안해하는 경우가 많은데, 공정별 사진 일지를 공유하면 신뢰가 쌓이고 클레임이 줄어듭니다. 580만원대 MVP부터, 소스코드 이관 포함.","인테리어·시공 앱 개발","Answer|BreadcrumbList|ContactPoint|Country|FAQPage|ListItem|OpeningHoursSpecification|Organization|PostalAddress|ProfessionalService|PropertyValue|Question|Service|WebSite","41","2","service_or_hub","industry_service","P1","INDEX","self-canonical, indexable and present in sitemap","TESTED_LOCAL_BUILD"
"https://reumlab.com/app/kids-cafe/","200","https://reumlab.com/app/kids-cafe/","index, follow","yes","yes","no","키즈카페 앱 제작 | 입장 예약·시간권 실제 구현 범위와 견적 | 름랩","키즈카페 앱에 실제로 들어가는 기능 — 입장 예약·시간권·생일파티. 키즈카페는 주말·공휴일에 정원이 몰려 혼잡해지기 쉬운데, 입장 예약으로 정원을 관리하면 대기와 안전 문제를 줄일 수 있습니다. 580만원대 MVP부터, 소스코드 이관 포함.","키즈카페 앱 개발","Answer|BreadcrumbList|ContactPoint|Country|FAQPage|ListItem|OpeningHoursSpecification|Organization|PostalAddress|ProfessionalService|PropertyValue|Question|Service|WebSite","40","2","service_or_hub","industry_service","P1","INDEX","self-canonical, indexable and present in sitemap","TESTED_LOCAL_BUILD"
"https://reumlab.com/app/labor-hr/","200","https://reumlab.com/app/labor-hr/","index, follow","yes","yes","no","노무·인사 앱 제작 | 근태·급여 실제 구현 범위와 견적 | 름랩","노무·인사 앱에 실제로 들어가는 기능 — 근태·급여·계약서. 소규모 사업장은 출퇴근과 급여를 수기로 처리하다 계산 착오와 분쟁이 생기기 쉽습니다. 580만원대 MVP부터, 소스코드 이관 포함.","노무·인사 앱 개발","Answer|BreadcrumbList|ContactPoint|Country|FAQPage|ListItem|OpeningHoursSpecification|Organization|PostalAddress|ProfessionalService|PropertyValue|Question|Service|WebSite","41","2","service_or_hub","industry_service","P1","INDEX","self-canonical, indexable and present in sitemap","TESTED_LOCAL_BUILD"
"https://reumlab.com/app/laundry/","200","https://reumlab.com/app/laundry/","index, follow","yes","yes","no","세탁·수거배송 앱 제작 | 수거배송 접수·상태추적 실제 구현 범위와 견적 | 름랩","세탁·수거배송 앱에 실제로 들어가는 기능 — 수거배송 접수·상태추적·정기수거. 비대면 세탁은 손님이 맡긴 옷이 지금 어디쯤 처리되고 있는지 보이지 않아 문의가 잦습니다. 580만원대 MVP부터, 소스코드 이관 포함.","세탁·수거배송 앱 개발","Answer|BreadcrumbList|ContactPoint|Country|FAQPage|ListItem|OpeningHoursSpecification|Organization|PostalAddress|ProfessionalService|PropertyValue|Question|Service|WebSite","41","2","service_or_hub","industry_service","P1","INDEX","self-canonical, indexable and present in sitemap","TESTED_LOCAL_BUILD"
"https://reumlab.com/app/law-firm/","200","https://reumlab.com/app/law-firm/","index, follow","yes","yes","no","법무법인·변호사 앱 제작 | 상담예약·사건진행 조회 실제 구현 범위와 견적 | 름랩","법무법인·변호사 앱에 실제로 들어가는 기능 — 상담예약·사건진행 조회·서류. 의뢰인은 자기 사건이 지금 어디까지 진행됐는지 궁금해 전화로 자주 문의하는데, 진행 단계를 조회할 수 있게 하면 응대 부담이 줄고 신뢰가 쌓입니다. 580만원대 MVP부터, 소스코드 이관 포함.","법무법인·변호사 앱 개발","Answer|BreadcrumbList|ContactPoint|Country|FAQPage|ListItem|OpeningHoursSpecification|Organization|PostalAddress|ProfessionalService|PropertyValue|Question|Service|WebSite","40","2","service_or_hub","industry_service","P1","INDEX","self-canonical, indexable and present in sitemap","TESTED_LOCAL_BUILD"
"https://reumlab.com/app/liquor-shop/","200","https://reumlab.com/app/liquor-shop/","index, follow","yes","yes","no","주류·와인샵 앱 개발 | 상품·연령확인 등 필요한 기능부터 | 름랩","주류·와인샵 앱에 실제로 들어가는 기능 — 상품·연령확인·픽업. 주류는 온라인 택배 판매가 제한되어 스마트오더 후 매장 픽업이 핵심입니다. 580만원대 MVP부터, 소스코드 이관 포함.","주류·와인샵 앱 개발","Answer|BreadcrumbList|ContactPoint|Country|FAQPage|ListItem|OpeningHoursSpecification|Organization|PostalAddress|ProfessionalService|PropertyValue|Question|Service|WebSite","40","2","service_or_hub","industry_service","P1","INDEX","self-canonical, indexable and present in sitemap","TESTED_LOCAL_BUILD"
"https://reumlab.com/app/loan/","200","https://reumlab.com/app/loan/","index, follow","yes","yes","no","대출·금융 상담 앱 개발 | 현장 운영 흐름 그대로 MVP로 | 름랩","대출·금융 상담 앱에 실제로 들어가는 기능 — 상담신청·상품매칭·서류관리. 방문자가 앱에서 대출 목적과 희망 금액을 입력하면 조건에 맞는 상품이 걸러져 상담 신청으로 이어집니다. 580만원대 MVP부터, 소스코드 이관 포함.","대출·금융 상담 앱 개발","Answer|BreadcrumbList|ContactPoint|Country|FAQPage|ListItem|OpeningHoursSpecification|Organization|PostalAddress|ProfessionalService|PropertyValue|Question|Service|WebSite","40","2","service_or_hub","industry_service","P1","INDEX","self-canonical, indexable and present in sitemap","TESTED_LOCAL_BUILD"
"https://reumlab.com/app/lodging/","200","https://reumlab.com/app/lodging/","index, follow","yes","yes","no","숙박·펜션 앱 개발 | 현장 운영 흐름 그대로 MVP로 | 름랩","숙박·펜션 앱에 실제로 들어가는 기능 — 예약·결제·리뷰. 플랫폼 수수료를 줄이려는 펜션·소형 숙박이 자체 예약 채널을 만드는 사례가 늘고 있습니다. 580만원대 MVP부터, 소스코드 이관 포함.","숙박·펜션 앱 개발","Answer|BreadcrumbList|ContactPoint|Country|FAQPage|ListItem|OpeningHoursSpecification|Organization|PostalAddress|ProfessionalService|PropertyValue|Question|Service|WebSite","41","2","service_or_hub","industry_service","P1","INDEX","self-canonical, indexable and present in sitemap","TESTED_LOCAL_BUILD"
"https://reumlab.com/app/logistics/","200","https://reumlab.com/app/logistics/","index, follow","yes","yes","no","물류·배송 앱 개발 | 배차·운송장 추적 등 필요한 기능부터 | 름랩","물류·배송 앱에 실제로 들어가는 기능 — 배차·운송장 추적·정산. 배송이 지금 어디쯤 왔는지 화주와 기사, 관리자가 서로 전화로 확인하는 비용이 큽니다. 580만원대 MVP부터, 소스코드 이관 포함.","물류·배송 앱 개발","Answer|BreadcrumbList|ContactPoint|Country|FAQPage|ListItem|OpeningHoursSpecification|Organization|PostalAddress|ProfessionalService|PropertyValue|Question|Service|WebSite","42","2","service_or_hub","industry_service","P1","INDEX","self-canonical, indexable and present in sitemap","TESTED_LOCAL_BUILD"
"https://reumlab.com/app/manufacturing/","200","https://reumlab.com/app/manufacturing/","index, follow","yes","yes","no","제조·공장 앱 만들 수 있나요 | 기능·비용·개발기간 정리 | 름랩","제조·공장 앱에 실제로 들어가는 기능 — 수주발주·생산일정·재고. 주문을 전화·팩스로 받고 생산 일정을 수기 칠판으로 관리하면 납기 착오와 재고 오차가 생깁니다. 580만원대 MVP부터, 소스코드 이관 포함.","제조·공장 앱 개발","Answer|BreadcrumbList|ContactPoint|Country|FAQPage|ListItem|OpeningHoursSpecification|Organization|PostalAddress|ProfessionalService|PropertyValue|Question|Service|WebSite","42","2","service_or_hub","industry_service","P1","INDEX","self-canonical, indexable and present in sitemap","TESTED_LOCAL_BUILD"
"https://reumlab.com/app/marketing-agency/","200","https://reumlab.com/app/marketing-agency/","index, follow","yes","yes","no","마케팅 대행 앱 만들 수 있나요 | 기능·비용·개발기간 정리 | 름랩","마케팅 대행 앱에 실제로 들어가는 기능 — 리드 관리·캠페인 리포트·정산. 광고 문의가 여러 채널에서 들어오면 시스템이 채널과 캠페인을 태그로 구분해 담당자에게 자동 배분하고, 담당자는 상담·제안·계약 단계를 앱에서 갱신합니다. 580만원대 MVP부터, 소스코드 이관 포함.","마케팅 대행사 시스템 개발","Answer|BreadcrumbList|ContactPoint|Country|FAQPage|ListItem|OpeningHoursSpecification|Organization|PostalAddress|ProfessionalService|PropertyValue|Question|Service|WebSite","40","2","service_or_hub","industry_service","P1","INDEX","self-canonical, indexable and present in sitemap","TESTED_LOCAL_BUILD"
"https://reumlab.com/app/marketplace/","200","https://reumlab.com/app/marketplace/","index, follow","yes","yes","no","중고거래·마켓 앱 개발 | 등록·채팅 등 필요한 기능부터 | 름랩","중고거래·마켓 앱에 실제로 들어가는 기능 — 등록·채팅·안전결제. 지역·관심사 기반의 좁은 거래부터 시작해 신뢰를 쌓고, 사용자가 늘면 안전결제·에스크로로 거래 안정성을 높이는 방식이 안전합니다. 580만원대 MVP부터, 소스코드 이관 포함.","중고거래·마켓 앱 개발","Answer|BreadcrumbList|ContactPoint|Country|FAQPage|ListItem|OpeningHoursSpecification|Organization|PostalAddress|ProfessionalService|PropertyValue|Question|Service|WebSite","40","2","service_or_hub","industry_service","P1","INDEX","self-canonical, indexable and present in sitemap","TESTED_LOCAL_BUILD"
"https://reumlab.com/app/massage/","200","https://reumlab.com/app/massage/","index, follow","yes","yes","no","마사지·테라피 앱 개발 | 예약·회차권 등 필요한 기능부터 | 름랩","마사지·테라피 앱에 실제로 들어가는 기능 — 예약·회차권·관리사 지정. 마사지샵은 손님이 특정 관리사를 지정하고 코스·시간을 고르는 예약이 많습니다. 580만원대 MVP부터, 소스코드 이관 포함.","마사지·테라피 앱 개발","Answer|BreadcrumbList|ContactPoint|Country|FAQPage|ListItem|OpeningHoursSpecification|Organization|PostalAddress|ProfessionalService|PropertyValue|Question|Service|WebSite","40","2","service_or_hub","industry_service","P1","INDEX","self-canonical, indexable and present in sitemap","TESTED_LOCAL_BUILD"
"https://reumlab.com/app/math-academy/","200","https://reumlab.com/app/math-academy/","index, follow","yes","yes","no","수학·입시학원 앱 개발 | 오답관리·모의고사 등 필요한 기능부터 | 름랩","수학·입시학원 앱에 실제로 들어가는 기능 — 오답관리·모의고사·상담. 입시학원은 성적 추이와 취약 유형을 얼마나 잘 보여 주느냐가 학부모 신뢰를 좌우합니다. 580만원대 MVP부터, 소스코드 이관 포함.","수학·입시학원 앱 개발","Answer|BreadcrumbList|ContactPoint|Country|FAQPage|ListItem|OpeningHoursSpecification|Organization|PostalAddress|ProfessionalService|PropertyValue|Question|Service|WebSite","41","2","service_or_hub","industry_service","P1","INDEX","self-canonical, indexable and present in sitemap","TESTED_LOCAL_BUILD"
"https://reumlab.com/app/moving/","200","https://reumlab.com/app/moving/","index, follow","yes","yes","no","이사·용달 앱 개발 | 현장 운영 흐름 그대로 MVP로 | 름랩","이사·용달 앱에 실제로 들어가는 기능 — 방문 견적·물량·일정 배차. 이사는 짐 양과 옵션에 따라 견적이 크게 달라져, 사진·정보를 미리 받으면 견적 정확도가 올라갑니다. 580만원대 MVP부터, 소스코드 이관 포함.","이사·용달 앱 개발","Answer|BreadcrumbList|ContactPoint|Country|FAQPage|ListItem|OpeningHoursSpecification|Organization|PostalAddress|ProfessionalService|PropertyValue|Question|Service|WebSite","40","2","service_or_hub","industry_service","P1","INDEX","self-canonical, indexable and present in sitemap","TESTED_LOCAL_BUILD"
"https://reumlab.com/app/music-academy/","200","https://reumlab.com/app/music-academy/","index, follow","yes","yes","no","음악학원 앱 개발 | 현장 운영 흐름 그대로 MVP로 | 름랩","음악학원 앱에 실제로 들어가는 기능 — 레슨 스케줄·연습실 예약·발표회. 음악학원은 강사와 학생이 1:1로 시간을 맞춰야 해 스케줄 조율이 잦고 연습실 사용이 겹치기 쉽습니다. 580만원대 MVP부터, 소스코드 이관 포함.","음악학원 앱 개발","Answer|BreadcrumbList|ContactPoint|Country|FAQPage|ListItem|OpeningHoursSpecification|Organization|PostalAddress|ProfessionalService|PropertyValue|Question|Service|WebSite","41","2","service_or_hub","industry_service","P1","INDEX","self-canonical, indexable and present in sitemap","TESTED_LOCAL_BUILD"
"https://reumlab.com/app/nail-shop/","200","https://reumlab.com/app/nail-shop/","index, follow","yes","yes","no","네일·왁싱샵 앱 개발 | 디자인 선택·시술 사진 등 필요한 기능부터 | 름랩","네일·왁싱샵 앱에 실제로 들어가는 기능 — 디자인 선택·시술 사진·재방문. 네일·왁싱은 원하는 디자인을 미리 정하고 오면 시술이 빨라지고 만족도가 높아집니다. 580만원대 MVP부터, 소스코드 이관 포함.","네일·왁싱샵 앱 개발","Answer|BreadcrumbList|ContactPoint|Country|FAQPage|ListItem|OpeningHoursSpecification|Organization|PostalAddress|ProfessionalService|PropertyValue|Question|Service|WebSite","40","2","service_or_hub","industry_service","P1","INDEX","self-canonical, indexable and present in sitemap","TESTED_LOCAL_BUILD"
"https://reumlab.com/app/nonprofit/","200","https://reumlab.com/app/nonprofit/","index, follow","yes","yes","no","비영리·협회 앱 제작 | 회원·회비 실제 구현 범위와 견적 | 름랩","비영리·협회 앱에 실제로 들어가는 기능 — 회원·회비·후원 정기결제. 협회·단체는 회원 명부와 회비 납부 현황을 엑셀로 관리하다 누락과 착오가 생기기 쉽습니다. 580만원대 MVP부터, 소스코드 이관 포함.","비영리·협회 앱 개발","Answer|BreadcrumbList|ContactPoint|Country|FAQPage|ListItem|OpeningHoursSpecification|Organization|PostalAddress|ProfessionalService|PropertyValue|Question|Service|WebSite","40","2","service_or_hub","industry_service","P1","INDEX","self-canonical, indexable and present in sitemap","TESTED_LOCAL_BUILD"
"https://reumlab.com/app/o2o/","200","https://reumlab.com/app/o2o/","index, follow","yes","yes","no","O2O 플랫폼 앱 만들 수 있나요 | 기능·비용·개발기간 정리 | 름랩","O2O 플랫폼 앱에 실제로 들어가는 기능 — 매칭·예약·정산. O2O는 양면(고객·공급자)을 동시에 모아야 해 초기 설계가 중요합니다. 580만원대 MVP부터, 소스코드 이관 포함.","O2O 플랫폼 앱 개발","Answer|BreadcrumbList|ContactPoint|Country|FAQPage|ListItem|OpeningHoursSpecification|Organization|PostalAddress|ProfessionalService|PropertyValue|Question|Service|WebSite","42","2","service_or_hub","industry_service","P1","INDEX","self-canonical, indexable and present in sitemap","TESTED_LOCAL_BUILD"
"https://reumlab.com/app/optician/","200","https://reumlab.com/app/optician/","index, follow","yes","yes","no","안경원 앱 제작 | 시력검사 예약·렌즈 정기 실제 구현 범위와 견적 | 름랩","안경원 앱에 실제로 들어가는 기능 — 시력검사 예약·렌즈 정기·픽업. 안경원은 콘택트렌즈처럼 주기적으로 소비되는 상품의 재구매가 매출의 큰 축입니다. 580만원대 MVP부터, 소스코드 이관 포함.","안경원 앱 개발","Answer|BreadcrumbList|ContactPoint|Country|FAQPage|ListItem|OpeningHoursSpecification|Organization|PostalAddress|ProfessionalService|PropertyValue|Question|Service|WebSite","40","2","service_or_hub","industry_service","P1","INDEX","self-canonical, indexable and present in sitemap","TESTED_LOCAL_BUILD"
"https://reumlab.com/app/oriental-medicine/","200","https://reumlab.com/app/oriental-medicine/","index, follow","yes","yes","no","한의원 앱 개발 | 예약·체질문진 등 필요한 기능부터 | 름랩","한의원 앱에 실제로 들어가는 기능 — 예약·체질문진·탕약 정기배송. 한약은 복용이 끝날 때쯤 재조제로 이어지는 흐름이 매출의 큰 부분을 차지합니다. 580만원대 MVP부터, 소스코드 이관 포함.","한의원 앱 개발","Answer|BreadcrumbList|ContactPoint|Country|FAQPage|ListItem|OpeningHoursSpecification|Organization|PostalAddress|ProfessionalService|PropertyValue|Question|Service|WebSite","40","2","service_or_hub","industry_service","P1","INDEX","self-canonical, indexable and present in sitemap","TESTED_LOCAL_BUILD"
"https://reumlab.com/app/parking/","200","https://reumlab.com/app/parking/","index, follow","yes","yes","no","주차장 앱 개발 | 현장 운영 흐름 그대로 MVP로 | 름랩","주차장 앱에 실제로 들어가는 기능 — 정기권·예약·정산. 주차장은 정기권 회원 관리와 방문 예약, 요금 정산이 반복 업무입니다. 580만원대 MVP부터, 소스코드 이관 포함.","주차장 앱 개발","Answer|BreadcrumbList|ContactPoint|Country|FAQPage|ListItem|OpeningHoursSpecification|Organization|PostalAddress|ProfessionalService|PropertyValue|Question|Service|WebSite","40","2","service_or_hub","industry_service","P1","INDEX","self-canonical, indexable and present in sitemap","TESTED_LOCAL_BUILD"
"https://reumlab.com/app/party-room/","200","https://reumlab.com/app/party-room/","index, follow","yes","yes","no","파티룸·대여공간 앱 만들 수 있나요 | 기능·비용·개발기간 정리 | 름랩","파티룸·대여공간 앱에 실제로 들어가는 기능 — 시간대 예약·보증금·이용안내. 대여 공간은 같은 방을 시간대별로 여러 팀이 쓰기 때문에 예약 중복 방지와 이용 안내가 중요합니다. 580만원대 MVP부터, 소스코드 이관 포함.","파티룸·대여공간 앱 개발","Answer|BreadcrumbList|ContactPoint|Country|FAQPage|ListItem|OpeningHoursSpecification|Organization|PostalAddress|ProfessionalService|PropertyValue|Question|Service|WebSite","41","2","service_or_hub","industry_service","P1","INDEX","self-canonical, indexable and present in sitemap","TESTED_LOCAL_BUILD"
"https://reumlab.com/app/patent/","200","https://reumlab.com/app/patent/","index, follow","yes","yes","no","특허·지식재산 앱 개발 | 현장 운영 흐름 그대로 MVP로 | 름랩","특허·지식재산 앱에 실제로 들어가는 기능 — 출원 상담·진행 조회·기한 관리. 지식재산 업무는 출원·심사·갱신마다 기한이 촘촘해 놓치면 권리가 소멸됩니다. 580만원대 MVP부터, 소스코드 이관 포함.","특허·지식재산 앱 개발","Answer|BreadcrumbList|ContactPoint|Country|FAQPage|ListItem|OpeningHoursSpecification|Organization|PostalAddress|ProfessionalService|PropertyValue|Question|Service|WebSite","40","2","service_or_hub","industry_service","P1","INDEX","self-canonical, indexable and present in sitemap","TESTED_LOCAL_BUILD"
"https://reumlab.com/app/pc-cafe/","200","https://reumlab.com/app/pc-cafe/","index, follow","yes","yes","no","PC방·무인매장 앱 제작 | 좌석 점유·선불충전 실제 구현 범위와 견적 | 름랩","PC방·무인매장 앱에 실제로 들어가는 기능 — 좌석 점유·선불충전·먹거리 주문. PC방은 남은 좌석과 요금이 실시간으로 정확해야 하고, 손님이 자리에서 먹거리를 주문하는 흐름이 매출을 키웁니다. 580만원대 MVP부터, 소스코드 이관 포함.","PC방·무인매장 앱 개발","Answer|BreadcrumbList|ContactPoint|Country|FAQPage|ListItem|OpeningHoursSpecification|Organization|PostalAddress|ProfessionalService|PropertyValue|Question|Service|WebSite","40","2","service_or_hub","industry_service","P1","INDEX","self-canonical, indexable and present in sitemap","TESTED_LOCAL_BUILD"
"https://reumlab.com/app/pet/","200","https://reumlab.com/app/pet/","index, follow","yes","yes","no","펫·반려동물 앱 제작 | 예약·기록 실제 구현 범위와 견적 | 름랩","펫·반려동물 앱에 실제로 들어가는 기능 — 예약·기록·커머스. 예약과 건강 기록으로 보호자의 재방문을 유도하고, 접종·일정 알림으로 활성도를 유지합니다. 580만원대 MVP부터, 소스코드 이관 포함.","펫·반려동물 앱 개발","Answer|BreadcrumbList|ContactPoint|Country|FAQPage|ListItem|OpeningHoursSpecification|Organization|PostalAddress|ProfessionalService|PropertyValue|Question|Service|WebSite","40","2","service_or_hub","industry_service","P1","INDEX","self-canonical, indexable and present in sitemap","TESTED_LOCAL_BUILD"
"https://reumlab.com/app/pharmacy/","200","https://reumlab.com/app/pharmacy/","index, follow","yes","yes","no","약국 앱 개발 | 처방전 접수·복약알림 등 필요한 기능부터 | 름랩","약국 앱에 실제로 들어가는 기능 — 처방전 접수·복약알림·재고. 처방전을 미리 사진으로 받아 조제를 준비하면 환자 대기 시간이 줄고, 조제가 끝나면 알림으로 픽업 시점을 안내해 창구 혼잡을 낮춥니다. 580만원대 MVP부터, 소스코드 이관 포함.","약국 앱 개발","Answer|BreadcrumbList|ContactPoint|Country|FAQPage|ListItem|OpeningHoursSpecification|Organization|PostalAddress|ProfessionalService|PropertyValue|Question|Service|WebSite","40","2","service_or_hub","industry_service","P1","INDEX","self-canonical, indexable and present in sitemap","TESTED_LOCAL_BUILD"
"https://reumlab.com/app/photo-studio/","200","https://reumlab.com/app/photo-studio/","index, follow","yes","yes","no","사진관·스튜디오 앱 개발 | 촬영 예약·컨셉 등 필요한 기능부터 | 름랩","사진관·스튜디오 앱에 실제로 들어가는 기능 — 촬영 예약·컨셉·원본 전달. 스튜디오는 촬영 날짜·컨셉 예약과 촬영 후 결과물 전달이 반복되는데, 원본·보정본을 이메일·USB로 주고받으면 번거롭습니다. 580만원대 MVP부터, 소스코드 이관 포함.","사진관·스튜디오 앱 개발","Answer|BreadcrumbList|ContactPoint|Country|FAQPage|ListItem|OpeningHoursSpecification|Organization|PostalAddress|ProfessionalService|PropertyValue|Question|Service|WebSite","40","2","service_or_hub","industry_service","P1","INDEX","self-canonical, indexable and present in sitemap","TESTED_LOCAL_BUILD"
"https://reumlab.com/app/physical-therapy/","200","https://reumlab.com/app/physical-therapy/","index, follow","yes","yes","no","도수치료·재활 앱 개발 | 회기 예약·치료 경과 등 필요한 기능부터 | 름랩","도수치료·재활 앱에 실제로 들어가는 기능 — 회기 예약·치료 경과·회차권. 도수치료·재활은 같은 치료사와 여러 회기에 걸쳐 진행되어 연속성과 경과 관리가 중요합니다. 580만원대 MVP부터, 소스코드 이관 포함.","도수치료·재활센터 앱 개발","Answer|BreadcrumbList|ContactPoint|Country|FAQPage|ListItem|OpeningHoursSpecification|Organization|PostalAddress|ProfessionalService|PropertyValue|Question|Service|WebSite","40","2","service_or_hub","industry_service","P1","INDEX","self-canonical, indexable and present in sitemap","TESTED_LOCAL_BUILD"
"https://reumlab.com/app/pilates/","200","https://reumlab.com/app/pilates/","index, follow","yes","yes","no","필라테스·요가 앱 개발 | 현장 운영 흐름 그대로 MVP로 | 름랩","필라테스·요가 앱에 실제로 들어가는 기능 — 그룹수업 예약·회원권 회차·강사배정. 정원이 정해진 수업은 예약이 몰리거나 노쇼가 나면 수익과 만족도가 함께 흔들립니다. 580만원대 MVP부터, 소스코드 이관 포함.","필라테스·요가 앱 개발","Answer|BreadcrumbList|ContactPoint|Country|FAQPage|ListItem|OpeningHoursSpecification|Organization|PostalAddress|ProfessionalService|PropertyValue|Question|Service|WebSite","40","2","service_or_hub","industry_service","P1","INDEX","self-canonical, indexable and present in sitemap","TESTED_LOCAL_BUILD"
"https://reumlab.com/app/postpartum/","200","https://reumlab.com/app/postpartum/","index, follow","yes","yes","no","산후조리원 앱 개발 | 입실 예약·프로그램 등 필요한 기능부터 | 름랩","산후조리원 앱에 실제로 들어가는 기능 — 입실 예약·프로그램·케어 기록. 산후조리원은 예약이 몇 달 전부터 이뤄지고 재원 중 프로그램·케어가 촘촘합니다. 580만원대 MVP부터, 소스코드 이관 포함.","산후조리원 앱 개발","Answer|BreadcrumbList|ContactPoint|Country|FAQPage|ListItem|OpeningHoursSpecification|Organization|PostalAddress|ProfessionalService|PropertyValue|Question|Service|WebSite","40","2","service_or_hub","industry_service","P1","INDEX","self-canonical, indexable and present in sitemap","TESTED_LOCAL_BUILD"
"https://reumlab.com/app/printing/","200","https://reumlab.com/app/printing/","index, follow","yes","yes","no","인쇄·간판 앱 개발 | 주문 견적·시안 등 필요한 기능부터 | 름랩","인쇄·간판 앱에 실제로 들어가는 기능 — 주문 견적·시안·제작 일정. 인쇄·간판은 수량·규격·재질에 따라 견적이 달라지고, 시안 확인을 여러 번 주고받는 과정에서 착오가 생기기 쉽습니다. 580만원대 MVP부터, 소스코드 이관 포함.","인쇄·간판 앱 개발","Answer|BreadcrumbList|ContactPoint|Country|FAQPage|ListItem|OpeningHoursSpecification|Organization|PostalAddress|ProfessionalService|PropertyValue|Question|Service|WebSite","40","2","service_or_hub","industry_service","P1","INDEX","self-canonical, indexable and present in sitemap","TESTED_LOCAL_BUILD"
"https://reumlab.com/app/property-mgmt/","200","https://reumlab.com/app/property-mgmt/","index, follow","yes","yes","no","임대·건물관리 앱 제작 | 임대료·관리비 청구 실제 구현 범위와 견적 | 름랩","임대·건물관리 앱에 실제로 들어가는 기능 — 임대료·관리비 청구·민원. 건물·상가 관리는 임대료·관리비 수납 확인과 민원 응대가 반복 업무입니다. 580만원대 MVP부터, 소스코드 이관 포함.","임대·건물관리 앱 개발","Answer|BreadcrumbList|ContactPoint|Country|FAQPage|ListItem|OpeningHoursSpecification|Organization|PostalAddress|ProfessionalService|PropertyValue|Question|Service|WebSite","40","2","service_or_hub","industry_service","P1","INDEX","self-canonical, indexable and present in sitemap","TESTED_LOCAL_BUILD"
"https://reumlab.com/app/psychology/","200","https://reumlab.com/app/psychology/","index, follow","yes","yes","no","심리상담센터 앱 개발 | 상담 예약·회기 관리 등 필요한 기능부터 | 름랩","심리상담센터 앱에 실제로 들어가는 기능 — 상담 예약·회기 관리·검사. 상담은 여러 회기에 걸쳐 진행되어 회기 관리와 예약 연속성이 중요합니다. 580만원대 MVP부터, 소스코드 이관 포함.","심리상담센터 앱 개발","Answer|BreadcrumbList|ContactPoint|Country|FAQPage|ListItem|OpeningHoursSpecification|Organization|PostalAddress|ProfessionalService|PropertyValue|Question|Service|WebSite","40","2","service_or_hub","industry_service","P1","INDEX","self-canonical, indexable and present in sitemap","TESTED_LOCAL_BUILD"
"https://reumlab.com/app/realestate/","200","https://reumlab.com/app/realestate/","index, follow","yes","yes","no","부동산·중개 앱 만들 수 있나요 | 기능·비용·개발기간 정리 | 름랩","부동산·중개 앱에 실제로 들어가는 기능 — 매물·지도·문의. 매물을 지도와 함께 보여 주고 바로 문의로 연결하면 전화 응대 부담이 줄고, 관심 매물 알림으로 재방문을 유도할 수 있습니다. 580만원대 MVP부터, 소스코드 이관 포함.","부동산·중개 앱 개발","Answer|BreadcrumbList|ContactPoint|Country|FAQPage|ListItem|OpeningHoursSpecification|Organization|PostalAddress|ProfessionalService|PropertyValue|Question|Service|WebSite","41","2","service_or_hub","industry_service","P1","INDEX","self-canonical, indexable and present in sitemap","TESTED_LOCAL_BUILD"
"https://reumlab.com/app/recruiting/","200","https://reumlab.com/app/recruiting/","index, follow","yes","yes","no","채용·헤드헌팅 앱 개발 | 현장 운영 흐름 그대로 MVP로 | 름랩","채용·헤드헌팅 앱에 실제로 들어가는 기능 — 공고·지원자 관리·매칭. 채용은 지원자와 포지션 정보가 이메일·엑셀로 흩어지면 관리가 어렵습니다. 580만원대 MVP부터, 소스코드 이관 포함.","채용·헤드헌팅 앱 개발","Answer|BreadcrumbList|ContactPoint|Country|FAQPage|ListItem|OpeningHoursSpecification|Organization|PostalAddress|ProfessionalService|PropertyValue|Question|Service|WebSite","41","2","service_or_hub","industry_service","P1","INDEX","self-canonical, indexable and present in sitemap","TESTED_LOCAL_BUILD"
"https://reumlab.com/app/rental/","200","https://reumlab.com/app/rental/","index, follow","yes","yes","no","렌탈·대여 앱 개발 | 현장 운영 흐름 그대로 MVP로 | 름랩","렌탈·대여 앱에 실제로 들어가는 기능 — 예약 캘린더·보증금·반납확인. 대여는 같은 물건을 여러 사람이 시차를 두고 쓰기 때문에, 재고별 예약 캘린더로 중복을 막는 것이 운영의 핵심입니다. 580만원대 MVP부터, 소스코드 이관 포함.","렌탈·대여 앱 개발","Answer|BreadcrumbList|ContactPoint|Country|FAQPage|ListItem|OpeningHoursSpecification|Organization|PostalAddress|ProfessionalService|PropertyValue|Question|Service|WebSite","41","2","service_or_hub","industry_service","P1","INDEX","self-canonical, indexable and present in sitemap","TESTED_LOCAL_BUILD"
"https://reumlab.com/app/rental-car/","200","https://reumlab.com/app/rental-car/","index, follow","yes","yes","no","렌터카·차량대여 앱 개발 | 차량 예약·인수반납 등 필요한 기능부터 | 름랩","렌터카·차량대여 앱에 실제로 들어가는 기능 — 차량 예약·인수반납·보험. 렌터카는 같은 차량을 기간별로 여러 손님이 쓰기 때문에 예약 중복 방지와 인수·반납 상태 점검이 핵심입니다. 580만원대 MVP부터, 소스코드 이관 포함.","렌터카·차량대여 앱 개발","Answer|BreadcrumbList|ContactPoint|Country|FAQPage|ListItem|OpeningHoursSpecification|Organization|PostalAddress|ProfessionalService|PropertyValue|Question|Service|WebSite","40","2","service_or_hub","industry_service","P1","INDEX","self-canonical, indexable and present in sitemap","TESTED_LOCAL_BUILD"
"https://reumlab.com/app/resort/","200","https://reumlab.com/app/resort/","index, follow","yes","yes","no","리조트·워터파크 앱 개발 | 입장권·시설 예약 등 필요한 기능부터 | 름랩","리조트·워터파크 앱에 실제로 들어가는 기능 — 입장권·시설 예약·시즌 요금. 리조트·워터파크는 성수기 입장·시설 예약이 몰리고 시즌 요금 편차가 커서 예약·요금 관리가 복잡합니다. 580만원대 MVP부터, 소스코드 이관 포함.","리조트·워터파크 앱 개발","Answer|BreadcrumbList|ContactPoint|Country|FAQPage|ListItem|OpeningHoursSpecification|Organization|PostalAddress|ProfessionalService|PropertyValue|Question|Service|WebSite","40","2","service_or_hub","industry_service","P1","INDEX","self-canonical, indexable and present in sitemap","TESTED_LOCAL_BUILD"
"https://reumlab.com/app/restaurant/","200","https://reumlab.com/app/restaurant/","index, follow","yes","yes","no","식당·외식 앱 제작 | 테이블오더·웨이팅 실제 구현 범위와 견적 | 름랩","식당·외식 앱에 실제로 들어가는 기능 — 테이블오더·웨이팅·예약. 손님이 QR로 직접 주문·추가 주문하면 홀 직원이 주문을 받으러 다니는 시간이 줄어 같은 인원으로 더 많은 테이블을 돌릴 수 있습니다. 580만원대 MVP부터, 소스코드 이관 포함.","식당·외식 앱 개발","Answer|BreadcrumbList|ContactPoint|Country|FAQPage|ListItem|OpeningHoursSpecification|Organization|PostalAddress|ProfessionalService|PropertyValue|Question|Service|WebSite","42","2","service_or_hub","industry_service","P1","INDEX","self-canonical, indexable and present in sitemap","TESTED_LOCAL_BUILD"
"https://reumlab.com/app/screen-golf/","200","https://reumlab.com/app/screen-golf/","index, follow","yes","yes","no","스크린골프 앱 개발 | 타석 예약·리그 등 필요한 기능부터 | 름랩","스크린골프 앱에 실제로 들어가는 기능 — 타석 예약·리그·정산. 스크린골프는 타석이 한정되어 시간대별 예약 관리가 매출 회전을 좌우합니다. 580만원대 MVP부터, 소스코드 이관 포함.","스크린골프 앱 개발","Answer|BreadcrumbList|ContactPoint|Country|FAQPage|ListItem|OpeningHoursSpecification|Organization|PostalAddress|ProfessionalService|PropertyValue|Question|Service|WebSite","40","2","service_or_hub","industry_service","P1","INDEX","self-canonical, indexable and present in sitemap","TESTED_LOCAL_BUILD"
"https://reumlab.com/app/security/","200","https://reumlab.com/app/security/","index, follow","yes","yes","no","보안·경비 앱 개발 | 현장 운영 흐름 그대로 MVP로 | 름랩","보안·경비 앱에 실제로 들어가는 기능 — 관제·순찰·출동기록. 관제실 근무자가 CCTV 이벤트를 확인하면 앱으로 현장 경비원에게 즉시 출동을 지시하고, 경비원은 지도 안내를 따라 이동하며 도착·처리 시각을 남깁니다. 580만원대 MVP부터, 소스코드 이관 포함.","보안·경비·CCTV 관제 앱 개발","Answer|BreadcrumbList|ContactPoint|Country|FAQPage|ListItem|OpeningHoursSpecification|Organization|PostalAddress|ProfessionalService|PropertyValue|Question|Service|WebSite","41","2","service_or_hub","industry_service","P1","INDEX","self-canonical, indexable and present in sitemap","TESTED_LOCAL_BUILD"
"https://reumlab.com/app/senior/","200","https://reumlab.com/app/senior/","index, follow","yes","yes","no","요양·주간보호 앱 만들 수 있나요 | 기능·비용·개발기간 정리 | 름랩","요양·주간보호 앱에 실제로 들어가는 기능 — 이용 예약·케어 기록·보호자 알림. 주간보호는 보호자가 어르신의 하루를 궁금해하는 만큼, 케어 기록과 사진 공유가 신뢰를 만듭니다. 580만원대 MVP부터, 소스코드 이관 포함.","요양·주간보호센터 앱 개발","Answer|BreadcrumbList|ContactPoint|Country|FAQPage|ListItem|OpeningHoursSpecification|Organization|PostalAddress|ProfessionalService|PropertyValue|Question|Service|WebSite","40","2","service_or_hub","industry_service","P1","INDEX","self-canonical, indexable and present in sitemap","TESTED_LOCAL_BUILD"
"https://reumlab.com/app/shopping/","200","https://reumlab.com/app/shopping/","index, follow","yes","yes","no","쇼핑몰·커머스 앱 만들 수 있나요 | 기능·비용·개발기간 정리 | 름랩","쇼핑몰·커머스 앱에 실제로 들어가는 기능 — 장바구니·결제·배송. 핵심 상품군으로 먼저 출시해 결제·배송 흐름을 검증하고, 반응을 본 뒤 쿠폰·리뷰·추천을 붙이는 방식이 비용 효율적입니다. 580만원대 MVP부터, 소스코드 이관 포함.","쇼핑몰·커머스 앱 개발","Answer|BreadcrumbList|ContactPoint|Country|FAQPage|ListItem|OpeningHoursSpecification|Organization|PostalAddress|ProfessionalService|PropertyValue|Question|Service|WebSite","40","2","service_or_hub","industry_service","P1","INDEX","self-canonical, indexable and present in sitemap","TESTED_LOCAL_BUILD"
"https://reumlab.com/app/sidedish/","200","https://reumlab.com/app/sidedish/","index, follow","yes","yes","no","반찬·밀키트 앱 제작 | 정기 구독·주문 실제 구현 범위와 견적 | 름랩","반찬·밀키트 앱에 실제로 들어가는 기능 — 정기 구독·주문·픽업배송. 반찬가게는 매일 만드는 반찬을 정기적으로 사 가는 단골이 매출의 큰 축입니다. 580만원대 MVP부터, 소스코드 이관 포함.","반찬·밀키트 앱 개발","Answer|BreadcrumbList|ContactPoint|Country|FAQPage|ListItem|OpeningHoursSpecification|Organization|PostalAddress|ProfessionalService|PropertyValue|Question|Service|WebSite","41","2","service_or_hub","industry_service","P1","INDEX","self-canonical, indexable and present in sitemap","TESTED_LOCAL_BUILD"
"https://reumlab.com/app/skin-clinic/","200","https://reumlab.com/app/skin-clinic/","index, follow","yes","yes","no","피부과·성형외과 앱 개발 | 현장 운영 흐름 그대로 MVP로 | 름랩","피부과·성형외과 앱에 실제로 들어가는 기능 — 상담예약·시술 회차·전후관리. 레이저·리프팅처럼 여러 회에 걸쳐 진행하는 패키지 시술은 잔여 회차와 다음 예약을 정확히 관리하는 것이 재방문과 만족도를 좌우합니다. 580만원대 MVP부터, 소스코드 이관 포함.","피부과·성형외과 앱 개발","Answer|BreadcrumbList|ContactPoint|Country|FAQPage|ListItem|OpeningHoursSpecification|Organization|PostalAddress|ProfessionalService|PropertyValue|Question|Service|WebSite","40","2","service_or_hub","industry_service","P1","INDEX","self-canonical, indexable and present in sitemap","TESTED_LOCAL_BUILD"
"https://reumlab.com/app/solar/","200","https://reumlab.com/app/solar/","index, follow","yes","yes","no","태양광·에너지 앱 제작 | 상담·시공 실제 구현 범위와 견적 | 름랩","태양광·에너지 앱에 실제로 들어가는 기능 — 상담·시공·발전량 모니터링. 고객이 앱으로 설치 상담을 신청하면 담당자가 현장 실측 일정을 잡고 견적을 등록해 계약까지 한 흐름으로 관리합니다. 580만원대 MVP부터, 소스코드 이관 포함.","태양광·에너지 설비 앱 개발","Answer|BreadcrumbList|ContactPoint|Country|FAQPage|ListItem|OpeningHoursSpecification|Organization|PostalAddress|ProfessionalService|PropertyValue|Question|Service|WebSite","40","2","service_or_hub","industry_service","P1","INDEX","self-canonical, indexable and present in sitemap","TESTED_LOCAL_BUILD"
"https://reumlab.com/app/speech/","200","https://reumlab.com/app/speech/","index, follow","yes","yes","no","언어·발달치료 앱 개발 | 현장 운영 흐름 그대로 MVP로 | 름랩","언어·발달치료 앱에 실제로 들어가는 기능 — 회기 예약·발달 기록·부모 상담. 발달치료는 아동별로 정해진 시간에 같은 치료사와 꾸준히 진행하는 것이 중요합니다. 580만원대 MVP부터, 소스코드 이관 포함.","언어·발달치료센터 앱 개발","Answer|BreadcrumbList|ContactPoint|Country|FAQPage|ListItem|OpeningHoursSpecification|Organization|PostalAddress|ProfessionalService|PropertyValue|Question|Service|WebSite","40","2","service_or_hub","industry_service","P1","INDEX","self-canonical, indexable and present in sitemap","TESTED_LOCAL_BUILD"
"https://reumlab.com/app/storage/","200","https://reumlab.com/app/storage/","index, follow","yes","yes","no","셀프스토리지 앱 제작 | 유닛 예약·계약 실제 구현 범위와 견적 | 름랩","셀프스토리지 앱에 실제로 들어가는 기능 — 유닛 예약·계약·정기결제. 셀프스토리지는 유닛별 계약과 월 이용료 관리, 무인 출입이 핵심입니다. 580만원대 MVP부터, 소스코드 이관 포함.","셀프스토리지 앱 개발","Answer|BreadcrumbList|ContactPoint|Country|FAQPage|ListItem|OpeningHoursSpecification|Organization|PostalAddress|ProfessionalService|PropertyValue|Question|Service|WebSite","40","2","service_or_hub","industry_service","P1","INDEX","self-canonical, indexable and present in sitemap","TESTED_LOCAL_BUILD"
"https://reumlab.com/app/studycafe/","200","https://reumlab.com/app/studycafe/","index, follow","yes","yes","no","스터디카페·독서실 앱 개발 | 현장 운영 흐름 그대로 MVP로 | 름랩","스터디카페·독서실 앱에 실제로 들어가는 기능 — 좌석예약·무인출입·시간충전. 무인 매장은 사람이 상주하지 않으니 좌석 현황과 결제, 출입이 앱과 시스템으로 정확히 돌아가야 합니다. 580만원대 MVP부터, 소스코드 이관 포함.","스터디카페·독서실 앱 개발","Answer|BreadcrumbList|ContactPoint|Country|FAQPage|ListItem|OpeningHoursSpecification|Organization|PostalAddress|ProfessionalService|PropertyValue|Question|Service|WebSite","41","2","service_or_hub","industry_service","P1","INDEX","self-canonical, indexable and present in sitemap","TESTED_LOCAL_BUILD"
"https://reumlab.com/app/subscription/","200","https://reumlab.com/app/subscription/","index, follow","yes","yes","no","구독 서비스 앱 개발 | 정기결제·회원관리 등 필요한 기능부터 | 름랩","구독 서비스 앱에 실제로 들어가는 기능 — 정기결제·회원관리. 구독은 갱신·해지·환불 흐름이 복잡할 수 있어, 핵심 플랜으로 먼저 검증하고 정기결제를 붙이는 단계적 접근이 안전합니다. 580만원대 MVP부터, 소스코드 이관 포함.","구독 서비스 앱 개발","Answer|BreadcrumbList|ContactPoint|Country|FAQPage|ListItem|OpeningHoursSpecification|Organization|PostalAddress|ProfessionalService|PropertyValue|Question|Service|WebSite","41","2","service_or_hub","industry_service","P1","INDEX","self-canonical, indexable and present in sitemap","TESTED_LOCAL_BUILD"
"https://reumlab.com/app/swimming/","200","https://reumlab.com/app/swimming/","index, follow","yes","yes","no","수영장·스포츠센터 앱 개발 | 강습 등록·레인 등 필요한 기능부터 | 름랩","수영장·스포츠센터 앱에 실제로 들어가는 기능 — 강습 등록·레인·회원권. 수영 강습은 레벨과 시간대별 정원이 정해져 있어 등록·대기 관리가 복잡합니다. 580만원대 MVP부터, 소스코드 이관 포함.","수영장·스포츠센터 앱 개발","Answer|BreadcrumbList|ContactPoint|Country|FAQPage|ListItem|OpeningHoursSpecification|Organization|PostalAddress|ProfessionalService|PropertyValue|Question|Service|WebSite","40","2","service_or_hub","industry_service","P1","INDEX","self-canonical, indexable and present in sitemap","TESTED_LOCAL_BUILD"
"https://reumlab.com/app/taekwondo/","200","https://reumlab.com/app/taekwondo/","index, follow","yes","yes","no","태권도·체육관 앱 개발 | 현장 운영 흐름 그대로 MVP로 | 름랩","태권도·체육관 앱에 실제로 들어가는 기능 — 승급심사·차량운행·출결. 체육관은 차량으로 관원을 태우고 내리는 안전 확인이 학부모의 가장 큰 관심사입니다. 580만원대 MVP부터, 소스코드 이관 포함.","태권도·체육관 앱 개발","Answer|BreadcrumbList|ContactPoint|Country|FAQPage|ListItem|OpeningHoursSpecification|Organization|PostalAddress|ProfessionalService|PropertyValue|Question|Service|WebSite","40","2","service_or_hub","industry_service","P1","INDEX","self-canonical, indexable and present in sitemap","TESTED_LOCAL_BUILD"
"https://reumlab.com/app/tailor/","200","https://reumlab.com/app/tailor/","index, follow","yes","yes","no","맞춤정장·수선 앱 제작 | 채촌 예약·제작 진행 실제 구현 범위와 견적 | 름랩","맞춤정장·수선 앱에 실제로 들어가는 기능 — 채촌 예약·제작 진행·수선 접수. 맞춤정장은 채촌 후 제작에 시간이 걸려 진행 상황 문의가 잦고, 치수 기록이 재주문에 중요합니다. 580만원대 MVP부터, 소스코드 이관 포함.","맞춤정장·수선 앱 개발","Answer|BreadcrumbList|ContactPoint|Country|FAQPage|ListItem|OpeningHoursSpecification|Organization|PostalAddress|ProfessionalService|PropertyValue|Question|Service|WebSite","40","2","service_or_hub","industry_service","P1","INDEX","self-canonical, indexable and present in sitemap","TESTED_LOCAL_BUILD"
"https://reumlab.com/app/tax-accounting/","200","https://reumlab.com/app/tax-accounting/","index, follow","yes","yes","no","세무·회계 앱 개발 | 기장의뢰·자료수집 등 필요한 기능부터 | 름랩","세무·회계 앱에 실제로 들어가는 기능 — 기장의뢰·자료수집·신고일정. 세무 업무는 신고 기한마다 고객에게 자료를 받아 내는 일이 반복되는데, 필요한 서류를 앱으로 요청하고 업로드받으면 이메일·메신저로 흩어지던 자료가 한곳에 모입니다.","세무·회계 앱 개발","Answer|BreadcrumbList|ContactPoint|Country|FAQPage|ListItem|OpeningHoursSpecification|Organization|PostalAddress|ProfessionalService|PropertyValue|Question|Service|WebSite","40","2","service_or_hub","industry_service","P1","INDEX","self-canonical, indexable and present in sitemap","TESTED_LOCAL_BUILD"
"https://reumlab.com/app/telemedicine/","200","https://reumlab.com/app/telemedicine/","index, follow","yes","yes","no","비대면 진료 앱 만들 수 있나요 | 기능·비용·개발기간 정리 | 름랩","비대면 진료 앱에 실제로 들어가는 기능 — 예약·화상진료·처방전달. 환자가 증상과 진료과를 고르고 예약하면 진료 전 문진표가 의사 화면에 먼저 전달돼, 짧은 화상 진료 안에서도 핵심 증상부터 다룰 수 있습니다. 580만원대 MVP부터, 소스코드 이관 포함.","비대면 진료·원격의료 앱 개발","Answer|BreadcrumbList|ContactPoint|Country|FAQPage|ListItem|OpeningHoursSpecification|Organization|PostalAddress|ProfessionalService|PropertyValue|Question|Service|WebSite","40","2","service_or_hub","industry_service","P1","INDEX","self-canonical, indexable and present in sitemap","TESTED_LOCAL_BUILD"
"https://reumlab.com/app/translation/","200","https://reumlab.com/app/translation/","index, follow","yes","yes","no","번역·통역 앱 개발 | 견적·매칭 등 필요한 기능부터 | 름랩","번역·통역 앱에 실제로 들어가는 기능 — 견적·매칭·정산. 의뢰인이 번역할 문서를 올리고 언어쌍과 전문분야, 마감일을 선택하면 조건에 맞는 번역가들에게 견적 요청이 전달됩니다. 580만원대 MVP부터, 소스코드 이관 포함.","번역·통역 매칭 앱 개발","Answer|BreadcrumbList|ContactPoint|Country|FAQPage|ListItem|OpeningHoursSpecification|Organization|PostalAddress|ProfessionalService|PropertyValue|Question|Service|WebSite","40","2","service_or_hub","industry_service","P1","INDEX","self-canonical, indexable and present in sitemap","TESTED_LOCAL_BUILD"
"https://reumlab.com/app/travel/","200","https://reumlab.com/app/travel/","index, follow","yes","yes","no","여행·투어 앱 만들 수 있나요 | 기능·비용·개발기간 정리 | 름랩","여행·투어 앱에 실제로 들어가는 기능 — 상품 예약·일정·현지 결제. 투어는 날짜·인원별 예약과 집합 시간·장소 안내가 정확해야 노쇼와 혼선이 줄어듭니다. 580만원대 MVP부터, 소스코드 이관 포함.","여행·투어 앱 개발","Answer|BreadcrumbList|ContactPoint|Country|FAQPage|ListItem|OpeningHoursSpecification|Organization|PostalAddress|ProfessionalService|PropertyValue|Question|Service|WebSite","40","2","service_or_hub","industry_service","P1","INDEX","self-canonical, indexable and present in sitemap","TESTED_LOCAL_BUILD"
"https://reumlab.com/app/tutoring/","200","https://reumlab.com/app/tutoring/","index, follow","yes","yes","no","과외·교습 매칭 앱 만들 수 있나요 | 기능·비용·개발기간 정리 | 름랩","과외·교습 매칭 앱에 실제로 들어가는 기능 — 선생님 매칭·수업 관리·정산. 과외 매칭은 학생·학부모와 선생님 양쪽을 이어야 해, 과목·지역·시간 조건으로 정확히 매칭하는 것이 핵심입니다. 580만원대 MVP부터, 소스코드 이관 포함.","과외·교습 매칭 앱 개발","Answer|BreadcrumbList|ContactPoint|Country|FAQPage|ListItem|OpeningHoursSpecification|Organization|PostalAddress|ProfessionalService|PropertyValue|Question|Service|WebSite","40","2","service_or_hub","industry_service","P1","INDEX","self-canonical, indexable and present in sitemap","TESTED_LOCAL_BUILD"
"https://reumlab.com/app/university/","200","https://reumlab.com/app/university/","index, follow","yes","yes","no","대학·평생교육 앱 만들 수 있나요 | 기능·비용·개발기간 정리 | 름랩","대학·평생교육 앱에 실제로 들어가는 기능 — 수강신청·학사·증명서. 수강신청과 학사 공지가 여러 채널로 흩어지면 학생 문의가 폭주하는데, 하나의 앱으로 모으면 안내가 단순해집니다. 580만원대 MVP부터, 소스코드 이관 포함.","대학·평생교육 앱 개발","Answer|BreadcrumbList|ContactPoint|Country|FAQPage|ListItem|OpeningHoursSpecification|Organization|PostalAddress|ProfessionalService|PropertyValue|Question|Service|WebSite","40","2","service_or_hub","industry_service","P1","INDEX","self-canonical, indexable and present in sitemap","TESTED_LOCAL_BUILD"
"https://reumlab.com/app/unmanned-store/","200","https://reumlab.com/app/unmanned-store/","index, follow","yes","yes","no","무인매장 앱 만들 수 있나요 | 기능·비용·개발기간 정리 | 름랩","무인매장 앱에 실제로 들어가는 기능 — 출입 인증·결제·재고관리. 고객이 매장 앞에서 앱으로 출입 인증을 하면 잠금장치가 열리고, 매장 안에서 원하는 상품의 바코드를 직접 스캔해 앱에서 결제를 마칩니다. 580만원대 MVP부터, 소스코드 이관 포함.","무인매장 앱 개발","Answer|BreadcrumbList|ContactPoint|Country|FAQPage|ListItem|OpeningHoursSpecification|Organization|PostalAddress|ProfessionalService|PropertyValue|Question|Service|WebSite","41","2","service_or_hub","industry_service","P1","INDEX","self-canonical, indexable and present in sitemap","TESTED_LOCAL_BUILD"
"https://reumlab.com/app/used-car/","200","https://reumlab.com/app/used-car/","index, follow","yes","yes","no","중고차 앱 개발 | 현장 운영 흐름 그대로 MVP로 | 름랩","중고차 앱에 실제로 들어가는 기능 — 매물등록·진단·상담연결. 중고차는 사진만으로 믿기 어려워 진단·사고 이력 같은 신뢰 정보를 얼마나 투명하게 보여 주느냐가 문의로 이어집니다. 580만원대 MVP부터, 소스코드 이관 포함.","중고차 앱 개발","Answer|BreadcrumbList|ContactPoint|Country|FAQPage|ListItem|OpeningHoursSpecification|Organization|PostalAddress|ProfessionalService|PropertyValue|Question|Service|WebSite","41","2","service_or_hub","industry_service","P1","INDEX","self-canonical, indexable and present in sitemap","TESTED_LOCAL_BUILD"
"https://reumlab.com/app/wedding/","200","https://reumlab.com/app/wedding/","index, follow","yes","yes","no","웨딩·돌잔치 앱 개발 | 현장 운영 흐름 그대로 MVP로 | 름랩","웨딩·돌잔치 앱에 실제로 들어가는 기능 — 홀 예약·견적·하객 관리. 웨딩·돌잔치는 날짜·홀이 한정되어 예약 중복을 막는 것이 중요하고, 옵션에 따라 견적이 달라져 상담이 복잡합니다. 580만원대 MVP부터, 소스코드 이관 포함.","웨딩·돌잔치 앱 개발","Answer|BreadcrumbList|ContactPoint|Country|FAQPage|ListItem|OpeningHoursSpecification|Organization|PostalAddress|ProfessionalService|PropertyValue|Question|Service|WebSite","40","2","service_or_hub","industry_service","P1","INDEX","self-canonical, indexable and present in sitemap","TESTED_LOCAL_BUILD"
"https://reumlab.com/app/wholesale/","200","https://reumlab.com/app/wholesale/","index, follow","yes","yes","no","도소매·유통 앱 개발 | 현장 운영 흐름 그대로 MVP로 | 름랩","도소매·유통 앱에 실제로 들어가는 기능 — B2B 주문·거래처 단가·미수관리. 도매는 거래처마다 단가와 결제 조건이 달라, 전화·수기 주문으로는 착오와 미수 누락이 잦습니다. 580만원대 MVP부터, 소스코드 이관 포함.","도소매·유통 앱 개발","Answer|BreadcrumbList|ContactPoint|Country|FAQPage|ListItem|OpeningHoursSpecification|Organization|PostalAddress|ProfessionalService|PropertyValue|Question|Service|WebSite","41","2","service_or_hub","industry_service","P1","INDEX","self-canonical, indexable and present in sitemap","TESTED_LOCAL_BUILD"
"https://reumlab.com/app/yoga/","200","https://reumlab.com/app/yoga/","index, follow","yes","yes","no","요가원 앱 만들 수 있나요 | 기능·비용·개발기간 정리 | 름랩","요가원 앱에 실제로 들어가는 기능 — 수업예약·회원권·출석. 회원은 아침에 앱을 열어 저녁 하타 요가 수업의 남은 자리를 확인하고 예약하며, 정원이 이미 찼다면 대기 명단에 이름을 올립니다. 580만원대 MVP부터, 소스코드 이관 포함.","요가원 회원관리 앱 개발","Answer|BreadcrumbList|ContactPoint|Country|FAQPage|ListItem|OpeningHoursSpecification|Organization|PostalAddress|ProfessionalService|PropertyValue|Question|Service|WebSite","40","2","service_or_hub","industry_service","P1","INDEX","self-canonical, indexable and present in sitemap","TESTED_LOCAL_BUILD"
"https://reumlab.com/app-agency/","200","https://reumlab.com/app-agency/","index, follow","yes","yes","no","앱개발 업체 | 소스코드 주는 앱 제작 외주 — 름랩","앱개발 업체를 찾는 대표님께 — Flutter로 iOS·Android를 한 번에 만들고, 완성 후 소스코드·저장소·배포 권한을 통째로 넘깁니다. VAT 포함 580만 원부터 정액, 숨은 비용 없음. 동탄·수원 거점, 전국 어디서나 진행.","앱개발 업체 찾는 대표님께 — 소스코드까지 넘기는 앱 제작","Answer|BreadcrumbList|ContactPoint|Country|FAQPage|ListItem|OpeningHoursSpecification|Organization|PostalAddress|ProfessionalService|PropertyValue|Question|Service|WebSite","33","1","service_or_hub","service_or_hub","P1","INDEX","self-canonical, indexable and present in sitemap","TESTED_LOCAL_BUILD"
"https://reumlab.com/app-development/ansan/","200","https://reumlab.com/app-development/ansan/","noindex, follow","no","no","no","안산 앱개발 외주 | iOS·안드로이드 동시 제작 — 름랩","앱개발 외주를 맡길 곳을 찾고 계신가요. 안산 앱개발 외주 — 안산의 제조·유통·로컬 수요에 맞춰 주문·재고·예약 같은 실무 기능을 핵심부터 추려 제작합니다. Flutter 앱 MVP · VAT 포함 580만 원부터 · 약 14~21일.","안산 앱개발 외주","Answer|BreadcrumbList|ContactPoint|Country|FAQPage|ListItem|OpeningHoursSpecification|Organization|Place|PostalAddress|ProfessionalService|PropertyValue|Question|Service|WebSite","42","2","region_service","region_service","P3","NOINDEX","robots noindex in initial HTML","TESTED_LOCAL_BUILD"
"https://reumlab.com/app-development/anyang/","200","https://reumlab.com/app-development/anyang/","noindex, follow","no","no","no","안양 앱개발 외주 | iOS·안드로이드 동시 제작 — 름랩","앱개발 외주를 맡길 곳을 찾고 계신가요. 안양 앱개발 외주 — 안양 평촌 학원가와 구도심 상권에 맞춰 수강신청·예약·결제 같은 운영 기능 중심으로 제작합니다. Flutter 앱 MVP · VAT 포함 580만 원부터 · 약 14~21일.","안양 앱개발 외주","Answer|BreadcrumbList|ContactPoint|Country|FAQPage|ListItem|OpeningHoursSpecification|Organization|Place|PostalAddress|ProfessionalService|PropertyValue|Question|Service|WebSite","42","3","region_service","region_service","P3","NOINDEX","robots noindex in initial HTML","TESTED_LOCAL_BUILD"
"https://reumlab.com/app-development/asan/","200","https://reumlab.com/app-development/asan/","noindex, follow","no","no","no","아산 앱개발 외주 | iOS·안드로이드 동시 제작 — 름랩","앱개발 외주를 맡길 곳을 찾고 계신가요. 아산 앱개발 외주 — 아산의 산업단지와 온양·배방 신도시 상권 수요에 맞춰 실무 자동화·예약·주문 앱·웹을 비대면으로 제작합니다. Flutter 앱 MVP · VAT 포함 580만 원부터 · 약 14~21일.","아산 앱개발 외주","Answer|BreadcrumbList|ContactPoint|Country|FAQPage|ListItem|OpeningHoursSpecification|Organization|Place|PostalAddress|ProfessionalService|PropertyValue|Question|Service|WebSite","42","","region_service","region_service","P3","NOINDEX","robots noindex in initial HTML","TESTED_LOCAL_BUILD"
"https://reumlab.com/app-development/bucheon/","200","https://reumlab.com/app-development/bucheon/","noindex, follow","no","no","no","부천 앱개발 외주 | iOS·안드로이드 동시 제작 — 름랩","앱개발 외주를 맡길 곳을 찾고 계신가요. 부천 앱개발 외주 — 부천의 촘촘한 자영업 상권에 맞춰 예약·주문·회원 중심의 앱·웹을 빠르게 만들고 소스코드를 이관합니다. Flutter 앱 MVP · VAT 포함 580만 원부터 · 약 14~21일.","부천 앱개발 외주","Answer|BreadcrumbList|ContactPoint|Country|FAQPage|ListItem|OpeningHoursSpecification|Organization|Place|PostalAddress|ProfessionalService|PropertyValue|Question|Service|WebSite","42","3","region_service","region_service","P3","NOINDEX","robots noindex in initial HTML","TESTED_LOCAL_BUILD"
"https://reumlab.com/app-development/bundang/","200","https://reumlab.com/app-development/bundang/","noindex, follow","no","no","no","분당 앱개발 외주 | iOS·안드로이드 동시 제작 — 름랩","앱개발 외주를 맡길 곳을 찾고 계신가요. 분당 앱개발 외주 — 분당은 IT 종사자·예비창업자 비중이 높아, 빠른 검증과 소스코드 이관을 중시하는 프로젝트에 잘 맞습니다. Flutter 앱 MVP · VAT 포함 580만 원부터 · 약 14~21일.","분당 앱개발 외주","Answer|BreadcrumbList|ContactPoint|Country|FAQPage|ListItem|OpeningHoursSpecification|Organization|Place|PostalAddress|ProfessionalService|PropertyValue|Question|Service|WebSite","42","3","region_service","region_service","P3","NOINDEX","robots noindex in initial HTML","TESTED_LOCAL_BUILD"
"https://reumlab.com/app-development/busan/","200","https://reumlab.com/app-development/busan/","noindex, follow","no","no","no","부산 앱개발 외주 | iOS·안드로이드 동시 제작 — 름랩","앱개발 외주를 맡길 곳을 찾고 계신가요. 부산 앱개발 외주 — 름랩은 소스코드 이관·비대면 협업 구조라 부산 사업자와도 화상 상담으로 전국 동일 조건으로 진행합니다. Flutter 앱 MVP · VAT 포함 580만 원부터 · 약 14~21일.","부산 앱개발 외주","Answer|BreadcrumbList|ContactPoint|Country|FAQPage|ListItem|OpeningHoursSpecification|Organization|Place|PostalAddress|ProfessionalService|PropertyValue|Question|Service|WebSite","42","","region_service","region_service","P3","NOINDEX","robots noindex in initial HTML","TESTED_LOCAL_BUILD"
"https://reumlab.com/app-development/changwon/","200","https://reumlab.com/app-development/changwon/","noindex, follow","no","no","no","창원 앱개발 외주 | iOS·안드로이드 동시 제작 — 름랩","앱개발 외주를 맡길 곳을 찾고 계신가요. 창원 앱개발 외주 — 창원의 기계·제조 산업과 상남동 상권 수요에 맞춰 실무 자동화·예약·주문 앱·웹을 비대면으로 제작합니다. Flutter 앱 MVP · VAT 포함 580만 원부터 · 약 14~21일.","창원 앱개발 외주","Answer|BreadcrumbList|ContactPoint|Country|FAQPage|ListItem|OpeningHoursSpecification|Organization|Place|PostalAddress|ProfessionalService|PropertyValue|Question|Service|WebSite","42","","region_service","region_service","P3","NOINDEX","robots noindex in initial HTML","TESTED_LOCAL_BUILD"
"https://reumlab.com/app-development/cheonan/","200","https://reumlab.com/app-development/cheonan/","noindex, follow","no","no","no","천안 앱개발 외주 | iOS·안드로이드 동시 제작 — 름랩","앱개발 외주를 맡길 곳을 찾고 계신가요. 천안 앱개발 외주 — 천안의 대학가 상권과 산업단지 수요에 맞춰 예약·주문·실무 자동화 앱·웹을 비대면으로 제작합니다. Flutter 앱 MVP · VAT 포함 580만 원부터 · 약 14~21일.","천안 앱개발 외주","Answer|BreadcrumbList|ContactPoint|Country|FAQPage|ListItem|OpeningHoursSpecification|Organization|Place|PostalAddress|ProfessionalService|PropertyValue|Question|Service|WebSite","42","","region_service","region_service","P3","NOINDEX","robots noindex in initial HTML","TESTED_LOCAL_BUILD"
"https://reumlab.com/app-development/cheongju/","200","https://reumlab.com/app-development/cheongju/","noindex, follow","no","no","no","청주 앱개발 외주 | iOS·안드로이드 동시 제작 — 름랩","앱개발 외주를 맡길 곳을 찾고 계신가요. 청주 앱개발 외주 — 청주의 성안길 상권과 오창·오송 산업단지 수요에 맞춰 예약·주문·실무 자동화 앱·웹을 비대면으로 제작합니다. Flutter 앱 MVP · VAT 포함 580만 원부터 · 약 14~21일.","청주 앱개발 외주","Answer|BreadcrumbList|ContactPoint|Country|FAQPage|ListItem|OpeningHoursSpecification|Organization|Place|PostalAddress|ProfessionalService|PropertyValue|Question|Service|WebSite","42","","region_service","region_service","P3","NOINDEX","robots noindex in initial HTML","TESTED_LOCAL_BUILD"
"https://reumlab.com/app-development/chuncheon/","200","https://reumlab.com/app-development/chuncheon/","noindex, follow","no","no","no","춘천 앱개발 외주 | iOS·안드로이드 동시 제작 — 름랩","앱개발 외주를 맡길 곳을 찾고 계신가요. 춘천 앱개발 외주 — 춘천의 관광·대학 상권 수요에 맞춰 예약·커머스·회원 중심 앱·웹을 비대면으로 제작합니다. Flutter 앱 MVP · VAT 포함 580만 원부터 · 약 14~21일.","춘천 앱개발 외주","Answer|BreadcrumbList|ContactPoint|Country|FAQPage|ListItem|OpeningHoursSpecification|Organization|Place|PostalAddress|ProfessionalService|PropertyValue|Question|Service|WebSite","42","","region_service","region_service","P3","NOINDEX","robots noindex in initial HTML","TESTED_LOCAL_BUILD"
"https://reumlab.com/app-development/chungju/","200","https://reumlab.com/app-development/chungju/","noindex, follow","no","no","no","충주 앱개발 외주 | iOS·안드로이드 동시 제작 — 름랩","앱개발 외주를 맡길 곳을 찾고 계신가요. 충주 앱개발 외주 — 충주 산업단지와 호수 관광 상권 수요에 맞춰 실무 자동화·예약·주문 앱·웹을 비대면으로 제작합니다. Flutter 앱 MVP · VAT 포함 580만 원부터 · 약 14~21일.","충주 앱개발 외주","Answer|BreadcrumbList|ContactPoint|Country|FAQPage|ListItem|OpeningHoursSpecification|Organization|Place|PostalAddress|ProfessionalService|PropertyValue|Question|Service|WebSite","42","","region_service","region_service","P3","NOINDEX","robots noindex in initial HTML","TESTED_LOCAL_BUILD"
"https://reumlab.com/app-development/daegu/","200","https://reumlab.com/app-development/daegu/","noindex, follow","no","no","no","대구 앱개발 외주 | iOS·안드로이드 동시 제작 — 름랩","앱개발 외주를 맡길 곳을 찾고 계신가요. 대구 앱개발 외주 — 대구의 동성로 상권·섬유/제조 수요에 맞춰 예약·주문·실무 자동화 앱·웹을 비대면으로 제작합니다. Flutter 앱 MVP · VAT 포함 580만 원부터 · 약 14~21일.","대구 앱개발 외주","Answer|BreadcrumbList|ContactPoint|Country|FAQPage|ListItem|OpeningHoursSpecification|Organization|Place|PostalAddress|ProfessionalService|PropertyValue|Question|Service|WebSite","42","","region_service","region_service","P3","NOINDEX","robots noindex in initial HTML","TESTED_LOCAL_BUILD"
"https://reumlab.com/app-development/daejeon/","200","https://reumlab.com/app-development/daejeon/","noindex, follow","no","no","no","대전 앱개발 외주 | iOS·안드로이드 동시 제작 — 름랩","앱개발 외주를 맡길 곳을 찾고 계신가요. 대전 앱개발 외주 — 대전 둔산 상권과 대덕연구단지 기반 기술 수요에 맞춰 플랫폼·실무 자동화·예약 앱·웹을 비대면으로 제작합니다. Flutter 앱 MVP · VAT 포함 580만 원부터 · 약 14~21일.","대전 앱개발 외주","Answer|BreadcrumbList|ContactPoint|Country|FAQPage|ListItem|OpeningHoursSpecification|Organization|Place|PostalAddress|ProfessionalService|PropertyValue|Question|Service|WebSite","42","","region_service","region_service","P3","NOINDEX","robots noindex in initial HTML","TESTED_LOCAL_BUILD"
"https://reumlab.com/app-development/dongtan/","200","https://reumlab.com/app-development/dongtan/","index, follow","yes","yes","no","동탄 앱개발 외주 | iOS·안드로이드 동시 제작 — 름랩","앱개발 외주를 맡길 곳을 찾고 계신가요. 동탄 앱개발 외주 — 동탄의 신축 상권·젊은 인구에 맞춰 예약·주문·구독 중심의 실사용 기능부터 빠르게 출시합니다. Flutter 앱 MVP · VAT 포함 580만 원부터 · 약 14~21일.","동탄 앱개발 외주","Answer|BreadcrumbList|ContactPoint|Country|FAQPage|ListItem|OpeningHoursSpecification|Organization|Place|PostalAddress|ProfessionalService|PropertyValue|Question|Service|WebSite","41","1","region_service","region_service","P3","INDEX","self-canonical, indexable and present in sitemap","TESTED_LOCAL_BUILD"
"https://reumlab.com/app-development/gangdong/","200","https://reumlab.com/app-development/gangdong/","noindex, follow","no","no","no","서울 강동 앱개발 외주 | iOS·안드로이드 동시 제작 — 름랩","앱개발 외주를 맡길 곳을 찾고 계신가요. 서울 강동 앱개발 외주 — 강동 천호·고덕 상권과 재건축 주거 수요에 맞춰 예약·주문·회원 중심의 앱·웹을 제작합니다. Flutter 앱 MVP · VAT 포함 580만 원부터 · 약 14~21일.","서울 강동 앱개발 외주","Answer|BreadcrumbList|ContactPoint|Country|FAQPage|ListItem|OpeningHoursSpecification|Organization|Place|PostalAddress|ProfessionalService|PropertyValue|Question|Service|WebSite","42","5","region_service","region_service","P3","NOINDEX","robots noindex in initial HTML","TESTED_LOCAL_BUILD"
"https://reumlab.com/app-development/gangnam/","200","https://reumlab.com/app-development/gangnam/","noindex, follow","no","no","no","서울 강남 앱개발 외주 | iOS·안드로이드 동시 제작 — 름랩","앱개발 외주를 맡길 곳을 찾고 계신가요. 서울 강남 앱개발 외주 — 강남 테헤란로의 SaaS·플랫폼·전문서비스 수요에 맞춰 검증용 MVP부터 운영 서비스까지 진행합니다. Flutter 앱 MVP · VAT 포함 580만 원부터 · 약 14~21일.","서울 강남 앱개발 외주","Answer|BreadcrumbList|ContactPoint|Country|FAQPage|ListItem|OpeningHoursSpecification|Organization|Place|PostalAddress|ProfessionalService|PropertyValue|Question|Service|WebSite","42","4","region_service","region_service","P3","NOINDEX","robots noindex in initial HTML","TESTED_LOCAL_BUILD"
"https://reumlab.com/app-development/gangneung/","200","https://reumlab.com/app-development/gangneung/","noindex, follow","no","no","no","강릉 앱개발 외주 | iOS·안드로이드 동시 제작 — 름랩","앱개발 외주를 맡길 곳을 찾고 계신가요. 강릉 앱개발 외주 — 강릉의 관광·해양 상권 수요에 맞춰 예약·숙박·커머스 중심 앱·웹을 비대면으로 제작합니다. Flutter 앱 MVP · VAT 포함 580만 원부터 · 약 14~21일.","강릉 앱개발 외주","Answer|BreadcrumbList|ContactPoint|Country|FAQPage|ListItem|OpeningHoursSpecification|Organization|Place|PostalAddress|ProfessionalService|PropertyValue|Question|Service|WebSite","42","","region_service","region_service","P3","NOINDEX","robots noindex in initial HTML","TESTED_LOCAL_BUILD"
"https://reumlab.com/app-development/geoje/","200","https://reumlab.com/app-development/geoje/","noindex, follow","no","no","no","거제 앱개발 외주 | iOS·안드로이드 동시 제작 — 름랩","앱개발 외주를 맡길 곳을 찾고 계신가요. 거제 앱개발 외주 — 거제 조선 산업과 관광 상권 수요에 맞춰 실무 자동화·예약·숙박 앱·웹을 비대면으로 제작합니다. Flutter 앱 MVP · VAT 포함 580만 원부터 · 약 14~21일.","거제 앱개발 외주","Answer|BreadcrumbList|ContactPoint|Country|FAQPage|ListItem|OpeningHoursSpecification|Organization|Place|PostalAddress|ProfessionalService|PropertyValue|Question|Service|WebSite","42","","region_service","region_service","P3","NOINDEX","robots noindex in initial HTML","TESTED_LOCAL_BUILD"
"https://reumlab.com/app-development/gimhae/","200","https://reumlab.com/app-development/gimhae/","noindex, follow","no","no","no","김해 앱개발 외주 | iOS·안드로이드 동시 제작 — 름랩","앱개발 외주를 맡길 곳을 찾고 계신가요. 김해 앱개발 외주 — 김해의 산업·물류와 신도시 상권 수요에 맞춰 주문·예약·회원 중심 앱·웹을 비대면으로 제작합니다. Flutter 앱 MVP · VAT 포함 580만 원부터 · 약 14~21일.","김해 앱개발 외주","Answer|BreadcrumbList|ContactPoint|Country|FAQPage|ListItem|OpeningHoursSpecification|Organization|Place|PostalAddress|ProfessionalService|PropertyValue|Question|Service|WebSite","42","","region_service","region_service","P3","NOINDEX","robots noindex in initial HTML","TESTED_LOCAL_BUILD"
"https://reumlab.com/app-development/gimpo/","200","https://reumlab.com/app-development/gimpo/","noindex, follow","no","no","no","김포 앱개발 외주 | iOS·안드로이드 동시 제작 — 름랩","앱개발 외주를 맡길 곳을 찾고 계신가요. 김포 앱개발 외주 — 김포 한강신도시 상권과 물류 수요에 맞춰 예약·주문·회원 중심 앱·웹을 제작합니다. Flutter 앱 MVP · VAT 포함 580만 원부터 · 약 14~21일.","김포 앱개발 외주","Answer|BreadcrumbList|ContactPoint|Country|FAQPage|ListItem|OpeningHoursSpecification|Organization|Place|PostalAddress|ProfessionalService|PropertyValue|Question|Service|WebSite","42","","region_service","region_service","P3","NOINDEX","robots noindex in initial HTML","TESTED_LOCAL_BUILD"
"https://reumlab.com/app-development/goyang/","200","https://reumlab.com/app-development/goyang/","noindex, follow","no","no","no","고양 일산 앱개발 외주 | iOS·안드로이드 동시 제작 — 름랩","앱개발 외주를 맡길 곳을 찾고 계신가요. 고양 일산 앱개발 외주 — 고양 일산 신도시 상권과 방송·전시 수요에 맞춰 예약·커머스·회원 중심 앱·웹을 제작합니다. Flutter 앱 MVP · VAT 포함 580만 원부터 · 약 14~21일.","고양 일산 앱개발 외주","Answer|BreadcrumbList|ContactPoint|Country|FAQPage|ListItem|OpeningHoursSpecification|Organization|Place|PostalAddress|ProfessionalService|PropertyValue|Question|Service|WebSite","42","","region_service","region_service","P3","NOINDEX","robots noindex in initial HTML","TESTED_LOCAL_BUILD"
"https://reumlab.com/app-development/gumi/","200","https://reumlab.com/app-development/gumi/","noindex, follow","no","no","no","구미 앱개발 외주 | iOS·안드로이드 동시 제작 — 름랩","앱개발 외주를 맡길 곳을 찾고 계신가요. 구미 앱개발 외주 — 구미의 전자·제조 산업단지 수요에 맞춰 실무 자동화·주문·재고 앱·웹을 비대면으로 제작합니다. Flutter 앱 MVP · VAT 포함 580만 원부터 · 약 14~21일.","구미 앱개발 외주","Answer|BreadcrumbList|ContactPoint|Country|FAQPage|ListItem|OpeningHoursSpecification|Organization|Place|PostalAddress|ProfessionalService|PropertyValue|Question|Service|WebSite","42","","region_service","region_service","P3","NOINDEX","robots noindex in initial HTML","TESTED_LOCAL_BUILD"
"https://reumlab.com/app-development/gunpo/","200","https://reumlab.com/app-development/gunpo/","noindex, follow","no","no","no","군포 앱개발 외주 | iOS·안드로이드 동시 제작 — 름랩","앱개발 외주를 맡길 곳을 찾고 계신가요. 군포 앱개발 외주 — 군포 산본 상권의 예약 중심 업종에 맞춰 예약·노쇼 방지·결제 기능부터 MVP로 제작합니다. Flutter 앱 MVP · VAT 포함 580만 원부터 · 약 14~21일.","군포 앱개발 외주","Answer|BreadcrumbList|ContactPoint|Country|FAQPage|ListItem|OpeningHoursSpecification|Organization|Place|PostalAddress|ProfessionalService|PropertyValue|Question|Service|WebSite","42","2","region_service","region_service","P3","NOINDEX","robots noindex in initial HTML","TESTED_LOCAL_BUILD"
"https://reumlab.com/app-development/gunsan/","200","https://reumlab.com/app-development/gunsan/","noindex, follow","no","no","no","군산 앱개발 외주 | iOS·안드로이드 동시 제작 — 름랩","앱개발 외주를 맡길 곳을 찾고 계신가요. 군산 앱개발 외주 — 군산 근대문화 관광 상권과 산업단지 수요에 맞춰 예약·커머스·실무 자동화 앱·웹을 비대면으로 제작합니다. Flutter 앱 MVP · VAT 포함 580만 원부터 · 약 14~21일.","군산 앱개발 외주","Answer|BreadcrumbList|ContactPoint|Country|FAQPage|ListItem|OpeningHoursSpecification|Organization|Place|PostalAddress|ProfessionalService|PropertyValue|Question|Service|WebSite","42","","region_service","region_service","P3","NOINDEX","robots noindex in initial HTML","TESTED_LOCAL_BUILD"
"https://reumlab.com/app-development/gwacheon/","200","https://reumlab.com/app-development/gwacheon/","noindex, follow","no","no","no","과천 앱개발 외주 | iOS·안드로이드 동시 제작 — 름랩","앱개발 외주를 맡길 곳을 찾고 계신가요. 과천 앱개발 외주 — 과천 정부청사·주거 상권의 소규모 사업장에 맞춰 예약·회원·문의 중심 앱·웹을 제작합니다. Flutter 앱 MVP · VAT 포함 580만 원부터 · 약 14~21일.","과천 앱개발 외주","Answer|BreadcrumbList|ContactPoint|Country|FAQPage|ListItem|OpeningHoursSpecification|Organization|Place|PostalAddress|ProfessionalService|PropertyValue|Question|Service|WebSite","42","","region_service","region_service","P3","NOINDEX","robots noindex in initial HTML","TESTED_LOCAL_BUILD"
"https://reumlab.com/app-development/gwangjin/","200","https://reumlab.com/app-development/gwangjin/","noindex, follow","no","no","no","서울 광진 앱개발 외주 | iOS·안드로이드 동시 제작 — 름랩","앱개발 외주를 맡길 곳을 찾고 계신가요. 서울 광진 앱개발 외주 — 광진 건대입구 대학 상권의 젊은 유동인구에 맞춰 예약·커머스·커뮤니티 중심의 앱·웹을 제작합니다. Flutter 앱 MVP · VAT 포함 580만 원부터 · 약 14~21일.","서울 광진 앱개발 외주","Answer|BreadcrumbList|ContactPoint|Country|FAQPage|ListItem|OpeningHoursSpecification|Organization|Place|PostalAddress|ProfessionalService|PropertyValue|Question|Service|WebSite","42","5","region_service","region_service","P3","NOINDEX","robots noindex in initial HTML","TESTED_LOCAL_BUILD"
"https://reumlab.com/app-development/gwangju/","200","https://reumlab.com/app-development/gwangju/","noindex, follow","no","no","no","광주 앱개발 외주 | iOS·안드로이드 동시 제작 — 름랩","앱개발 외주를 맡길 곳을 찾고 계신가요. 광주 앱개발 외주 — 광주 충장로·상무지구 상권과 AI·모빌리티 산업 수요에 맞춰 예약·주문·플랫폼 앱·웹을 비대면으로 제작합니다. Flutter 앱 MVP · VAT 포함 580만 원부터 · 약 14~21일.","광주 앱개발 외주","Answer|BreadcrumbList|ContactPoint|Country|FAQPage|ListItem|OpeningHoursSpecification|Organization|Place|PostalAddress|ProfessionalService|PropertyValue|Question|Service|WebSite","42","","region_service","region_service","P3","NOINDEX","robots noindex in initial HTML","TESTED_LOCAL_BUILD"
"https://reumlab.com/app-development/gwangmyeong/","200","https://reumlab.com/app-development/gwangmyeong/","noindex, follow","no","no","no","광명 앱개발 외주 | iOS·안드로이드 동시 제작 — 름랩","앱개발 외주를 맡길 곳을 찾고 계신가요. 광명 앱개발 외주 — 광명 역세권·철산·하안 상권에 맞춰 예약·주문·문의 중심의 앱·웹을 정액 패키지로 제작합니다. Flutter 앱 MVP · VAT 포함 580만 원부터 · 약 14~21일.","광명 앱개발 외주","Answer|BreadcrumbList|ContactPoint|Country|FAQPage|ListItem|OpeningHoursSpecification|Organization|Place|PostalAddress|ProfessionalService|PropertyValue|Question|Service|WebSite","42","","region_service","region_service","P3","NOINDEX","robots noindex in initial HTML","TESTED_LOCAL_BUILD"
"https://reumlab.com/app-development/gwangyang/","200","https://reumlab.com/app-development/gwangyang/","noindex, follow","no","no","no","광양 앱개발 외주 | iOS·안드로이드 동시 제작 — 름랩","앱개발 외주를 맡길 곳을 찾고 계신가요. 광양 앱개발 외주 — 광양 철강·항만 산업 수요에 맞춰 실무 자동화·주문·재고 앱·웹을 비대면으로 제작합니다. Flutter 앱 MVP · VAT 포함 580만 원부터 · 약 14~21일.","광양 앱개발 외주","Answer|BreadcrumbList|ContactPoint|Country|FAQPage|ListItem|OpeningHoursSpecification|Organization|Place|PostalAddress|ProfessionalService|PropertyValue|Question|Service|WebSite","42","","region_service","region_service","P3","NOINDEX","robots noindex in initial HTML","TESTED_LOCAL_BUILD"
"https://reumlab.com/app-development/gyeongju/","200","https://reumlab.com/app-development/gyeongju/","noindex, follow","no","no","no","경주 앱개발 외주 | iOS·안드로이드 동시 제작 — 름랩","앱개발 외주를 맡길 곳을 찾고 계신가요. 경주 앱개발 외주 — 경주의 관광·숙박 상권 수요에 맞춰 예약·다국어 안내·커머스 중심 앱·웹을 비대면으로 제작합니다. Flutter 앱 MVP · VAT 포함 580만 원부터 · 약 14~21일.","경주 앱개발 외주","Answer|BreadcrumbList|ContactPoint|Country|FAQPage|ListItem|OpeningHoursSpecification|Organization|Place|PostalAddress|ProfessionalService|PropertyValue|Question|Service|WebSite","42","","region_service","region_service","P3","NOINDEX","robots noindex in initial HTML","TESTED_LOCAL_BUILD"
"https://reumlab.com/app-development/gyeongsan/","200","https://reumlab.com/app-development/gyeongsan/","noindex, follow","no","no","no","경산 앱개발 외주 | iOS·안드로이드 동시 제작 — 름랩","앱개발 외주를 맡길 곳을 찾고 계신가요. 경산 앱개발 외주 — 경산 대학가 상권과 산업단지 수요에 맞춰 예약·주문·실무 자동화 앱·웹을 비대면으로 제작합니다. Flutter 앱 MVP · VAT 포함 580만 원부터 · 약 14~21일.","경산 앱개발 외주","Answer|BreadcrumbList|ContactPoint|Country|FAQPage|ListItem|OpeningHoursSpecification|Organization|Place|PostalAddress|ProfessionalService|PropertyValue|Question|Service|WebSite","42","","region_service","region_service","P3","NOINDEX","robots noindex in initial HTML","TESTED_LOCAL_BUILD"
"https://reumlab.com/app-development/haeundae/","200","https://reumlab.com/app-development/haeundae/","noindex, follow","no","no","no","부산 해운대 앱개발 외주 | iOS·안드로이드 동시 제작 — 름랩","앱개발 외주를 맡길 곳을 찾고 계신가요. 부산 해운대 앱개발 외주 — 해운대의 관광·리조트·고급 주거 상권에 맞춰 예약·멤버십·커머스 중심의 앱·웹을 비대면으로 제작합니다. Flutter 앱 MVP · VAT 포함 580만 원부터 · 약 14~21일.","부산 해운대 앱개발 외주","Answer|BreadcrumbList|ContactPoint|Country|FAQPage|ListItem|OpeningHoursSpecification|Organization|Place|PostalAddress|ProfessionalService|PropertyValue|Question|Service|WebSite","42","","region_service","region_service","P3","NOINDEX","robots noindex in initial HTML","TESTED_LOCAL_BUILD"
"https://reumlab.com/app-development/hanam/","200","https://reumlab.com/app-development/hanam/","noindex, follow","no","no","no","하남 앱개발 외주 | iOS·안드로이드 동시 제작 — 름랩","앱개발 외주를 맡길 곳을 찾고 계신가요. 하남 앱개발 외주 — 하남 미사·위례 신도시 상권과 대형 상업시설 수요에 맞춰 예약·커머스·회원 앱·웹을 제작합니다. Flutter 앱 MVP · VAT 포함 580만 원부터 · 약 14~21일.","하남 앱개발 외주","Answer|BreadcrumbList|ContactPoint|Country|FAQPage|ListItem|OpeningHoursSpecification|Organization|Place|PostalAddress|ProfessionalService|PropertyValue|Question|Service|WebSite","42","","region_service","region_service","P3","NOINDEX","robots noindex in initial HTML","TESTED_LOCAL_BUILD"
"https://reumlab.com/app-development/hwaseong/","200","https://reumlab.com/app-development/hwaseong/","index, follow","yes","yes","no","화성 앱개발 외주 | iOS·안드로이드 동시 제작 — 름랩","앱개발 외주를 맡길 곳을 찾고 계신가요. 화성 앱개발 외주 — 화성·동탄 신도시 상권에 맞춰 예약·주문·멤버십 앱과 반응형 웹을 정액 패키지로 제작합니다. Flutter 앱 MVP · VAT 포함 580만 원부터 · 약 14~21일.","화성 앱개발 외주","Answer|BreadcrumbList|ContactPoint|Country|FAQPage|ListItem|OpeningHoursSpecification|Organization|Place|PostalAddress|ProfessionalService|PropertyValue|Question|Service|WebSite","41","1","region_service","region_service","P3","INDEX","self-canonical, indexable and present in sitemap","TESTED_LOCAL_BUILD"
"https://reumlab.com/app-development/icheon/","200","https://reumlab.com/app-development/icheon/","noindex, follow","no","no","no","이천 앱개발 외주 | iOS·안드로이드 동시 제작 — 름랩","앱개발 외주를 맡길 곳을 찾고 계신가요. 이천 앱개발 외주 — 이천 물류·제조와 도자 관광 상권 수요에 맞춰 주문·재고·예약 중심 앱·웹을 비대면으로 제작합니다. Flutter 앱 MVP · VAT 포함 580만 원부터 · 약 14~21일.","이천 앱개발 외주","Answer|BreadcrumbList|ContactPoint|Country|FAQPage|ListItem|OpeningHoursSpecification|Organization|Place|PostalAddress|ProfessionalService|PropertyValue|Question|Service|WebSite","42","3","region_service","region_service","P3","NOINDEX","robots noindex in initial HTML","TESTED_LOCAL_BUILD"
"https://reumlab.com/app-development/iksan/","200","https://reumlab.com/app-development/iksan/","noindex, follow","no","no","no","익산 앱개발 외주 | iOS·안드로이드 동시 제작 — 름랩","앱개발 외주를 맡길 곳을 찾고 계신가요. 익산 앱개발 외주 — 익산 교통 요지 상권과 산업단지 수요에 맞춰 예약·주문·실무 자동화 앱·웹을 비대면으로 제작합니다. Flutter 앱 MVP · VAT 포함 580만 원부터 · 약 14~21일.","익산 앱개발 외주","Answer|BreadcrumbList|ContactPoint|Country|FAQPage|ListItem|OpeningHoursSpecification|Organization|Place|PostalAddress|ProfessionalService|PropertyValue|Question|Service|WebSite","42","","region_service","region_service","P3","NOINDEX","robots noindex in initial HTML","TESTED_LOCAL_BUILD"
"https://reumlab.com/app-development/incheon/","200","https://reumlab.com/app-development/incheon/","noindex, follow","no","no","no","인천 앱개발 외주 | iOS·안드로이드 동시 제작 — 름랩","앱개발 외주를 맡길 곳을 찾고 계신가요. 인천 앱개발 외주 — 인천 송도·구도심·산단의 다양한 수요에 맞춰 물류·예약·주문·플랫폼 MVP를 빠르게 만들고 소스코드를 이관합니다. Flutter 앱 MVP · VAT 포함 580만 원부터 · 약 14~21일.","인천 앱개발 외주","Answer|BreadcrumbList|ContactPoint|Country|FAQPage|ListItem|OpeningHoursSpecification|Organization|Place|PostalAddress|ProfessionalService|PropertyValue|Question|Service|WebSite","42","","region_service","region_service","P3","NOINDEX","robots noindex in initial HTML","TESTED_LOCAL_BUILD"
"https://reumlab.com/app-development/","200","https://reumlab.com/app-development/","index, follow","yes","yes","no","App Development Outsourcing Korea | Flutter MVP | 름랩 REUMLAB","Flutter app development studio in Korea. iOS + Android in one codebase, MVP in ~21 days, full source code handover. From ₩5,800,000 VAT incl.","앱개발 외주 · App Development","Answer|BreadcrumbList|ContactPoint|Country|FAQPage|ListItem|OpeningHoursSpecification|Organization|PostalAddress|ProfessionalService|PropertyValue|Question|Service|WebSite","44","2","service_or_hub","service_or_hub","P1","INDEX","self-canonical, indexable and present in sitemap","TESTED_LOCAL_BUILD"
"https://reumlab.com/app-development/jeju/","200","https://reumlab.com/app-development/jeju/","noindex, follow","no","no","no","제주 앱개발 외주 | iOS·안드로이드 동시 제작 — 름랩","앱개발 외주를 맡길 곳을 찾고 계신가요. 제주 앱개발 외주 — 제주의 관광·숙박·로컬 상권 수요에 맞춰 예약·다국어·커머스 중심 앱·웹을 비대면으로 제작합니다. Flutter 앱 MVP · VAT 포함 580만 원부터 · 약 14~21일.","제주 앱개발 외주","Answer|BreadcrumbList|ContactPoint|Country|FAQPage|ListItem|OpeningHoursSpecification|Organization|Place|PostalAddress|ProfessionalService|PropertyValue|Question|Service|WebSite","42","","region_service","region_service","P3","NOINDEX","robots noindex in initial HTML","TESTED_LOCAL_BUILD"
"https://reumlab.com/app-development/jeonju/","200","https://reumlab.com/app-development/jeonju/","noindex, follow","no","no","no","전주 앱개발 외주 | iOS·안드로이드 동시 제작 — 름랩","앱개발 외주를 맡길 곳을 찾고 계신가요. 전주 앱개발 외주 — 전주의 한옥마을 관광 상권과 교육 수요에 맞춰 예약·커머스·회원 중심 앱·웹을 비대면으로 제작합니다. Flutter 앱 MVP · VAT 포함 580만 원부터 · 약 14~21일.","전주 앱개발 외주","Answer|BreadcrumbList|ContactPoint|Country|FAQPage|ListItem|OpeningHoursSpecification|Organization|Place|PostalAddress|ProfessionalService|PropertyValue|Question|Service|WebSite","42","","region_service","region_service","P3","NOINDEX","robots noindex in initial HTML","TESTED_LOCAL_BUILD"
"https://reumlab.com/app-development/jinju/","200","https://reumlab.com/app-development/jinju/","noindex, follow","no","no","no","진주 앱개발 외주 | iOS·안드로이드 동시 제작 — 름랩","앱개발 외주를 맡길 곳을 찾고 계신가요. 진주 앱개발 외주 — 진주의 교육·행정 중심 상권과 혁신도시 수요에 맞춰 예약·상담·회원 앱·웹을 비대면으로 제작합니다. Flutter 앱 MVP · VAT 포함 580만 원부터 · 약 14~21일.","진주 앱개발 외주","Answer|BreadcrumbList|ContactPoint|Country|FAQPage|ListItem|OpeningHoursSpecification|Organization|Place|PostalAddress|ProfessionalService|PropertyValue|Question|Service|WebSite","42","","region_service","region_service","P3","NOINDEX","robots noindex in initial HTML","TESTED_LOCAL_BUILD"
"https://reumlab.com/app-development/jongno/","200","https://reumlab.com/app-development/jongno/","noindex, follow","no","no","no","서울 종로 앱개발 외주 | iOS·안드로이드 동시 제작 — 름랩","앱개발 외주를 맡길 곳을 찾고 계신가요. 서울 종로 앱개발 외주 — 종로·광화문 도심 업무와 관광 상권 수요에 맞춰 예약·업무 자동화·커머스 앱·웹을 제작합니다. Flutter 앱 MVP · VAT 포함 580만 원부터 · 약 14~21일.","서울 종로 앱개발 외주","Answer|BreadcrumbList|ContactPoint|Country|FAQPage|ListItem|OpeningHoursSpecification|Organization|Place|PostalAddress|ProfessionalService|PropertyValue|Question|Service|WebSite","42","","region_service","region_service","P3","NOINDEX","robots noindex in initial HTML","TESTED_LOCAL_BUILD"
"https://reumlab.com/app-development/mapo/","200","https://reumlab.com/app-development/mapo/","noindex, follow","no","no","no","서울 마포 앱개발 외주 | iOS·안드로이드 동시 제작 — 름랩","앱개발 외주를 맡길 곳을 찾고 계신가요. 서울 마포 앱개발 외주 — 마포 홍대·합정·상암의 콘텐츠·창작 수요에 맞춰 예약·커뮤니티·구독 중심의 앱·웹을 제작합니다. Flutter 앱 MVP · VAT 포함 580만 원부터 · 약 14~21일.","서울 마포 앱개발 외주","Answer|BreadcrumbList|ContactPoint|Country|FAQPage|ListItem|OpeningHoursSpecification|Organization|Place|PostalAddress|ProfessionalService|PropertyValue|Question|Service|WebSite","42","5","region_service","region_service","P3","NOINDEX","robots noindex in initial HTML","TESTED_LOCAL_BUILD"
"https://reumlab.com/app-development/mokpo/","200","https://reumlab.com/app-development/mokpo/","noindex, follow","no","no","no","목포 앱개발 외주 | iOS·안드로이드 동시 제작 — 름랩","앱개발 외주를 맡길 곳을 찾고 계신가요. 목포 앱개발 외주 — 목포의 항만·관광 상권과 로컬 자영업 수요에 맞춰 예약·주문·회원 앱·웹을 비대면으로 제작합니다. Flutter 앱 MVP · VAT 포함 580만 원부터 · 약 14~21일.","목포 앱개발 외주","Answer|BreadcrumbList|ContactPoint|Country|FAQPage|ListItem|OpeningHoursSpecification|Organization|Place|PostalAddress|ProfessionalService|PropertyValue|Question|Service|WebSite","42","","region_service","region_service","P3","NOINDEX","robots noindex in initial HTML","TESTED_LOCAL_BUILD"
"https://reumlab.com/app-development/namyangju/","200","https://reumlab.com/app-development/namyangju/","noindex, follow","no","no","no","남양주 앱개발 외주 | iOS·안드로이드 동시 제작 — 름랩","앱개발 외주를 맡길 곳을 찾고 계신가요. 남양주 앱개발 외주 — 남양주 다산·별내 신도시 상권에 맞춰 예약·주문·멤버십 중심 앱·웹을 제작합니다. Flutter 앱 MVP · VAT 포함 580만 원부터 · 약 14~21일.","남양주 앱개발 외주","Answer|BreadcrumbList|ContactPoint|Country|FAQPage|ListItem|OpeningHoursSpecification|Organization|Place|PostalAddress|ProfessionalService|PropertyValue|Question|Service|WebSite","42","","region_service","region_service","P3","NOINDEX","robots noindex in initial HTML","TESTED_LOCAL_BUILD"
"https://reumlab.com/app-development/nowon/","200","https://reumlab.com/app-development/nowon/","noindex, follow","no","no","no","서울 노원 앱개발 외주 | iOS·안드로이드 동시 제작 — 름랩","앱개발 외주를 맡길 곳을 찾고 계신가요. 서울 노원 앱개발 외주 — 노원·중계 학원가의 교육 수요에 맞춰 수강신청·출결·결제 중심의 앱·웹을 제작합니다. Flutter 앱 MVP · VAT 포함 580만 원부터 · 약 14~21일.","서울 노원 앱개발 외주","Answer|BreadcrumbList|ContactPoint|Country|FAQPage|ListItem|OpeningHoursSpecification|Organization|Place|PostalAddress|ProfessionalService|PropertyValue|Question|Service|WebSite","42","","region_service","region_service","P3","NOINDEX","robots noindex in initial HTML","TESTED_LOCAL_BUILD"
"https://reumlab.com/app-development/osan/","200","https://reumlab.com/app-development/osan/","noindex, follow","no","no","no","오산 앱개발 외주 | iOS·안드로이드 동시 제작 — 름랩","앱개발 외주를 맡길 곳을 찾고 계신가요. 오산 앱개발 외주 — 오산 역세권·산단 인근 수요에 맞춰 예약·주문·회원 중심의 앱·웹을 핵심 기능부터 제작합니다. Flutter 앱 MVP · VAT 포함 580만 원부터 · 약 14~21일.","오산 앱개발 외주","Answer|BreadcrumbList|ContactPoint|Country|FAQPage|ListItem|OpeningHoursSpecification|Organization|Place|PostalAddress|ProfessionalService|PropertyValue|Question|Service|WebSite","42","2","region_service","region_service","P3","NOINDEX","robots noindex in initial HTML","TESTED_LOCAL_BUILD"
"https://reumlab.com/app-development/paju/","200","https://reumlab.com/app-development/paju/","noindex, follow","no","no","no","파주 앱개발 외주 | iOS·안드로이드 동시 제작 — 름랩","앱개발 외주를 맡길 곳을 찾고 계신가요. 파주 앱개발 외주 — 파주 운정 신도시 상권과 출판·산업단지 수요에 맞춰 예약·커머스·실무 자동화 앱·웹을 제작합니다. Flutter 앱 MVP · VAT 포함 580만 원부터 · 약 14~21일.","파주 앱개발 외주","Answer|BreadcrumbList|ContactPoint|Country|FAQPage|ListItem|OpeningHoursSpecification|Organization|Place|PostalAddress|ProfessionalService|PropertyValue|Question|Service|WebSite","42","","region_service","region_service","P3","NOINDEX","robots noindex in initial HTML","TESTED_LOCAL_BUILD"
"https://reumlab.com/app-development/pangyo/","200","https://reumlab.com/app-development/pangyo/","noindex, follow","no","no","no","판교 앱개발 외주 | iOS·안드로이드 동시 제작 — 름랩","앱개발 외주를 맡길 곳을 찾고 계신가요. 판교 앱개발 외주 — 판교는 데모데이·IR 일정에 맞춘 속도와 추후 확장 구조가 동시에 중요한 지역이라, 그에 맞춰 범위를 설계합니다. Flutter 앱 MVP · VAT 포함 580만 원부터 · 약 14~21일.","판교 앱개발 외주","Answer|BreadcrumbList|ContactPoint|Country|FAQPage|ListItem|OpeningHoursSpecification|Organization|Place|PostalAddress|ProfessionalService|PropertyValue|Question|Service|WebSite","42","3","region_service","region_service","P3","NOINDEX","robots noindex in initial HTML","TESTED_LOCAL_BUILD"
"https://reumlab.com/app-development/pohang/","200","https://reumlab.com/app-development/pohang/","noindex, follow","no","no","no","포항 앱개발 외주 | iOS·안드로이드 동시 제작 — 름랩","앱개발 외주를 맡길 곳을 찾고 계신가요. 포항 앱개발 외주 — 포항의 철강 산업과 죽도·영일대 상권 수요에 맞춰 실무 자동화·예약·주문 앱·웹을 비대면으로 제작합니다. Flutter 앱 MVP · VAT 포함 580만 원부터 · 약 14~21일.","포항 앱개발 외주","Answer|BreadcrumbList|ContactPoint|Country|FAQPage|ListItem|OpeningHoursSpecification|Organization|Place|PostalAddress|ProfessionalService|PropertyValue|Question|Service|WebSite","42","","region_service","region_service","P3","NOINDEX","robots noindex in initial HTML","TESTED_LOCAL_BUILD"
"https://reumlab.com/app-development/pyeongtaek/","200","https://reumlab.com/app-development/pyeongtaek/","noindex, follow","no","no","no","평택 앱개발 외주 | iOS·안드로이드 동시 제작 — 름랩","앱개발 외주를 맡길 곳을 찾고 계신가요. 평택 앱개발 외주 — 평택의 산업·물류·신도시 수요에 맞춰 주문·예약·회원 중심의 앱·웹을 정액으로 빠르게 만듭니다. Flutter 앱 MVP · VAT 포함 580만 원부터 · 약 14~21일.","평택 앱개발 외주","Answer|BreadcrumbList|ContactPoint|Country|FAQPage|ListItem|OpeningHoursSpecification|Organization|Place|PostalAddress|ProfessionalService|PropertyValue|Question|Service|WebSite","42","2","region_service","region_service","P3","NOINDEX","robots noindex in initial HTML","TESTED_LOCAL_BUILD"
"https://reumlab.com/app-development/sejong/","200","https://reumlab.com/app-development/sejong/","noindex, follow","no","no","no","세종 앱개발 외주 | iOS·안드로이드 동시 제작 — 름랩","앱개발 외주를 맡길 곳을 찾고 계신가요. 세종 앱개발 외주 — 세종의 행정·신도시 주거 상권 수요에 맞춰 예약·회원·실무 자동화 앱·웹을 비대면으로 제작합니다. Flutter 앱 MVP · VAT 포함 580만 원부터 · 약 14~21일.","세종 앱개발 외주","Answer|BreadcrumbList|ContactPoint|Country|FAQPage|ListItem|OpeningHoursSpecification|Organization|Place|PostalAddress|ProfessionalService|PropertyValue|Question|Service|WebSite","42","","region_service","region_service","P3","NOINDEX","robots noindex in initial HTML","TESTED_LOCAL_BUILD"
"https://reumlab.com/app-development/seocho/","200","https://reumlab.com/app-development/seocho/","noindex, follow","no","no","no","서울 서초 앱개발 외주 | iOS·안드로이드 동시 제작 — 름랩","앱개발 외주를 맡길 곳을 찾고 계신가요. 서울 서초 앱개발 외주 — 서초·양재의 전문서비스·스타트업 수요에 맞춰 예약·상담·회원·자동화 기능 중심으로 제작합니다. Flutter 앱 MVP · VAT 포함 580만 원부터 · 약 14~21일.","서울 서초 앱개발 외주","Answer|BreadcrumbList|ContactPoint|Country|FAQPage|ListItem|OpeningHoursSpecification|Organization|Place|PostalAddress|ProfessionalService|PropertyValue|Question|Service|WebSite","42","5","region_service","region_service","P3","NOINDEX","robots noindex in initial HTML","TESTED_LOCAL_BUILD"
"https://reumlab.com/app-development/seogwipo/","200","https://reumlab.com/app-development/seogwipo/","noindex, follow","no","no","no","제주 서귀포 앱개발 외주 | iOS·안드로이드 동시 제작 — 름랩","앱개발 외주를 맡길 곳을 찾고 계신가요. 제주 서귀포 앱개발 외주 — 서귀포 관광·감귤 산지 상권 수요에 맞춰 예약·직거래 커머스·다국어 앱·웹을 비대면으로 제작합니다. Flutter 앱 MVP · VAT 포함 580만 원부터 · 약 14~21일.","제주 서귀포 앱개발 외주","Answer|BreadcrumbList|ContactPoint|Country|FAQPage|ListItem|OpeningHoursSpecification|Organization|Place|PostalAddress|ProfessionalService|PropertyValue|Question|Service|WebSite","42","","region_service","region_service","P3","NOINDEX","robots noindex in initial HTML","TESTED_LOCAL_BUILD"
"https://reumlab.com/app-development/seongnam/","200","https://reumlab.com/app-development/seongnam/","noindex, follow","no","no","no","성남 앱개발 외주 | iOS·안드로이드 동시 제작 — 름랩","앱개발 외주를 맡길 곳을 찾고 계신가요. 성남 앱개발 외주 — 성남은 분당·판교 IT 벨트를 끼고 있어, 검증 위주의 빠른 MVP와 확장 가능한 구조를 함께 고려해 진행합니다. Flutter 앱 MVP · VAT 포함 580만 원부터 · 약 14~21일.","성남 앱개발 외주","Answer|BreadcrumbList|ContactPoint|Country|FAQPage|ListItem|OpeningHoursSpecification|Organization|Place|PostalAddress|ProfessionalService|PropertyValue|Question|Service|WebSite","42","3","region_service","region_service","P3","NOINDEX","robots noindex in initial HTML","TESTED_LOCAL_BUILD"
"https://reumlab.com/app-development/seongsu/","200","https://reumlab.com/app-development/seongsu/","noindex, follow","no","no","no","성수 앱개발 외주 | iOS·안드로이드 동시 제작 — 름랩","앱개발 외주를 맡길 곳을 찾고 계신가요. 성수 앱개발 외주 — 성수 브랜드·소셜벤처의 수요에 맞춰 커머스·예약·구독·커뮤니티 중심의 앱·웹을 빠르게 제작합니다. Flutter 앱 MVP · VAT 포함 580만 원부터 · 약 14~21일.","성수 앱개발 외주","Answer|BreadcrumbList|ContactPoint|Country|FAQPage|ListItem|OpeningHoursSpecification|Organization|Place|PostalAddress|ProfessionalService|PropertyValue|Question|Service|WebSite","42","","region_service","region_service","P3","NOINDEX","robots noindex in initial HTML","TESTED_LOCAL_BUILD"
"https://reumlab.com/app-development/seosan/","200","https://reumlab.com/app-development/seosan/","noindex, follow","no","no","no","서산 앱개발 외주 | iOS·안드로이드 동시 제작 — 름랩","앱개발 외주를 맡길 곳을 찾고 계신가요. 서산 앱개발 외주 — 서산 석유화학·자동차 산업 수요에 맞춰 실무 자동화·주문·예약 앱·웹을 비대면으로 제작합니다. Flutter 앱 MVP · VAT 포함 580만 원부터 · 약 14~21일.","서산 앱개발 외주","Answer|BreadcrumbList|ContactPoint|Country|FAQPage|ListItem|OpeningHoursSpecification|Organization|Place|PostalAddress|ProfessionalService|PropertyValue|Question|Service|WebSite","42","","region_service","region_service","P3","NOINDEX","robots noindex in initial HTML","TESTED_LOCAL_BUILD"
"https://reumlab.com/app-development/sokcho/","200","https://reumlab.com/app-development/sokcho/","noindex, follow","no","no","no","속초 앱개발 외주 | iOS·안드로이드 동시 제작 — 름랩","앱개발 외주를 맡길 곳을 찾고 계신가요. 속초 앱개발 외주 — 속초 해양 관광 상권 수요에 맞춰 예약·숙박·커머스 중심 앱·웹을 비대면으로 제작합니다. Flutter 앱 MVP · VAT 포함 580만 원부터 · 약 14~21일.","속초 앱개발 외주","Answer|BreadcrumbList|ContactPoint|Country|FAQPage|ListItem|OpeningHoursSpecification|Organization|Place|PostalAddress|ProfessionalService|PropertyValue|Question|Service|WebSite","42","","region_service","region_service","P3","NOINDEX","robots noindex in initial HTML","TESTED_LOCAL_BUILD"
"https://reumlab.com/app-development/songpa/","200","https://reumlab.com/app-development/songpa/","noindex, follow","no","no","no","서울 송파 앱개발 외주 | iOS·안드로이드 동시 제작 — 름랩","앱개발 외주를 맡길 곳을 찾고 계신가요. 서울 송파 앱개발 외주 — 송파 잠실·문정의 로컬·B2B 수요에 맞춰 예약·주문·멤버십·플랫폼 중심의 앱·웹을 제작합니다. Flutter 앱 MVP · VAT 포함 580만 원부터 · 약 14~21일.","서울 송파 앱개발 외주","Answer|BreadcrumbList|ContactPoint|Country|FAQPage|ListItem|OpeningHoursSpecification|Organization|Place|PostalAddress|ProfessionalService|PropertyValue|Question|Service|WebSite","42","5","region_service","region_service","P3","NOINDEX","robots noindex in initial HTML","TESTED_LOCAL_BUILD"
"https://reumlab.com/app-development/suncheon/","200","https://reumlab.com/app-development/suncheon/","noindex, follow","no","no","no","순천 앱개발 외주 | iOS·안드로이드 동시 제작 — 름랩","앱개발 외주를 맡길 곳을 찾고 계신가요. 순천 앱개발 외주 — 순천의 생태 관광 상권과 로컬 자영업 수요에 맞춰 예약·주문·회원 앱·웹을 비대면으로 제작합니다. Flutter 앱 MVP · VAT 포함 580만 원부터 · 약 14~21일.","순천 앱개발 외주","Answer|BreadcrumbList|ContactPoint|Country|FAQPage|ListItem|OpeningHoursSpecification|Organization|Place|PostalAddress|ProfessionalService|PropertyValue|Question|Service|WebSite","42","","region_service","region_service","P3","NOINDEX","robots noindex in initial HTML","TESTED_LOCAL_BUILD"
"https://reumlab.com/app-development/suwon/","200","https://reumlab.com/app-development/suwon/","index, follow","yes","yes","no","수원 앱개발 외주 | iOS·안드로이드 동시 제작 — 름랩","앱개발 외주를 맡길 곳을 찾고 계신가요. 수원 앱개발 외주 — 수원은 대기업·중소기업·자영업·스타트업 수요가 두루 섞여, 로컬 예약 앱부터 스타트업 MVP까지 폭넓게 진행합니다. Flutter 앱 MVP · VAT 포함 580만 원부터 · 약 14~21일.","수원 앱개발 외주","Answer|BreadcrumbList|ContactPoint|Country|FAQPage|ListItem|OpeningHoursSpecification|Organization|Place|PostalAddress|ProfessionalService|PropertyValue|Question|Service|WebSite","41","1","region_service","region_service","P3","INDEX","self-canonical, indexable and present in sitemap","TESTED_LOCAL_BUILD"
"https://reumlab.com/app-development/tongyeong/","200","https://reumlab.com/app-development/tongyeong/","noindex, follow","no","no","no","통영 앱개발 외주 | iOS·안드로이드 동시 제작 — 름랩","앱개발 외주를 맡길 곳을 찾고 계신가요. 통영 앱개발 외주 — 통영 해양 관광·수산 상권 수요에 맞춰 예약·숙박·커머스 중심 앱·웹을 비대면으로 제작합니다. Flutter 앱 MVP · VAT 포함 580만 원부터 · 약 14~21일.","통영 앱개발 외주","Answer|BreadcrumbList|ContactPoint|Country|FAQPage|ListItem|OpeningHoursSpecification|Organization|Place|PostalAddress|ProfessionalService|PropertyValue|Question|Service|WebSite","42","","region_service","region_service","P3","NOINDEX","robots noindex in initial HTML","TESTED_LOCAL_BUILD"
"https://reumlab.com/app-development/uijeongbu/","200","https://reumlab.com/app-development/uijeongbu/","noindex, follow","no","no","no","의정부 앱개발 외주 | iOS·안드로이드 동시 제작 — 름랩","앱개발 외주를 맡길 곳을 찾고 계신가요. 의정부 앱개발 외주 — 의정부 구도심·신곡 상권의 로컬 사업자에 맞춰 예약·주문·회원 중심 앱·웹을 제작합니다. Flutter 앱 MVP · VAT 포함 580만 원부터 · 약 14~21일.","의정부 앱개발 외주","Answer|BreadcrumbList|ContactPoint|Country|FAQPage|ListItem|OpeningHoursSpecification|Organization|Place|PostalAddress|ProfessionalService|PropertyValue|Question|Service|WebSite","42","","region_service","region_service","P3","NOINDEX","robots noindex in initial HTML","TESTED_LOCAL_BUILD"
"https://reumlab.com/app-development/uiwang/","200","https://reumlab.com/app-development/uiwang/","noindex, follow","no","no","no","의왕 앱개발 외주 | iOS·안드로이드 동시 제작 — 름랩","앱개발 외주를 맡길 곳을 찾고 계신가요. 의왕 앱개발 외주 — 의왕 내손·포일 주거 상권의 소규모 사업장에 맞춰 예약·주문·문의 중심으로 합리적으로 제작합니다. Flutter 앱 MVP · VAT 포함 580만 원부터 · 약 14~21일.","의왕 앱개발 외주","Answer|BreadcrumbList|ContactPoint|Country|FAQPage|ListItem|OpeningHoursSpecification|Organization|Place|PostalAddress|ProfessionalService|PropertyValue|Question|Service|WebSite","42","2","region_service","region_service","P3","NOINDEX","robots noindex in initial HTML","TESTED_LOCAL_BUILD"
"https://reumlab.com/app-development/ulsan/","200","https://reumlab.com/app-development/ulsan/","noindex, follow","no","no","no","울산 앱개발 외주 | iOS·안드로이드 동시 제작 — 름랩","앱개발 외주를 맡길 곳을 찾고 계신가요. 울산 앱개발 외주 — 울산의 산업·제조 기반 실무 자동화와 로컬 상권 수요에 맞춰 앱·웹 MVP를 비대면으로 제작합니다. Flutter 앱 MVP · VAT 포함 580만 원부터 · 약 14~21일.","울산 앱개발 외주","Answer|BreadcrumbList|ContactPoint|Country|FAQPage|ListItem|OpeningHoursSpecification|Organization|Place|PostalAddress|ProfessionalService|PropertyValue|Question|Service|WebSite","42","","region_service","region_service","P3","NOINDEX","robots noindex in initial HTML","TESTED_LOCAL_BUILD"
"https://reumlab.com/app-development/wonju/","200","https://reumlab.com/app-development/wonju/","noindex, follow","no","no","no","원주 앱개발 외주 | iOS·안드로이드 동시 제작 — 름랩","앱개발 외주를 맡길 곳을 찾고 계신가요. 원주 앱개발 외주 — 원주의 혁신도시·의료기기 산업과 상권 수요에 맞춰 실무 자동화·예약·주문 앱·웹을 비대면으로 제작합니다. Flutter 앱 MVP · VAT 포함 580만 원부터 · 약 14~21일.","원주 앱개발 외주","Answer|BreadcrumbList|ContactPoint|Country|FAQPage|ListItem|OpeningHoursSpecification|Organization|Place|PostalAddress|ProfessionalService|PropertyValue|Question|Service|WebSite","42","","region_service","region_service","P3","NOINDEX","robots noindex in initial HTML","TESTED_LOCAL_BUILD"
"https://reumlab.com/app-development/yangsan/","200","https://reumlab.com/app-development/yangsan/","noindex, follow","no","no","no","양산 앱개발 외주 | iOS·안드로이드 동시 제작 — 름랩","앱개발 외주를 맡길 곳을 찾고 계신가요. 양산 앱개발 외주 — 양산 신도시 주거 상권의 로컬 사업자에 맞춰 예약·주문·회원 중심 앱·웹을 비대면으로 제작합니다. Flutter 앱 MVP · VAT 포함 580만 원부터 · 약 14~21일.","양산 앱개발 외주","Answer|BreadcrumbList|ContactPoint|Country|FAQPage|ListItem|OpeningHoursSpecification|Organization|Place|PostalAddress|ProfessionalService|PropertyValue|Question|Service|WebSite","42","","region_service","region_service","P3","NOINDEX","robots noindex in initial HTML","TESTED_LOCAL_BUILD"
"https://reumlab.com/app-development/yeosu/","200","https://reumlab.com/app-development/yeosu/","noindex, follow","no","no","no","여수 앱개발 외주 | iOS·안드로이드 동시 제작 — 름랩","앱개발 외주를 맡길 곳을 찾고 계신가요. 여수 앱개발 외주 — 여수의 관광·해양 상권 수요에 맞춰 예약·숙박·커머스 중심 앱·웹을 비대면으로 제작합니다. Flutter 앱 MVP · VAT 포함 580만 원부터 · 약 14~21일.","여수 앱개발 외주","Answer|BreadcrumbList|ContactPoint|Country|FAQPage|ListItem|OpeningHoursSpecification|Organization|Place|PostalAddress|ProfessionalService|PropertyValue|Question|Service|WebSite","42","","region_service","region_service","P3","NOINDEX","robots noindex in initial HTML","TESTED_LOCAL_BUILD"
"https://reumlab.com/app-development/yeouido/","200","https://reumlab.com/app-development/yeouido/","noindex, follow","no","no","no","여의도 앱개발 외주 | iOS·안드로이드 동시 제작 — 름랩","앱개발 외주를 맡길 곳을 찾고 계신가요. 여의도 앱개발 외주 — 여의도 금융·전문서비스의 사내 수요에 맞춰 업무 자동화·관리자 웹·고객 응대 MVP를 제작합니다. Flutter 앱 MVP · VAT 포함 580만 원부터 · 약 14~21일.","여의도 앱개발 외주","Answer|BreadcrumbList|ContactPoint|Country|FAQPage|ListItem|OpeningHoursSpecification|Organization|Place|PostalAddress|ProfessionalService|PropertyValue|Question|Service|WebSite","42","5","region_service","region_service","P3","NOINDEX","robots noindex in initial HTML","TESTED_LOCAL_BUILD"
"https://reumlab.com/app-development/yongin/","200","https://reumlab.com/app-development/yongin/","noindex, follow","no","no","no","용인 앱개발 외주 | iOS·안드로이드 동시 제작 — 름랩","앱개발 외주를 맡길 곳을 찾고 계신가요. 용인 앱개발 외주 — 용인 수지·기흥·처인의 로컬 사업자·초기 창업자에 맞춰 예약·주문·회원 중심의 앱·웹을 빠르게 만듭니다. Flutter 앱 MVP · VAT 포함 580만 원부터 · 약 14~21일.","용인 앱개발 외주","Answer|BreadcrumbList|ContactPoint|Country|FAQPage|ListItem|OpeningHoursSpecification|Organization|Place|PostalAddress|ProfessionalService|PropertyValue|Question|Service|WebSite","42","2","region_service","region_service","P3","NOINDEX","robots noindex in initial HTML","TESTED_LOCAL_BUILD"
"https://reumlab.com/app-development/yongsan/","200","https://reumlab.com/app-development/yongsan/","noindex, follow","no","no","no","서울 용산 앱개발 외주 | iOS·안드로이드 동시 제작 — 름랩","앱개발 외주를 맡길 곳을 찾고 계신가요. 서울 용산 앱개발 외주 — 용산 업무·관광·전자상가 수요에 맞춰 예약·커머스·플랫폼 중심의 앱·웹을 제작합니다. Flutter 앱 MVP · VAT 포함 580만 원부터 · 약 14~21일.","서울 용산 앱개발 외주","Answer|BreadcrumbList|ContactPoint|Country|FAQPage|ListItem|OpeningHoursSpecification|Organization|Place|PostalAddress|ProfessionalService|PropertyValue|Question|Service|WebSite","42","","region_service","region_service","P3","NOINDEX","robots noindex in initial HTML","TESTED_LOCAL_BUILD"
"https://reumlab.com/assets/admin-guide-example.html","200","https://reumlab.com/assets/admin-guide-example.html","noindex, follow","no","no","no","관리자 운영 가이드","","관리자 운영 가이드","","0","2","service_or_hub","service_or_hub","P1","NOINDEX","robots noindex in initial HTML","TESTED_LOCAL_BUILD"
"https://reumlab.com/blog/academy-management-app/","200","https://reumlab.com/blog/academy-management-app/","index, follow","yes","yes","yes","학원 수강관리 앱 만들기: 수강신청·출결·수납·학부모 알림 한 번에 | 름랩","학원·교습소를 위한 수강관리 앱 제작 가이드. 수강신청, 출결 체크, 수납·미납 관리, 학부모 알림까지 핵심 기능과 비용·기간을 정리했습니다.","학원 수강관리 앱 만들기: 수강신청·출결·수납·학부모 알림 한 번에","Answer|Article|BreadcrumbList|ContactPoint|Country|FAQPage|ListItem|OpeningHoursSpecification|Organization|PostalAddress|ProfessionalService|PropertyValue|Question|WebPage|WebSite","30","2","blog","blog","P2","INDEX","self-canonical, indexable and present in sitemap","TESTED_LOCAL_BUILD"
"https://reumlab.com/blog/clinic-reservation-app/","200","https://reumlab.com/blog/clinic-reservation-app/","index, follow","yes","yes","yes","병원·한의원 예약·접수·문진 앱: 대기 줄이고 노쇼 막는 법 | 름랩","의원·한의원·치과를 위한 예약·접수·문진 앱 제작 가이드. 진료 예약, 모바일 문진, 자동 리콜·알림으로 대기와 노쇼를 줄이는 방법과 비용, 주의할 점을 정리했습니다.","병원·한의원 예약·접수·문진 앱: 대기 줄이고 노쇼 막는 법","Answer|Article|BreadcrumbList|ContactPoint|Country|FAQPage|ListItem|OpeningHoursSpecification|Organization|PostalAddress|ProfessionalService|PropertyValue|Question|WebPage|WebSite","30","2","blog","blog","P2","INDEX","self-canonical, indexable and present in sitemap","TESTED_LOCAL_BUILD"
"https://reumlab.com/blog/dongtan-reservation-app/","200","https://reumlab.com/blog/dongtan-reservation-app/","index, follow","yes","yes","yes","동탄 카페·학원·헬스장 예약앱 만들기: 노쇼 줄이는 5가지 기능 | 름랩","동탄 신도시 로컬 매장을 위한 예약앱 제작 가이드. 노쇼 방지·멤버십·간편결제 등 매출로 이어지는 핵심 기능과 제작 비용·기간을 정리했습니다.","동탄 카페·학원·헬스장 예약앱 만들기: 노쇼 줄이는 5가지 기능","Answer|Article|BreadcrumbList|ContactPoint|Country|FAQPage|ListItem|OpeningHoursSpecification|Organization|PostalAddress|ProfessionalService|PropertyValue|Question|WebPage|WebSite","30","2","blog","blog","P2","INDEX","self-canonical, indexable and present in sitemap","TESTED_LOCAL_BUILD"
"https://reumlab.com/blog/flutter-oeju-jangdanjeom/","200","https://reumlab.com/blog/flutter-oeju-jangdanjeom/","index, follow","yes","yes","yes","Flutter 앱개발 외주, 장단점 솔직 정리 | 름랩","Flutter로 앱 외주를 맡길 때의 장점과 단점, 네이티브와 비교해 언제 유리한지, 외주 계약 시 반드시 확인할 체크리스트까지 실무 기준으로 정리했습니다.","Flutter 앱개발 외주, 장단점 솔직 정리","Answer|Article|BreadcrumbList|ContactPoint|Country|FAQPage|ListItem|OpeningHoursSpecification|Organization|PostalAddress|ProfessionalService|PropertyValue|Question|WebPage|WebSite","30","2","blog","blog","P2","INDEX","self-canonical, indexable and present in sitemap","TESTED_LOCAL_BUILD"
"https://reumlab.com/blog/gym-membership-app/","200","https://reumlab.com/blog/gym-membership-app/","index, follow","yes","yes","yes","헬스장·필라테스 회원관리 앱: 회원권·PT·자동결제·출석 한 번에 | 름랩","헬스장·필라테스·PT샵을 위한 회원관리 앱 제작 가이드. 회원권·PT 횟수 관리, 출석 체크, 자동 정기결제, 만료·재등록 알림까지 핵심 기능과 비용을 정리했습니다.","헬스장·필라테스 회원관리 앱: 회원권·PT·자동결제·출석 한 번에","Answer|Article|BreadcrumbList|ContactPoint|Country|FAQPage|ListItem|OpeningHoursSpecification|Organization|PostalAddress|ProfessionalService|PropertyValue|Question|WebPage|WebSite","30","2","blog","blog","P2","INDEX","self-canonical, indexable and present in sitemap","TESTED_LOCAL_BUILD"
"https://reumlab.com/blog/hwaseong-dongtan-business-web/","200","https://reumlab.com/blog/hwaseong-dongtan-business-web/","index, follow","yes","yes","yes","화성 동탄첨단산업단지 기업을 위한 업무용 웹·관리자 시스템 개발 | 름랩","동탄첨단산업단지 제조·IT 기업을 위한 업무 자동화·관리자 웹 개발 가이드. 주문·재고·정산·고객관리를 핵심부터 만드는 방법과 비용을 정리했습니다.","화성 동탄첨단산업단지 기업을 위한 업무용 웹·관리자 시스템 개발","Answer|Article|BreadcrumbList|ContactPoint|Country|FAQPage|ListItem|OpeningHoursSpecification|Organization|PostalAddress|ProfessionalService|PropertyValue|Question|WebPage|WebSite","29","2","blog","blog","P2","INDEX","self-canonical, indexable and present in sitemap","TESTED_LOCAL_BUILD"
"https://reumlab.com/blog/","200","https://reumlab.com/blog/","index, follow","yes","yes","no","블로그 | 앱개발 비용·MVP·Flutter·홈페이지 제작 실무 칼럼 | 름랩","앱 개발 비용, MVP 개발 기간, Flutter 외주, 랜딩페이지 제작 비용 등 창업자가 궁금한 개발·외주 주제를 정리한 름랩 칼럼입니다.","앱·웹 개발 실무 칼럼","BreadcrumbList|ContactPoint|Country|ListItem|OpeningHoursSpecification|Organization|PostalAddress|ProfessionalService|PropertyValue|WebSite","35","1","blog","blog_hub","P2","INDEX","self-canonical, indexable and present in sitemap","TESTED_LOCAL_BUILD"
"https://reumlab.com/blog/mvp-cost-before-quote/","200","https://reumlab.com/blog/mvp-cost-before-quote/","index, follow","yes","yes","yes","MVP 개발 비용, 견적보다 먼저 확인해야 할 5가지 | 름랩","MVP 개발 비용은 왜 업체마다 다를까요? 기능 범위부터 관리자페이지, 결제·외부 연동, 개발 후 소스코드 이관까지 MVP 견적 전 확인해야 할 기준을 정리했습니다.","MVP 개발 비용, 견적보다 먼저 봐야 할 것은 따로 있습니다","Answer|Article|BreadcrumbList|ContactPoint|Country|FAQPage|ListItem|OpeningHoursSpecification|Organization|PostalAddress|ProfessionalService|PropertyValue|Question|WebPage|WebSite","37","2","blog","blog","P2","INDEX","self-canonical, indexable and present in sitemap","TESTED_LOCAL_BUILD"
"https://reumlab.com/blog/restaurant-order-app/","200","https://reumlab.com/blog/restaurant-order-app/","index, follow","yes","yes","yes","음식점·카페 주문·웨이팅·포인트 앱: 회전율 높이고 단골 만드는 법 | 름랩","음식점·카페를 위한 주문·웨이팅·포인트 앱 제작 가이드. 테이블오더, 원격 웨이팅, 포인트·쿠폰, 배달·포스 연동까지 매출로 이어지는 기능과 비용을 정리했습니다.","음식점·카페 주문·웨이팅·포인트 앱: 회전율 높이고 단골 만드는 법","Answer|Article|BreadcrumbList|ContactPoint|Country|FAQPage|ListItem|OpeningHoursSpecification|Organization|PostalAddress|ProfessionalService|PropertyValue|Question|WebPage|WebSite","30","2","blog","blog","P2","INDEX","self-canonical, indexable and present in sitemap","TESTED_LOCAL_BUILD"
"https://reumlab.com/blog/suwon-app-gaebal-upche/","200","https://reumlab.com/blog/suwon-app-gaebal-upche/","index, follow","yes","yes","yes","수원 앱개발 업체 고르는 법 | 름랩","수원·화성·동탄 등 경기 남부에서 앱개발 외주 업체를 고를 때 확인해야 할 기준 6가지와 피해야 할 신호, 견적 요청 전 준비물까지 실무 관점으로 정리했습니다.","수원 앱개발 업체 고르는 법","Answer|Article|BreadcrumbList|ContactPoint|Country|FAQPage|ListItem|OpeningHoursSpecification|Organization|PostalAddress|ProfessionalService|PropertyValue|Question|WebPage|WebSite","31","2","blog","blog","P2","INDEX","self-canonical, indexable and present in sitemap","TESTED_LOCAL_BUILD"
"https://reumlab.com/blog/website-or-app-first/","200","https://reumlab.com/blog/website-or-app-first/","index, follow","yes","yes","yes","소상공인, 홈페이지부터일까 앱부터일까? 선택 기준 5가지 | 름랩","예산이 한정된 소상공인·자영업자를 위해 홈페이지와 앱 중 무엇을 먼저 만들지 판단하는 기준을 정리했습니다. 검색 노출, 재방문, 예약·결제, 비용 관점에서 비교합니다.","소상공인, 홈페이지부터일까 앱부터일까? 선택 기준 5가지","Answer|Article|BreadcrumbList|ContactPoint|Country|FAQPage|ListItem|OpeningHoursSpecification|Organization|PostalAddress|ProfessionalService|PropertyValue|Question|WebPage|WebSite","28","2","blog","blog","P2","INDEX","self-canonical, indexable and present in sitemap","TESTED_LOCAL_BUILD"
"https://reumlab.com/cafe24-limit/","200","https://reumlab.com/cafe24-limit/","index, follow","yes","yes","no","카페24 한계 넘는 맞춤개발 | 쇼핑몰 커스텀·관리자 — 름랩","카페24 기본 기능·디자인·관리자로 안 되는 부분을 맞춤개발로 해결합니다. 커스텀 화면·자동화·외부 연동·별도 앱까지, 기존 쇼핑몰은 살리고 필요한 기능만 확장. 소스코드 이관·직접 운영. 동탄·수원 거점, 전국 진행.","카페24 한계, 맞춤개발로 넘어서기","Answer|BreadcrumbList|ContactPoint|Country|FAQPage|ListItem|OpeningHoursSpecification|Organization|PostalAddress|ProfessionalService|PropertyValue|Question|Service|WebSite","28","2","service_or_hub","service_or_hub","P1","INDEX","self-canonical, indexable and present in sitemap","TESTED_LOCAL_BUILD"
"https://reumlab.com/compare/flutter-vs-react-native/","200","https://reumlab.com/compare/flutter-vs-react-native/","index, follow","yes","yes","yes","Flutter vs React Native: MVP 관점 선택 기준 | 름랩","Flutter와 React Native를 MVP 관점에서 비교합니다. 개발 속도, 성능, 유지보수, 생태계 측면의 차이와 초기 창업자를 위한 선택 기준을 정리합니다.","Flutter vs React Native, MVP에는 무엇이 맞을까","Answer|Article|BreadcrumbList|ContactPoint|Country|FAQPage|ListItem|OpeningHoursSpecification|Organization|PostalAddress|ProfessionalService|PropertyValue|Question|WebPage|WebSite","27","2","service_or_hub","comparison","P1","INDEX","self-canonical, indexable and present in sitemap","TESTED_LOCAL_BUILD"
"https://reumlab.com/compare/outsourcing-vs-inhouse/","200","https://reumlab.com/compare/outsourcing-vs-inhouse/","index, follow","yes","yes","yes","외주개발 vs 자체개발: 초기 창업자의 의사결정 | 름랩","초기 창업자가 외주개발과 자체(인하우스) 개발 중 무엇을 선택할지 비교합니다. 비용, 속도, 통제권, 채용 리스크 관점의 차이를 정리합니다.","외주개발 vs 자체개발, 초기에는 무엇이 맞을까","Answer|Article|BreadcrumbList|ContactPoint|Country|FAQPage|ListItem|OpeningHoursSpecification|Organization|PostalAddress|ProfessionalService|PropertyValue|Question|WebPage|WebSite","26","2","service_or_hub","comparison","P1","INDEX","self-canonical, indexable and present in sitemap","TESTED_LOCAL_BUILD"
"https://reumlab.com/compare/outsourcing-vs-nocode/","200","https://reumlab.com/compare/outsourcing-vs-nocode/","index, follow","yes","yes","yes","앱 외주 vs 노코드: 통제권·확장성 관점 비교 | 름랩","앱·웹을 외주 개발할지 노코드 툴로 만들지 비교합니다. 초기 비용, 확장성, 통제권, 소스코드 관점에서의 차이와 선택 기준을 정리합니다.","앱 외주 vs 노코드, 무엇을 선택할까","Answer|Article|BreadcrumbList|ContactPoint|Country|FAQPage|ListItem|OpeningHoursSpecification|Organization|PostalAddress|ProfessionalService|PropertyValue|Question|WebPage|WebSite","26","2","service_or_hub","comparison","P1","INDEX","self-canonical, indexable and present in sitemap","TESTED_LOCAL_BUILD"
"https://reumlab.com/cost/academy/","200","https://reumlab.com/cost/academy/","index, follow","yes","yes","no","학원·교육 앱 개발 비용 | 간단형 580만 원대~ 단계별 가격대와 비용 요인 | 름랩","학원·교육 앱 개발 비용 기준을 공개합니다. 간단형 580만 원대 · 표준형 1,600만 원대. 수강료 결제·미납 관리 범위. VAT 포함 정액 · 소스코드 이관 · 월 관리비 없음.","학원·교육 앱 개발 비용","Answer|BreadcrumbList|ContactPoint|Country|FAQPage|ListItem|OpeningHoursSpecification|Organization|PostalAddress|ProfessionalService|PropertyValue|Question|Service|WebSite","37","2","service_or_hub","industry_cost","P1","INDEX","self-canonical, indexable and present in sitemap","TESTED_LOCAL_BUILD"
"https://reumlab.com/cost/agriculture/","200","https://reumlab.com/cost/agriculture/","index, follow","yes","yes","no","농업·산지직거래 앱 개발 비용, 얼마부터일까 | 기능별 견적·개발기간 | 름랩","농업·산지직거래 앱 개발 비용 기준을 공개합니다. 간단형 580만 원대 · 표준형 1,500만 원대. 예약 수확·출하 시기 관리 로직. VAT 포함 정액 · 소스코드 이관 · 월 관리비 없음.","농업·산지직거래 앱 개발 비용","Answer|BreadcrumbList|ContactPoint|Country|FAQPage|ListItem|OpeningHoursSpecification|Organization|PostalAddress|ProfessionalService|PropertyValue|Question|Service|WebSite","36","2","service_or_hub","industry_cost","P1","INDEX","self-canonical, indexable and present in sitemap","TESTED_LOCAL_BUILD"
"https://reumlab.com/cost/animal-hospital/","200","https://reumlab.com/cost/animal-hospital/","index, follow","yes","yes","no","동물병원 앱 개발 비용, 얼마부터일까 | 기능별 견적·개발기간 | 름랩","동물병원 앱 개발 비용 기준을 공개합니다. 간단형 580만 원대 · 표준형 1,600만 원대. 접종·구충 시기 알림 자동화. VAT 포함 정액 · 소스코드 이관 · 월 관리비 없음.","동물병원 앱 개발 비용","Answer|BreadcrumbList|ContactPoint|Country|FAQPage|ListItem|OpeningHoursSpecification|Organization|PostalAddress|ProfessionalService|PropertyValue|Question|Service|WebSite","36","2","service_or_hub","industry_cost","P1","INDEX","self-canonical, indexable and present in sitemap","TESTED_LOCAL_BUILD"
"https://reumlab.com/cost/art-academy/","200","https://reumlab.com/cost/art-academy/","index, follow","yes","yes","no","미술학원 앱 개발 비용 | 간단형 580만 원대~ 단계별 가격대와 비용 요인 | 름랩","미술학원 앱 개발 비용 기준을 공개합니다. 간단형 580만 원대 · 표준형 1,400만 원대. 작품 사진 아카이브 저장 용량. VAT 포함 정액 · 소스코드 이관 · 월 관리비 없음.","미술학원 앱 개발 비용","Answer|BreadcrumbList|ContactPoint|Country|FAQPage|ListItem|OpeningHoursSpecification|Organization|PostalAddress|ProfessionalService|PropertyValue|Question|Service|WebSite","37","2","service_or_hub","industry_cost","P1","INDEX","self-canonical, indexable and present in sitemap","TESTED_LOCAL_BUILD"
"https://reumlab.com/cost/b2b-saas/","200","https://reumlab.com/cost/b2b-saas/","index, follow","yes","yes","no","B2B SaaS·업무툴 앱 개발 비용 견적 기준 | 무엇이 금액을 올리고 무엇이 줄이나 | 름랩","B2B SaaS·업무툴 앱 개발 비용 기준을 공개합니다. 간단형 580만 원대 · 표준형 2,400만 원대. 외부 도구·API 연동 범위. VAT 포함 정액 · 소스코드 이관 · 월 관리비 없음.","B2B SaaS·업무툴 앱 개발 비용","Answer|BreadcrumbList|ContactPoint|Country|FAQPage|ListItem|OpeningHoursSpecification|Organization|PostalAddress|ProfessionalService|PropertyValue|Question|Service|WebSite","36","2","service_or_hub","industry_cost","P1","INDEX","self-canonical, indexable and present in sitemap","TESTED_LOCAL_BUILD"
"https://reumlab.com/cost/bakery/","200","https://reumlab.com/cost/bakery/","index, follow","yes","yes","no","베이커리·디저트 앱 개발 비용 | 간단형 580만 원대~ 단계별 가격대와 비용 요인 | 름랩","베이커리·디저트 앱 개발 비용 기준을 공개합니다. 간단형 580만 원대 · 표준형 1,400만 원대. 주문 제작 옵션(사이즈·문구·시간) 범위. VAT 포함 정액 · 소스코드 이관 · 월 관리비 없음.","베이커리·디저트 앱 개발 비용","Answer|BreadcrumbList|ContactPoint|Country|FAQPage|ListItem|OpeningHoursSpecification|Organization|PostalAddress|ProfessionalService|PropertyValue|Question|Service|WebSite","37","2","service_or_hub","industry_cost","P1","INDEX","self-canonical, indexable and present in sitemap","TESTED_LOCAL_BUILD"
"https://reumlab.com/cost/billiards/","200","https://reumlab.com/cost/billiards/","index, follow","yes","yes","no","당구장·볼링장 앱 개발 비용 | 간단형 580만 원대~ 단계별 가격대와 비용 요인 | 름랩","당구장·볼링장 앱 개발 비용 기준을 공개합니다. 간단형 580만 원대 · 표준형 1,400만 원대. 테이블·레인 예약 중복 방지. VAT 포함 정액 · 소스코드 이관 · 월 관리비 없음.","당구장·볼링장 앱 개발 비용","Answer|BreadcrumbList|ContactPoint|Country|FAQPage|ListItem|OpeningHoursSpecification|Organization|PostalAddress|ProfessionalService|PropertyValue|Question|Service|WebSite","36","2","service_or_hub","industry_cost","P1","INDEX","self-canonical, indexable and present in sitemap","TESTED_LOCAL_BUILD"
"https://reumlab.com/cost/booking/","200","https://reumlab.com/cost/booking/","index, follow","yes","yes","no","예약(미용·네일·공방) 앱 개발 비용 견적 기준 | 무엇이 금액을 올리고 무엇이 줄이나 | 름랩","예약(미용·네일·공방) 앱 개발 비용 기준을 공개합니다. 간단형 580만 원대 · 표준형 1,400만 원대. 예약금·결제 연동 여부. VAT 포함 정액 · 소스코드 이관 · 월 관리비 없음.","예약(미용·네일·공방) 앱 개발 비용","Answer|BreadcrumbList|ContactPoint|Country|FAQPage|ListItem|OpeningHoursSpecification|Organization|PostalAddress|ProfessionalService|PropertyValue|Question|Service|WebSite","36","2","service_or_hub","industry_cost","P1","INDEX","self-canonical, indexable and present in sitemap","TESTED_LOCAL_BUILD"
"https://reumlab.com/cost/bookstore/","200","https://reumlab.com/cost/bookstore/","index, follow","yes","yes","no","서점·북카페 앱 개발 비용 | 간단형 580만 원대~ 단계별 가격대와 비용 요인 | 름랩","서점·북카페 앱 개발 비용 기준을 공개합니다. 간단형 580만 원대 · 표준형 1,300만 원대. 도서 주문·픽업 관리. VAT 포함 정액 · 소스코드 이관 · 월 관리비 없음.","서점·북카페 앱 개발 비용","Answer|BreadcrumbList|ContactPoint|Country|FAQPage|ListItem|OpeningHoursSpecification|Organization|PostalAddress|ProfessionalService|PropertyValue|Question|Service|WebSite","36","2","service_or_hub","industry_cost","P1","INDEX","self-canonical, indexable and present in sitemap","TESTED_LOCAL_BUILD"
"https://reumlab.com/cost/butcher/","200","https://reumlab.com/cost/butcher/","index, follow","yes","yes","no","정육·수산 앱 개발 비용 견적 기준 | 무엇이 금액을 올리고 무엇이 줄이나 | 름랩","정육·수산 앱 개발 비용 기준을 공개합니다. 간단형 580만 원대 · 표준형 1,300만 원대. 부위·중량·손질 옵션 범위. VAT 포함 정액 · 소스코드 이관 · 월 관리비 없음.","정육·수산 앱 개발 비용","Answer|BreadcrumbList|ContactPoint|Country|FAQPage|ListItem|OpeningHoursSpecification|Organization|PostalAddress|ProfessionalService|PropertyValue|Question|Service|WebSite","36","2","service_or_hub","industry_cost","P1","INDEX","self-canonical, indexable and present in sitemap","TESTED_LOCAL_BUILD"
"https://reumlab.com/cost/cafe/","200","https://reumlab.com/cost/cafe/","index, follow","yes","yes","no","카페 앱 개발 비용 견적 기준 | 무엇이 금액을 올리고 무엇이 줄이나 | 름랩","카페 앱 개발 비용 기준을 공개합니다. 간단형 580만 원대 · 표준형 1,400만 원대. 정기 구독·정기결제 연동 여부. VAT 포함 정액 · 소스코드 이관 · 월 관리비 없음.","카페 앱 개발 비용","Answer|BreadcrumbList|ContactPoint|Country|FAQPage|ListItem|OpeningHoursSpecification|Organization|PostalAddress|ProfessionalService|PropertyValue|Question|Service|WebSite","38","2","service_or_hub","industry_cost","P1","INDEX","self-canonical, indexable and present in sitemap","TESTED_LOCAL_BUILD"
"https://reumlab.com/cost/camping/","200","https://reumlab.com/cost/camping/","index, follow","yes","yes","no","캠핑·글램핑 앱 개발 비용 견적 기준 | 무엇이 금액을 올리고 무엇이 줄이나 | 름랩","캠핑·글램핑 앱 개발 비용 기준을 공개합니다. 간단형 580만 원대 · 표준형 1,600만 원대. 사이트별 달력 예약·중복 방지. VAT 포함 정액 · 소스코드 이관 · 월 관리비 없음.","캠핑·글램핑 앱 개발 비용","Answer|BreadcrumbList|ContactPoint|Country|FAQPage|ListItem|OpeningHoursSpecification|Organization|PostalAddress|ProfessionalService|PropertyValue|Question|Service|WebSite","36","2","service_or_hub","industry_cost","P1","INDEX","self-canonical, indexable and present in sitemap","TESTED_LOCAL_BUILD"
"https://reumlab.com/cost/car-repair/","200","https://reumlab.com/cost/car-repair/","index, follow","yes","yes","no","자동차정비 앱 개발 비용 | 간단형 580만 원대~ 단계별 가격대와 비용 요인 | 름랩","자동차정비 앱 개발 비용 기준을 공개합니다. 간단형 580만 원대 · 표준형 1,600만 원대. 차량별 정비 이력 관리 범위. VAT 포함 정액 · 소스코드 이관 · 월 관리비 없음.","자동차정비 앱 개발 비용","Answer|BreadcrumbList|ContactPoint|Country|FAQPage|ListItem|OpeningHoursSpecification|Organization|PostalAddress|ProfessionalService|PropertyValue|Question|Service|WebSite","37","2","service_or_hub","industry_cost","P1","INDEX","self-canonical, indexable and present in sitemap","TESTED_LOCAL_BUILD"
"https://reumlab.com/cost/car-wash/","200","https://reumlab.com/cost/car-wash/","index, follow","yes","yes","no","세차·디테일링 앱 개발 비용 580만 원대부터 | 범위별 견적·유지비까지 계산 | 름랩","세차·디테일링 앱 개발 비용 기준을 공개합니다. 간단형 580만 원대 · 표준형 1,400만 원대. 월 정액 구독권 이용 관리 로직. VAT 포함 정액 · 소스코드 이관 · 월 관리비 없음.","세차·디테일링 앱 개발 비용","Answer|BreadcrumbList|ContactPoint|Country|FAQPage|ListItem|OpeningHoursSpecification|Organization|PostalAddress|ProfessionalService|PropertyValue|Question|Service|WebSite","37","2","service_or_hub","industry_cost","P1","INDEX","self-canonical, indexable and present in sitemap","TESTED_LOCAL_BUILD"
"https://reumlab.com/cost/catering/","200","https://reumlab.com/cost/catering/","index, follow","yes","yes","no","케이터링·출장뷔페 앱 개발 비용 견적 기준 | 무엇이 금액을 올리고 무엇이 줄이나 | 름랩","케이터링·출장뷔페 앱 개발 비용 기준을 공개합니다. 간단형 580만 원대 · 표준형 1,400만 원대. 인원·메뉴 기반 견적 로직. VAT 포함 정액 · 소스코드 이관 · 월 관리비 없음.","케이터링·출장뷔페 앱 개발 비용","Answer|BreadcrumbList|ContactPoint|Country|FAQPage|ListItem|OpeningHoursSpecification|Organization|PostalAddress|ProfessionalService|PropertyValue|Question|Service|WebSite","36","2","service_or_hub","industry_cost","P1","INDEX","self-canonical, indexable and present in sitemap","TESTED_LOCAL_BUILD"
"https://reumlab.com/cost/childcare/","200","https://reumlab.com/cost/childcare/","index, follow","yes","yes","no","유치원·어린이집 앱 개발 비용 견적 기준 | 무엇이 금액을 올리고 무엇이 줄이나 | 름랩","유치원·어린이집 앱 개발 비용 기준을 공개합니다. 간단형 580만 원대 · 표준형 1,400만 원대. 등하원 알림 발송량. VAT 포함 정액 · 소스코드 이관 · 월 관리비 없음.","유치원·어린이집 앱 개발 비용","Answer|BreadcrumbList|ContactPoint|Country|FAQPage|ListItem|OpeningHoursSpecification|Organization|PostalAddress|ProfessionalService|PropertyValue|Question|Service|WebSite","36","2","service_or_hub","industry_cost","P1","INDEX","self-canonical, indexable and present in sitemap","TESTED_LOCAL_BUILD"
"https://reumlab.com/cost/church/","200","https://reumlab.com/cost/church/","index, follow","yes","yes","no","교회·종교시설 앱 개발 비용, 얼마부터일까 | 기능별 견적·개발기간 | 름랩","교회·종교시설 앱 개발 비용 기준을 공개합니다. 간단형 580만 원대 · 표준형 1,300만 원대. 교인·가족 관리 범위. VAT 포함 정액 · 소스코드 이관 · 월 관리비 없음.","교회·종교시설 앱 개발 비용","Answer|BreadcrumbList|ContactPoint|Country|FAQPage|ListItem|OpeningHoursSpecification|Organization|PostalAddress|ProfessionalService|PropertyValue|Question|Service|WebSite","36","2","service_or_hub","industry_cost","P1","INDEX","self-canonical, indexable and present in sitemap","TESTED_LOCAL_BUILD"
"https://reumlab.com/cost/cleaning/","200","https://reumlab.com/cost/cleaning/","index, follow","yes","yes","no","청소·홈서비스 앱 개발 비용, 얼마부터일까 | 기능별 견적·개발기간 | 름랩","청소·홈서비스 앱 개발 비용 기준을 공개합니다. 간단형 580만 원대 · 표준형 1,500만 원대. 평형·요청사항 접수 범위. VAT 포함 정액 · 소스코드 이관 · 월 관리비 없음.","청소·홈서비스 앱 개발 비용","Answer|BreadcrumbList|ContactPoint|Country|FAQPage|ListItem|OpeningHoursSpecification|Organization|PostalAddress|ProfessionalService|PropertyValue|Question|Service|WebSite","37","2","service_or_hub","industry_cost","P1","INDEX","self-canonical, indexable and present in sitemap","TESTED_LOCAL_BUILD"
"https://reumlab.com/cost/climbing/","200","https://reumlab.com/cost/climbing/","index, follow","yes","yes","no","클라이밍짐 앱 개발 비용, 얼마부터일까 | 기능별 견적·개발기간 | 름랩","클라이밍짐 앱 개발 비용 기준을 공개합니다. 간단형 580만 원대 · 표준형 1,400만 원대. 회원권·데이패스 관리 로직. VAT 포함 정액 · 소스코드 이관 · 월 관리비 없음.","클라이밍짐 앱 개발 비용","Answer|BreadcrumbList|ContactPoint|Country|FAQPage|ListItem|OpeningHoursSpecification|Organization|PostalAddress|ProfessionalService|PropertyValue|Question|Service|WebSite","36","2","service_or_hub","industry_cost","P1","INDEX","self-canonical, indexable and present in sitemap","TESTED_LOCAL_BUILD"
"https://reumlab.com/cost/cloud-kitchen/","200","https://reumlab.com/cost/cloud-kitchen/","index, follow","yes","yes","no","공유주방 앱 개발 비용 580만 원대부터 | 범위별 견적·유지비까지 계산 | 름랩","공유주방 앱 개발 비용 기준을 공개합니다. 간단형 580만 원대 · 표준형 1,600만 원대. 입점사별 매출·수수료·이용료 자동 정산과 대사 로직 여부. VAT 포함 정액 · 소스코드 이관 · 월 관리비 없음.","공유주방 앱 개발 비용","Answer|BreadcrumbList|ContactPoint|Country|FAQPage|ListItem|OpeningHoursSpecification|Organization|PostalAddress|ProfessionalService|PropertyValue|Question|Service|WebSite","37","2","service_or_hub","industry_cost","P1","INDEX","self-canonical, indexable and present in sitemap","TESTED_LOCAL_BUILD"
"https://reumlab.com/cost/coin-laundry/","200","https://reumlab.com/cost/coin-laundry/","index, follow","yes","yes","no","무인 코인세탁 앱 개발 비용 견적 기준 | 무엇이 금액을 올리고 무엇이 줄이나 | 름랩","무인 코인세탁 앱 개발 비용 기준을 공개합니다. 간단형 580만 원대 · 표준형 1,400만 원대. 세탁기·건조기 실시간 연동 범위. VAT 포함 정액 · 소스코드 이관 · 월 관리비 없음.","무인 코인세탁 앱 개발 비용","Answer|BreadcrumbList|ContactPoint|Country|FAQPage|ListItem|OpeningHoursSpecification|Organization|PostalAddress|ProfessionalService|PropertyValue|Question|Service|WebSite","37","2","service_or_hub","industry_cost","P1","INDEX","self-canonical, indexable and present in sitemap","TESTED_LOCAL_BUILD"
"https://reumlab.com/cost/community/","200","https://reumlab.com/cost/community/","index, follow","yes","yes","no","커뮤니티·모임 앱 개발 비용, 얼마부터일까 | 기능별 견적·개발기간 | 름랩","커뮤니티·모임 앱 개발 비용 기준을 공개합니다. 간단형 580만 원대 · 표준형 1,600만 원대. 실시간 채팅 포함 여부. VAT 포함 정액 · 소스코드 이관 · 월 관리비 없음.","커뮤니티·모임 앱 개발 비용","Answer|BreadcrumbList|ContactPoint|Country|FAQPage|ListItem|OpeningHoursSpecification|Organization|PostalAddress|ProfessionalService|PropertyValue|Question|Service|WebSite","36","2","service_or_hub","industry_cost","P1","INDEX","self-canonical, indexable and present in sitemap","TESTED_LOCAL_BUILD"
"https://reumlab.com/cost/construction/","200","https://reumlab.com/cost/construction/","index, follow","yes","yes","no","건설·현장관리 앱 개발 비용 견적 기준 | 무엇이 금액을 올리고 무엇이 줄이나 | 름랩","건설·현장관리 앱 개발 비용 기준을 공개합니다. 간단형 580만 원대 · 표준형 1,800만 원대. 다현장 동시 관리 범위. VAT 포함 정액 · 소스코드 이관 · 월 관리비 없음.","건설·현장관리 앱 개발 비용","Answer|BreadcrumbList|ContactPoint|Country|FAQPage|ListItem|OpeningHoursSpecification|Organization|PostalAddress|ProfessionalService|PropertyValue|Question|Service|WebSite","37","2","service_or_hub","industry_cost","P1","INDEX","self-canonical, indexable and present in sitemap","TESTED_LOCAL_BUILD"
"https://reumlab.com/cost/cooking-class/","200","https://reumlab.com/cost/cooking-class/","index, follow","yes","yes","no","요리·원데이 클래스 앱 개발 비용, 얼마부터일까 | 기능별 견적·개발기간 | 름랩","요리·원데이 클래스 앱 개발 비용 기준을 공개합니다. 간단형 580만 원대 · 표준형 1,600만 원대. 예약금·잔금·전액 선결제 등 지원할 결제 방식의 수. VAT 포함 정액 · 소스코드 이관 · 월 관리비 없음.","요리·원데이 클래스 앱 개발 비용","Answer|BreadcrumbList|ContactPoint|Country|FAQPage|ListItem|OpeningHoursSpecification|Organization|PostalAddress|ProfessionalService|PropertyValue|Question|Service|WebSite","36","2","service_or_hub","industry_cost","P1","INDEX","self-canonical, indexable and present in sitemap","TESTED_LOCAL_BUILD"
"https://reumlab.com/cost/coworking/","200","https://reumlab.com/cost/coworking/","index, follow","yes","yes","no","공유오피스 앱 개발 비용, 얼마부터일까 | 기능별 견적·개발기간 | 름랩","공유오피스 앱 개발 비용 기준을 공개합니다. 간단형 580만 원대 · 표준형 1,500만 원대. 좌석·회의실 예약 관리. VAT 포함 정액 · 소스코드 이관 · 월 관리비 없음.","공유오피스 앱 개발 비용","Answer|BreadcrumbList|ContactPoint|Country|FAQPage|ListItem|OpeningHoursSpecification|Organization|PostalAddress|ProfessionalService|PropertyValue|Question|Service|WebSite","37","2","service_or_hub","industry_cost","P1","INDEX","self-canonical, indexable and present in sitemap","TESTED_LOCAL_BUILD"
"https://reumlab.com/cost/creator/","200","https://reumlab.com/cost/creator/","index, follow","yes","yes","no","크리에이터·MCN 앱 개발 비용 580만 원대부터 | 범위별 견적·유지비까지 계산 | 름랩","크리에이터·MCN 앱 개발 비용 기준을 공개합니다. 간단형 580만 원대 · 표준형 1,800만 원대. 크리에이터-광고주 매칭 로직. VAT 포함 정액 · 소스코드 이관 · 월 관리비 없음.","크리에이터·MCN 앱 개발 비용","Answer|BreadcrumbList|ContactPoint|Country|FAQPage|ListItem|OpeningHoursSpecification|Organization|PostalAddress|ProfessionalService|PropertyValue|Question|Service|WebSite","36","2","service_or_hub","industry_cost","P1","INDEX","self-canonical, indexable and present in sitemap","TESTED_LOCAL_BUILD"
"https://reumlab.com/cost/dance-academy/","200","https://reumlab.com/cost/dance-academy/","index, follow","yes","yes","no","무용·발레학원 앱 개발 비용 580만 원대부터 | 범위별 견적·유지비까지 계산 | 름랩","무용·발레학원 앱 개발 비용 기준을 공개합니다. 간단형 580만 원대 · 표준형 1,400만 원대. 수업 예약·출결 관리. VAT 포함 정액 · 소스코드 이관 · 월 관리비 없음.","무용·발레학원 앱 개발 비용","Answer|BreadcrumbList|ContactPoint|Country|FAQPage|ListItem|OpeningHoursSpecification|Organization|PostalAddress|ProfessionalService|PropertyValue|Question|Service|WebSite","37","2","service_or_hub","industry_cost","P1","INDEX","self-canonical, indexable and present in sitemap","TESTED_LOCAL_BUILD"
"https://reumlab.com/cost/delivery/","200","https://reumlab.com/cost/delivery/","index, follow","yes","yes","no","배달·주문 앱 개발 비용 | 간단형 580만 원대~ 단계별 가격대와 비용 요인 | 름랩","배달·주문 앱 개발 비용 기준을 공개합니다. 간단형 580만 원대 · 표준형 1,800만 원대. 실시간 배차·라이더 앱 포함 여부. VAT 포함 정액 · 소스코드 이관 · 월 관리비 없음.","배달·주문 앱 개발 비용","Answer|BreadcrumbList|ContactPoint|Country|FAQPage|ListItem|OpeningHoursSpecification|Organization|PostalAddress|ProfessionalService|PropertyValue|Question|Service|WebSite","38","2","service_or_hub","industry_cost","P1","INDEX","self-canonical, indexable and present in sitemap","TESTED_LOCAL_BUILD"
"https://reumlab.com/cost/dental/","200","https://reumlab.com/cost/dental/","index, follow","yes","yes","no","치과 앱 개발 비용 | 간단형 580만 원대~ 단계별 가격대와 비용 요인 | 름랩","치과 앱 개발 비용 기준을 공개합니다. 간단형 580만 원대 · 표준형 1,600만 원대. 정기검진 리콜 자동화 로직의 정교함. VAT 포함 정액 · 소스코드 이관 · 월 관리비 없음.","치과 앱 개발 비용","Answer|BreadcrumbList|ContactPoint|Country|FAQPage|ListItem|OpeningHoursSpecification|Organization|PostalAddress|ProfessionalService|PropertyValue|Question|Service|WebSite","36","2","service_or_hub","industry_cost","P1","INDEX","self-canonical, indexable and present in sitemap","TESTED_LOCAL_BUILD"
"https://reumlab.com/cost/driving-school/","200","https://reumlab.com/cost/driving-school/","index, follow","yes","yes","no","운전학원 앱 개발 비용 580만 원대부터 | 범위별 견적·유지비까지 계산 | 름랩","운전학원 앱 개발 비용 기준을 공개합니다. 간단형 580만 원대 · 표준형 1,600만 원대. 교육 예약 기반 차량·강사 배차 로직. VAT 포함 정액 · 소스코드 이관 · 월 관리비 없음.","운전학원 앱 개발 비용","Answer|BreadcrumbList|ContactPoint|Country|FAQPage|ListItem|OpeningHoursSpecification|Organization|PostalAddress|ProfessionalService|PropertyValue|Question|Service|WebSite","36","2","service_or_hub","industry_cost","P1","INDEX","self-canonical, indexable and present in sitemap","TESTED_LOCAL_BUILD"
"https://reumlab.com/cost/english-academy/","200","https://reumlab.com/cost/english-academy/","index, follow","yes","yes","no","영어학원 앱 개발 비용 견적 기준 | 무엇이 금액을 올리고 무엇이 줄이나 | 름랩","영어학원 앱 개발 비용 기준을 공개합니다. 간단형 580만 원대 · 표준형 1,600만 원대. 화상 수업 도구 연동 여부. VAT 포함 정액 · 소스코드 이관 · 월 관리비 없음.","영어학원 앱 개발 비용","Answer|BreadcrumbList|ContactPoint|Country|FAQPage|ListItem|OpeningHoursSpecification|Organization|PostalAddress|ProfessionalService|PropertyValue|Question|Service|WebSite","37","2","service_or_hub","industry_cost","P1","INDEX","self-canonical, indexable and present in sitemap","TESTED_LOCAL_BUILD"
"https://reumlab.com/cost/esthetic/","200","https://reumlab.com/cost/esthetic/","index, follow","yes","yes","no","에스테틱·스파 앱 개발 비용 견적 기준 | 무엇이 금액을 올리고 무엇이 줄이나 | 름랩","에스테틱·스파 앱 개발 비용 기준을 공개합니다. 간단형 580만 원대 · 표준형 1,400만 원대. 회차권 소진·만료 관리 로직. VAT 포함 정액 · 소스코드 이관 · 월 관리비 없음.","에스테틱·스파 앱 개발 비용","Answer|BreadcrumbList|ContactPoint|Country|FAQPage|ListItem|OpeningHoursSpecification|Organization|PostalAddress|ProfessionalService|PropertyValue|Question|Service|WebSite","36","2","service_or_hub","industry_cost","P1","INDEX","self-canonical, indexable and present in sitemap","TESTED_LOCAL_BUILD"
"https://reumlab.com/cost/event-agency/","200","https://reumlab.com/cost/event-agency/","index, follow","yes","yes","no","행사·이벤트 대행 앱 개발 비용 | 간단형 580만 원대~ 단계별 가격대와 비용 요인 | 름랩","행사·이벤트 대행 앱 개발 비용 기준을 공개합니다. 간단형 580만 원대 · 표준형 1,600만 원대. 스태프 배치와 근태 집계, 정산 자동화의 범위. VAT 포함 정액 · 소스코드 이관 · 월 관리비 없음.","행사·이벤트 대행 앱 개발 비용","Answer|BreadcrumbList|ContactPoint|Country|FAQPage|ListItem|OpeningHoursSpecification|Organization|PostalAddress|ProfessionalService|PropertyValue|Question|Service|WebSite","36","2","service_or_hub","industry_cost","P1","INDEX","self-canonical, indexable and present in sitemap","TESTED_LOCAL_BUILD"
"https://reumlab.com/cost/fishing/","200","https://reumlab.com/cost/fishing/","index, follow","yes","yes","no","낚시·선상 앱 개발 비용 | 간단형 580만 원대~ 단계별 가격대와 비용 요인 | 름랩","낚시·선상 앱 개발 비용 기준을 공개합니다. 간단형 580만 원대 · 표준형 1,400만 원대. 선상 좌석·날짜 예약 관리. VAT 포함 정액 · 소스코드 이관 · 월 관리비 없음.","낚시·선상 앱 개발 비용","Answer|BreadcrumbList|ContactPoint|Country|FAQPage|ListItem|OpeningHoursSpecification|Organization|PostalAddress|ProfessionalService|PropertyValue|Question|Service|WebSite","36","2","service_or_hub","industry_cost","P1","INDEX","self-canonical, indexable and present in sitemap","TESTED_LOCAL_BUILD"
"https://reumlab.com/cost/fitness/","200","https://reumlab.com/cost/fitness/","index, follow","yes","yes","no","피트니스·헬스장 앱 개발 비용 580만 원대부터 | 범위별 견적·유지비까지 계산 | 름랩","피트니스·헬스장 앱 개발 비용 기준을 공개합니다. 간단형 580만 원대 · 표준형 1,600만 원대. 정기결제(자동 결제) 연동 여부. VAT 포함 정액 · 소스코드 이관 · 월 관리비 없음.","피트니스·헬스장 앱 개발 비용","Answer|BreadcrumbList|ContactPoint|Country|FAQPage|ListItem|OpeningHoursSpecification|Organization|PostalAddress|ProfessionalService|PropertyValue|Question|Service|WebSite","36","2","service_or_hub","industry_cost","P1","INDEX","self-canonical, indexable and present in sitemap","TESTED_LOCAL_BUILD"
"https://reumlab.com/cost/flower/","200","https://reumlab.com/cost/flower/","index, follow","yes","yes","no","꽃집·화훼 앱 개발 비용, 얼마부터일까 | 기능별 견적·개발기간 | 름랩","꽃집·화훼 앱 개발 비용 기준을 공개합니다. 간단형 580만 원대 · 표준형 1,300만 원대. 주문 제작 옵션 범위. VAT 포함 정액 · 소스코드 이관 · 월 관리비 없음.","꽃집·화훼 앱 개발 비용","Answer|BreadcrumbList|ContactPoint|Country|FAQPage|ListItem|OpeningHoursSpecification|Organization|PostalAddress|ProfessionalService|PropertyValue|Question|Service|WebSite","36","2","service_or_hub","industry_cost","P1","INDEX","self-canonical, indexable and present in sitemap","TESTED_LOCAL_BUILD"
"https://reumlab.com/cost/foodtech/","200","https://reumlab.com/cost/foodtech/","index, follow","yes","yes","no","푸드테크·식단 앱 개발 비용 | 간단형 580만 원대~ 단계별 가격대와 비용 요인 | 름랩","푸드테크·식단 앱 개발 비용 기준을 공개합니다. 간단형 580만 원대 · 표준형 1,600만 원대. 맞춤 식단 추천 로직의 정교함. VAT 포함 정액 · 소스코드 이관 · 월 관리비 없음.","푸드테크·식단 앱 개발 비용","Answer|BreadcrumbList|ContactPoint|Country|FAQPage|ListItem|OpeningHoursSpecification|Organization|PostalAddress|ProfessionalService|PropertyValue|Question|Service|WebSite","37","2","service_or_hub","industry_cost","P1","INDEX","self-canonical, indexable and present in sitemap","TESTED_LOCAL_BUILD"
"https://reumlab.com/cost/franchise/","200","https://reumlab.com/cost/franchise/","index, follow","yes","yes","no","프랜차이즈 본사 앱 개발 비용 견적 기준 | 무엇이 금액을 올리고 무엇이 줄이나 | 름랩","프랜차이즈 본사 앱 개발 비용 기준을 공개합니다. 간단형 580만 원대 · 표준형 2,000만 원대. 가맹점 수·발주 처리량. VAT 포함 정액 · 소스코드 이관 · 월 관리비 없음.","프랜차이즈 본사 앱 개발 비용","Answer|BreadcrumbList|ContactPoint|Country|FAQPage|ListItem|OpeningHoursSpecification|Organization|PostalAddress|ProfessionalService|PropertyValue|Question|Service|WebSite","36","2","service_or_hub","industry_cost","P1","INDEX","self-canonical, indexable and present in sitemap","TESTED_LOCAL_BUILD"
"https://reumlab.com/cost/funeral/","200","https://reumlab.com/cost/funeral/","index, follow","yes","yes","no","상조·장례 앱 개발 비용 견적 기준 | 무엇이 금액을 올리고 무엇이 줄이나 | 름랩","상조·장례 앱 개발 비용 기준을 공개합니다. 간단형 580만 원대 · 표준형 1,500만 원대. 긴급 상담 접수·즉시 연결 동선. VAT 포함 정액 · 소스코드 이관 · 월 관리비 없음.","상조·장례 앱 개발 비용","Answer|BreadcrumbList|ContactPoint|Country|FAQPage|ListItem|OpeningHoursSpecification|Organization|PostalAddress|ProfessionalService|PropertyValue|Question|Service|WebSite","36","2","service_or_hub","industry_cost","P1","INDEX","self-canonical, indexable and present in sitemap","TESTED_LOCAL_BUILD"
"https://reumlab.com/cost/furniture/","200","https://reumlab.com/cost/furniture/","index, follow","yes","yes","no","가구·리빙 앱 개발 비용 | 간단형 580만 원대~ 단계별 가격대와 비용 요인 | 름랩","가구·리빙 앱 개발 비용 기준을 공개합니다. 간단형 580만 원대 · 표준형 1,600만 원대. 치수·옵션 기반 견적 로직. VAT 포함 정액 · 소스코드 이관 · 월 관리비 없음.","가구·리빙 앱 개발 비용","Answer|BreadcrumbList|ContactPoint|Country|FAQPage|ListItem|OpeningHoursSpecification|Organization|PostalAddress|ProfessionalService|PropertyValue|Question|Service|WebSite","36","2","service_or_hub","industry_cost","P1","INDEX","self-canonical, indexable and present in sitemap","TESTED_LOCAL_BUILD"
"https://reumlab.com/cost/game-studio/","200","https://reumlab.com/cost/game-studio/","index, follow","yes","yes","no","게임 개발 앱 개발 비용 견적 기준 | 무엇이 금액을 올리고 무엇이 줄이나 | 름랩","게임 개발 앱 개발 비용 기준을 공개합니다. 간단형 580만 원대 · 표준형 2,400만 원대. 게임 장르·핵심 루프 복잡도. VAT 포함 정액 · 소스코드 이관 · 월 관리비 없음.","게임 개발 앱 개발 비용","Answer|BreadcrumbList|ContactPoint|Country|FAQPage|ListItem|OpeningHoursSpecification|Organization|PostalAddress|ProfessionalService|PropertyValue|Question|Service|WebSite","36","2","service_or_hub","industry_cost","P1","INDEX","self-canonical, indexable and present in sitemap","TESTED_LOCAL_BUILD"
"https://reumlab.com/cost/golf/","200","https://reumlab.com/cost/golf/","index, follow","yes","yes","no","골프·스포츠 예약 앱 개발 비용 | 간단형 580만 원대~ 단계별 가격대와 비용 요인 | 름랩","골프·스포츠 예약 앱 개발 비용 기준을 공개합니다. 간단형 580만 원대 · 표준형 1,600만 원대. 예약금 결제·정산 구조. VAT 포함 정액 · 소스코드 이관 · 월 관리비 없음.","골프·스포츠 예약 앱 개발 비용","Answer|BreadcrumbList|ContactPoint|Country|FAQPage|ListItem|OpeningHoursSpecification|Organization|PostalAddress|ProfessionalService|PropertyValue|Question|Service|WebSite","36","2","service_or_hub","industry_cost","P1","INDEX","self-canonical, indexable and present in sitemap","TESTED_LOCAL_BUILD"
"https://reumlab.com/cost/golf-range/","200","https://reumlab.com/cost/golf-range/","index, follow","yes","yes","no","골프연습장 앱 개발 비용 | 간단형 580만 원대~ 단계별 가격대와 비용 요인 | 름랩","골프연습장 앱 개발 비용 기준을 공개합니다. 간단형 580만 원대 · 표준형 1,400만 원대. 타석 정기권·이용권 관리 로직. VAT 포함 정액 · 소스코드 이관 · 월 관리비 없음.","골프연습장 앱 개발 비용","Answer|BreadcrumbList|ContactPoint|Country|FAQPage|ListItem|OpeningHoursSpecification|Organization|PostalAddress|ProfessionalService|PropertyValue|Question|Service|WebSite","36","2","service_or_hub","industry_cost","P1","INDEX","self-canonical, indexable and present in sitemap","TESTED_LOCAL_BUILD"
"https://reumlab.com/cost/grocery/","200","https://reumlab.com/cost/grocery/","index, follow","yes","yes","no","동네마트·장보기 앱 개발 비용 견적 기준 | 무엇이 금액을 올리고 무엇이 줄이나 | 름랩","동네마트·장보기 앱 개발 비용 기준을 공개합니다. 간단형 580만 원대 · 표준형 1,500만 원대. 당일·즉시 배달 처리 범위. VAT 포함 정액 · 소스코드 이관 · 월 관리비 없음.","동네마트·장보기 앱 개발 비용","Answer|BreadcrumbList|ContactPoint|Country|FAQPage|ListItem|OpeningHoursSpecification|Organization|PostalAddress|ProfessionalService|PropertyValue|Question|Service|WebSite","36","2","service_or_hub","industry_cost","P1","INDEX","self-canonical, indexable and present in sitemap","TESTED_LOCAL_BUILD"
"https://reumlab.com/cost/hair-salon/","200","https://reumlab.com/cost/hair-salon/","index, follow","yes","yes","no","미용실 앱 개발 비용 | 간단형 580만 원대~ 단계별 가격대와 비용 요인 | 름랩","미용실 앱 개발 비용 기준을 공개합니다. 간단형 580만 원대 · 표준형 1,400만 원대. 디자이너별 일정·정산 관리 범위. VAT 포함 정액 · 소스코드 이관 · 월 관리비 없음.","미용실 앱 개발 비용","Answer|BreadcrumbList|ContactPoint|Country|FAQPage|ListItem|OpeningHoursSpecification|Organization|PostalAddress|ProfessionalService|PropertyValue|Question|Service|WebSite","36","2","service_or_hub","industry_cost","P1","INDEX","self-canonical, indexable and present in sitemap","TESTED_LOCAL_BUILD"
"https://reumlab.com/cost/hospital/","200","https://reumlab.com/cost/hospital/","index, follow","yes","yes","no","병원·의원 앱 개발 비용 580만 원대부터 | 범위별 견적·유지비까지 계산 | 름랩","병원·의원 앱 개발 비용 기준을 공개합니다. 간단형 580만 원대 · 표준형 1,800만 원대. 사전 문진 항목의 복잡도(진료과별 문진 설계). VAT 포함 정액 · 소스코드 이관 · 월 관리비 없음.","병원·의원 앱 개발 비용","Answer|BreadcrumbList|ContactPoint|Country|FAQPage|ListItem|OpeningHoursSpecification|Organization|PostalAddress|ProfessionalService|PropertyValue|Question|Service|WebSite","36","2","service_or_hub","industry_cost","P1","INDEX","self-canonical, indexable and present in sitemap","TESTED_LOCAL_BUILD"
"https://reumlab.com/cost/","200","https://reumlab.com/cost/","index, follow","yes","yes","no","업종별 앱 개발 비용 112개 업종 | 가격대·견적 기준 — 름랩","병원·학원·헬스장·카페·쇼핑몰부터 법무·세무까지 112개 업종별 앱 개발 비용을 정리했습니다. 업종마다 간단형·표준형·고급형 가격대와 비용을 좌우하는 요인, 절감 방법까지. VAT 포함 정액·소스코드 이관·월 관리비 없음.","업종별 앱 개발 비용 — 112 개 업종 가격대·견적 기준","BreadcrumbList|CollectionPage|ContactPoint|Country|ItemList|ListItem|OpeningHoursSpecification|Organization|PostalAddress|ProfessionalService|PropertyValue|WebSite","368","2","service_or_hub","service_or_hub","P1","INDEX","self-canonical, indexable and present in sitemap","TESTED_LOCAL_BUILD"
"https://reumlab.com/cost/insurance/","200","https://reumlab.com/cost/insurance/","index, follow","yes","yes","no","보험 설계 앱 개발 비용 580만 원대부터 | 범위별 견적·유지비까지 계산 | 름랩","보험 설계 앱 개발 비용 기준을 공개합니다. 간단형 580만 원대 · 표준형 1,600만 원대. 상품·조직별 수수료 정산 로직의 복잡도. VAT 포함 정액 · 소스코드 이관 · 월 관리비 없음.","보험 설계 앱 개발 비용","Answer|BreadcrumbList|ContactPoint|Country|FAQPage|ListItem|OpeningHoursSpecification|Organization|PostalAddress|ProfessionalService|PropertyValue|Question|Service|WebSite","36","2","service_or_hub","industry_cost","P1","INDEX","self-canonical, indexable and present in sitemap","TESTED_LOCAL_BUILD"
"https://reumlab.com/cost/interior/","200","https://reumlab.com/cost/interior/","index, follow","yes","yes","no","인테리어·시공 앱 개발 비용 | 간단형 580만 원대~ 단계별 가격대와 비용 요인 | 름랩","인테리어·시공 앱 개발 비용 기준을 공개합니다. 간단형 580만 원대 · 표준형 1,600만 원대. 계약금·중도금·잔금 단계 관리. VAT 포함 정액 · 소스코드 이관 · 월 관리비 없음.","인테리어·시공 앱 개발 비용","Answer|BreadcrumbList|ContactPoint|Country|FAQPage|ListItem|OpeningHoursSpecification|Organization|PostalAddress|ProfessionalService|PropertyValue|Question|Service|WebSite","37","2","service_or_hub","industry_cost","P1","INDEX","self-canonical, indexable and present in sitemap","TESTED_LOCAL_BUILD"
"https://reumlab.com/cost/kids-cafe/","200","https://reumlab.com/cost/kids-cafe/","index, follow","yes","yes","no","키즈카페 앱 개발 비용, 얼마부터일까 | 기능별 견적·개발기간 | 름랩","키즈카페 앱 개발 비용 기준을 공개합니다. 간단형 580만 원대 · 표준형 1,400만 원대. 시간대 입장 예약·정원 관리. VAT 포함 정액 · 소스코드 이관 · 월 관리비 없음.","키즈카페 앱 개발 비용","Answer|BreadcrumbList|ContactPoint|Country|FAQPage|ListItem|OpeningHoursSpecification|Organization|PostalAddress|ProfessionalService|PropertyValue|Question|Service|WebSite","36","2","service_or_hub","industry_cost","P1","INDEX","self-canonical, indexable and present in sitemap","TESTED_LOCAL_BUILD"
"https://reumlab.com/cost/labor-hr/","200","https://reumlab.com/cost/labor-hr/","index, follow","yes","yes","no","노무·인사 앱 개발 비용, 얼마부터일까 | 기능별 견적·개발기간 | 름랩","노무·인사 앱 개발 비용 기준을 공개합니다. 간단형 580만 원대 · 표준형 1,600만 원대. 급여·수당 산정 규칙의 복잡도. VAT 포함 정액 · 소스코드 이관 · 월 관리비 없음.","노무·인사 앱 개발 비용","Answer|BreadcrumbList|ContactPoint|Country|FAQPage|ListItem|OpeningHoursSpecification|Organization|PostalAddress|ProfessionalService|PropertyValue|Question|Service|WebSite","37","2","service_or_hub","industry_cost","P1","INDEX","self-canonical, indexable and present in sitemap","TESTED_LOCAL_BUILD"
"https://reumlab.com/cost/laundry/","200","https://reumlab.com/cost/laundry/","index, follow","yes","yes","no","세탁·수거배송 앱 개발 비용, 얼마부터일까 | 기능별 견적·개발기간 | 름랩","세탁·수거배송 앱 개발 비용 기준을 공개합니다. 간단형 580만 원대 · 표준형 1,600만 원대. 세탁물 처리 단계 상태 추적 범위. VAT 포함 정액 · 소스코드 이관 · 월 관리비 없음.","세탁·수거배송 앱 개발 비용","Answer|BreadcrumbList|ContactPoint|Country|FAQPage|ListItem|OpeningHoursSpecification|Organization|PostalAddress|ProfessionalService|PropertyValue|Question|Service|WebSite","37","2","service_or_hub","industry_cost","P1","INDEX","self-canonical, indexable and present in sitemap","TESTED_LOCAL_BUILD"
"https://reumlab.com/cost/law-firm/","200","https://reumlab.com/cost/law-firm/","index, follow","yes","yes","no","법무법인·변호사 앱 개발 비용, 얼마부터일까 | 기능별 견적·개발기간 | 름랩","법무법인·변호사 앱 개발 비용 기준을 공개합니다. 간단형 580만 원대 · 표준형 1,800만 원대. 접근 권한·보안 요건의 강도. VAT 포함 정액 · 소스코드 이관 · 월 관리비 없음.","법무법인·변호사 앱 개발 비용","Answer|BreadcrumbList|ContactPoint|Country|FAQPage|ListItem|OpeningHoursSpecification|Organization|PostalAddress|ProfessionalService|PropertyValue|Question|Service|WebSite","36","2","service_or_hub","industry_cost","P1","INDEX","self-canonical, indexable and present in sitemap","TESTED_LOCAL_BUILD"
"https://reumlab.com/cost/liquor-shop/","200","https://reumlab.com/cost/liquor-shop/","index, follow","yes","yes","no","주류·와인샵 앱 개발 비용 견적 기준 | 무엇이 금액을 올리고 무엇이 줄이나 | 름랩","주류·와인샵 앱 개발 비용 기준을 공개합니다. 간단형 580만 원대 · 표준형 1,300만 원대. 성인 인증(연령 확인) 연동. VAT 포함 정액 · 소스코드 이관 · 월 관리비 없음.","주류·와인샵 앱 개발 비용","Answer|BreadcrumbList|ContactPoint|Country|FAQPage|ListItem|OpeningHoursSpecification|Organization|PostalAddress|ProfessionalService|PropertyValue|Question|Service|WebSite","36","2","service_or_hub","industry_cost","P1","INDEX","self-canonical, indexable and present in sitemap","TESTED_LOCAL_BUILD"
"https://reumlab.com/cost/loan/","200","https://reumlab.com/cost/loan/","index, follow","yes","yes","no","대출·금융 상담 앱 개발 비용 580만 원대부터 | 범위별 견적·유지비까지 계산 | 름랩","대출·금융 상담 앱 개발 비용 기준을 공개합니다. 간단형 580만 원대 · 표준형 1,600만 원대. 조건 분기 수에 따라 달라지는 상품 매칭 로직 복잡도. VAT 포함 정액 · 소스코드 이관 · 월 관리비 없음.","대출·금융 상담 앱 개발 비용","Answer|BreadcrumbList|ContactPoint|Country|FAQPage|ListItem|OpeningHoursSpecification|Organization|PostalAddress|ProfessionalService|PropertyValue|Question|Service|WebSite","36","2","service_or_hub","industry_cost","P1","INDEX","self-canonical, indexable and present in sitemap","TESTED_LOCAL_BUILD"
"https://reumlab.com/cost/lodging/","200","https://reumlab.com/cost/lodging/","index, follow","yes","yes","no","숙박·펜션 앱 개발 비용 580만 원대부터 | 범위별 견적·유지비까지 계산 | 름랩","숙박·펜션 앱 개발 비용 기준을 공개합니다. 간단형 580만 원대 · 표준형 1,600만 원대. 채널(야놀자·에어비앤비) 연동 여부. VAT 포함 정액 · 소스코드 이관 · 월 관리비 없음.","숙박·펜션 앱 개발 비용","Answer|BreadcrumbList|ContactPoint|Country|FAQPage|ListItem|OpeningHoursSpecification|Organization|PostalAddress|ProfessionalService|PropertyValue|Question|Service|WebSite","37","2","service_or_hub","industry_cost","P1","INDEX","self-canonical, indexable and present in sitemap","TESTED_LOCAL_BUILD"
"https://reumlab.com/cost/logistics/","200","https://reumlab.com/cost/logistics/","index, follow","yes","yes","no","물류·배송 앱 개발 비용 견적 기준 | 무엇이 금액을 올리고 무엇이 줄이나 | 름랩","물류·배송 앱 개발 비용 기준을 공개합니다. 간단형 580만 원대 · 표준형 1,800만 원대. 실시간 위치 추적 포함 여부. VAT 포함 정액 · 소스코드 이관 · 월 관리비 없음.","물류·배송 앱 개발 비용","Answer|BreadcrumbList|ContactPoint|Country|FAQPage|ListItem|OpeningHoursSpecification|Organization|PostalAddress|ProfessionalService|PropertyValue|Question|Service|WebSite","38","2","service_or_hub","industry_cost","P1","INDEX","self-canonical, indexable and present in sitemap","TESTED_LOCAL_BUILD"
"https://reumlab.com/cost/manufacturing/","200","https://reumlab.com/cost/manufacturing/","index, follow","yes","yes","no","제조·공장 앱 개발 비용 | 간단형 580만 원대~ 단계별 가격대와 비용 요인 | 름랩","제조·공장 앱 개발 비용 기준을 공개합니다. 간단형 580만 원대 · 표준형 1,800만 원대. 거래처별 단가·정산 구조. VAT 포함 정액 · 소스코드 이관 · 월 관리비 없음.","제조·공장 앱 개발 비용","Answer|BreadcrumbList|ContactPoint|Country|FAQPage|ListItem|OpeningHoursSpecification|Organization|PostalAddress|ProfessionalService|PropertyValue|Question|Service|WebSite","38","2","service_or_hub","industry_cost","P1","INDEX","self-canonical, indexable and present in sitemap","TESTED_LOCAL_BUILD"
"https://reumlab.com/cost/marketing-agency/","200","https://reumlab.com/cost/marketing-agency/","index, follow","yes","yes","no","마케팅 대행 앱 개발 비용 | 간단형 580만 원대~ 단계별 가격대와 비용 요인 | 름랩","마케팅 대행 앱 개발 비용 기준을 공개합니다. 간단형 580만 원대 · 표준형 1,600만 원대. 연동할 광고 채널 API 수와 각 채널 인증 방식. VAT 포함 정액 · 소스코드 이관 · 월 관리비 없음.","마케팅 대행 앱 개발 비용","Answer|BreadcrumbList|ContactPoint|Country|FAQPage|ListItem|OpeningHoursSpecification|Organization|PostalAddress|ProfessionalService|PropertyValue|Question|Service|WebSite","36","2","service_or_hub","industry_cost","P1","INDEX","self-canonical, indexable and present in sitemap","TESTED_LOCAL_BUILD"
"https://reumlab.com/cost/marketplace/","200","https://reumlab.com/cost/marketplace/","index, follow","yes","yes","no","중고거래·마켓 앱 개발 비용 견적 기준 | 무엇이 금액을 올리고 무엇이 줄이나 | 름랩","중고거래·마켓 앱 개발 비용 기준을 공개합니다. 간단형 580만 원대 · 표준형 1,800만 원대. 안전결제(에스크로)·정산 구조. VAT 포함 정액 · 소스코드 이관 · 월 관리비 없음.","중고거래·마켓 앱 개발 비용","Answer|BreadcrumbList|ContactPoint|Country|FAQPage|ListItem|OpeningHoursSpecification|Organization|PostalAddress|ProfessionalService|PropertyValue|Question|Service|WebSite","36","2","service_or_hub","industry_cost","P1","INDEX","self-canonical, indexable and present in sitemap","TESTED_LOCAL_BUILD"
"https://reumlab.com/cost/massage/","200","https://reumlab.com/cost/massage/","index, follow","yes","yes","no","마사지·테라피 앱 개발 비용 견적 기준 | 무엇이 금액을 올리고 무엇이 줄이나 | 름랩","마사지·테라피 앱 개발 비용 기준을 공개합니다. 간단형 580만 원대 · 표준형 1,400만 원대. 관리사 지정·일정 중복 방지. VAT 포함 정액 · 소스코드 이관 · 월 관리비 없음.","마사지·테라피 앱 개발 비용","Answer|BreadcrumbList|ContactPoint|Country|FAQPage|ListItem|OpeningHoursSpecification|Organization|PostalAddress|ProfessionalService|PropertyValue|Question|Service|WebSite","36","2","service_or_hub","industry_cost","P1","INDEX","self-canonical, indexable and present in sitemap","TESTED_LOCAL_BUILD"
"https://reumlab.com/cost/math-academy/","200","https://reumlab.com/cost/math-academy/","index, follow","yes","yes","no","수학·입시학원 앱 개발 비용 견적 기준 | 무엇이 금액을 올리고 무엇이 줄이나 | 름랩","수학·입시학원 앱 개발 비용 기준을 공개합니다. 간단형 580만 원대 · 표준형 1,600만 원대. 오답 유형별 분석 로직의 정교함. VAT 포함 정액 · 소스코드 이관 · 월 관리비 없음.","수학·입시학원 앱 개발 비용","Answer|BreadcrumbList|ContactPoint|Country|FAQPage|ListItem|OpeningHoursSpecification|Organization|PostalAddress|ProfessionalService|PropertyValue|Question|Service|WebSite","37","2","service_or_hub","industry_cost","P1","INDEX","self-canonical, indexable and present in sitemap","TESTED_LOCAL_BUILD"
"https://reumlab.com/cost/moving/","200","https://reumlab.com/cost/moving/","index, follow","yes","yes","no","이사·용달 앱 개발 비용 580만 원대부터 | 범위별 견적·유지비까지 계산 | 름랩","이사·용달 앱 개발 비용 기준을 공개합니다. 간단형 580만 원대 · 표준형 1,600만 원대. 사진·정보 기반 견적 접수. VAT 포함 정액 · 소스코드 이관 · 월 관리비 없음.","이사·용달 앱 개발 비용","Answer|BreadcrumbList|ContactPoint|Country|FAQPage|ListItem|OpeningHoursSpecification|Organization|PostalAddress|ProfessionalService|PropertyValue|Question|Service|WebSite","36","2","service_or_hub","industry_cost","P1","INDEX","self-canonical, indexable and present in sitemap","TESTED_LOCAL_BUILD"
"https://reumlab.com/cost/music-academy/","200","https://reumlab.com/cost/music-academy/","index, follow","yes","yes","no","음악학원 앱 개발 비용 580만 원대부터 | 범위별 견적·유지비까지 계산 | 름랩","음악학원 앱 개발 비용 기준을 공개합니다. 간단형 580만 원대 · 표준형 1,400만 원대. 강사·학생 1:1 스케줄 조율 로직. VAT 포함 정액 · 소스코드 이관 · 월 관리비 없음.","음악학원 앱 개발 비용","Answer|BreadcrumbList|ContactPoint|Country|FAQPage|ListItem|OpeningHoursSpecification|Organization|PostalAddress|ProfessionalService|PropertyValue|Question|Service|WebSite","37","2","service_or_hub","industry_cost","P1","INDEX","self-canonical, indexable and present in sitemap","TESTED_LOCAL_BUILD"
"https://reumlab.com/cost/nail-shop/","200","https://reumlab.com/cost/nail-shop/","index, follow","yes","yes","no","네일·왁싱샵 앱 개발 비용 견적 기준 | 무엇이 금액을 올리고 무엇이 줄이나 | 름랩","네일·왁싱샵 앱 개발 비용 기준을 공개합니다. 간단형 580만 원대 · 표준형 1,300만 원대. 디자인 선택 예약 범위. VAT 포함 정액 · 소스코드 이관 · 월 관리비 없음.","네일·왁싱샵 앱 개발 비용","Answer|BreadcrumbList|ContactPoint|Country|FAQPage|ListItem|OpeningHoursSpecification|Organization|PostalAddress|ProfessionalService|PropertyValue|Question|Service|WebSite","36","2","service_or_hub","industry_cost","P1","INDEX","self-canonical, indexable and present in sitemap","TESTED_LOCAL_BUILD"
"https://reumlab.com/cost/nonprofit/","200","https://reumlab.com/cost/nonprofit/","index, follow","yes","yes","no","비영리·협회 앱 개발 비용, 얼마부터일까 | 기능별 견적·개발기간 | 름랩","비영리·협회 앱 개발 비용 기준을 공개합니다. 간단형 580만 원대 · 표준형 1,500만 원대. 후원·기부 정기결제 연동 여부. VAT 포함 정액 · 소스코드 이관 · 월 관리비 없음.","비영리·협회 앱 개발 비용","Answer|BreadcrumbList|ContactPoint|Country|FAQPage|ListItem|OpeningHoursSpecification|Organization|PostalAddress|ProfessionalService|PropertyValue|Question|Service|WebSite","36","2","service_or_hub","industry_cost","P1","INDEX","self-canonical, indexable and present in sitemap","TESTED_LOCAL_BUILD"
"https://reumlab.com/cost/o2o/","200","https://reumlab.com/cost/o2o/","index, follow","yes","yes","no","O2O 플랫폼 앱 개발 비용 | 간단형 580만 원대~ 단계별 가격대와 비용 요인 | 름랩","O2O 플랫폼 앱 개발 비용 기준을 공개합니다. 간단형 580만 원대 · 표준형 2,000만 원대. 양면(고객·공급자) 화면·기능 범위. VAT 포함 정액 · 소스코드 이관 · 월 관리비 없음.","O2O 플랫폼 앱 개발 비용","Answer|BreadcrumbList|ContactPoint|Country|FAQPage|ListItem|OpeningHoursSpecification|Organization|PostalAddress|ProfessionalService|PropertyValue|Question|Service|WebSite","38","2","service_or_hub","industry_cost","P1","INDEX","self-canonical, indexable and present in sitemap","TESTED_LOCAL_BUILD"
"https://reumlab.com/cost/optician/","200","https://reumlab.com/cost/optician/","index, follow","yes","yes","no","안경원 앱 개발 비용, 얼마부터일까 | 기능별 견적·개발기간 | 름랩","안경원 앱 개발 비용 기준을 공개합니다. 간단형 580만 원대 · 표준형 1,300만 원대. 콘택트렌즈 정기 구매 로직. VAT 포함 정액 · 소스코드 이관 · 월 관리비 없음.","안경원 앱 개발 비용","Answer|BreadcrumbList|ContactPoint|Country|FAQPage|ListItem|OpeningHoursSpecification|Organization|PostalAddress|ProfessionalService|PropertyValue|Question|Service|WebSite","36","2","service_or_hub","industry_cost","P1","INDEX","self-canonical, indexable and present in sitemap","TESTED_LOCAL_BUILD"
"https://reumlab.com/cost/oriental-medicine/","200","https://reumlab.com/cost/oriental-medicine/","index, follow","yes","yes","no","한의원 앱 개발 비용 견적 기준 | 무엇이 금액을 올리고 무엇이 줄이나 | 름랩","한의원 앱 개발 비용 기준을 공개합니다. 간단형 580만 원대 · 표준형 1,600만 원대. 탕약 정기 배송·정기결제 연동. VAT 포함 정액 · 소스코드 이관 · 월 관리비 없음.","한의원 앱 개발 비용","Answer|BreadcrumbList|ContactPoint|Country|FAQPage|ListItem|OpeningHoursSpecification|Organization|PostalAddress|ProfessionalService|PropertyValue|Question|Service|WebSite","36","2","service_or_hub","industry_cost","P1","INDEX","self-canonical, indexable and present in sitemap","TESTED_LOCAL_BUILD"
"https://reumlab.com/cost/parking/","200","https://reumlab.com/cost/parking/","index, follow","yes","yes","no","주차장 앱 개발 비용 580만 원대부터 | 범위별 견적·유지비까지 계산 | 름랩","주차장 앱 개발 비용 기준을 공개합니다. 간단형 580만 원대 · 표준형 1,500만 원대. 입출차 하드웨어 연동 범위. VAT 포함 정액 · 소스코드 이관 · 월 관리비 없음.","주차장 앱 개발 비용","Answer|BreadcrumbList|ContactPoint|Country|FAQPage|ListItem|OpeningHoursSpecification|Organization|PostalAddress|ProfessionalService|PropertyValue|Question|Service|WebSite","36","2","service_or_hub","industry_cost","P1","INDEX","self-canonical, indexable and present in sitemap","TESTED_LOCAL_BUILD"
"https://reumlab.com/cost/party-room/","200","https://reumlab.com/cost/party-room/","index, follow","yes","yes","no","파티룸·대여공간 앱 개발 비용 | 간단형 580만 원대~ 단계별 가격대와 비용 요인 | 름랩","파티룸·대여공간 앱 개발 비용 기준을 공개합니다. 간단형 580만 원대 · 표준형 1,400만 원대. 시간대 예약 중복 방지. VAT 포함 정액 · 소스코드 이관 · 월 관리비 없음.","파티룸·대여공간 앱 개발 비용","Answer|BreadcrumbList|ContactPoint|Country|FAQPage|ListItem|OpeningHoursSpecification|Organization|PostalAddress|ProfessionalService|PropertyValue|Question|Service|WebSite","37","2","service_or_hub","industry_cost","P1","INDEX","self-canonical, indexable and present in sitemap","TESTED_LOCAL_BUILD"
"https://reumlab.com/cost/patent/","200","https://reumlab.com/cost/patent/","index, follow","yes","yes","no","특허·지식재산 앱 개발 비용 580만 원대부터 | 범위별 견적·유지비까지 계산 | 름랩","특허·지식재산 앱 개발 비용 기준을 공개합니다. 간단형 580만 원대 · 표준형 1,600만 원대. 출원·심사·갱신 기한 관리 로직. VAT 포함 정액 · 소스코드 이관 · 월 관리비 없음.","특허·지식재산 앱 개발 비용","Answer|BreadcrumbList|ContactPoint|Country|FAQPage|ListItem|OpeningHoursSpecification|Organization|PostalAddress|ProfessionalService|PropertyValue|Question|Service|WebSite","36","2","service_or_hub","industry_cost","P1","INDEX","self-canonical, indexable and present in sitemap","TESTED_LOCAL_BUILD"
"https://reumlab.com/cost/pc-cafe/","200","https://reumlab.com/cost/pc-cafe/","index, follow","yes","yes","no","PC방·무인매장 앱 개발 비용, 얼마부터일까 | 기능별 견적·개발기간 | 름랩","PC방·무인매장 앱 개발 비용 기준을 공개합니다. 간단형 580만 원대 · 표준형 1,400만 원대. 실시간 좌석 점유 처리 범위. VAT 포함 정액 · 소스코드 이관 · 월 관리비 없음.","PC방·무인매장 앱 개발 비용","Answer|BreadcrumbList|ContactPoint|Country|FAQPage|ListItem|OpeningHoursSpecification|Organization|PostalAddress|ProfessionalService|PropertyValue|Question|Service|WebSite","36","2","service_or_hub","industry_cost","P1","INDEX","self-canonical, indexable and present in sitemap","TESTED_LOCAL_BUILD"
"https://reumlab.com/cost/pet/","200","https://reumlab.com/cost/pet/","index, follow","yes","yes","no","펫·반려동물 앱 개발 비용, 얼마부터일까 | 기능별 견적·개발기간 | 름랩","펫·반려동물 앱 개발 비용 기준을 공개합니다. 간단형 580만 원대 · 표준형 1,600만 원대. 용품 커머스·결제 포함 여부. VAT 포함 정액 · 소스코드 이관 · 월 관리비 없음.","펫·반려동물 앱 개발 비용","Answer|BreadcrumbList|ContactPoint|Country|FAQPage|ListItem|OpeningHoursSpecification|Organization|PostalAddress|ProfessionalService|PropertyValue|Question|Service|WebSite","36","2","service_or_hub","industry_cost","P1","INDEX","self-canonical, indexable and present in sitemap","TESTED_LOCAL_BUILD"
"https://reumlab.com/cost/pharmacy/","200","https://reumlab.com/cost/pharmacy/","index, follow","yes","yes","no","약국 앱 개발 비용 견적 기준 | 무엇이 금액을 올리고 무엇이 줄이나 | 름랩","약국 앱 개발 비용 기준을 공개합니다. 간단형 580만 원대 · 표준형 1,500만 원대. 처방전 이미지 접수·처리 방식. VAT 포함 정액 · 소스코드 이관 · 월 관리비 없음.","약국 앱 개발 비용","Answer|BreadcrumbList|ContactPoint|Country|FAQPage|ListItem|OpeningHoursSpecification|Organization|PostalAddress|ProfessionalService|PropertyValue|Question|Service|WebSite","36","2","service_or_hub","industry_cost","P1","INDEX","self-canonical, indexable and present in sitemap","TESTED_LOCAL_BUILD"
"https://reumlab.com/cost/photo-studio/","200","https://reumlab.com/cost/photo-studio/","index, follow","yes","yes","no","사진관·스튜디오 앱 개발 비용 견적 기준 | 무엇이 금액을 올리고 무엇이 줄이나 | 름랩","사진관·스튜디오 앱 개발 비용 기준을 공개합니다. 간단형 580만 원대 · 표준형 1,400만 원대. 원본·보정본 온라인 전달·저장 용량. VAT 포함 정액 · 소스코드 이관 · 월 관리비 없음.","사진관·스튜디오 앱 개발 비용","Answer|BreadcrumbList|ContactPoint|Country|FAQPage|ListItem|OpeningHoursSpecification|Organization|PostalAddress|ProfessionalService|PropertyValue|Question|Service|WebSite","36","2","service_or_hub","industry_cost","P1","INDEX","self-canonical, indexable and present in sitemap","TESTED_LOCAL_BUILD"
"https://reumlab.com/cost/physical-therapy/","200","https://reumlab.com/cost/physical-therapy/","index, follow","yes","yes","no","도수치료·재활 앱 개발 비용 견적 기준 | 무엇이 금액을 올리고 무엇이 줄이나 | 름랩","도수치료·재활 앱 개발 비용 기준을 공개합니다. 간단형 580만 원대 · 표준형 1,600만 원대. 치료사별 회기 예약·연속성 관리. VAT 포함 정액 · 소스코드 이관 · 월 관리비 없음.","도수치료·재활 앱 개발 비용","Answer|BreadcrumbList|ContactPoint|Country|FAQPage|ListItem|OpeningHoursSpecification|Organization|PostalAddress|ProfessionalService|PropertyValue|Question|Service|WebSite","36","2","service_or_hub","industry_cost","P1","INDEX","self-canonical, indexable and present in sitemap","TESTED_LOCAL_BUILD"
"https://reumlab.com/cost/pilates/","200","https://reumlab.com/cost/pilates/","index, follow","yes","yes","no","필라테스·요가 앱 개발 비용 580만 원대부터 | 범위별 견적·유지비까지 계산 | 름랩","필라테스·요가 앱 개발 비용 기준을 공개합니다. 간단형 580만 원대 · 표준형 1,400만 원대. 시간표별 정원·초과 방지 로직. VAT 포함 정액 · 소스코드 이관 · 월 관리비 없음.","필라테스·요가 앱 개발 비용","Answer|BreadcrumbList|ContactPoint|Country|FAQPage|ListItem|OpeningHoursSpecification|Organization|PostalAddress|ProfessionalService|PropertyValue|Question|Service|WebSite","36","2","service_or_hub","industry_cost","P1","INDEX","self-canonical, indexable and present in sitemap","TESTED_LOCAL_BUILD"
"https://reumlab.com/cost/postpartum/","200","https://reumlab.com/cost/postpartum/","index, follow","yes","yes","no","산후조리원 앱 개발 비용 견적 기준 | 무엇이 금액을 올리고 무엇이 줄이나 | 름랩","산후조리원 앱 개발 비용 기준을 공개합니다. 간단형 580만 원대 · 표준형 1,600만 원대. 입실 예약·상담 관리. VAT 포함 정액 · 소스코드 이관 · 월 관리비 없음.","산후조리원 앱 개발 비용","Answer|BreadcrumbList|ContactPoint|Country|FAQPage|ListItem|OpeningHoursSpecification|Organization|PostalAddress|ProfessionalService|PropertyValue|Question|Service|WebSite","36","2","service_or_hub","industry_cost","P1","INDEX","self-canonical, indexable and present in sitemap","TESTED_LOCAL_BUILD"
"https://reumlab.com/cost/printing/","200","https://reumlab.com/cost/printing/","index, follow","yes","yes","no","인쇄·간판 앱 개발 비용 견적 기준 | 무엇이 금액을 올리고 무엇이 줄이나 | 름랩","인쇄·간판 앱 개발 비용 기준을 공개합니다. 간단형 580만 원대 · 표준형 1,400만 원대. 수량·규격·재질 기반 견적 로직. VAT 포함 정액 · 소스코드 이관 · 월 관리비 없음.","인쇄·간판 앱 개발 비용","Answer|BreadcrumbList|ContactPoint|Country|FAQPage|ListItem|OpeningHoursSpecification|Organization|PostalAddress|ProfessionalService|PropertyValue|Question|Service|WebSite","36","2","service_or_hub","industry_cost","P1","INDEX","self-canonical, indexable and present in sitemap","TESTED_LOCAL_BUILD"
"https://reumlab.com/cost/property-mgmt/","200","https://reumlab.com/cost/property-mgmt/","index, follow","yes","yes","no","임대·건물관리 앱 개발 비용, 얼마부터일까 | 기능별 견적·개발기간 | 름랩","임대·건물관리 앱 개발 비용 기준을 공개합니다. 간단형 580만 원대 · 표준형 1,600만 원대. 임대료·관리비 청구·수납 관리. VAT 포함 정액 · 소스코드 이관 · 월 관리비 없음.","임대·건물관리 앱 개발 비용","Answer|BreadcrumbList|ContactPoint|Country|FAQPage|ListItem|OpeningHoursSpecification|Organization|PostalAddress|ProfessionalService|PropertyValue|Question|Service|WebSite","36","2","service_or_hub","industry_cost","P1","INDEX","self-canonical, indexable and present in sitemap","TESTED_LOCAL_BUILD"
"https://reumlab.com/cost/psychology/","200","https://reumlab.com/cost/psychology/","index, follow","yes","yes","no","심리상담센터 앱 개발 비용 견적 기준 | 무엇이 금액을 올리고 무엇이 줄이나 | 름랩","심리상담센터 앱 개발 비용 기준을 공개합니다. 간단형 580만 원대 · 표준형 1,600만 원대. 접근 권한·민감정보 보안 강도. VAT 포함 정액 · 소스코드 이관 · 월 관리비 없음.","심리상담센터 앱 개발 비용","Answer|BreadcrumbList|ContactPoint|Country|FAQPage|ListItem|OpeningHoursSpecification|Organization|PostalAddress|ProfessionalService|PropertyValue|Question|Service|WebSite","36","2","service_or_hub","industry_cost","P1","INDEX","self-canonical, indexable and present in sitemap","TESTED_LOCAL_BUILD"
"https://reumlab.com/cost/realestate/","200","https://reumlab.com/cost/realestate/","index, follow","yes","yes","no","부동산·중개 앱 개발 비용 | 간단형 580만 원대~ 단계별 가격대와 비용 요인 | 름랩","부동산·중개 앱 개발 비용 기준을 공개합니다. 간단형 580만 원대 · 표준형 1,800만 원대. 지도 API 사용량(매물·트래픽 규모). VAT 포함 정액 · 소스코드 이관 · 월 관리비 없음.","부동산·중개 앱 개발 비용","Answer|BreadcrumbList|ContactPoint|Country|FAQPage|ListItem|OpeningHoursSpecification|Organization|PostalAddress|ProfessionalService|PropertyValue|Question|Service|WebSite","37","2","service_or_hub","industry_cost","P1","INDEX","self-canonical, indexable and present in sitemap","TESTED_LOCAL_BUILD"
"https://reumlab.com/cost/recruiting/","200","https://reumlab.com/cost/recruiting/","index, follow","yes","yes","no","채용·헤드헌팅 앱 개발 비용 580만 원대부터 | 범위별 견적·유지비까지 계산 | 름랩","채용·헤드헌팅 앱 개발 비용 기준을 공개합니다. 간단형 580만 원대 · 표준형 1,700만 원대. 지원자·포지션 매칭 로직. VAT 포함 정액 · 소스코드 이관 · 월 관리비 없음.","채용·헤드헌팅 앱 개발 비용","Answer|BreadcrumbList|ContactPoint|Country|FAQPage|ListItem|OpeningHoursSpecification|Organization|PostalAddress|ProfessionalService|PropertyValue|Question|Service|WebSite","37","2","service_or_hub","industry_cost","P1","INDEX","self-canonical, indexable and present in sitemap","TESTED_LOCAL_BUILD"
"https://reumlab.com/cost/rental/","200","https://reumlab.com/cost/rental/","index, follow","yes","yes","no","렌탈·대여 앱 개발 비용 580만 원대부터 | 범위별 견적·유지비까지 계산 | 름랩","렌탈·대여 앱 개발 비용 기준을 공개합니다. 간단형 580만 원대 · 표준형 1,500만 원대. 품목별 예약 캘린더·중복 방지. VAT 포함 정액 · 소스코드 이관 · 월 관리비 없음.","렌탈·대여 앱 개발 비용","Answer|BreadcrumbList|ContactPoint|Country|FAQPage|ListItem|OpeningHoursSpecification|Organization|PostalAddress|ProfessionalService|PropertyValue|Question|Service|WebSite","37","2","service_or_hub","industry_cost","P1","INDEX","self-canonical, indexable and present in sitemap","TESTED_LOCAL_BUILD"
"https://reumlab.com/cost/rental-car/","200","https://reumlab.com/cost/rental-car/","index, follow","yes","yes","no","렌터카·차량대여 앱 개발 비용 견적 기준 | 무엇이 금액을 올리고 무엇이 줄이나 | 름랩","렌터카·차량대여 앱 개발 비용 기준을 공개합니다. 간단형 580만 원대 · 표준형 1,600만 원대. 차량별 예약 중복 방지. VAT 포함 정액 · 소스코드 이관 · 월 관리비 없음.","렌터카·차량대여 앱 개발 비용","Answer|BreadcrumbList|ContactPoint|Country|FAQPage|ListItem|OpeningHoursSpecification|Organization|PostalAddress|ProfessionalService|PropertyValue|Question|Service|WebSite","36","2","service_or_hub","industry_cost","P1","INDEX","self-canonical, indexable and present in sitemap","TESTED_LOCAL_BUILD"
"https://reumlab.com/cost/resort/","200","https://reumlab.com/cost/resort/","index, follow","yes","yes","no","리조트·워터파크 앱 개발 비용 견적 기준 | 무엇이 금액을 올리고 무엇이 줄이나 | 름랩","리조트·워터파크 앱 개발 비용 기준을 공개합니다. 간단형 580만 원대 · 표준형 1,800만 원대. 입장권·이용권 예매 관리. VAT 포함 정액 · 소스코드 이관 · 월 관리비 없음.","리조트·워터파크 앱 개발 비용","Answer|BreadcrumbList|ContactPoint|Country|FAQPage|ListItem|OpeningHoursSpecification|Organization|PostalAddress|ProfessionalService|PropertyValue|Question|Service|WebSite","36","2","service_or_hub","industry_cost","P1","INDEX","self-canonical, indexable and present in sitemap","TESTED_LOCAL_BUILD"
"https://reumlab.com/cost/restaurant/","200","https://reumlab.com/cost/restaurant/","index, follow","yes","yes","no","식당·외식 앱 개발 비용, 얼마부터일까 | 기능별 견적·개발기간 | 름랩","식당·외식 앱 개발 비용 기준을 공개합니다. 간단형 580만 원대 · 표준형 1,600만 원대. 기존 포스(POS) 연동 여부. VAT 포함 정액 · 소스코드 이관 · 월 관리비 없음.","식당·외식 앱 개발 비용","Answer|BreadcrumbList|ContactPoint|Country|FAQPage|ListItem|OpeningHoursSpecification|Organization|PostalAddress|ProfessionalService|PropertyValue|Question|Service|WebSite","38","2","service_or_hub","industry_cost","P1","INDEX","self-canonical, indexable and present in sitemap","TESTED_LOCAL_BUILD"
"https://reumlab.com/cost/screen-golf/","200","https://reumlab.com/cost/screen-golf/","index, follow","yes","yes","no","스크린골프 앱 개발 비용 견적 기준 | 무엇이 금액을 올리고 무엇이 줄이나 | 름랩","스크린골프 앱 개발 비용 기준을 공개합니다. 간단형 580만 원대 · 표준형 1,400만 원대. 타석·시간대 예약 중복 방지. VAT 포함 정액 · 소스코드 이관 · 월 관리비 없음.","스크린골프 앱 개발 비용","Answer|BreadcrumbList|ContactPoint|Country|FAQPage|ListItem|OpeningHoursSpecification|Organization|PostalAddress|ProfessionalService|PropertyValue|Question|Service|WebSite","36","2","service_or_hub","industry_cost","P1","INDEX","self-canonical, indexable and present in sitemap","TESTED_LOCAL_BUILD"
"https://reumlab.com/cost/security/","200","https://reumlab.com/cost/security/","index, follow","yes","yes","no","보안·경비 앱 개발 비용 580만 원대부터 | 범위별 견적·유지비까지 계산 | 름랩","보안·경비 앱 개발 비용 기준을 공개합니다. 간단형 580만 원대 · 표준형 1,600만 원대. CCTV·관제 시스템·NVR 이벤트 연동 여부와 장비 규격의 다양성. VAT 포함 정액 · 소스코드 이관 · 월 관리비 없음.","보안·경비 앱 개발 비용","Answer|BreadcrumbList|ContactPoint|Country|FAQPage|ListItem|OpeningHoursSpecification|Organization|PostalAddress|ProfessionalService|PropertyValue|Question|Service|WebSite","37","2","service_or_hub","industry_cost","P1","INDEX","self-canonical, indexable and present in sitemap","TESTED_LOCAL_BUILD"
"https://reumlab.com/cost/senior/","200","https://reumlab.com/cost/senior/","index, follow","yes","yes","no","요양·주간보호 앱 개발 비용 | 간단형 580만 원대~ 단계별 가격대와 비용 요인 | 름랩","요양·주간보호 앱 개발 비용 기준을 공개합니다. 간단형 580만 원대 · 표준형 1,600만 원대. 식사·투약·활동 케어 기록 범위. VAT 포함 정액 · 소스코드 이관 · 월 관리비 없음.","요양·주간보호 앱 개발 비용","Answer|BreadcrumbList|ContactPoint|Country|FAQPage|ListItem|OpeningHoursSpecification|Organization|PostalAddress|ProfessionalService|PropertyValue|Question|Service|WebSite","36","2","service_or_hub","industry_cost","P1","INDEX","self-canonical, indexable and present in sitemap","TESTED_LOCAL_BUILD"
"https://reumlab.com/cost/shopping/","200","https://reumlab.com/cost/shopping/","index, follow","yes","yes","no","쇼핑몰·커머스 앱 개발 비용 | 간단형 580만 원대~ 단계별 가격대와 비용 요인 | 름랩","쇼핑몰·커머스 앱 개발 비용 기준을 공개합니다. 간단형 580만 원대 · 표준형 2,000만 원대. PG 결제·간편결제 연동 범위. VAT 포함 정액 · 소스코드 이관 · 월 관리비 없음.","쇼핑몰·커머스 앱 개발 비용","Answer|BreadcrumbList|ContactPoint|Country|FAQPage|ListItem|OpeningHoursSpecification|Organization|PostalAddress|ProfessionalService|PropertyValue|Question|Service|WebSite","36","2","service_or_hub","industry_cost","P1","INDEX","self-canonical, indexable and present in sitemap","TESTED_LOCAL_BUILD"
"https://reumlab.com/cost/sidedish/","200","https://reumlab.com/cost/sidedish/","index, follow","yes","yes","no","반찬·밀키트 앱 개발 비용, 얼마부터일까 | 기능별 견적·개발기간 | 름랩","반찬·밀키트 앱 개발 비용 기준을 공개합니다. 간단형 580만 원대 · 표준형 1,300만 원대. 정기 반찬 구독 로직. VAT 포함 정액 · 소스코드 이관 · 월 관리비 없음.","반찬·밀키트 앱 개발 비용","Answer|BreadcrumbList|ContactPoint|Country|FAQPage|ListItem|OpeningHoursSpecification|Organization|PostalAddress|ProfessionalService|PropertyValue|Question|Service|WebSite","37","2","service_or_hub","industry_cost","P1","INDEX","self-canonical, indexable and present in sitemap","TESTED_LOCAL_BUILD"
"https://reumlab.com/cost/skin-clinic/","200","https://reumlab.com/cost/skin-clinic/","index, follow","yes","yes","no","피부과·성형외과 앱 개발 비용 580만 원대부터 | 범위별 견적·유지비까지 계산 | 름랩","피부과·성형외과 앱 개발 비용 기준을 공개합니다. 간단형 580만 원대 · 표준형 1,700만 원대. 패키지 시술 회차·잔여 관리 로직. VAT 포함 정액 · 소스코드 이관 · 월 관리비 없음.","피부과·성형외과 앱 개발 비용","Answer|BreadcrumbList|ContactPoint|Country|FAQPage|ListItem|OpeningHoursSpecification|Organization|PostalAddress|ProfessionalService|PropertyValue|Question|Service|WebSite","36","2","service_or_hub","industry_cost","P1","INDEX","self-canonical, indexable and present in sitemap","TESTED_LOCAL_BUILD"
"https://reumlab.com/cost/solar/","200","https://reumlab.com/cost/solar/","index, follow","yes","yes","no","태양광·에너지 앱 개발 비용, 얼마부터일까 | 기능별 견적·개발기간 | 름랩","태양광·에너지 앱 개발 비용 기준을 공개합니다. 간단형 580만 원대 · 표준형 1,600만 원대. 인버터·모니터링 장비 데이터 연동 여부와 장비 제조사의 다양성. VAT 포함 정액 · 소스코드 이관 · 월 관리비 없음.","태양광·에너지 앱 개발 비용","Answer|BreadcrumbList|ContactPoint|Country|FAQPage|ListItem|OpeningHoursSpecification|Organization|PostalAddress|ProfessionalService|PropertyValue|Question|Service|WebSite","36","2","service_or_hub","industry_cost","P1","INDEX","self-canonical, indexable and present in sitemap","TESTED_LOCAL_BUILD"
"https://reumlab.com/cost/speech/","200","https://reumlab.com/cost/speech/","index, follow","yes","yes","no","언어·발달치료 앱 개발 비용 580만 원대부터 | 범위별 견적·유지비까지 계산 | 름랩","언어·발달치료 앱 개발 비용 기준을 공개합니다. 간단형 580만 원대 · 표준형 1,600만 원대. 치료사별 회기 예약·연속성 관리. VAT 포함 정액 · 소스코드 이관 · 월 관리비 없음.","언어·발달치료 앱 개발 비용","Answer|BreadcrumbList|ContactPoint|Country|FAQPage|ListItem|OpeningHoursSpecification|Organization|PostalAddress|ProfessionalService|PropertyValue|Question|Service|WebSite","36","2","service_or_hub","industry_cost","P1","INDEX","self-canonical, indexable and present in sitemap","TESTED_LOCAL_BUILD"
"https://reumlab.com/cost/storage/","200","https://reumlab.com/cost/storage/","index, follow","yes","yes","no","셀프스토리지 앱 개발 비용, 얼마부터일까 | 기능별 견적·개발기간 | 름랩","셀프스토리지 앱 개발 비용 기준을 공개합니다. 간단형 580만 원대 · 표준형 1,500만 원대. 유닛 조회·예약 관리. VAT 포함 정액 · 소스코드 이관 · 월 관리비 없음.","셀프스토리지 앱 개발 비용","Answer|BreadcrumbList|ContactPoint|Country|FAQPage|ListItem|OpeningHoursSpecification|Organization|PostalAddress|ProfessionalService|PropertyValue|Question|Service|WebSite","36","2","service_or_hub","industry_cost","P1","INDEX","self-canonical, indexable and present in sitemap","TESTED_LOCAL_BUILD"
"https://reumlab.com/cost/studycafe/","200","https://reumlab.com/cost/studycafe/","index, follow","yes","yes","no","스터디카페·독서실 앱 개발 비용 580만 원대부터 | 범위별 견적·유지비까지 계산 | 름랩","스터디카페·독서실 앱 개발 비용 기준을 공개합니다. 간단형 580만 원대 · 표준형 1,400만 원대. 출입 하드웨어(QR·번호) 연동 범위. VAT 포함 정액 · 소스코드 이관 · 월 관리비 없음.","스터디카페·독서실 앱 개발 비용","Answer|BreadcrumbList|ContactPoint|Country|FAQPage|ListItem|OpeningHoursSpecification|Organization|PostalAddress|ProfessionalService|PropertyValue|Question|Service|WebSite","37","2","service_or_hub","industry_cost","P1","INDEX","self-canonical, indexable and present in sitemap","TESTED_LOCAL_BUILD"
"https://reumlab.com/cost/subscription/","200","https://reumlab.com/cost/subscription/","index, follow","yes","yes","no","구독 서비스 앱 개발 비용 견적 기준 | 무엇이 금액을 올리고 무엇이 줄이나 | 름랩","구독 서비스 앱 개발 비용 기준을 공개합니다. 간단형 580만 원대 · 표준형 1,600만 원대. 자동 정기결제(자동 갱신) 연동 여부. VAT 포함 정액 · 소스코드 이관 · 월 관리비 없음.","구독 서비스 앱 개발 비용","Answer|BreadcrumbList|ContactPoint|Country|FAQPage|ListItem|OpeningHoursSpecification|Organization|PostalAddress|ProfessionalService|PropertyValue|Question|Service|WebSite","37","2","service_or_hub","industry_cost","P1","INDEX","self-canonical, indexable and present in sitemap","TESTED_LOCAL_BUILD"
"https://reumlab.com/cost/swimming/","200","https://reumlab.com/cost/swimming/","index, follow","yes","yes","no","수영장·스포츠센터 앱 개발 비용 견적 기준 | 무엇이 금액을 올리고 무엇이 줄이나 | 름랩","수영장·스포츠센터 앱 개발 비용 기준을 공개합니다. 간단형 580만 원대 · 표준형 1,500만 원대. 강습반 레벨·정원 관리 로직. VAT 포함 정액 · 소스코드 이관 · 월 관리비 없음.","수영장·스포츠센터 앱 개발 비용","Answer|BreadcrumbList|ContactPoint|Country|FAQPage|ListItem|OpeningHoursSpecification|Organization|PostalAddress|ProfessionalService|PropertyValue|Question|Service|WebSite","36","2","service_or_hub","industry_cost","P1","INDEX","self-canonical, indexable and present in sitemap","TESTED_LOCAL_BUILD"
"https://reumlab.com/cost/taekwondo/","200","https://reumlab.com/cost/taekwondo/","index, follow","yes","yes","no","태권도·체육관 앱 개발 비용 580만 원대부터 | 범위별 견적·유지비까지 계산 | 름랩","태권도·체육관 앱 개발 비용 기준을 공개합니다. 간단형 580만 원대 · 표준형 1,400만 원대. 차량 탑승·등하원 알림 범위. VAT 포함 정액 · 소스코드 이관 · 월 관리비 없음.","태권도·체육관 앱 개발 비용","Answer|BreadcrumbList|ContactPoint|Country|FAQPage|ListItem|OpeningHoursSpecification|Organization|PostalAddress|ProfessionalService|PropertyValue|Question|Service|WebSite","36","2","service_or_hub","industry_cost","P1","INDEX","self-canonical, indexable and present in sitemap","TESTED_LOCAL_BUILD"
"https://reumlab.com/cost/tailor/","200","https://reumlab.com/cost/tailor/","index, follow","yes","yes","no","맞춤정장·수선 앱 개발 비용, 얼마부터일까 | 기능별 견적·개발기간 | 름랩","맞춤정장·수선 앱 개발 비용 기준을 공개합니다. 간단형 580만 원대 · 표준형 1,300만 원대. 채촌·상담 예약 관리. VAT 포함 정액 · 소스코드 이관 · 월 관리비 없음.","맞춤정장·수선 앱 개발 비용","Answer|BreadcrumbList|ContactPoint|Country|FAQPage|ListItem|OpeningHoursSpecification|Organization|PostalAddress|ProfessionalService|PropertyValue|Question|Service|WebSite","36","2","service_or_hub","industry_cost","P1","INDEX","self-canonical, indexable and present in sitemap","TESTED_LOCAL_BUILD"
"https://reumlab.com/cost/tax-accounting/","200","https://reumlab.com/cost/tax-accounting/","index, follow","yes","yes","no","세무·회계 앱 개발 비용 견적 기준 | 무엇이 금액을 올리고 무엇이 줄이나 | 름랩","세무·회계 앱 개발 비용 기준을 공개합니다. 간단형 580만 원대 · 표준형 1,600만 원대. 증빙 자료 업로드·요청 관리 범위. VAT 포함 정액 · 소스코드 이관 · 월 관리비 없음.","세무·회계 앱 개발 비용","Answer|BreadcrumbList|ContactPoint|Country|FAQPage|ListItem|OpeningHoursSpecification|Organization|PostalAddress|ProfessionalService|PropertyValue|Question|Service|WebSite","36","2","service_or_hub","industry_cost","P1","INDEX","self-canonical, indexable and present in sitemap","TESTED_LOCAL_BUILD"
"https://reumlab.com/cost/telemedicine/","200","https://reumlab.com/cost/telemedicine/","index, follow","yes","yes","no","비대면 진료 앱 개발 비용 | 간단형 580만 원대~ 단계별 가격대와 비용 요인 | 름랩","비대면 진료 앱 개발 비용 기준을 공개합니다. 간단형 580만 원대 · 표준형 1,600만 원대. 화상 진료 방식(자체 구축 대비 검증된 외부 영상 서비스 연동)과 동시 진료 규모. VAT 포함 정액 · 소스코드 이관 · 월 관리비 없음.","비대면 진료 앱 개발 비용","Answer|BreadcrumbList|ContactPoint|Country|FAQPage|ListItem|OpeningHoursSpecification|Organization|PostalAddress|ProfessionalService|PropertyValue|Question|Service|WebSite","36","2","service_or_hub","industry_cost","P1","INDEX","self-canonical, indexable and present in sitemap","TESTED_LOCAL_BUILD"
"https://reumlab.com/cost/translation/","200","https://reumlab.com/cost/translation/","index, follow","yes","yes","no","번역·통역 앱 개발 비용 견적 기준 | 무엇이 금액을 올리고 무엇이 줄이나 | 름랩","번역·통역 앱 개발 비용 기준을 공개합니다. 간단형 580만 원대 · 표준형 1,600만 원대. 번역가 자동 정산과 수수료·세금·지급 주기 정책의 복잡도. VAT 포함 정액 · 소스코드 이관 · 월 관리비 없음.","번역·통역 앱 개발 비용","Answer|BreadcrumbList|ContactPoint|Country|FAQPage|ListItem|OpeningHoursSpecification|Organization|PostalAddress|ProfessionalService|PropertyValue|Question|Service|WebSite","36","2","service_or_hub","industry_cost","P1","INDEX","self-canonical, indexable and present in sitemap","TESTED_LOCAL_BUILD"
"https://reumlab.com/cost/travel/","200","https://reumlab.com/cost/travel/","index, follow","yes","yes","no","여행·투어 앱 개발 비용 | 간단형 580만 원대~ 단계별 가격대와 비용 요인 | 름랩","여행·투어 앱 개발 비용 기준을 공개합니다. 간단형 580만 원대 · 표준형 1,600만 원대. 상품 예약·정원 관리 범위. VAT 포함 정액 · 소스코드 이관 · 월 관리비 없음.","여행·투어 앱 개발 비용","Answer|BreadcrumbList|ContactPoint|Country|FAQPage|ListItem|OpeningHoursSpecification|Organization|PostalAddress|ProfessionalService|PropertyValue|Question|Service|WebSite","36","2","service_or_hub","industry_cost","P1","INDEX","self-canonical, indexable and present in sitemap","TESTED_LOCAL_BUILD"
"https://reumlab.com/cost/tutoring/","200","https://reumlab.com/cost/tutoring/","index, follow","yes","yes","no","과외·교습 매칭 앱 개발 비용 | 간단형 580만 원대~ 단계별 가격대와 비용 요인 | 름랩","과외·교습 매칭 앱 개발 비용 기준을 공개합니다. 간단형 580만 원대 · 표준형 1,700만 원대. 과목·지역·시간 매칭 로직. VAT 포함 정액 · 소스코드 이관 · 월 관리비 없음.","과외·교습 매칭 앱 개발 비용","Answer|BreadcrumbList|ContactPoint|Country|FAQPage|ListItem|OpeningHoursSpecification|Organization|PostalAddress|ProfessionalService|PropertyValue|Question|Service|WebSite","36","2","service_or_hub","industry_cost","P1","INDEX","self-canonical, indexable and present in sitemap","TESTED_LOCAL_BUILD"
"https://reumlab.com/cost/university/","200","https://reumlab.com/cost/university/","index, follow","yes","yes","no","대학·평생교육 앱 개발 비용 | 간단형 580만 원대~ 단계별 가격대와 비용 요인 | 름랩","대학·평생교육 앱 개발 비용 기준을 공개합니다. 간단형 580만 원대 · 표준형 1,800만 원대. 기존 학사 시스템 연동 여부. VAT 포함 정액 · 소스코드 이관 · 월 관리비 없음.","대학·평생교육 앱 개발 비용","Answer|BreadcrumbList|ContactPoint|Country|FAQPage|ListItem|OpeningHoursSpecification|Organization|PostalAddress|ProfessionalService|PropertyValue|Question|Service|WebSite","36","2","service_or_hub","industry_cost","P1","INDEX","self-canonical, indexable and present in sitemap","TESTED_LOCAL_BUILD"
"https://reumlab.com/cost/unmanned-store/","200","https://reumlab.com/cost/unmanned-store/","index, follow","yes","yes","no","무인매장 앱 개발 비용 | 간단형 580만 원대~ 단계별 가격대와 비용 요인 | 름랩","무인매장 앱 개발 비용 기준을 공개합니다. 간단형 580만 원대 · 표준형 1,600만 원대. 연동할 출입 게이트·스마트 잠금장치 종류. VAT 포함 정액 · 소스코드 이관 · 월 관리비 없음.","무인매장 앱 개발 비용","Answer|BreadcrumbList|ContactPoint|Country|FAQPage|ListItem|OpeningHoursSpecification|Organization|PostalAddress|ProfessionalService|PropertyValue|Question|Service|WebSite","37","2","service_or_hub","industry_cost","P1","INDEX","self-canonical, indexable and present in sitemap","TESTED_LOCAL_BUILD"
"https://reumlab.com/cost/used-car/","200","https://reumlab.com/cost/used-car/","index, follow","yes","yes","no","중고차 앱 개발 비용 580만 원대부터 | 범위별 견적·유지비까지 계산 | 름랩","중고차 앱 개발 비용 기준을 공개합니다. 간단형 580만 원대 · 표준형 1,700만 원대. 진단·사고 이력 정보 구조화. VAT 포함 정액 · 소스코드 이관 · 월 관리비 없음.","중고차 앱 개발 비용","Answer|BreadcrumbList|ContactPoint|Country|FAQPage|ListItem|OpeningHoursSpecification|Organization|PostalAddress|ProfessionalService|PropertyValue|Question|Service|WebSite","37","2","service_or_hub","industry_cost","P1","INDEX","self-canonical, indexable and present in sitemap","TESTED_LOCAL_BUILD"
"https://reumlab.com/cost/wedding/","200","https://reumlab.com/cost/wedding/","index, follow","yes","yes","no","웨딩·돌잔치 앱 개발 비용 580만 원대부터 | 범위별 견적·유지비까지 계산 | 름랩","웨딩·돌잔치 앱 개발 비용 기준을 공개합니다. 간단형 580만 원대 · 표준형 1,600만 원대. 패키지·옵션 견적 산출 로직. VAT 포함 정액 · 소스코드 이관 · 월 관리비 없음.","웨딩·돌잔치 앱 개발 비용","Answer|BreadcrumbList|ContactPoint|Country|FAQPage|ListItem|OpeningHoursSpecification|Organization|PostalAddress|ProfessionalService|PropertyValue|Question|Service|WebSite","36","2","service_or_hub","industry_cost","P1","INDEX","self-canonical, indexable and present in sitemap","TESTED_LOCAL_BUILD"
"https://reumlab.com/cost/wholesale/","200","https://reumlab.com/cost/wholesale/","index, follow","yes","yes","no","도소매·유통 앱 개발 비용 580만 원대부터 | 범위별 견적·유지비까지 계산 | 름랩","도소매·유통 앱 개발 비용 기준을 공개합니다. 간단형 580만 원대 · 표준형 1,800만 원대. 거래처·등급별 차등 단가 규칙. VAT 포함 정액 · 소스코드 이관 · 월 관리비 없음.","도소매·유통 앱 개발 비용","Answer|BreadcrumbList|ContactPoint|Country|FAQPage|ListItem|OpeningHoursSpecification|Organization|PostalAddress|ProfessionalService|PropertyValue|Question|Service|WebSite","37","2","service_or_hub","industry_cost","P1","INDEX","self-canonical, indexable and present in sitemap","TESTED_LOCAL_BUILD"
"https://reumlab.com/cost/yoga/","200","https://reumlab.com/cost/yoga/","index, follow","yes","yes","no","요가원 앱 개발 비용 | 간단형 580만 원대~ 단계별 가격대와 비용 요인 | 름랩","요가원 앱 개발 비용 기준을 공개합니다. 간단형 580만 원대 · 표준형 1,600만 원대. 정기결제 연동 여부와 PG 심사 범위. VAT 포함 정액 · 소스코드 이관 · 월 관리비 없음.","요가원 앱 개발 비용","Answer|BreadcrumbList|ContactPoint|Country|FAQPage|ListItem|OpeningHoursSpecification|Organization|PostalAddress|ProfessionalService|PropertyValue|Question|Service|WebSite","36","2","service_or_hub","industry_cost","P1","INDEX","self-canonical, indexable and present in sitemap","TESTED_LOCAL_BUILD"
"https://reumlab.com/data-seo/","200","https://reumlab.com/data-seo/","index,follow","yes","yes","no","데이터·SEO 시스템 구축 — 대규모 수집·검색·자동화 | 름랩 REUMLAB","크롤링, 정제, 검색, 인덱싱, 대규모 SEO 페이지 생성까지. 수작업으로 만들 수 없는 규모를 데이터와 자동화로 구축합니다. 름랩.","데이터·SEO 자동화 구축 수작업으로 만들 수 없는 규모를 자동화로","Answer|BreadcrumbList|ContactPoint|Country|FAQPage|ListItem|OpeningHoursSpecification|Organization|PostalAddress|ProfessionalService|PropertyValue|Question|Service|WebSite","22","1","service_or_hub","service_or_hub","P1","INDEX","self-canonical, indexable and present in sitemap","TESTED_LOCAL_BUILD"
"https://reumlab.com/enterprise-ai/","200","https://reumlab.com/enterprise-ai/","index, follow","yes","yes","no","사내 AI 구축 | 사내 지식검색·RAG 개발 | 름랩","사내 문서와 업무 데이터를 검색해 답변하는 기업용 AI를 구축합니다. 사내 지식검색, 문서 기반 질의응답(RAG), 답변 근거 문서 표시, 기존 시스템 연동까지 실제 업무 환경에 맞게 설계합니다.","우리 회사 자료로 답하는 사내 AI 구축","Answer|BreadcrumbList|ContactPoint|Country|FAQPage|ListItem|OpeningHoursSpecification|Organization|PostalAddress|ProfessionalService|PropertyValue|Question|Service|WebSite","33","1","service_or_hub","service_or_hub","P1","INDEX","self-canonical, indexable and present in sitemap","TESTED_LOCAL_BUILD"
"https://reumlab.com/erp/","200","https://reumlab.com/erp/","index,follow","yes","yes","no","ERP·운영관리 시스템 개발 — 흩어진 업무를 하나로 | 름랩 REUMLAB","회원·직원·예약·수납·상담·정산 데이터를 하나의 관리자 화면에서. 엑셀·수기 업무를 우리 회사에 맞는 운영 시스템으로 설계합니다. 름랩.","맞춤형 ERP·관리 시스템 개발 엑셀과 반복 입력을 우리 회사 운영 시스템으로","Answer|BreadcrumbList|ContactPoint|Country|FAQPage|ListItem|OpeningHoursSpecification|Organization|PostalAddress|ProfessionalService|PropertyValue|Question|Service|WebSite","26","1","service_or_hub","service_or_hub","P1","INDEX","self-canonical, indexable and present in sitemap","TESTED_LOCAL_BUILD"
"https://reumlab.com/flutter/ansan/","200","https://reumlab.com/flutter/ansan/","noindex, follow","no","no","no","안산 Flutter 앱개발 | 하나의 코드로 두 플랫폼 — 름랩","iOS와 안드로이드를 한 번에 만들고 싶으신가요. 안산 Flutter 앱개발 — 안산의 제조·유통·로컬 수요에 맞춰 주문·재고·예약 같은 실무 기능을 핵심부터 추려 제작합니다. Flutter 크로스플랫폼 · VAT 포함 580만 원부터.","안산 Flutter 앱개발","Answer|BreadcrumbList|ContactPoint|Country|FAQPage|ListItem|OpeningHoursSpecification|Organization|Place|PostalAddress|ProfessionalService|PropertyValue|Question|Service|WebSite","42","3","region_service","region_service","P3","NOINDEX","robots noindex in initial HTML","TESTED_LOCAL_BUILD"
"https://reumlab.com/flutter/anyang/","200","https://reumlab.com/flutter/anyang/","noindex, follow","no","no","no","안양 Flutter 앱개발 | 하나의 코드로 두 플랫폼 — 름랩","iOS와 안드로이드를 한 번에 만들고 싶으신가요. 안양 Flutter 앱개발 — 안양 평촌 학원가와 구도심 상권에 맞춰 수강신청·예약·결제 같은 운영 기능 중심으로 제작합니다. Flutter 크로스플랫폼 · VAT 포함 580만 원부터.","안양 Flutter 앱개발","Answer|BreadcrumbList|ContactPoint|Country|FAQPage|ListItem|OpeningHoursSpecification|Organization|Place|PostalAddress|ProfessionalService|PropertyValue|Question|Service|WebSite","42","4","region_service","region_service","P3","NOINDEX","robots noindex in initial HTML","TESTED_LOCAL_BUILD"
"https://reumlab.com/flutter/asan/","200","https://reumlab.com/flutter/asan/","noindex, follow","no","no","no","아산 Flutter 앱개발 | 하나의 코드로 두 플랫폼 — 름랩","iOS와 안드로이드를 한 번에 만들고 싶으신가요. 아산 Flutter 앱개발 — 아산의 산업단지와 온양·배방 신도시 상권 수요에 맞춰 실무 자동화·예약·주문 앱·웹을 비대면으로 제작합니다. Flutter 크로스플랫폼 · VAT 포함 580만 원부터.","아산 Flutter 앱개발","Answer|BreadcrumbList|ContactPoint|Country|FAQPage|ListItem|OpeningHoursSpecification|Organization|Place|PostalAddress|ProfessionalService|PropertyValue|Question|Service|WebSite","42","","region_service","region_service","P3","NOINDEX","robots noindex in initial HTML","TESTED_LOCAL_BUILD"
"https://reumlab.com/flutter/bucheon/","200","https://reumlab.com/flutter/bucheon/","noindex, follow","no","no","no","부천 Flutter 앱개발 | 하나의 코드로 두 플랫폼 — 름랩","iOS와 안드로이드를 한 번에 만들고 싶으신가요. 부천 Flutter 앱개발 — 부천의 촘촘한 자영업 상권에 맞춰 예약·주문·회원 중심의 앱·웹을 빠르게 만들고 소스코드를 이관합니다. Flutter 크로스플랫폼 · VAT 포함 580만 원부터.","부천 Flutter 앱개발","Answer|BreadcrumbList|ContactPoint|Country|FAQPage|ListItem|OpeningHoursSpecification|Organization|Place|PostalAddress|ProfessionalService|PropertyValue|Question|Service|WebSite","42","4","region_service","region_service","P3","NOINDEX","robots noindex in initial HTML","TESTED_LOCAL_BUILD"
"https://reumlab.com/flutter/bundang/","200","https://reumlab.com/flutter/bundang/","noindex, follow","no","no","no","분당 Flutter 앱개발 | 하나의 코드로 두 플랫폼 — 름랩","iOS와 안드로이드를 한 번에 만들고 싶으신가요. 분당 Flutter 앱개발 — 분당은 IT 종사자·예비창업자 비중이 높아, 빠른 검증과 소스코드 이관을 중시하는 프로젝트에 잘 맞습니다. Flutter 크로스플랫폼 · VAT 포함 580만 원부터.","분당 Flutter 앱개발","Answer|BreadcrumbList|ContactPoint|Country|FAQPage|ListItem|OpeningHoursSpecification|Organization|Place|PostalAddress|ProfessionalService|PropertyValue|Question|Service|WebSite","42","4","region_service","region_service","P3","NOINDEX","robots noindex in initial HTML","TESTED_LOCAL_BUILD"
"https://reumlab.com/flutter/busan/","200","https://reumlab.com/flutter/busan/","noindex, follow","no","no","no","부산 Flutter 앱개발 | 하나의 코드로 두 플랫폼 — 름랩","iOS와 안드로이드를 한 번에 만들고 싶으신가요. 부산 Flutter 앱개발 — 름랩은 소스코드 이관·비대면 협업 구조라 부산 사업자와도 화상 상담으로 전국 동일 조건으로 진행합니다. Flutter 크로스플랫폼 · VAT 포함 580만 원부터.","부산 Flutter 앱개발","Answer|BreadcrumbList|ContactPoint|Country|FAQPage|ListItem|OpeningHoursSpecification|Organization|Place|PostalAddress|ProfessionalService|PropertyValue|Question|Service|WebSite","42","","region_service","region_service","P3","NOINDEX","robots noindex in initial HTML","TESTED_LOCAL_BUILD"
"https://reumlab.com/flutter/changwon/","200","https://reumlab.com/flutter/changwon/","noindex, follow","no","no","no","창원 Flutter 앱개발 | 하나의 코드로 두 플랫폼 — 름랩","iOS와 안드로이드를 한 번에 만들고 싶으신가요. 창원 Flutter 앱개발 — 창원의 기계·제조 산업과 상남동 상권 수요에 맞춰 실무 자동화·예약·주문 앱·웹을 비대면으로 제작합니다. Flutter 크로스플랫폼 · VAT 포함 580만 원부터.","창원 Flutter 앱개발","Answer|BreadcrumbList|ContactPoint|Country|FAQPage|ListItem|OpeningHoursSpecification|Organization|Place|PostalAddress|ProfessionalService|PropertyValue|Question|Service|WebSite","42","","region_service","region_service","P3","NOINDEX","robots noindex in initial HTML","TESTED_LOCAL_BUILD"
"https://reumlab.com/flutter/cheonan/","200","https://reumlab.com/flutter/cheonan/","noindex, follow","no","no","no","천안 Flutter 앱개발 | 하나의 코드로 두 플랫폼 — 름랩","iOS와 안드로이드를 한 번에 만들고 싶으신가요. 천안 Flutter 앱개발 — 천안의 대학가 상권과 산업단지 수요에 맞춰 예약·주문·실무 자동화 앱·웹을 비대면으로 제작합니다. Flutter 크로스플랫폼 · VAT 포함 580만 원부터.","천안 Flutter 앱개발","Answer|BreadcrumbList|ContactPoint|Country|FAQPage|ListItem|OpeningHoursSpecification|Organization|Place|PostalAddress|ProfessionalService|PropertyValue|Question|Service|WebSite","42","","region_service","region_service","P3","NOINDEX","robots noindex in initial HTML","TESTED_LOCAL_BUILD"
"https://reumlab.com/flutter/cheongju/","200","https://reumlab.com/flutter/cheongju/","noindex, follow","no","no","no","청주 Flutter 앱개발 | 하나의 코드로 두 플랫폼 — 름랩","iOS와 안드로이드를 한 번에 만들고 싶으신가요. 청주 Flutter 앱개발 — 청주의 성안길 상권과 오창·오송 산업단지 수요에 맞춰 예약·주문·실무 자동화 앱·웹을 비대면으로 제작합니다. Flutter 크로스플랫폼 · VAT 포함 580만 원부터.","청주 Flutter 앱개발","Answer|BreadcrumbList|ContactPoint|Country|FAQPage|ListItem|OpeningHoursSpecification|Organization|Place|PostalAddress|ProfessionalService|PropertyValue|Question|Service|WebSite","42","","region_service","region_service","P3","NOINDEX","robots noindex in initial HTML","TESTED_LOCAL_BUILD"
"https://reumlab.com/flutter/chuncheon/","200","https://reumlab.com/flutter/chuncheon/","noindex, follow","no","no","no","춘천 Flutter 앱개발 | 하나의 코드로 두 플랫폼 — 름랩","iOS와 안드로이드를 한 번에 만들고 싶으신가요. 춘천 Flutter 앱개발 — 춘천의 관광·대학 상권 수요에 맞춰 예약·커머스·회원 중심 앱·웹을 비대면으로 제작합니다. Flutter 크로스플랫폼 · VAT 포함 580만 원부터.","춘천 Flutter 앱개발","Answer|BreadcrumbList|ContactPoint|Country|FAQPage|ListItem|OpeningHoursSpecification|Organization|Place|PostalAddress|ProfessionalService|PropertyValue|Question|Service|WebSite","42","","region_service","region_service","P3","NOINDEX","robots noindex in initial HTML","TESTED_LOCAL_BUILD"
"https://reumlab.com/flutter/chungju/","200","https://reumlab.com/flutter/chungju/","noindex, follow","no","no","no","충주 Flutter 앱개발 | 하나의 코드로 두 플랫폼 — 름랩","iOS와 안드로이드를 한 번에 만들고 싶으신가요. 충주 Flutter 앱개발 — 충주 산업단지와 호수 관광 상권 수요에 맞춰 실무 자동화·예약·주문 앱·웹을 비대면으로 제작합니다. Flutter 크로스플랫폼 · VAT 포함 580만 원부터.","충주 Flutter 앱개발","Answer|BreadcrumbList|ContactPoint|Country|FAQPage|ListItem|OpeningHoursSpecification|Organization|Place|PostalAddress|ProfessionalService|PropertyValue|Question|Service|WebSite","42","","region_service","region_service","P3","NOINDEX","robots noindex in initial HTML","TESTED_LOCAL_BUILD"
"https://reumlab.com/flutter/daegu/","200","https://reumlab.com/flutter/daegu/","noindex, follow","no","no","no","대구 Flutter 앱개발 | 하나의 코드로 두 플랫폼 — 름랩","iOS와 안드로이드를 한 번에 만들고 싶으신가요. 대구 Flutter 앱개발 — 대구의 동성로 상권·섬유/제조 수요에 맞춰 예약·주문·실무 자동화 앱·웹을 비대면으로 제작합니다. Flutter 크로스플랫폼 · VAT 포함 580만 원부터.","대구 Flutter 앱개발","Answer|BreadcrumbList|ContactPoint|Country|FAQPage|ListItem|OpeningHoursSpecification|Organization|Place|PostalAddress|ProfessionalService|PropertyValue|Question|Service|WebSite","42","","region_service","region_service","P3","NOINDEX","robots noindex in initial HTML","TESTED_LOCAL_BUILD"
"https://reumlab.com/flutter/daejeon/","200","https://reumlab.com/flutter/daejeon/","noindex, follow","no","no","no","대전 Flutter 앱개발 | 하나의 코드로 두 플랫폼 — 름랩","iOS와 안드로이드를 한 번에 만들고 싶으신가요. 대전 Flutter 앱개발 — 대전 둔산 상권과 대덕연구단지 기반 기술 수요에 맞춰 플랫폼·실무 자동화·예약 앱·웹을 비대면으로 제작합니다. Flutter 크로스플랫폼 · VAT 포함 580만 원부터.","대전 Flutter 앱개발","Answer|BreadcrumbList|ContactPoint|Country|FAQPage|ListItem|OpeningHoursSpecification|Organization|Place|PostalAddress|ProfessionalService|PropertyValue|Question|Service|WebSite","42","","region_service","region_service","P3","NOINDEX","robots noindex in initial HTML","TESTED_LOCAL_BUILD"
"https://reumlab.com/flutter/dongtan/","200","https://reumlab.com/flutter/dongtan/","index, follow","yes","yes","no","동탄 Flutter 앱개발 | 하나의 코드로 두 플랫폼 — 름랩","iOS와 안드로이드를 한 번에 만들고 싶으신가요. 동탄 Flutter 앱개발 — 동탄의 신축 상권·젊은 인구에 맞춰 예약·주문·구독 중심의 실사용 기능부터 빠르게 출시합니다. Flutter 크로스플랫폼 · VAT 포함 580만 원부터.","동탄 Flutter 앱개발","Answer|BreadcrumbList|ContactPoint|Country|FAQPage|ListItem|OpeningHoursSpecification|Organization|Place|PostalAddress|ProfessionalService|PropertyValue|Question|Service|WebSite","41","2","region_service","service_or_hub","P3","INDEX","self-canonical, indexable and present in sitemap","TESTED_LOCAL_BUILD"
"https://reumlab.com/flutter/gangdong/","200","https://reumlab.com/flutter/gangdong/","noindex, follow","no","no","no","서울 강동 Flutter 앱개발 | 하나의 코드로 두 플랫폼 — 름랩","iOS와 안드로이드를 한 번에 만들고 싶으신가요. 서울 강동 Flutter 앱개발 — 강동 천호·고덕 상권과 재건축 주거 수요에 맞춰 예약·주문·회원 중심의 앱·웹을 제작합니다. Flutter 크로스플랫폼 · VAT 포함 580만 원부터.","서울 강동 Flutter 앱개발","Answer|BreadcrumbList|ContactPoint|Country|FAQPage|ListItem|OpeningHoursSpecification|Organization|Place|PostalAddress|ProfessionalService|PropertyValue|Question|Service|WebSite","42","5","region_service","region_service","P3","NOINDEX","robots noindex in initial HTML","TESTED_LOCAL_BUILD"
"https://reumlab.com/flutter/gangnam/","200","https://reumlab.com/flutter/gangnam/","noindex, follow","no","no","no","서울 강남 Flutter 앱개발 | 하나의 코드로 두 플랫폼 — 름랩","iOS와 안드로이드를 한 번에 만들고 싶으신가요. 서울 강남 Flutter 앱개발 — 강남 테헤란로의 SaaS·플랫폼·전문서비스 수요에 맞춰 검증용 MVP부터 운영 서비스까지 진행합니다. Flutter 크로스플랫폼 · VAT 포함 580만 원부터.","서울 강남 Flutter 앱개발","Answer|BreadcrumbList|ContactPoint|Country|FAQPage|ListItem|OpeningHoursSpecification|Organization|Place|PostalAddress|ProfessionalService|PropertyValue|Question|Service|WebSite","42","4","region_service","region_service","P3","NOINDEX","robots noindex in initial HTML","TESTED_LOCAL_BUILD"
"https://reumlab.com/flutter/gangneung/","200","https://reumlab.com/flutter/gangneung/","noindex, follow","no","no","no","강릉 Flutter 앱개발 | 하나의 코드로 두 플랫폼 — 름랩","iOS와 안드로이드를 한 번에 만들고 싶으신가요. 강릉 Flutter 앱개발 — 강릉의 관광·해양 상권 수요에 맞춰 예약·숙박·커머스 중심 앱·웹을 비대면으로 제작합니다. Flutter 크로스플랫폼 · VAT 포함 580만 원부터.","강릉 Flutter 앱개발","Answer|BreadcrumbList|ContactPoint|Country|FAQPage|ListItem|OpeningHoursSpecification|Organization|Place|PostalAddress|ProfessionalService|PropertyValue|Question|Service|WebSite","42","","region_service","region_service","P3","NOINDEX","robots noindex in initial HTML","TESTED_LOCAL_BUILD"
"https://reumlab.com/flutter/geoje/","200","https://reumlab.com/flutter/geoje/","noindex, follow","no","no","no","거제 Flutter 앱개발 | 하나의 코드로 두 플랫폼 — 름랩","iOS와 안드로이드를 한 번에 만들고 싶으신가요. 거제 Flutter 앱개발 — 거제 조선 산업과 관광 상권 수요에 맞춰 실무 자동화·예약·숙박 앱·웹을 비대면으로 제작합니다. Flutter 크로스플랫폼 · VAT 포함 580만 원부터.","거제 Flutter 앱개발","Answer|BreadcrumbList|ContactPoint|Country|FAQPage|ListItem|OpeningHoursSpecification|Organization|Place|PostalAddress|ProfessionalService|PropertyValue|Question|Service|WebSite","42","","region_service","region_service","P3","NOINDEX","robots noindex in initial HTML","TESTED_LOCAL_BUILD"
"https://reumlab.com/flutter/gimhae/","200","https://reumlab.com/flutter/gimhae/","noindex, follow","no","no","no","김해 Flutter 앱개발 | 하나의 코드로 두 플랫폼 — 름랩","iOS와 안드로이드를 한 번에 만들고 싶으신가요. 김해 Flutter 앱개발 — 김해의 산업·물류와 신도시 상권 수요에 맞춰 주문·예약·회원 중심 앱·웹을 비대면으로 제작합니다. Flutter 크로스플랫폼 · VAT 포함 580만 원부터.","김해 Flutter 앱개발","Answer|BreadcrumbList|ContactPoint|Country|FAQPage|ListItem|OpeningHoursSpecification|Organization|Place|PostalAddress|ProfessionalService|PropertyValue|Question|Service|WebSite","42","","region_service","region_service","P3","NOINDEX","robots noindex in initial HTML","TESTED_LOCAL_BUILD"
"https://reumlab.com/flutter/gimpo/","200","https://reumlab.com/flutter/gimpo/","noindex, follow","no","no","no","김포 Flutter 앱개발 | 하나의 코드로 두 플랫폼 — 름랩","iOS와 안드로이드를 한 번에 만들고 싶으신가요. 김포 Flutter 앱개발 — 김포 한강신도시 상권과 물류 수요에 맞춰 예약·주문·회원 중심 앱·웹을 제작합니다. Flutter 크로스플랫폼 · VAT 포함 580만 원부터.","김포 Flutter 앱개발","Answer|BreadcrumbList|ContactPoint|Country|FAQPage|ListItem|OpeningHoursSpecification|Organization|Place|PostalAddress|ProfessionalService|PropertyValue|Question|Service|WebSite","42","","region_service","region_service","P3","NOINDEX","robots noindex in initial HTML","TESTED_LOCAL_BUILD"
"https://reumlab.com/flutter/goyang/","200","https://reumlab.com/flutter/goyang/","noindex, follow","no","no","no","고양 일산 Flutter 앱개발 | 하나의 코드로 두 플랫폼 — 름랩","iOS와 안드로이드를 한 번에 만들고 싶으신가요. 고양 일산 Flutter 앱개발 — 고양 일산 신도시 상권과 방송·전시 수요에 맞춰 예약·커머스·회원 중심 앱·웹을 제작합니다. Flutter 크로스플랫폼 · VAT 포함 580만 원부터.","고양 일산 Flutter 앱개발","Answer|BreadcrumbList|ContactPoint|Country|FAQPage|ListItem|OpeningHoursSpecification|Organization|Place|PostalAddress|ProfessionalService|PropertyValue|Question|Service|WebSite","42","","region_service","region_service","P3","NOINDEX","robots noindex in initial HTML","TESTED_LOCAL_BUILD"
"https://reumlab.com/flutter/gumi/","200","https://reumlab.com/flutter/gumi/","noindex, follow","no","no","no","구미 Flutter 앱개발 | 하나의 코드로 두 플랫폼 — 름랩","iOS와 안드로이드를 한 번에 만들고 싶으신가요. 구미 Flutter 앱개발 — 구미의 전자·제조 산업단지 수요에 맞춰 실무 자동화·주문·재고 앱·웹을 비대면으로 제작합니다. Flutter 크로스플랫폼 · VAT 포함 580만 원부터.","구미 Flutter 앱개발","Answer|BreadcrumbList|ContactPoint|Country|FAQPage|ListItem|OpeningHoursSpecification|Organization|Place|PostalAddress|ProfessionalService|PropertyValue|Question|Service|WebSite","42","","region_service","region_service","P3","NOINDEX","robots noindex in initial HTML","TESTED_LOCAL_BUILD"
"https://reumlab.com/flutter/gunpo/","200","https://reumlab.com/flutter/gunpo/","noindex, follow","no","no","no","군포 Flutter 앱개발 | 하나의 코드로 두 플랫폼 — 름랩","iOS와 안드로이드를 한 번에 만들고 싶으신가요. 군포 Flutter 앱개발 — 군포 산본 상권의 예약 중심 업종에 맞춰 예약·노쇼 방지·결제 기능부터 MVP로 제작합니다. Flutter 크로스플랫폼 · VAT 포함 580만 원부터.","군포 Flutter 앱개발","Answer|BreadcrumbList|ContactPoint|Country|FAQPage|ListItem|OpeningHoursSpecification|Organization|Place|PostalAddress|ProfessionalService|PropertyValue|Question|Service|WebSite","42","3","region_service","region_service","P3","NOINDEX","robots noindex in initial HTML","TESTED_LOCAL_BUILD"
"https://reumlab.com/flutter/gunsan/","200","https://reumlab.com/flutter/gunsan/","noindex, follow","no","no","no","군산 Flutter 앱개발 | 하나의 코드로 두 플랫폼 — 름랩","iOS와 안드로이드를 한 번에 만들고 싶으신가요. 군산 Flutter 앱개발 — 군산 근대문화 관광 상권과 산업단지 수요에 맞춰 예약·커머스·실무 자동화 앱·웹을 비대면으로 제작합니다. Flutter 크로스플랫폼 · VAT 포함 580만 원부터.","군산 Flutter 앱개발","Answer|BreadcrumbList|ContactPoint|Country|FAQPage|ListItem|OpeningHoursSpecification|Organization|Place|PostalAddress|ProfessionalService|PropertyValue|Question|Service|WebSite","42","","region_service","region_service","P3","NOINDEX","robots noindex in initial HTML","TESTED_LOCAL_BUILD"
"https://reumlab.com/flutter/gwacheon/","200","https://reumlab.com/flutter/gwacheon/","noindex, follow","no","no","no","과천 Flutter 앱개발 | 하나의 코드로 두 플랫폼 — 름랩","iOS와 안드로이드를 한 번에 만들고 싶으신가요. 과천 Flutter 앱개발 — 과천 정부청사·주거 상권의 소규모 사업장에 맞춰 예약·회원·문의 중심 앱·웹을 제작합니다. Flutter 크로스플랫폼 · VAT 포함 580만 원부터.","과천 Flutter 앱개발","Answer|BreadcrumbList|ContactPoint|Country|FAQPage|ListItem|OpeningHoursSpecification|Organization|Place|PostalAddress|ProfessionalService|PropertyValue|Question|Service|WebSite","42","","region_service","region_service","P3","NOINDEX","robots noindex in initial HTML","TESTED_LOCAL_BUILD"
"https://reumlab.com/flutter/gwangjin/","200","https://reumlab.com/flutter/gwangjin/","noindex, follow","no","no","no","서울 광진 Flutter 앱개발 | 하나의 코드로 두 플랫폼 — 름랩","iOS와 안드로이드를 한 번에 만들고 싶으신가요. 서울 광진 Flutter 앱개발 — 광진 건대입구 대학 상권의 젊은 유동인구에 맞춰 예약·커머스·커뮤니티 중심의 앱·웹을 제작합니다. Flutter 크로스플랫폼 · VAT 포함 580만 원부터.","서울 광진 Flutter 앱개발","Answer|BreadcrumbList|ContactPoint|Country|FAQPage|ListItem|OpeningHoursSpecification|Organization|Place|PostalAddress|ProfessionalService|PropertyValue|Question|Service|WebSite","42","5","region_service","region_service","P3","NOINDEX","robots noindex in initial HTML","TESTED_LOCAL_BUILD"
"https://reumlab.com/flutter/gwangju/","200","https://reumlab.com/flutter/gwangju/","noindex, follow","no","no","no","광주 Flutter 앱개발 | 하나의 코드로 두 플랫폼 — 름랩","iOS와 안드로이드를 한 번에 만들고 싶으신가요. 광주 Flutter 앱개발 — 광주 충장로·상무지구 상권과 AI·모빌리티 산업 수요에 맞춰 예약·주문·플랫폼 앱·웹을 비대면으로 제작합니다. Flutter 크로스플랫폼 · VAT 포함 580만 원부터.","광주 Flutter 앱개발","Answer|BreadcrumbList|ContactPoint|Country|FAQPage|ListItem|OpeningHoursSpecification|Organization|Place|PostalAddress|ProfessionalService|PropertyValue|Question|Service|WebSite","42","","region_service","region_service","P3","NOINDEX","robots noindex in initial HTML","TESTED_LOCAL_BUILD"
"https://reumlab.com/flutter/gwangmyeong/","200","https://reumlab.com/flutter/gwangmyeong/","noindex, follow","no","no","no","광명 Flutter 앱개발 | 하나의 코드로 두 플랫폼 — 름랩","iOS와 안드로이드를 한 번에 만들고 싶으신가요. 광명 Flutter 앱개발 — 광명 역세권·철산·하안 상권에 맞춰 예약·주문·문의 중심의 앱·웹을 정액 패키지로 제작합니다. Flutter 크로스플랫폼 · VAT 포함 580만 원부터.","광명 Flutter 앱개발","Answer|BreadcrumbList|ContactPoint|Country|FAQPage|ListItem|OpeningHoursSpecification|Organization|Place|PostalAddress|ProfessionalService|PropertyValue|Question|Service|WebSite","42","","region_service","region_service","P3","NOINDEX","robots noindex in initial HTML","TESTED_LOCAL_BUILD"
"https://reumlab.com/flutter/gwangyang/","200","https://reumlab.com/flutter/gwangyang/","noindex, follow","no","no","no","광양 Flutter 앱개발 | 하나의 코드로 두 플랫폼 — 름랩","iOS와 안드로이드를 한 번에 만들고 싶으신가요. 광양 Flutter 앱개발 — 광양 철강·항만 산업 수요에 맞춰 실무 자동화·주문·재고 앱·웹을 비대면으로 제작합니다. Flutter 크로스플랫폼 · VAT 포함 580만 원부터.","광양 Flutter 앱개발","Answer|BreadcrumbList|ContactPoint|Country|FAQPage|ListItem|OpeningHoursSpecification|Organization|Place|PostalAddress|ProfessionalService|PropertyValue|Question|Service|WebSite","42","","region_service","region_service","P3","NOINDEX","robots noindex in initial HTML","TESTED_LOCAL_BUILD"
"https://reumlab.com/flutter/gyeongju/","200","https://reumlab.com/flutter/gyeongju/","noindex, follow","no","no","no","경주 Flutter 앱개발 | 하나의 코드로 두 플랫폼 — 름랩","iOS와 안드로이드를 한 번에 만들고 싶으신가요. 경주 Flutter 앱개발 — 경주의 관광·숙박 상권 수요에 맞춰 예약·다국어 안내·커머스 중심 앱·웹을 비대면으로 제작합니다. Flutter 크로스플랫폼 · VAT 포함 580만 원부터.","경주 Flutter 앱개발","Answer|BreadcrumbList|ContactPoint|Country|FAQPage|ListItem|OpeningHoursSpecification|Organization|Place|PostalAddress|ProfessionalService|PropertyValue|Question|Service|WebSite","42","","region_service","region_service","P3","NOINDEX","robots noindex in initial HTML","TESTED_LOCAL_BUILD"
"https://reumlab.com/flutter/gyeongsan/","200","https://reumlab.com/flutter/gyeongsan/","noindex, follow","no","no","no","경산 Flutter 앱개발 | 하나의 코드로 두 플랫폼 — 름랩","iOS와 안드로이드를 한 번에 만들고 싶으신가요. 경산 Flutter 앱개발 — 경산 대학가 상권과 산업단지 수요에 맞춰 예약·주문·실무 자동화 앱·웹을 비대면으로 제작합니다. Flutter 크로스플랫폼 · VAT 포함 580만 원부터.","경산 Flutter 앱개발","Answer|BreadcrumbList|ContactPoint|Country|FAQPage|ListItem|OpeningHoursSpecification|Organization|Place|PostalAddress|ProfessionalService|PropertyValue|Question|Service|WebSite","42","","region_service","region_service","P3","NOINDEX","robots noindex in initial HTML","TESTED_LOCAL_BUILD"
"https://reumlab.com/flutter/haeundae/","200","https://reumlab.com/flutter/haeundae/","noindex, follow","no","no","no","부산 해운대 Flutter 앱개발 | 하나의 코드로 두 플랫폼 — 름랩","iOS와 안드로이드를 한 번에 만들고 싶으신가요. 부산 해운대 Flutter 앱개발 — 해운대의 관광·리조트·고급 주거 상권에 맞춰 예약·멤버십·커머스 중심의 앱·웹을 비대면으로 제작합니다. Flutter 크로스플랫폼 · VAT 포함 580만 원부터.","부산 해운대 Flutter 앱개발","Answer|BreadcrumbList|ContactPoint|Country|FAQPage|ListItem|OpeningHoursSpecification|Organization|Place|PostalAddress|ProfessionalService|PropertyValue|Question|Service|WebSite","42","","region_service","region_service","P3","NOINDEX","robots noindex in initial HTML","TESTED_LOCAL_BUILD"
"https://reumlab.com/flutter/hanam/","200","https://reumlab.com/flutter/hanam/","noindex, follow","no","no","no","하남 Flutter 앱개발 | 하나의 코드로 두 플랫폼 — 름랩","iOS와 안드로이드를 한 번에 만들고 싶으신가요. 하남 Flutter 앱개발 — 하남 미사·위례 신도시 상권과 대형 상업시설 수요에 맞춰 예약·커머스·회원 앱·웹을 제작합니다. Flutter 크로스플랫폼 · VAT 포함 580만 원부터.","하남 Flutter 앱개발","Answer|BreadcrumbList|ContactPoint|Country|FAQPage|ListItem|OpeningHoursSpecification|Organization|Place|PostalAddress|ProfessionalService|PropertyValue|Question|Service|WebSite","42","","region_service","region_service","P3","NOINDEX","robots noindex in initial HTML","TESTED_LOCAL_BUILD"
"https://reumlab.com/flutter/hwaseong/","200","https://reumlab.com/flutter/hwaseong/","index, follow","yes","yes","no","화성 Flutter 앱개발 | 하나의 코드로 두 플랫폼 — 름랩","iOS와 안드로이드를 한 번에 만들고 싶으신가요. 화성 Flutter 앱개발 — 화성·동탄 신도시 상권에 맞춰 예약·주문·멤버십 앱과 반응형 웹을 정액 패키지로 제작합니다. Flutter 크로스플랫폼 · VAT 포함 580만 원부터.","화성 Flutter 앱개발","Answer|BreadcrumbList|ContactPoint|Country|FAQPage|ListItem|OpeningHoursSpecification|Organization|Place|PostalAddress|ProfessionalService|PropertyValue|Question|Service|WebSite","41","2","region_service","service_or_hub","P3","INDEX","self-canonical, indexable and present in sitemap","TESTED_LOCAL_BUILD"
"https://reumlab.com/flutter/icheon/","200","https://reumlab.com/flutter/icheon/","noindex, follow","no","no","no","이천 Flutter 앱개발 | 하나의 코드로 두 플랫폼 — 름랩","iOS와 안드로이드를 한 번에 만들고 싶으신가요. 이천 Flutter 앱개발 — 이천 물류·제조와 도자 관광 상권 수요에 맞춰 주문·재고·예약 중심 앱·웹을 비대면으로 제작합니다. Flutter 크로스플랫폼 · VAT 포함 580만 원부터.","이천 Flutter 앱개발","Answer|BreadcrumbList|ContactPoint|Country|FAQPage|ListItem|OpeningHoursSpecification|Organization|Place|PostalAddress|ProfessionalService|PropertyValue|Question|Service|WebSite","42","4","region_service","region_service","P3","NOINDEX","robots noindex in initial HTML","TESTED_LOCAL_BUILD"
"https://reumlab.com/flutter/iksan/","200","https://reumlab.com/flutter/iksan/","noindex, follow","no","no","no","익산 Flutter 앱개발 | 하나의 코드로 두 플랫폼 — 름랩","iOS와 안드로이드를 한 번에 만들고 싶으신가요. 익산 Flutter 앱개발 — 익산 교통 요지 상권과 산업단지 수요에 맞춰 예약·주문·실무 자동화 앱·웹을 비대면으로 제작합니다. Flutter 크로스플랫폼 · VAT 포함 580만 원부터.","익산 Flutter 앱개발","Answer|BreadcrumbList|ContactPoint|Country|FAQPage|ListItem|OpeningHoursSpecification|Organization|Place|PostalAddress|ProfessionalService|PropertyValue|Question|Service|WebSite","42","","region_service","region_service","P3","NOINDEX","robots noindex in initial HTML","TESTED_LOCAL_BUILD"
"https://reumlab.com/flutter/incheon/","200","https://reumlab.com/flutter/incheon/","noindex, follow","no","no","no","인천 Flutter 앱개발 | 하나의 코드로 두 플랫폼 — 름랩","iOS와 안드로이드를 한 번에 만들고 싶으신가요. 인천 Flutter 앱개발 — 인천 송도·구도심·산단의 다양한 수요에 맞춰 물류·예약·주문·플랫폼 MVP를 빠르게 만들고 소스코드를 이관합니다. Flutter 크로스플랫폼 · VAT 포함 580만 원부터.","인천 Flutter 앱개발","Answer|BreadcrumbList|ContactPoint|Country|FAQPage|ListItem|OpeningHoursSpecification|Organization|Place|PostalAddress|ProfessionalService|PropertyValue|Question|Service|WebSite","42","","region_service","region_service","P3","NOINDEX","robots noindex in initial HTML","TESTED_LOCAL_BUILD"
"https://reumlab.com/flutter/","200","https://reumlab.com/flutter/","index, follow","yes","yes","no","Flutter 앱개발 외주 | iOS·안드로이드 동시 — 름랩 REUMLAB","Flutter 하나의 코드베이스로 iOS·Android 앱을 함께 개발합니다. 공통 기능과 수정의 중복을 줄일 수 있지만, 절감 폭은 네이티브 연동과 테스트 범위에 따라 달라집니다. VAT 포함 580만 원부터, 소스코드 전체 이관 + 직접 운영 교육. 동탄·수원 거점, 전국 어디서나 진행.","Flutter 앱개발 외주","Answer|BreadcrumbList|ContactPoint|Country|FAQPage|ListItem|OpeningHoursSpecification|Organization|PostalAddress|ProfessionalService|PropertyValue|Question|Service|WebSite","43","1","service_or_hub","service_or_hub","P1","INDEX","self-canonical, indexable and present in sitemap","TESTED_LOCAL_BUILD"
"https://reumlab.com/flutter/jeju/","200","https://reumlab.com/flutter/jeju/","noindex, follow","no","no","no","제주 Flutter 앱개발 | 하나의 코드로 두 플랫폼 — 름랩","iOS와 안드로이드를 한 번에 만들고 싶으신가요. 제주 Flutter 앱개발 — 제주의 관광·숙박·로컬 상권 수요에 맞춰 예약·다국어·커머스 중심 앱·웹을 비대면으로 제작합니다. Flutter 크로스플랫폼 · VAT 포함 580만 원부터.","제주 Flutter 앱개발","Answer|BreadcrumbList|ContactPoint|Country|FAQPage|ListItem|OpeningHoursSpecification|Organization|Place|PostalAddress|ProfessionalService|PropertyValue|Question|Service|WebSite","42","","region_service","region_service","P3","NOINDEX","robots noindex in initial HTML","TESTED_LOCAL_BUILD"
"https://reumlab.com/flutter/jeonju/","200","https://reumlab.com/flutter/jeonju/","noindex, follow","no","no","no","전주 Flutter 앱개발 | 하나의 코드로 두 플랫폼 — 름랩","iOS와 안드로이드를 한 번에 만들고 싶으신가요. 전주 Flutter 앱개발 — 전주의 한옥마을 관광 상권과 교육 수요에 맞춰 예약·커머스·회원 중심 앱·웹을 비대면으로 제작합니다. Flutter 크로스플랫폼 · VAT 포함 580만 원부터.","전주 Flutter 앱개발","Answer|BreadcrumbList|ContactPoint|Country|FAQPage|ListItem|OpeningHoursSpecification|Organization|Place|PostalAddress|ProfessionalService|PropertyValue|Question|Service|WebSite","42","","region_service","region_service","P3","NOINDEX","robots noindex in initial HTML","TESTED_LOCAL_BUILD"
"https://reumlab.com/flutter/jinju/","200","https://reumlab.com/flutter/jinju/","noindex, follow","no","no","no","진주 Flutter 앱개발 | 하나의 코드로 두 플랫폼 — 름랩","iOS와 안드로이드를 한 번에 만들고 싶으신가요. 진주 Flutter 앱개발 — 진주의 교육·행정 중심 상권과 혁신도시 수요에 맞춰 예약·상담·회원 앱·웹을 비대면으로 제작합니다. Flutter 크로스플랫폼 · VAT 포함 580만 원부터.","진주 Flutter 앱개발","Answer|BreadcrumbList|ContactPoint|Country|FAQPage|ListItem|OpeningHoursSpecification|Organization|Place|PostalAddress|ProfessionalService|PropertyValue|Question|Service|WebSite","42","","region_service","region_service","P3","NOINDEX","robots noindex in initial HTML","TESTED_LOCAL_BUILD"
"https://reumlab.com/flutter/jongno/","200","https://reumlab.com/flutter/jongno/","noindex, follow","no","no","no","서울 종로 Flutter 앱개발 | 하나의 코드로 두 플랫폼 — 름랩","iOS와 안드로이드를 한 번에 만들고 싶으신가요. 서울 종로 Flutter 앱개발 — 종로·광화문 도심 업무와 관광 상권 수요에 맞춰 예약·업무 자동화·커머스 앱·웹을 제작합니다. Flutter 크로스플랫폼 · VAT 포함 580만 원부터.","서울 종로 Flutter 앱개발","Answer|BreadcrumbList|ContactPoint|Country|FAQPage|ListItem|OpeningHoursSpecification|Organization|Place|PostalAddress|ProfessionalService|PropertyValue|Question|Service|WebSite","42","","region_service","region_service","P3","NOINDEX","robots noindex in initial HTML","TESTED_LOCAL_BUILD"
"https://reumlab.com/flutter/mapo/","200","https://reumlab.com/flutter/mapo/","noindex, follow","no","no","no","서울 마포 Flutter 앱개발 | 하나의 코드로 두 플랫폼 — 름랩","iOS와 안드로이드를 한 번에 만들고 싶으신가요. 서울 마포 Flutter 앱개발 — 마포 홍대·합정·상암의 콘텐츠·창작 수요에 맞춰 예약·커뮤니티·구독 중심의 앱·웹을 제작합니다. Flutter 크로스플랫폼 · VAT 포함 580만 원부터.","서울 마포 Flutter 앱개발","Answer|BreadcrumbList|ContactPoint|Country|FAQPage|ListItem|OpeningHoursSpecification|Organization|Place|PostalAddress|ProfessionalService|PropertyValue|Question|Service|WebSite","42","5","region_service","region_service","P3","NOINDEX","robots noindex in initial HTML","TESTED_LOCAL_BUILD"
"https://reumlab.com/flutter/mokpo/","200","https://reumlab.com/flutter/mokpo/","noindex, follow","no","no","no","목포 Flutter 앱개발 | 하나의 코드로 두 플랫폼 — 름랩","iOS와 안드로이드를 한 번에 만들고 싶으신가요. 목포 Flutter 앱개발 — 목포의 항만·관광 상권과 로컬 자영업 수요에 맞춰 예약·주문·회원 앱·웹을 비대면으로 제작합니다. Flutter 크로스플랫폼 · VAT 포함 580만 원부터.","목포 Flutter 앱개발","Answer|BreadcrumbList|ContactPoint|Country|FAQPage|ListItem|OpeningHoursSpecification|Organization|Place|PostalAddress|ProfessionalService|PropertyValue|Question|Service|WebSite","42","","region_service","region_service","P3","NOINDEX","robots noindex in initial HTML","TESTED_LOCAL_BUILD"
"https://reumlab.com/flutter/namyangju/","200","https://reumlab.com/flutter/namyangju/","noindex, follow","no","no","no","남양주 Flutter 앱개발 | 하나의 코드로 두 플랫폼 — 름랩","iOS와 안드로이드를 한 번에 만들고 싶으신가요. 남양주 Flutter 앱개발 — 남양주 다산·별내 신도시 상권에 맞춰 예약·주문·멤버십 중심 앱·웹을 제작합니다. Flutter 크로스플랫폼 · VAT 포함 580만 원부터.","남양주 Flutter 앱개발","Answer|BreadcrumbList|ContactPoint|Country|FAQPage|ListItem|OpeningHoursSpecification|Organization|Place|PostalAddress|ProfessionalService|PropertyValue|Question|Service|WebSite","42","","region_service","region_service","P3","NOINDEX","robots noindex in initial HTML","TESTED_LOCAL_BUILD"
"https://reumlab.com/flutter/nowon/","200","https://reumlab.com/flutter/nowon/","noindex, follow","no","no","no","서울 노원 Flutter 앱개발 | 하나의 코드로 두 플랫폼 — 름랩","iOS와 안드로이드를 한 번에 만들고 싶으신가요. 서울 노원 Flutter 앱개발 — 노원·중계 학원가의 교육 수요에 맞춰 수강신청·출결·결제 중심의 앱·웹을 제작합니다. Flutter 크로스플랫폼 · VAT 포함 580만 원부터.","서울 노원 Flutter 앱개발","Answer|BreadcrumbList|ContactPoint|Country|FAQPage|ListItem|OpeningHoursSpecification|Organization|Place|PostalAddress|ProfessionalService|PropertyValue|Question|Service|WebSite","42","","region_service","region_service","P3","NOINDEX","robots noindex in initial HTML","TESTED_LOCAL_BUILD"
"https://reumlab.com/flutter/osan/","200","https://reumlab.com/flutter/osan/","noindex, follow","no","no","no","오산 Flutter 앱개발 | 하나의 코드로 두 플랫폼 — 름랩","iOS와 안드로이드를 한 번에 만들고 싶으신가요. 오산 Flutter 앱개발 — 오산 역세권·산단 인근 수요에 맞춰 예약·주문·회원 중심의 앱·웹을 핵심 기능부터 제작합니다. Flutter 크로스플랫폼 · VAT 포함 580만 원부터.","오산 Flutter 앱개발","Answer|BreadcrumbList|ContactPoint|Country|FAQPage|ListItem|OpeningHoursSpecification|Organization|Place|PostalAddress|ProfessionalService|PropertyValue|Question|Service|WebSite","42","3","region_service","region_service","P3","NOINDEX","robots noindex in initial HTML","TESTED_LOCAL_BUILD"
"https://reumlab.com/flutter/paju/","200","https://reumlab.com/flutter/paju/","noindex, follow","no","no","no","파주 Flutter 앱개발 | 하나의 코드로 두 플랫폼 — 름랩","iOS와 안드로이드를 한 번에 만들고 싶으신가요. 파주 Flutter 앱개발 — 파주 운정 신도시 상권과 출판·산업단지 수요에 맞춰 예약·커머스·실무 자동화 앱·웹을 제작합니다. Flutter 크로스플랫폼 · VAT 포함 580만 원부터.","파주 Flutter 앱개발","Answer|BreadcrumbList|ContactPoint|Country|FAQPage|ListItem|OpeningHoursSpecification|Organization|Place|PostalAddress|ProfessionalService|PropertyValue|Question|Service|WebSite","42","","region_service","region_service","P3","NOINDEX","robots noindex in initial HTML","TESTED_LOCAL_BUILD"
"https://reumlab.com/flutter/pangyo/","200","https://reumlab.com/flutter/pangyo/","noindex, follow","no","no","no","판교 Flutter 앱개발 | 하나의 코드로 두 플랫폼 — 름랩","iOS와 안드로이드를 한 번에 만들고 싶으신가요. 판교 Flutter 앱개발 — 판교는 데모데이·IR 일정에 맞춘 속도와 추후 확장 구조가 동시에 중요한 지역이라, 그에 맞춰 범위를 설계합니다. Flutter 크로스플랫폼 · VAT 포함 580만 원부터.","판교 Flutter 앱개발","Answer|BreadcrumbList|ContactPoint|Country|FAQPage|ListItem|OpeningHoursSpecification|Organization|Place|PostalAddress|ProfessionalService|PropertyValue|Question|Service|WebSite","42","4","region_service","region_service","P3","NOINDEX","robots noindex in initial HTML","TESTED_LOCAL_BUILD"
"https://reumlab.com/flutter/pohang/","200","https://reumlab.com/flutter/pohang/","noindex, follow","no","no","no","포항 Flutter 앱개발 | 하나의 코드로 두 플랫폼 — 름랩","iOS와 안드로이드를 한 번에 만들고 싶으신가요. 포항 Flutter 앱개발 — 포항의 철강 산업과 죽도·영일대 상권 수요에 맞춰 실무 자동화·예약·주문 앱·웹을 비대면으로 제작합니다. Flutter 크로스플랫폼 · VAT 포함 580만 원부터.","포항 Flutter 앱개발","Answer|BreadcrumbList|ContactPoint|Country|FAQPage|ListItem|OpeningHoursSpecification|Organization|Place|PostalAddress|ProfessionalService|PropertyValue|Question|Service|WebSite","42","","region_service","region_service","P3","NOINDEX","robots noindex in initial HTML","TESTED_LOCAL_BUILD"
"https://reumlab.com/flutter/pyeongtaek/","200","https://reumlab.com/flutter/pyeongtaek/","noindex, follow","no","no","no","평택 Flutter 앱개발 | 하나의 코드로 두 플랫폼 — 름랩","iOS와 안드로이드를 한 번에 만들고 싶으신가요. 평택 Flutter 앱개발 — 평택의 산업·물류·신도시 수요에 맞춰 주문·예약·회원 중심의 앱·웹을 정액으로 빠르게 만듭니다. Flutter 크로스플랫폼 · VAT 포함 580만 원부터.","평택 Flutter 앱개발","Answer|BreadcrumbList|ContactPoint|Country|FAQPage|ListItem|OpeningHoursSpecification|Organization|Place|PostalAddress|ProfessionalService|PropertyValue|Question|Service|WebSite","42","3","region_service","region_service","P3","NOINDEX","robots noindex in initial HTML","TESTED_LOCAL_BUILD"
"https://reumlab.com/flutter/sejong/","200","https://reumlab.com/flutter/sejong/","noindex, follow","no","no","no","세종 Flutter 앱개발 | 하나의 코드로 두 플랫폼 — 름랩","iOS와 안드로이드를 한 번에 만들고 싶으신가요. 세종 Flutter 앱개발 — 세종의 행정·신도시 주거 상권 수요에 맞춰 예약·회원·실무 자동화 앱·웹을 비대면으로 제작합니다. Flutter 크로스플랫폼 · VAT 포함 580만 원부터.","세종 Flutter 앱개발","Answer|BreadcrumbList|ContactPoint|Country|FAQPage|ListItem|OpeningHoursSpecification|Organization|Place|PostalAddress|ProfessionalService|PropertyValue|Question|Service|WebSite","42","","region_service","region_service","P3","NOINDEX","robots noindex in initial HTML","TESTED_LOCAL_BUILD"
"https://reumlab.com/flutter/seocho/","200","https://reumlab.com/flutter/seocho/","noindex, follow","no","no","no","서울 서초 Flutter 앱개발 | 하나의 코드로 두 플랫폼 — 름랩","iOS와 안드로이드를 한 번에 만들고 싶으신가요. 서울 서초 Flutter 앱개발 — 서초·양재의 전문서비스·스타트업 수요에 맞춰 예약·상담·회원·자동화 기능 중심으로 제작합니다. Flutter 크로스플랫폼 · VAT 포함 580만 원부터.","서울 서초 Flutter 앱개발","Answer|BreadcrumbList|ContactPoint|Country|FAQPage|ListItem|OpeningHoursSpecification|Organization|Place|PostalAddress|ProfessionalService|PropertyValue|Question|Service|WebSite","42","5","region_service","region_service","P3","NOINDEX","robots noindex in initial HTML","TESTED_LOCAL_BUILD"
"https://reumlab.com/flutter/seogwipo/","200","https://reumlab.com/flutter/seogwipo/","noindex, follow","no","no","no","제주 서귀포 Flutter 앱개발 | 하나의 코드로 두 플랫폼 — 름랩","iOS와 안드로이드를 한 번에 만들고 싶으신가요. 제주 서귀포 Flutter 앱개발 — 서귀포 관광·감귤 산지 상권 수요에 맞춰 예약·직거래 커머스·다국어 앱·웹을 비대면으로 제작합니다. Flutter 크로스플랫폼 · VAT 포함 580만 원부터.","제주 서귀포 Flutter 앱개발","Answer|BreadcrumbList|ContactPoint|Country|FAQPage|ListItem|OpeningHoursSpecification|Organization|Place|PostalAddress|ProfessionalService|PropertyValue|Question|Service|WebSite","42","","region_service","region_service","P3","NOINDEX","robots noindex in initial HTML","TESTED_LOCAL_BUILD"
"https://reumlab.com/flutter/seongnam/","200","https://reumlab.com/flutter/seongnam/","noindex, follow","no","no","no","성남 Flutter 앱개발 | 하나의 코드로 두 플랫폼 — 름랩","iOS와 안드로이드를 한 번에 만들고 싶으신가요. 성남 Flutter 앱개발 — 성남은 분당·판교 IT 벨트를 끼고 있어, 검증 위주의 빠른 MVP와 확장 가능한 구조를 함께 고려해 진행합니다. Flutter 크로스플랫폼 · VAT 포함 580만 원부터.","성남 Flutter 앱개발","Answer|BreadcrumbList|ContactPoint|Country|FAQPage|ListItem|OpeningHoursSpecification|Organization|Place|PostalAddress|ProfessionalService|PropertyValue|Question|Service|WebSite","42","4","region_service","region_service","P3","NOINDEX","robots noindex in initial HTML","TESTED_LOCAL_BUILD"
"https://reumlab.com/flutter/seongsu/","200","https://reumlab.com/flutter/seongsu/","noindex, follow","no","no","no","성수 Flutter 앱개발 | 하나의 코드로 두 플랫폼 — 름랩","iOS와 안드로이드를 한 번에 만들고 싶으신가요. 성수 Flutter 앱개발 — 성수 브랜드·소셜벤처의 수요에 맞춰 커머스·예약·구독·커뮤니티 중심의 앱·웹을 빠르게 제작합니다. Flutter 크로스플랫폼 · VAT 포함 580만 원부터.","성수 Flutter 앱개발","Answer|BreadcrumbList|ContactPoint|Country|FAQPage|ListItem|OpeningHoursSpecification|Organization|Place|PostalAddress|ProfessionalService|PropertyValue|Question|Service|WebSite","42","","region_service","region_service","P3","NOINDEX","robots noindex in initial HTML","TESTED_LOCAL_BUILD"
"https://reumlab.com/flutter/seosan/","200","https://reumlab.com/flutter/seosan/","noindex, follow","no","no","no","서산 Flutter 앱개발 | 하나의 코드로 두 플랫폼 — 름랩","iOS와 안드로이드를 한 번에 만들고 싶으신가요. 서산 Flutter 앱개발 — 서산 석유화학·자동차 산업 수요에 맞춰 실무 자동화·주문·예약 앱·웹을 비대면으로 제작합니다. Flutter 크로스플랫폼 · VAT 포함 580만 원부터.","서산 Flutter 앱개발","Answer|BreadcrumbList|ContactPoint|Country|FAQPage|ListItem|OpeningHoursSpecification|Organization|Place|PostalAddress|ProfessionalService|PropertyValue|Question|Service|WebSite","42","","region_service","region_service","P3","NOINDEX","robots noindex in initial HTML","TESTED_LOCAL_BUILD"
"https://reumlab.com/flutter/sokcho/","200","https://reumlab.com/flutter/sokcho/","noindex, follow","no","no","no","속초 Flutter 앱개발 | 하나의 코드로 두 플랫폼 — 름랩","iOS와 안드로이드를 한 번에 만들고 싶으신가요. 속초 Flutter 앱개발 — 속초 해양 관광 상권 수요에 맞춰 예약·숙박·커머스 중심 앱·웹을 비대면으로 제작합니다. Flutter 크로스플랫폼 · VAT 포함 580만 원부터.","속초 Flutter 앱개발","Answer|BreadcrumbList|ContactPoint|Country|FAQPage|ListItem|OpeningHoursSpecification|Organization|Place|PostalAddress|ProfessionalService|PropertyValue|Question|Service|WebSite","42","","region_service","region_service","P3","NOINDEX","robots noindex in initial HTML","TESTED_LOCAL_BUILD"
"https://reumlab.com/flutter/songpa/","200","https://reumlab.com/flutter/songpa/","noindex, follow","no","no","no","서울 송파 Flutter 앱개발 | 하나의 코드로 두 플랫폼 — 름랩","iOS와 안드로이드를 한 번에 만들고 싶으신가요. 서울 송파 Flutter 앱개발 — 송파 잠실·문정의 로컬·B2B 수요에 맞춰 예약·주문·멤버십·플랫폼 중심의 앱·웹을 제작합니다. Flutter 크로스플랫폼 · VAT 포함 580만 원부터.","서울 송파 Flutter 앱개발","Answer|BreadcrumbList|ContactPoint|Country|FAQPage|ListItem|OpeningHoursSpecification|Organization|Place|PostalAddress|ProfessionalService|PropertyValue|Question|Service|WebSite","42","5","region_service","region_service","P3","NOINDEX","robots noindex in initial HTML","TESTED_LOCAL_BUILD"
"https://reumlab.com/flutter/suncheon/","200","https://reumlab.com/flutter/suncheon/","noindex, follow","no","no","no","순천 Flutter 앱개발 | 하나의 코드로 두 플랫폼 — 름랩","iOS와 안드로이드를 한 번에 만들고 싶으신가요. 순천 Flutter 앱개발 — 순천의 생태 관광 상권과 로컬 자영업 수요에 맞춰 예약·주문·회원 앱·웹을 비대면으로 제작합니다. Flutter 크로스플랫폼 · VAT 포함 580만 원부터.","순천 Flutter 앱개발","Answer|BreadcrumbList|ContactPoint|Country|FAQPage|ListItem|OpeningHoursSpecification|Organization|Place|PostalAddress|ProfessionalService|PropertyValue|Question|Service|WebSite","42","","region_service","region_service","P3","NOINDEX","robots noindex in initial HTML","TESTED_LOCAL_BUILD"
"https://reumlab.com/flutter/suwon/","200","https://reumlab.com/flutter/suwon/","index, follow","yes","yes","no","수원 Flutter 앱개발 | 하나의 코드로 두 플랫폼 — 름랩","iOS와 안드로이드를 한 번에 만들고 싶으신가요. 수원 Flutter 앱개발 — 수원은 대기업·중소기업·자영업·스타트업 수요가 두루 섞여, 로컬 예약 앱부터 스타트업 MVP까지 폭넓게 진행합니다. Flutter 크로스플랫폼 · VAT 포함 580만 원부터.","수원 Flutter 앱개발","Answer|BreadcrumbList|ContactPoint|Country|FAQPage|ListItem|OpeningHoursSpecification|Organization|Place|PostalAddress|ProfessionalService|PropertyValue|Question|Service|WebSite","41","2","region_service","service_or_hub","P3","INDEX","self-canonical, indexable and present in sitemap","TESTED_LOCAL_BUILD"
"https://reumlab.com/flutter/tongyeong/","200","https://reumlab.com/flutter/tongyeong/","noindex, follow","no","no","no","통영 Flutter 앱개발 | 하나의 코드로 두 플랫폼 — 름랩","iOS와 안드로이드를 한 번에 만들고 싶으신가요. 통영 Flutter 앱개발 — 통영 해양 관광·수산 상권 수요에 맞춰 예약·숙박·커머스 중심 앱·웹을 비대면으로 제작합니다. Flutter 크로스플랫폼 · VAT 포함 580만 원부터.","통영 Flutter 앱개발","Answer|BreadcrumbList|ContactPoint|Country|FAQPage|ListItem|OpeningHoursSpecification|Organization|Place|PostalAddress|ProfessionalService|PropertyValue|Question|Service|WebSite","42","","region_service","region_service","P3","NOINDEX","robots noindex in initial HTML","TESTED_LOCAL_BUILD"
"https://reumlab.com/flutter/uijeongbu/","200","https://reumlab.com/flutter/uijeongbu/","noindex, follow","no","no","no","의정부 Flutter 앱개발 | 하나의 코드로 두 플랫폼 — 름랩","iOS와 안드로이드를 한 번에 만들고 싶으신가요. 의정부 Flutter 앱개발 — 의정부 구도심·신곡 상권의 로컬 사업자에 맞춰 예약·주문·회원 중심 앱·웹을 제작합니다. Flutter 크로스플랫폼 · VAT 포함 580만 원부터.","의정부 Flutter 앱개발","Answer|BreadcrumbList|ContactPoint|Country|FAQPage|ListItem|OpeningHoursSpecification|Organization|Place|PostalAddress|ProfessionalService|PropertyValue|Question|Service|WebSite","42","","region_service","region_service","P3","NOINDEX","robots noindex in initial HTML","TESTED_LOCAL_BUILD"
"https://reumlab.com/flutter/uiwang/","200","https://reumlab.com/flutter/uiwang/","noindex, follow","no","no","no","의왕 Flutter 앱개발 | 하나의 코드로 두 플랫폼 — 름랩","iOS와 안드로이드를 한 번에 만들고 싶으신가요. 의왕 Flutter 앱개발 — 의왕 내손·포일 주거 상권의 소규모 사업장에 맞춰 예약·주문·문의 중심으로 합리적으로 제작합니다. Flutter 크로스플랫폼 · VAT 포함 580만 원부터.","의왕 Flutter 앱개발","Answer|BreadcrumbList|ContactPoint|Country|FAQPage|ListItem|OpeningHoursSpecification|Organization|Place|PostalAddress|ProfessionalService|PropertyValue|Question|Service|WebSite","42","3","region_service","region_service","P3","NOINDEX","robots noindex in initial HTML","TESTED_LOCAL_BUILD"
"https://reumlab.com/flutter/ulsan/","200","https://reumlab.com/flutter/ulsan/","noindex, follow","no","no","no","울산 Flutter 앱개발 | 하나의 코드로 두 플랫폼 — 름랩","iOS와 안드로이드를 한 번에 만들고 싶으신가요. 울산 Flutter 앱개발 — 울산의 산업·제조 기반 실무 자동화와 로컬 상권 수요에 맞춰 앱·웹 MVP를 비대면으로 제작합니다. Flutter 크로스플랫폼 · VAT 포함 580만 원부터.","울산 Flutter 앱개발","Answer|BreadcrumbList|ContactPoint|Country|FAQPage|ListItem|OpeningHoursSpecification|Organization|Place|PostalAddress|ProfessionalService|PropertyValue|Question|Service|WebSite","42","","region_service","region_service","P3","NOINDEX","robots noindex in initial HTML","TESTED_LOCAL_BUILD"
"https://reumlab.com/flutter/wonju/","200","https://reumlab.com/flutter/wonju/","noindex, follow","no","no","no","원주 Flutter 앱개발 | 하나의 코드로 두 플랫폼 — 름랩","iOS와 안드로이드를 한 번에 만들고 싶으신가요. 원주 Flutter 앱개발 — 원주의 혁신도시·의료기기 산업과 상권 수요에 맞춰 실무 자동화·예약·주문 앱·웹을 비대면으로 제작합니다. Flutter 크로스플랫폼 · VAT 포함 580만 원부터.","원주 Flutter 앱개발","Answer|BreadcrumbList|ContactPoint|Country|FAQPage|ListItem|OpeningHoursSpecification|Organization|Place|PostalAddress|ProfessionalService|PropertyValue|Question|Service|WebSite","42","","region_service","region_service","P3","NOINDEX","robots noindex in initial HTML","TESTED_LOCAL_BUILD"
"https://reumlab.com/flutter/yangsan/","200","https://reumlab.com/flutter/yangsan/","noindex, follow","no","no","no","양산 Flutter 앱개발 | 하나의 코드로 두 플랫폼 — 름랩","iOS와 안드로이드를 한 번에 만들고 싶으신가요. 양산 Flutter 앱개발 — 양산 신도시 주거 상권의 로컬 사업자에 맞춰 예약·주문·회원 중심 앱·웹을 비대면으로 제작합니다. Flutter 크로스플랫폼 · VAT 포함 580만 원부터.","양산 Flutter 앱개발","Answer|BreadcrumbList|ContactPoint|Country|FAQPage|ListItem|OpeningHoursSpecification|Organization|Place|PostalAddress|ProfessionalService|PropertyValue|Question|Service|WebSite","42","","region_service","region_service","P3","NOINDEX","robots noindex in initial HTML","TESTED_LOCAL_BUILD"
"https://reumlab.com/flutter/yeosu/","200","https://reumlab.com/flutter/yeosu/","noindex, follow","no","no","no","여수 Flutter 앱개발 | 하나의 코드로 두 플랫폼 — 름랩","iOS와 안드로이드를 한 번에 만들고 싶으신가요. 여수 Flutter 앱개발 — 여수의 관광·해양 상권 수요에 맞춰 예약·숙박·커머스 중심 앱·웹을 비대면으로 제작합니다. Flutter 크로스플랫폼 · VAT 포함 580만 원부터.","여수 Flutter 앱개발","Answer|BreadcrumbList|ContactPoint|Country|FAQPage|ListItem|OpeningHoursSpecification|Organization|Place|PostalAddress|ProfessionalService|PropertyValue|Question|Service|WebSite","42","","region_service","region_service","P3","NOINDEX","robots noindex in initial HTML","TESTED_LOCAL_BUILD"
"https://reumlab.com/flutter/yeouido/","200","https://reumlab.com/flutter/yeouido/","noindex, follow","no","no","no","여의도 Flutter 앱개발 | 하나의 코드로 두 플랫폼 — 름랩","iOS와 안드로이드를 한 번에 만들고 싶으신가요. 여의도 Flutter 앱개발 — 여의도 금융·전문서비스의 사내 수요에 맞춰 업무 자동화·관리자 웹·고객 응대 MVP를 제작합니다. Flutter 크로스플랫폼 · VAT 포함 580만 원부터.","여의도 Flutter 앱개발","Answer|BreadcrumbList|ContactPoint|Country|FAQPage|ListItem|OpeningHoursSpecification|Organization|Place|PostalAddress|ProfessionalService|PropertyValue|Question|Service|WebSite","42","5","region_service","region_service","P3","NOINDEX","robots noindex in initial HTML","TESTED_LOCAL_BUILD"
"https://reumlab.com/flutter/yongin/","200","https://reumlab.com/flutter/yongin/","noindex, follow","no","no","no","용인 Flutter 앱개발 | 하나의 코드로 두 플랫폼 — 름랩","iOS와 안드로이드를 한 번에 만들고 싶으신가요. 용인 Flutter 앱개발 — 용인 수지·기흥·처인의 로컬 사업자·초기 창업자에 맞춰 예약·주문·회원 중심의 앱·웹을 빠르게 만듭니다. Flutter 크로스플랫폼 · VAT 포함 580만 원부터.","용인 Flutter 앱개발","Answer|BreadcrumbList|ContactPoint|Country|FAQPage|ListItem|OpeningHoursSpecification|Organization|Place|PostalAddress|ProfessionalService|PropertyValue|Question|Service|WebSite","42","3","region_service","region_service","P3","NOINDEX","robots noindex in initial HTML","TESTED_LOCAL_BUILD"
"https://reumlab.com/flutter/yongsan/","200","https://reumlab.com/flutter/yongsan/","noindex, follow","no","no","no","서울 용산 Flutter 앱개발 | 하나의 코드로 두 플랫폼 — 름랩","iOS와 안드로이드를 한 번에 만들고 싶으신가요. 서울 용산 Flutter 앱개발 — 용산 업무·관광·전자상가 수요에 맞춰 예약·커머스·플랫폼 중심의 앱·웹을 제작합니다. Flutter 크로스플랫폼 · VAT 포함 580만 원부터.","서울 용산 Flutter 앱개발","Answer|BreadcrumbList|ContactPoint|Country|FAQPage|ListItem|OpeningHoursSpecification|Organization|Place|PostalAddress|ProfessionalService|PropertyValue|Question|Service|WebSite","42","","region_service","region_service","P3","NOINDEX","robots noindex in initial HTML","TESTED_LOCAL_BUILD"
"https://reumlab.com/flutter-development/","200","https://reumlab.com/flutter-development/","index, follow","yes","yes","no","Flutter App Development Studio Korea | 름랩 REUMLAB","Flutter specialist studio in Hwaseong (Dongtan), Korea. One codebase for iOS and Android instead of two. Full source handover + operation training.","Flutter 앱개발 · Flutter Development","Answer|BreadcrumbList|ContactPoint|Country|FAQPage|ListItem|OpeningHoursSpecification|Organization|PostalAddress|ProfessionalService|PropertyValue|Question|Service|WebSite","28","2","service_or_hub","service_or_hub","P1","INDEX","self-canonical, indexable and present in sitemap","TESTED_LOCAL_BUILD"
"https://reumlab.com/geo-website/","200","https://reumlab.com/geo-website/","index, follow","yes","yes","no","GEO 홈페이지 제작 | AI 검색을 고려한 웹사이트 개발 · 름랩","고객 질문과 브랜드 정보, 사례·FAQ, 검색 접근성, 문의 동선을 함께 설계하는 름랩의 GEO 홈페이지 제작 서비스. 신규 제작과 기존 홈페이지 개선 범위를 상담하세요.","AI 검색까지 고려한 GEO 홈페이지 제작","BreadcrumbList|ContactPoint|Country|ListItem|OpeningHoursSpecification|Organization|PostalAddress|ProfessionalService|PropertyValue|Service|WebPage|WebSite","28","1","service_or_hub","service_or_hub","P1","INDEX","self-canonical, indexable and present in sitemap","TESTED_LOCAL_BUILD"
"https://reumlab.com/google-site-verification.html","200","","index,follow","no","no","no","","","","","0","","system","system","P3","REVIEW","system or non-canonical document; manual review","TESTED_LOCAL_BUILD"
"https://reumlab.com/google39017cbd32017d28.html","200","","index,follow","no","no","no","","","","","0","","system","system","P3","REVIEW","system or non-canonical document; manual review","TESTED_LOCAL_BUILD"
"https://reumlab.com/guide/academy-app-guide/","200","https://reumlab.com/guide/academy-app-guide/","index, follow","yes","yes","yes","학원 앱 만들기 가이드: 등하원 알림부터 자동화하는 법 | 름랩","학원 앱을 만들 때 등하원 알림·출결을 먼저 자동화하고 결제·리포트를 나중에 붙여야 하는 이유와 준비 순서, 실수를 정리했습니다.","학원 앱 만들기, 등하원 알림이 먼저다","Answer|Article|BreadcrumbList|ContactPoint|Country|FAQPage|ListItem|OpeningHoursSpecification|Organization|PostalAddress|ProfessionalService|PropertyValue|Question|WebPage|WebSite","29","2","guide","guide","P2","INDEX","self-canonical, indexable and present in sitemap","TESTED_LOCAL_BUILD"
"https://reumlab.com/guide/agency-choice/","200","https://reumlab.com/guide/agency-choice/","index, follow","yes","yes","yes","앱·웹 개발 업체 고르는 기준 8가지 — 견적서에서 확인할 것 | 름랩","개발 업체를 비교할 때 금액보다 먼저 확인해야 할 8가지 — 개발 범위 명시, 디자인 포함 여부, 서버·DB 소유, 관리자 범위, 소스코드 이관, 계정 명의, 유지보수 조건, 배포 주체를 정리했습니다.","개발 업체를 고를 때 무엇을 확인해야 할까","Answer|Article|BreadcrumbList|ContactPoint|Country|FAQPage|ListItem|OpeningHoursSpecification|Organization|PostalAddress|ProfessionalService|PropertyValue|Question|WebPage|WebSite","28","2","guide","guide","P2","INDEX","self-canonical, indexable and present in sitemap","TESTED_LOCAL_BUILD"
"https://reumlab.com/guide/ai-automation-guide/","200","https://reumlab.com/guide/ai-automation-guide/","index, follow","yes","yes","yes","AI 업무 자동화란 — 어떤 업무부터 자동화할 수 있나 | 름랩","AI 업무 자동화는 반복되고, 판단 기준이 있고, 결과를 사람이 확인할 수 있는 업무부터 적용합니다. 자동화에 맞는 업무와 맞지 않는 업무, 비용을 결정하는 요소를 정리했습니다.","AI 업무 자동화, 어떤 업무부터 적용할 수 있을까","Answer|Article|BreadcrumbList|ContactPoint|Country|FAQPage|ListItem|OpeningHoursSpecification|Organization|PostalAddress|ProfessionalService|PropertyValue|Question|WebPage|WebSite","27","2","guide","guide","P2","INDEX","self-canonical, indexable and present in sitemap","TESTED_LOCAL_BUILD"
"https://reumlab.com/guide/app-cost/","200","https://reumlab.com/guide/app-cost/","index, follow","yes","yes","yes","앱개발 비용 총정리: 무엇이 가격을 결정하나 | 름랩","앱개발 비용은 화면 수, 기능 복잡도, 관리자 페이지, 외부 연동에 따라 달라집니다. 비용 결정 구조를 항목별로 정리하고, 정액 패키지로 예산을 잡는 법을 안내합니다.","앱개발 비용, 무엇이 가격을 결정할까","Answer|Article|BreadcrumbList|ContactPoint|Country|FAQPage|ListItem|OpeningHoursSpecification|Organization|PostalAddress|ProfessionalService|PropertyValue|Question|WebPage|WebSite","28","2","guide","guide","P2","INDEX","self-canonical, indexable and present in sitemap","TESTED_LOCAL_BUILD"
"https://reumlab.com/guide/app-duration/","200","https://reumlab.com/guide/app-duration/","index, follow","yes","yes","yes","앱개발 기간은 어떻게 정해질까 — 일정을 늘리는 5가지 요인 | 름랩","앱개발 기간은 화면 수보다 사용자 역할 수, 관리자 화면, 외부 연동, 앱스토어 심사에 더 크게 좌우됩니다. 일정을 결정하는 요인과 름랩의 공개 패키지 기준 일정을 정리했습니다.","앱개발 기간은 무엇으로 정해질까","Answer|Article|BreadcrumbList|ContactPoint|Country|FAQPage|ListItem|OpeningHoursSpecification|Organization|PostalAddress|ProfessionalService|PropertyValue|Question|WebPage|WebSite","28","2","guide","guide","P2","INDEX","self-canonical, indexable and present in sitemap","TESTED_LOCAL_BUILD"
"https://reumlab.com/guide/b2b-saas-guide/","200","https://reumlab.com/guide/b2b-saas-guide/","index, follow","yes","yes","yes","B2B SaaS 만들기 가이드: 핵심 기능부터 검증하는 법 | 름랩","B2B SaaS를 만들 때 한 팀의 반복 업무를 줄이는 핵심 기능부터 검증하고 연동·정산을 나중에 붙여야 하는 이유를 정리했습니다.","B2B SaaS 만들기, 한 팀의 문제부터 풀어라","Answer|Article|BreadcrumbList|ContactPoint|Country|FAQPage|ListItem|OpeningHoursSpecification|Organization|PostalAddress|ProfessionalService|PropertyValue|Question|WebPage|WebSite","29","2","guide","guide","P2","INDEX","self-canonical, indexable and present in sitemap","TESTED_LOCAL_BUILD"
"https://reumlab.com/guide/booking-app-guide/","200","https://reumlab.com/guide/booking-app-guide/","index, follow","yes","yes","yes","예약 앱 만들기 가이드: 미용·네일·공방 노쇼 줄이기 | 름랩","미용·네일·공방 같은 소규모 매장의 예약 앱을 만들 때 노쇼 방지와 단골 관리를 어떻게 설계하는지, 준비 순서와 실수를 정리했습니다.","예약 앱 만들기, 노쇼와 응대를 함께 줄여라","Answer|Article|BreadcrumbList|ContactPoint|Country|FAQPage|ListItem|OpeningHoursSpecification|Organization|PostalAddress|ProfessionalService|PropertyValue|Question|WebPage|WebSite","29","2","guide","guide","P2","INDEX","self-canonical, indexable and present in sitemap","TESTED_LOCAL_BUILD"
"https://reumlab.com/guide/cafe-app-guide/","200","https://reumlab.com/guide/cafe-app-guide/","index, follow","yes","yes","yes","카페 앱 만들기 가이드: 모바일 오더·스탬프로 단골 잡기 | 름랩","카페 앱을 만들 때 모바일 오더·스탬프를 먼저 넣어 배달앱 수수료 없이 단골 데이터를 확보하는 법과 준비 순서를 정리했습니다.","카페 앱 만들기, 수수료 없이 단골을 잡아라","Answer|Article|BreadcrumbList|ContactPoint|Country|FAQPage|ListItem|OpeningHoursSpecification|Organization|PostalAddress|ProfessionalService|PropertyValue|Question|WebPage|WebSite","29","2","guide","guide","P2","INDEX","self-canonical, indexable and present in sitemap","TESTED_LOCAL_BUILD"
"https://reumlab.com/guide/chatbot-cost/","200","https://reumlab.com/guide/chatbot-cost/","index, follow","yes","yes","yes","AI 챗봇 개발 비용: 최소 기능부터 단계별로 | 름랩","AI 챗봇 개발 비용의 구성과, 최소 기능부터 시작해 단계적으로 확장하는 합리적 접근을 정리합니다.","AI 챗봇 개발 비용, 단계별로 접근하기","Answer|Article|BreadcrumbList|ContactPoint|Country|FAQPage|ListItem|OpeningHoursSpecification|Organization|PostalAddress|ProfessionalService|PropertyValue|Question|WebPage|WebSite","26","2","guide","guide","P2","INDEX","self-canonical, indexable and present in sitemap","TESTED_LOCAL_BUILD"
"https://reumlab.com/guide/cleaning-app-guide/","200","https://reumlab.com/guide/cleaning-app-guide/","index, follow","yes","yes","yes","청소·홈서비스 앱 만들기 가이드: 예약·기사 배정 | 름랩","청소·홈서비스 앱을 만들 때 방문 예약·기사 배정과 정기 구독을 어떻게 설계하는지, 준비 순서와 실수를 정리했습니다.","청소 앱 만들기, 준비된 방문을 만들어라","Answer|Article|BreadcrumbList|ContactPoint|Country|FAQPage|ListItem|OpeningHoursSpecification|Organization|PostalAddress|ProfessionalService|PropertyValue|Question|WebPage|WebSite","29","2","guide","guide","P2","INDEX","self-canonical, indexable and present in sitemap","TESTED_LOCAL_BUILD"
"https://reumlab.com/guide/community-app-guide/","200","https://reumlab.com/guide/community-app-guide/","index, follow","yes","yes","yes","커뮤니티 앱 만들기 가이드: 게시판·알림부터 활동 모으기 | 름랩","커뮤니티 앱을 만들 때 게시판·알림·운영도구부터 넣고 실시간 채팅은 나중에 붙여야 하는 이유와 서버 비용 고려사항을 정리했습니다.","커뮤니티 앱 만들기, 기능보다 활동이 먼저다","Answer|Article|BreadcrumbList|ContactPoint|Country|FAQPage|ListItem|OpeningHoursSpecification|Organization|PostalAddress|ProfessionalService|PropertyValue|Question|WebPage|WebSite","29","2","guide","guide","P2","INDEX","self-canonical, indexable and present in sitemap","TESTED_LOCAL_BUILD"
"https://reumlab.com/guide/delivery-app-guide/","200","https://reumlab.com/guide/delivery-app-guide/","index, follow","yes","yes","yes","배달 앱 만들기 가이드: 수수료 없는 자체 주문 채널 | 름랩","자체 배달·주문 앱을 만들 때 메뉴·주문·결제를 먼저 검증하고 실시간 배차는 나중에 붙여야 하는 이유와 준비 순서를 정리했습니다.","배달 앱 만들기, 수수료 없이 단골을 확보하라","Answer|Article|BreadcrumbList|ContactPoint|Country|FAQPage|ListItem|OpeningHoursSpecification|Organization|PostalAddress|ProfessionalService|PropertyValue|Question|WebPage|WebSite","29","2","guide","guide","P2","INDEX","self-canonical, indexable and present in sitemap","TESTED_LOCAL_BUILD"
"https://reumlab.com/guide/dental-app-guide/","200","https://reumlab.com/guide/dental-app-guide/","index, follow","yes","yes","yes","치과 앱 만들기 가이드: 정기검진 리콜부터 챙기는 법 | 름랩","치과 앱을 만들 때 예약·문진보다 정기검진 리콜과 교정 회차 관리를 먼저 설계해야 하는 이유와 준비 순서, 실수를 정리했습니다.","치과 앱 만들기, 리콜을 먼저 설계하라","Answer|Article|BreadcrumbList|ContactPoint|Country|FAQPage|ListItem|OpeningHoursSpecification|Organization|PostalAddress|ProfessionalService|PropertyValue|Question|WebPage|WebSite","29","2","guide","guide","P2","INDEX","self-canonical, indexable and present in sitemap","TESTED_LOCAL_BUILD"
"https://reumlab.com/guide/dev-process/","200","https://reumlab.com/guide/dev-process/","index, follow","yes","yes","yes","외주 개발 진행 과정: 상담부터 소스코드 이관까지 | 름랩","앱·웹 외주 개발이 상담·범위 확정·계약·설계·개발·검수·배포·이관까지 어떤 순서로 진행되는지, 각 단계에서 고객이 무엇을 확인하고 무엇을 준비해야 하는지 정리했습니다.","외주 개발은 어떤 순서로 진행될까","Answer|Article|BreadcrumbList|ContactPoint|Country|FAQPage|ListItem|OpeningHoursSpecification|Organization|PostalAddress|ProfessionalService|PropertyValue|Question|WebPage|WebSite","27","2","guide","guide","P2","INDEX","self-canonical, indexable and present in sitemap","TESTED_LOCAL_BUILD"
"https://reumlab.com/guide/dongtan-hwaseong/","200","https://reumlab.com/guide/dongtan-hwaseong/","index, follow","yes","yes","yes","동탄·화성 앱개발·홈페이지 제작 업체 고르는 법 | 름랩","동탄·화성에서 앱개발·홈페이지 제작 업체를 고를 때 확인할 것 — 지역 상권 이해, 정액 비용, 소스코드 이관, 출시 후 직접 운영까지. 동탄첨단산업단지에 자리한 름랩이 정리했습니다.","동탄·화성에서 앱·홈페이지 개발 업체 고르기","Answer|Article|BreadcrumbList|ContactPoint|Country|FAQPage|ListItem|OpeningHoursSpecification|Organization|PostalAddress|ProfessionalService|PropertyValue|Question|WebPage|WebSite","31","1","guide","guide","P2","INDEX","self-canonical, indexable and present in sitemap","TESTED_LOCAL_BUILD"
"https://reumlab.com/guide/enterprise-ai-adoption/","200","https://reumlab.com/guide/enterprise-ai-adoption/","index, follow","yes","yes","yes","기업 AI 도입 전 확인해야 할 핵심 사항 | 름랩","기업 AI 도입은 어떤 모델을 쓸지보다 어떤 업무 문제를 풀지 정하는 데서 시작합니다. 문제 정의부터 데이터·민감도·사용자·AI 유형·PoC·평가·운영까지 8단계와 도입 체크리스트를 정리했습니다.","기업 AI 도입 전 무엇부터 정해야 할까?","Answer|Article|BreadcrumbList|ContactPoint|Country|FAQPage|ListItem|OpeningHoursSpecification|Organization|PostalAddress|ProfessionalService|PropertyValue|Question|WebPage|WebSite","27","2","guide","guide","P2","INDEX","self-canonical, indexable and present in sitemap","TESTED_LOCAL_BUILD"
"https://reumlab.com/guide/enterprise-ai-cost/","200","https://reumlab.com/guide/enterprise-ai-cost/","index, follow","yes","yes","yes","사내 AI 구축 비용은 무엇에 따라 달라질까? | 름랩","사내 AI 구축 비용은 챗봇 화면 하나를 만드는 비용이 아니라 어떤 사내 데이터를 연결하는지, 검색 구조가 얼마나 복잡한지, 권한과 기존 시스템 연동이 필요한지에 따라 달라집니다. 결정 요소와 견적 전 준비사항을 정리했습니다.","사내 AI 구축 비용은 무엇에 따라 달라질까?","Answer|Article|BreadcrumbList|ContactPoint|Country|FAQPage|ListItem|OpeningHoursSpecification|Organization|PostalAddress|ProfessionalService|PropertyValue|Question|WebPage|WebSite","28","2","guide","guide","P2","INDEX","self-canonical, indexable and present in sitemap","TESTED_LOCAL_BUILD"
"https://reumlab.com/guide/erp-cost/","200","https://reumlab.com/guide/erp-cost/","index, follow","yes","yes","yes","맞춤형 ERP·업무 시스템 구축 비용은 어떻게 정해질까 | 름랩","맞춤형 ERP·업무 시스템 비용은 관리 대상 업무 수, 역할별 권한, 승인·정산 흐름, 기존 데이터 이관, 외부 시스템 연동으로 결정됩니다. 기성 SaaS와 비교해 어느 쪽이 맞는지 판단 기준도 정리했습니다.","맞춤형 ERP 구축 비용, 무엇이 가격을 결정할까","Answer|Article|BreadcrumbList|ContactPoint|Country|FAQPage|ListItem|OpeningHoursSpecification|Organization|PostalAddress|ProfessionalService|PropertyValue|Question|WebPage|WebSite","28","2","guide","guide","P2","INDEX","self-canonical, indexable and present in sitemap","TESTED_LOCAL_BUILD"
"https://reumlab.com/guide/fitness-app-guide/","200","https://reumlab.com/guide/fitness-app-guide/","index, follow","yes","yes","yes","헬스장 앱 만들기 가이드: 회원권·출석·PT 예약부터 | 름랩","헬스장 앱을 만들 때 회원권·출석·PT 예약을 우선하고 정기결제·다지점은 나중에 붙여야 하는 이유와 준비 순서를 정리했습니다.","헬스장 앱 만들기, 데스크 문의부터 줄여라","Answer|Article|BreadcrumbList|ContactPoint|Country|FAQPage|ListItem|OpeningHoursSpecification|Organization|PostalAddress|ProfessionalService|PropertyValue|Question|WebPage|WebSite","29","2","guide","guide","P2","INDEX","self-canonical, indexable and present in sitemap","TESTED_LOCAL_BUILD"
"https://reumlab.com/guide/flutter-cost/","200","https://reumlab.com/guide/flutter-cost/","index, follow","yes","yes","yes","Flutter 앱개발 비용: 크로스플랫폼으로 줄이는 비용 | 름랩","Flutter 크로스플랫폼으로 iOS·Android를 한 번에 만들 때의 비용 절감 구조를 정리합니다. 네이티브 2벌 대비 개발·유지보수 비용 비교.","Flutter 앱개발 비용이 합리적인 이유","Answer|Article|BreadcrumbList|ContactPoint|Country|FAQPage|ListItem|OpeningHoursSpecification|Organization|PostalAddress|ProfessionalService|PropertyValue|Question|WebPage|WebSite","27","2","guide","guide","P2","INDEX","self-canonical, indexable and present in sitemap","TESTED_LOCAL_BUILD"
"https://reumlab.com/guide/hair-salon-app-guide/","200","https://reumlab.com/guide/hair-salon-app-guide/","index, follow","yes","yes","yes","미용실 앱 만들기 가이드: 지정 예약·시술 이력·리콜 | 름랩","미용실 앱을 만들 때 디자이너 지정 예약·시술 이력·재방문 리콜을 먼저 설계해야 하는 이유와 준비 순서를 정리했습니다.","미용실 앱 만들기, 지정 손님 재방문을 설계하라","Answer|Article|BreadcrumbList|ContactPoint|Country|FAQPage|ListItem|OpeningHoursSpecification|Organization|PostalAddress|ProfessionalService|PropertyValue|Question|WebPage|WebSite","29","2","guide","guide","P2","INDEX","self-canonical, indexable and present in sitemap","TESTED_LOCAL_BUILD"
"https://reumlab.com/guide/hospital-app-guide/","200","https://reumlab.com/guide/hospital-app-guide/","index, follow","yes","yes","yes","병원 앱 만들기 가이드: 기획 없이 예약·문진부터 시작하는 법 | 름랩","병원·의원 앱을 처음 만들 때 무엇부터 정하고 어떤 순서로 진행하는지, 예약·문진·리콜 우선순위와 자주 하는 실수를 정리했습니다.","병원 앱 만들기, 무엇부터 준비할까","Answer|Article|BreadcrumbList|ContactPoint|Country|FAQPage|ListItem|OpeningHoursSpecification|Organization|PostalAddress|ProfessionalService|PropertyValue|Question|WebPage|WebSite","29","2","guide","guide","P2","INDEX","self-canonical, indexable and present in sitemap","TESTED_LOCAL_BUILD"
"https://reumlab.com/guide/","200","https://reumlab.com/guide/","index, follow","yes","yes","no","개발 가이드 모음 | 비용·업종별 앱 만들기 — 름랩","앱개발 비용, 외주 견적, 스타트업 MVP, 업종별 앱 만들기까지 개발 전 확인할 실전 가이드를 모았습니다. Flutter vs React Native 같은 선택 비교도 함께 정리했습니다.","개발 가이드 모음 — 비용·견적·업종별 앱 만들기","BreadcrumbList|CollectionPage|ContactPoint|Country|ItemList|ListItem|OpeningHoursSpecification|Organization|PostalAddress|ProfessionalService|PropertyValue|WebSite","112","1","guide","guide_hub","P2","INDEX","self-canonical, indexable and present in sitemap","TESTED_LOCAL_BUILD"
"https://reumlab.com/guide/interior-app-guide/","200","https://reumlab.com/guide/interior-app-guide/","index, follow","yes","yes","yes","인테리어 앱 만들기 가이드: 시공 일지로 클레임 줄이기 | 름랩","인테리어 앱을 만들 때 견적·시공 사진 일지·대금 단계를 먼저 넣어 클레임과 대금 분쟁을 줄이는 법과 준비 순서를 정리했습니다.","인테리어 앱 만들기, 진행을 투명하게 공유하라","Answer|Article|BreadcrumbList|ContactPoint|Country|FAQPage|ListItem|OpeningHoursSpecification|Organization|PostalAddress|ProfessionalService|PropertyValue|Question|WebPage|WebSite","29","2","guide","guide","P2","INDEX","self-canonical, indexable and present in sitemap","TESTED_LOCAL_BUILD"
"https://reumlab.com/guide/kids-cafe-app-guide/","200","https://reumlab.com/guide/kids-cafe-app-guide/","index, follow","yes","yes","yes","키즈카페 앱 만들기 가이드: 입장 예약·생일파티 | 름랩","키즈카페 앱을 만들 때 입장 예약·정원 관리와 생일파티 예약을 어떻게 설계하는지, 준비 순서와 실수를 정리했습니다.","키즈카페 앱 만들기, 주말 혼잡부터 관리하라","Answer|Article|BreadcrumbList|ContactPoint|Country|FAQPage|ListItem|OpeningHoursSpecification|Organization|PostalAddress|ProfessionalService|PropertyValue|Question|WebPage|WebSite","28","2","guide","guide","P2","INDEX","self-canonical, indexable and present in sitemap","TESTED_LOCAL_BUILD"
"https://reumlab.com/guide/lodging-app-guide/","200","https://reumlab.com/guide/lodging-app-guide/","index, follow","yes","yes","yes","펜션·숙박 앱 만들기 가이드: 자체 예약으로 수수료 줄이기 | 름랩","펜션·숙박 앱을 만들 때 날짜·객실 예약과 결제를 먼저 넣고 채널 매니저 연동은 나중에 붙여야 하는 이유와 준비 순서를 정리했습니다.","숙박 앱 만들기, 직접 예약을 키워라","Answer|Article|BreadcrumbList|ContactPoint|Country|FAQPage|ListItem|OpeningHoursSpecification|Organization|PostalAddress|ProfessionalService|PropertyValue|Question|WebPage|WebSite","29","2","guide","guide","P2","INDEX","self-canonical, indexable and present in sitemap","TESTED_LOCAL_BUILD"
"https://reumlab.com/guide/manufacturing-app-guide/","200","https://reumlab.com/guide/manufacturing-app-guide/","index, follow","yes","yes","yes","제조 관리 시스템 만들기 가이드: ERP 대신 핵심 흐름부터 | 름랩","제조·공장 관리 시스템을 만들 때 수주·생산·재고 핵심 흐름부터 구축하고 정산·연동은 나중에 붙여야 하는 이유를 정리했습니다.","제조 시스템 만들기, ERP를 다 만들지 마라","Answer|Article|BreadcrumbList|ContactPoint|Country|FAQPage|ListItem|OpeningHoursSpecification|Organization|PostalAddress|ProfessionalService|PropertyValue|Question|WebPage|WebSite","29","2","guide","guide","P2","INDEX","self-canonical, indexable and present in sitemap","TESTED_LOCAL_BUILD"
"https://reumlab.com/guide/mvp-cost/","200","https://reumlab.com/guide/mvp-cost/","index, follow","yes","yes","yes","MVP 개발 비용: 범위를 나눠 비용을 줄이는 법 | 름랩","MVP 개발 비용이 천차만별인 이유와, 핵심 기능만 추려 비용을 줄이는 Lean 접근을 정리합니다. 검증 후 확장하는 단계적 방식이 비용과 리스크를 동시에 줄입니다.","MVP 개발 비용, 범위 분할로 줄이기","Answer|Article|BreadcrumbList|ContactPoint|Country|FAQPage|ListItem|OpeningHoursSpecification|Organization|PostalAddress|ProfessionalService|PropertyValue|Question|WebPage|WebSite","28","1","guide","guide","P2","INDEX","self-canonical, indexable and present in sitemap","TESTED_LOCAL_BUILD"
"https://reumlab.com/guide/mvp-priority/","200","https://reumlab.com/guide/mvp-priority/","index, follow","yes","yes","yes","MVP 기능 우선순위 정하는 법 — MUST·SHOULD·LATER 분류 | 름랩","MVP 기능 우선순위를 MUST·SHOULD·LATER로 나누는 분류 기준과, 각 단계에서 흔히 잘못 분류되는 기능을 정리했습니다. MVP와 정식 서비스의 차이도 항목별로 비교합니다.","MVP에 넣을 기능은 어떻게 고를까","Answer|Article|BreadcrumbList|ContactPoint|Country|FAQPage|ListItem|OpeningHoursSpecification|Organization|PostalAddress|ProfessionalService|PropertyValue|Question|WebPage|WebSite","28","2","guide","guide","P2","INDEX","self-canonical, indexable and present in sitemap","TESTED_LOCAL_BUILD"
"https://reumlab.com/guide/non-developer-app/","200","https://reumlab.com/guide/non-developer-app/","index, follow","yes","yes","yes","비개발자 대표를 위한 앱개발 외주 가이드 | 름랩","기획서·개발 지식이 없어도 앱개발 외주를 시작하는 법. 비개발자 대표가 기능 범위와 우선순위를 정하고, 출시 후 직접 운영하는 방법을 안내합니다.","비개발자 대표의 앱개발 외주 가이드","Answer|Article|BreadcrumbList|ContactPoint|Country|FAQPage|ListItem|OpeningHoursSpecification|Organization|PostalAddress|ProfessionalService|PropertyValue|Question|WebPage|WebSite","27","2","guide","guide","P2","INDEX","self-canonical, indexable and present in sitemap","TESTED_LOCAL_BUILD"
"https://reumlab.com/guide/outsourcing-checklist/","200","https://reumlab.com/guide/outsourcing-checklist/","index, follow","yes","yes","yes","앱·웹 외주 개발 전 확인할 15가지 체크리스트 | 름랩","앱·웹 외주 개발을 맡기기 전에 정리해 두면 견적이 빨라지고 분쟁이 줄어드는 15개 항목입니다. 서비스 범위, 계정 소유권, 소스코드, 유지보수, 계약 범위까지 계약 전에 문서로 확인할 것을 정리했습니다.","외주 개발을 맡기기 전에 확인할 15가지","Answer|Article|BreadcrumbList|ContactPoint|Country|FAQPage|ListItem|OpeningHoursSpecification|Organization|PostalAddress|ProfessionalService|PropertyValue|Question|WebPage|WebSite","28","2","guide","guide","P2","INDEX","self-canonical, indexable and present in sitemap","TESTED_LOCAL_BUILD"
"https://reumlab.com/guide/outsourcing-cost/","200","https://reumlab.com/guide/outsourcing-cost/","index, follow","yes","yes","yes","앱개발 외주 비용: 정액 패키지와 숨은 비용 없는 견적 | 름랩","앱개발 외주 비용의 구성과 숨은 비용을 피하는 법, 정액 패키지의 장점을 정리합니다. 름랩은 가격을 선공개해 예산을 명확히 잡도록 돕습니다.","앱개발 외주 비용, 숨은 비용 없이 잡는 법","Answer|Article|BreadcrumbList|ContactPoint|Country|FAQPage|ListItem|OpeningHoursSpecification|Organization|PostalAddress|ProfessionalService|PropertyValue|Question|WebPage|WebSite","27","2","guide","guide","P2","INDEX","self-canonical, indexable and present in sitemap","TESTED_LOCAL_BUILD"
"https://reumlab.com/guide/pet-app-guide/","200","https://reumlab.com/guide/pet-app-guide/","index, follow","yes","yes","yes","반려동물 앱 만들기 가이드: 예약·건강 기록·접종 알림 | 름랩","반려동물 앱을 만들 때 보호자가 매일 쓰는 예약·건강 기록·접종 알림을 먼저 넣고 커머스는 나중에 붙여야 하는 이유를 정리했습니다.","반려동물 앱 만들기, 매일 여는 이유를 만들어라","Answer|Article|BreadcrumbList|ContactPoint|Country|FAQPage|ListItem|OpeningHoursSpecification|Organization|PostalAddress|ProfessionalService|PropertyValue|Question|WebPage|WebSite","29","2","guide","guide","P2","INDEX","self-canonical, indexable and present in sitemap","TESTED_LOCAL_BUILD"
"https://reumlab.com/guide/pilates-app-guide/","200","https://reumlab.com/guide/pilates-app-guide/","index, follow","yes","yes","yes","필라테스·요가 앱 만들기 가이드: 정원·회차 관리부터 | 름랩","필라테스·요가 앱을 만들 때 그룹 수업 정원·회원권 회차·대기자 배정을 먼저 넣어야 하는 이유와 준비 순서를 정리했습니다.","필라테스 앱 만들기, 정원과 회차를 먼저 잡아라","Answer|Article|BreadcrumbList|ContactPoint|Country|FAQPage|ListItem|OpeningHoursSpecification|Organization|PostalAddress|ProfessionalService|PropertyValue|Question|WebPage|WebSite","29","2","guide","guide","P2","INDEX","self-canonical, indexable and present in sitemap","TESTED_LOCAL_BUILD"
"https://reumlab.com/guide/quote/","200","https://reumlab.com/guide/quote/","index, follow","yes","yes","yes","앱개발 외주 견적, 빨리 받는 4가지 준비물 | 름랩","정확하고 빠른 견적을 받기 위해 준비하면 좋은 4가지를 정리합니다. 기획서가 없어도 상담은 가능하지만, 준비가 있으면 견적이 빨라집니다.","앱개발 외주 견적을 빨리 받는 법","Answer|Article|BreadcrumbList|ContactPoint|Country|FAQPage|ListItem|OpeningHoursSpecification|Organization|PostalAddress|ProfessionalService|PropertyValue|Question|WebPage|WebSite","27","2","guide","guide","P2","INDEX","self-canonical, indexable and present in sitemap","TESTED_LOCAL_BUILD"
"https://reumlab.com/guide/rag-development/","200","https://reumlab.com/guide/rag-development/","index, follow","yes","yes","yes","RAG 구축이란? 사내 문서를 AI에 연결하는 방법 | 름랩","RAG 구축은 사내 문서를 검색 가능한 형태로 정리하고, 질문에 맞는 자료를 찾아 AI가 근거로 삼게 만드는 작업입니다. 구성요소, 문서 분할, 검색 품질, 권한 설계, 구축 8단계를 정리했습니다.","RAG 구축, 사내 문서를 AI에 연결하는 방법","Answer|Article|BreadcrumbList|ContactPoint|Country|FAQPage|ListItem|OpeningHoursSpecification|Organization|PostalAddress|ProfessionalService|PropertyValue|Question|WebPage|WebSite","27","2","guide","guide","P2","INDEX","self-canonical, indexable and present in sitemap","TESTED_LOCAL_BUILD"
"https://reumlab.com/guide/realestate-app-guide/","200","https://reumlab.com/guide/realestate-app-guide/","index, follow","yes","yes","yes","부동산 앱 만들기 가이드: 지도·매물·문의 우선순위 | 름랩","부동산 중개 앱을 만들 때 매물·지도·문의를 먼저 넣고 외부 매물 연동은 나중에 붙여야 하는 이유와 지도 API 비용을 정리했습니다.","부동산 앱 만들기, 지도 비용부터 이해하라","Answer|Article|BreadcrumbList|ContactPoint|Country|FAQPage|ListItem|OpeningHoursSpecification|Organization|PostalAddress|ProfessionalService|PropertyValue|Question|WebPage|WebSite","29","2","guide","guide","P2","INDEX","self-canonical, indexable and present in sitemap","TESTED_LOCAL_BUILD"
"https://reumlab.com/guide/restaurant-app-guide/","200","https://reumlab.com/guide/restaurant-app-guide/","index, follow","yes","yes","yes","식당 앱 만들기 가이드: 테이블 오더로 인건비 줄이기 | 름랩","식당 앱을 만들 때 테이블 오더·원격 웨이팅을 먼저 넣어 홀 인건비와 대기 이탈을 줄이는 법과 포스 연동 시점을 정리했습니다.","식당 앱 만들기, 테이블 오더와 웨이팅부터","Answer|Article|BreadcrumbList|ContactPoint|Country|FAQPage|ListItem|OpeningHoursSpecification|Organization|PostalAddress|ProfessionalService|PropertyValue|Question|WebPage|WebSite","29","2","guide","guide","P2","INDEX","self-canonical, indexable and present in sitemap","TESTED_LOCAL_BUILD"
"https://reumlab.com/guide/shopping-app-guide/","200","https://reumlab.com/guide/shopping-app-guide/","index, follow","yes","yes","yes","쇼핑몰 앱 만들기 가이드: 결제·배송 먼저 검증하기 | 름랩","자사몰 앱을 만들 때 상품·결제·배송 핵심 흐름을 먼저 검증하고 쿠폰·물류를 나중에 붙여야 하는 이유와 준비 순서를 정리했습니다.","쇼핑몰 앱 만들기, 매출 흐름부터 검증하라","Answer|Article|BreadcrumbList|ContactPoint|Country|FAQPage|ListItem|OpeningHoursSpecification|Organization|PostalAddress|ProfessionalService|PropertyValue|Question|WebPage|WebSite","29","2","guide","guide","P2","INDEX","self-canonical, indexable and present in sitemap","TESTED_LOCAL_BUILD"
"https://reumlab.com/guide/startup-mvp/","200","https://reumlab.com/guide/startup-mvp/","index, follow","yes","yes","yes","스타트업 MVP 개발: 투자·검증용 빠른 출시 전략 | 름랩","투자·영업·사용자 테스트용 스타트업 MVP를 예산 안에서 핵심 기능부터 만드는 전략을 정리합니다. 화면 흐름 설계부터 소스코드 이관까지의 흐름을 안내합니다.","스타트업 MVP 개발, 빠른 검증을 위한 전략","Answer|Article|BreadcrumbList|ContactPoint|Country|FAQPage|ListItem|OpeningHoursSpecification|Organization|PostalAddress|ProfessionalService|PropertyValue|Question|WebPage|WebSite","27","2","guide","guide","P2","INDEX","self-canonical, indexable and present in sitemap","TESTED_LOCAL_BUILD"
"https://reumlab.com/guide/studycafe-app-guide/","200","https://reumlab.com/guide/studycafe-app-guide/","index, follow","yes","yes","yes","스터디카페 무인 시스템 만들기 가이드: 좌석·시간권·출입 | 름랩","스터디카페 무인 시스템을 만들 때 좌석 예약·시간권 충전·자동 정산을 먼저 검증하고 출입 하드웨어는 나중에 연동하는 순서를 정리했습니다.","스터디카페 무인 시스템, 과금 흐름부터 잡아라","Answer|Article|BreadcrumbList|ContactPoint|Country|FAQPage|ListItem|OpeningHoursSpecification|Organization|PostalAddress|ProfessionalService|PropertyValue|Question|WebPage|WebSite","29","2","guide","guide","P2","INDEX","self-canonical, indexable and present in sitemap","TESTED_LOCAL_BUILD"
"https://reumlab.com/guide/subscription-app-guide/","200","https://reumlab.com/guide/subscription-app-guide/","index, follow","yes","yes","yes","구독 서비스 앱 만들기 가이드: 갱신·해지 흐름부터 | 름랩","구독 서비스 앱을 만들 때 핵심 플랜으로 갱신·해지 흐름을 먼저 검증하고 자동 정기결제를 나중에 붙여야 하는 이유를 정리했습니다.","구독 앱 만들기, 결제보다 갱신·해지가 어렵다","Answer|Article|BreadcrumbList|ContactPoint|Country|FAQPage|ListItem|OpeningHoursSpecification|Organization|PostalAddress|ProfessionalService|PropertyValue|Question|WebPage|WebSite","29","2","guide","guide","P2","INDEX","self-canonical, indexable and present in sitemap","TESTED_LOCAL_BUILD"
"https://reumlab.com/guide/taekwondo-app-guide/","200","https://reumlab.com/guide/taekwondo-app-guide/","index, follow","yes","yes","yes","태권도 체육관 앱 만들기 가이드: 차량·출결·승급 | 름랩","태권도·체육관 앱을 만들 때 차량 탑승·등하원 알림과 승급 관리를 먼저 넣어야 하는 이유와 준비 순서를 정리했습니다.","태권도 앱 만들기, 차량 안전 알림이 먼저다","Answer|Article|BreadcrumbList|ContactPoint|Country|FAQPage|ListItem|OpeningHoursSpecification|Organization|PostalAddress|ProfessionalService|PropertyValue|Question|WebPage|WebSite","28","2","guide","guide","P2","INDEX","self-canonical, indexable and present in sitemap","TESTED_LOCAL_BUILD"
"https://reumlab.com/guide/web-cost/","200","https://reumlab.com/guide/web-cost/","index, follow","yes","yes","yes","웹사이트 제작 비용: 98만 원부터 정액 vs 시장가 | 름랩","웹사이트·랜딩페이지 제작 비용의 구성과, 정액 패키지가 합리적인 이유를 정리합니다. 월 관리비 없이 소스코드를 받는 구조의 장점을 함께 설명합니다.","웹사이트 제작 비용, 어떻게 책정될까","Answer|Article|BreadcrumbList|ContactPoint|Country|FAQPage|ListItem|OpeningHoursSpecification|Organization|PostalAddress|ProfessionalService|PropertyValue|Question|WebPage|WebSite","26","2","guide","guide","P2","INDEX","self-canonical, indexable and present in sitemap","TESTED_LOCAL_BUILD"
"https://reumlab.com/guide/wedding-app-guide/","200","https://reumlab.com/guide/wedding-app-guide/","index, follow","yes","yes","yes","웨딩·돌잔치 앱 만들기 가이드: 홀 예약·견적·하객 | 름랩","웨딩·돌잔치 앱을 만들 때 홀·날짜 예약 중복 방지와 패키지 견적, 하객 관리를 어떻게 설계하는지 준비 순서를 정리했습니다.","웨딩 앱 만들기, 중복 예약과 견적부터 잡아라","Answer|Article|BreadcrumbList|ContactPoint|Country|FAQPage|ListItem|OpeningHoursSpecification|Organization|PostalAddress|ProfessionalService|PropertyValue|Question|WebPage|WebSite","28","2","guide","guide","P2","INDEX","self-canonical, indexable and present in sitemap","TESTED_LOCAL_BUILD"
"https://reumlab.com/guide/wholesale-app-guide/","200","https://reumlab.com/guide/wholesale-app-guide/","index, follow","yes","yes","yes","도소매 B2B 주문 시스템 만들기 가이드: 거래처 단가부터 | 름랩","도소매 B2B 주문 시스템을 만들 때 거래처별 차등 단가와 직접 주문을 먼저 넣고 미수·정산은 나중에 붙여야 하는 이유를 정리했습니다.","B2B 주문 시스템 만들기, 차등 단가부터 자동화하라","Answer|Article|BreadcrumbList|ContactPoint|Country|FAQPage|ListItem|OpeningHoursSpecification|Organization|PostalAddress|ProfessionalService|PropertyValue|Question|WebPage|WebSite","29","2","guide","guide","P2","INDEX","self-canonical, indexable and present in sitemap","TESTED_LOCAL_BUILD"
"https://reumlab.com/h/academy/","200","https://reumlab.com/h/academy/","index,follow","yes","yes","no","학원 총정리 | 비용·업체 선택 기준 한 번에 | 름랩","학원은 상담 예약·수강신청·출결·수납·공지가 원장의 시간을 가장 많이 씁니다. 름랩은 이 반복 업무를 학부모 앱과 원장 ERP로 연결해 자동화하고, 소스코드를 넘겨 직접 운영하도록 돕습니다. 학원 검색·결제 매칭 앱을 실제로 만든 경험이 있습니다.","학원","Answer|BreadcrumbList|ContactPoint|Country|FAQPage|ListItem|OpeningHoursSpecification|Organization|PostalAddress|ProfessionalService|PropertyValue|Question|Service|WebSite","33","2","service_or_hub","keyword_hub","P1","INDEX","self-canonical, indexable and present in sitemap","TESTED_LOCAL_BUILD"
"https://reumlab.com/h/anyang/","200","https://reumlab.com/h/anyang/","noindex, follow","no","no","no","안양 총정리 | 비용·업체 선택 기준 한 번에 | 름랩","안양을(를) 어떤 범위로, 얼마에 만들 수 있는지 정리했습니다. 기능별 견적 기준과 진행 순서, 관련 상담 페이지를 한곳에 모았습니다. VAT 포함 정액 · 소스코드 이관 · 월 관리비 없음.","안양","BreadcrumbList|ContactPoint|Country|ListItem|OpeningHoursSpecification|Organization|PostalAddress|ProfessionalService|PropertyValue|Service|WebSite","41","2","service_or_hub","service_or_hub","P1","NOINDEX","robots noindex in initial HTML","TESTED_LOCAL_BUILD"
"https://reumlab.com/h/app-dev/","200","https://reumlab.com/h/app-dev/","noindex, follow","no","no","no","앱 개발 총정리 | 비용·업체 선택 기준 한 번에 | 름랩","앱 개발을(를) 어떤 범위로, 얼마에 만들 수 있는지 정리했습니다. 기능별 견적 기준과 진행 순서, 관련 상담 페이지를 한곳에 모았습니다. VAT 포함 정액 · 소스코드 이관 · 월 관리비 없음.","앱 개발","BreadcrumbList|ContactPoint|Country|ListItem|OpeningHoursSpecification|Organization|PostalAddress|ProfessionalService|PropertyValue|Service|WebSite","26","2","service_or_hub","service_or_hub","P1","NOINDEX","robots noindex in initial HTML","TESTED_LOCAL_BUILD"
"https://reumlab.com/h/app-dev-cost/","200","https://reumlab.com/h/app-dev-cost/","noindex, follow","no","no","no","앱개발 비용 가이드 | 기능 범위별 견적과 진행 순서 | 름랩","앱개발 비용을(를) 어떤 범위로, 얼마에 만들 수 있는지 정리했습니다. 기능별 견적 기준과 진행 순서, 관련 상담 페이지를 한곳에 모았습니다. VAT 포함 정액 · 소스코드 이관 · 월 관리비 없음.","앱개발 비용","BreadcrumbList|ContactPoint|Country|ListItem|OpeningHoursSpecification|Organization|PostalAddress|ProfessionalService|PropertyValue|Service|WebSite","25","2","service_or_hub","service_or_hub","P1","NOINDEX","robots noindex in initial HTML","TESTED_LOCAL_BUILD"
"https://reumlab.com/h/app-dev-out/","200","https://reumlab.com/h/app-dev-out/","noindex, follow","no","no","no","앱 개발 외주 | 무엇부터 정해야 하나·얼마나 드나 | 름랩","앱 개발 외주을(를) 어떤 범위로, 얼마에 만들 수 있는지 정리했습니다. 기능별 견적 기준과 진행 순서, 관련 상담 페이지를 한곳에 모았습니다. VAT 포함 정액 · 소스코드 이관 · 월 관리비 없음.","앱 개발 외주","BreadcrumbList|ContactPoint|Country|ListItem|OpeningHoursSpecification|Organization|PostalAddress|ProfessionalService|PropertyValue|Service|WebSite","26","2","service_or_hub","service_or_hub","P1","NOINDEX","robots noindex in initial HTML","TESTED_LOCAL_BUILD"
"https://reumlab.com/h/bucheon/","200","https://reumlab.com/h/bucheon/","noindex, follow","no","no","no","부천 | 무엇부터 정해야 하나·얼마나 드나 | 름랩","부천을(를) 어떤 범위로, 얼마에 만들 수 있는지 정리했습니다. 기능별 견적 기준과 진행 순서, 관련 상담 페이지를 한곳에 모았습니다. VAT 포함 정액 · 소스코드 이관 · 월 관리비 없음.","부천","BreadcrumbList|ContactPoint|Country|ListItem|OpeningHoursSpecification|Organization|PostalAddress|ProfessionalService|PropertyValue|Service|WebSite","41","2","service_or_hub","service_or_hub","P1","NOINDEX","robots noindex in initial HTML","TESTED_LOCAL_BUILD"
"https://reumlab.com/h/bundang/","200","https://reumlab.com/h/bundang/","noindex, follow","no","no","no","분당 가이드 | 기능 범위별 견적과 진행 순서 | 름랩","분당을(를) 어떤 범위로, 얼마에 만들 수 있는지 정리했습니다. 기능별 견적 기준과 진행 순서, 관련 상담 페이지를 한곳에 모았습니다. VAT 포함 정액 · 소스코드 이관 · 월 관리비 없음.","분당","BreadcrumbList|ContactPoint|Country|ListItem|OpeningHoursSpecification|Organization|PostalAddress|ProfessionalService|PropertyValue|Service|WebSite","41","2","service_or_hub","service_or_hub","P1","NOINDEX","robots noindex in initial HTML","TESTED_LOCAL_BUILD"
"https://reumlab.com/h/cafe/","200","https://reumlab.com/h/cafe/","index,follow","yes","yes","no","카페 | 무엇부터 정해야 하나·얼마나 드나 | 름랩","카페는 재방문율이 곧 매출입니다. 름랩은 스탬프·쿠폰, 모바일 주문·픽업, 멤버십·구독(정기 음료)처럼 단골을 만드는 기능을 카페 규모에 맞게 앱 또는 웹으로 제작하고, 소스코드를 넘겨 사장님이 직접 운영·수정하도록 교육합니다.","카페","Answer|BreadcrumbList|ContactPoint|Country|FAQPage|ListItem|OpeningHoursSpecification|Organization|PostalAddress|ProfessionalService|PropertyValue|Question|Service|WebSite","33","2","service_or_hub","keyword_hub","P1","INDEX","self-canonical, indexable and present in sitemap","TESTED_LOCAL_BUILD"
"https://reumlab.com/h/gangnam/","200","https://reumlab.com/h/gangnam/","noindex, follow","no","no","no","강남 총정리 | 비용·업체 선택 기준 한 번에 | 름랩","강남을(를) 어떤 범위로, 얼마에 만들 수 있는지 정리했습니다. 기능별 견적 기준과 진행 순서, 관련 상담 페이지를 한곳에 모았습니다. VAT 포함 정액 · 소스코드 이관 · 월 관리비 없음.","강남","BreadcrumbList|ContactPoint|Country|ListItem|OpeningHoursSpecification|Organization|PostalAddress|ProfessionalService|PropertyValue|Service|WebSite","41","2","service_or_hub","service_or_hub","P1","NOINDEX","robots noindex in initial HTML","TESTED_LOCAL_BUILD"
"https://reumlab.com/h/gangnam-homepage/","200","https://reumlab.com/h/gangnam-homepage/","noindex, follow","no","no","no","강남 홈페이지제작 | 무엇부터 정해야 하나·얼마나 드나 | 름랩","강남 홈페이지제작을(를) 어떤 범위로, 얼마에 만들 수 있는지 정리했습니다. 기능별 견적 기준과 진행 순서, 관련 상담 페이지를 한곳에 모았습니다. VAT 포함 정액 · 소스코드 이관 · 월 관리비 없음.","강남 홈페이지제작","BreadcrumbList|ContactPoint|Country|ListItem|OpeningHoursSpecification|Organization|PostalAddress|ProfessionalService|PropertyValue|Service|WebSite","25","2","service_or_hub","service_or_hub","P1","NOINDEX","robots noindex in initial HTML","TESTED_LOCAL_BUILD"
"https://reumlab.com/h/gym/","200","https://reumlab.com/h/gym/","index,follow","yes","yes","no","헬스장 | 무엇부터 정해야 하나·얼마나 드나 | 름랩","헬스장·PT샵은 회원권·재등록·PT 예약·출입 관리가 운영의 핵심입니다. 름랩은 회원권 결제·자동 만료 알림, PT·GX 예약, 출입·락커 관리, 재등록 유도까지 앱 또는 웹으로 만들고, 소스코드를 넘겨 직접 운영하도록 교육합니다.","헬스장","Answer|BreadcrumbList|ContactPoint|Country|FAQPage|ListItem|OpeningHoursSpecification|Organization|PostalAddress|ProfessionalService|PropertyValue|Question|Service|WebSite","33","2","service_or_hub","keyword_hub","P1","INDEX","self-canonical, indexable and present in sitemap","TESTED_LOCAL_BUILD"
"https://reumlab.com/h/homepage-dev/","200","https://reumlab.com/h/homepage-dev/","noindex, follow","no","no","no","홈페이지 제작 | 무엇부터 정해야 하나·얼마나 드나 | 름랩","홈페이지 제작을(를) 어떤 범위로, 얼마에 만들 수 있는지 정리했습니다. 기능별 견적 기준과 진행 순서, 관련 상담 페이지를 한곳에 모았습니다. VAT 포함 정액 · 소스코드 이관 · 월 관리비 없음.","홈페이지 제작","BreadcrumbList|ContactPoint|Country|ListItem|OpeningHoursSpecification|Organization|PostalAddress|ProfessionalService|PropertyValue|Service|WebSite","26","2","service_or_hub","service_or_hub","P1","NOINDEX","robots noindex in initial HTML","TESTED_LOCAL_BUILD"
"https://reumlab.com/h/homepage-quote/","200","https://reumlab.com/h/homepage-quote/","noindex, follow","no","no","no","홈페이지제작 견적 | 무엇부터 정해야 하나·얼마나 드나 | 름랩","홈페이지제작 견적을(를) 어떤 범위로, 얼마에 만들 수 있는지 정리했습니다. 기능별 견적 기준과 진행 순서, 관련 상담 페이지를 한곳에 모았습니다. VAT 포함 정액 · 소스코드 이관 · 월 관리비 없음.","홈페이지제작 견적","BreadcrumbList|ContactPoint|Country|ListItem|OpeningHoursSpecification|Organization|PostalAddress|ProfessionalService|PropertyValue|Service|WebSite","25","2","service_or_hub","service_or_hub","P1","NOINDEX","robots noindex in initial HTML","TESTED_LOCAL_BUILD"
"https://reumlab.com/h/hospital/","200","https://reumlab.com/h/hospital/","noindex, follow","no","no","no","병원 | 무엇부터 정해야 하나·얼마나 드나 | 름랩","병원을(를) 어떤 범위로, 얼마에 만들 수 있는지 정리했습니다. 기능별 견적 기준과 진행 순서, 관련 상담 페이지를 한곳에 모았습니다. VAT 포함 정액 · 소스코드 이관 · 월 관리비 없음.","병원","BreadcrumbList|ContactPoint|Country|ListItem|OpeningHoursSpecification|Organization|PostalAddress|ProfessionalService|PropertyValue|Service|WebSite","33","2","service_or_hub","service_or_hub","P1","NOINDEX","robots noindex in initial HTML","TESTED_LOCAL_BUILD"
"https://reumlab.com/h/ilsan/","200","https://reumlab.com/h/ilsan/","noindex, follow","no","no","no","일산 총정리 | 비용·업체 선택 기준 한 번에 | 름랩","일산을(를) 어떤 범위로, 얼마에 만들 수 있는지 정리했습니다. 기능별 견적 기준과 진행 순서, 관련 상담 페이지를 한곳에 모았습니다. VAT 포함 정액 · 소스코드 이관 · 월 관리비 없음.","일산","BreadcrumbList|ContactPoint|Country|ListItem|OpeningHoursSpecification|Organization|PostalAddress|ProfessionalService|PropertyValue|Service|WebSite","41","2","service_or_hub","service_or_hub","P1","NOINDEX","robots noindex in initial HTML","TESTED_LOCAL_BUILD"
"https://reumlab.com/h/incheon/","200","https://reumlab.com/h/incheon/","noindex, follow","no","no","no","인천 총정리 | 비용·업체 선택 기준 한 번에 | 름랩","인천을(를) 어떤 범위로, 얼마에 만들 수 있는지 정리했습니다. 기능별 견적 기준과 진행 순서, 관련 상담 페이지를 한곳에 모았습니다. VAT 포함 정액 · 소스코드 이관 · 월 관리비 없음.","인천","BreadcrumbList|ContactPoint|Country|ListItem|OpeningHoursSpecification|Organization|PostalAddress|ProfessionalService|PropertyValue|Service|WebSite","41","2","service_or_hub","service_or_hub","P1","NOINDEX","robots noindex in initial HTML","TESTED_LOCAL_BUILD"
"https://reumlab.com/h/landing-page/","200","https://reumlab.com/h/landing-page/","noindex, follow","no","no","no","랜딩페이지 제작 가이드 | 기능 범위별 견적과 진행 순서 | 름랩","랜딩페이지 제작을(를) 어떤 범위로, 얼마에 만들 수 있는지 정리했습니다. 기능별 견적 기준과 진행 순서, 관련 상담 페이지를 한곳에 모았습니다. VAT 포함 정액 · 소스코드 이관 · 월 관리비 없음.","랜딩페이지 제작","BreadcrumbList|ContactPoint|Country|ListItem|OpeningHoursSpecification|Organization|PostalAddress|ProfessionalService|PropertyValue|Service|WebSite","26","2","service_or_hub","service_or_hub","P1","NOINDEX","robots noindex in initial HTML","TESTED_LOCAL_BUILD"
"https://reumlab.com/h/landing-page-cost/","200","https://reumlab.com/h/landing-page-cost/","noindex, follow","no","no","no","랜딩페이지 제작비 | 무엇부터 정해야 하나·얼마나 드나 | 름랩","랜딩페이지 제작비을(를) 어떤 범위로, 얼마에 만들 수 있는지 정리했습니다. 기능별 견적 기준과 진행 순서, 관련 상담 페이지를 한곳에 모았습니다. VAT 포함 정액 · 소스코드 이관 · 월 관리비 없음.","랜딩페이지 제작비","BreadcrumbList|ContactPoint|Country|ListItem|OpeningHoursSpecification|Organization|PostalAddress|ProfessionalService|PropertyValue|Service|WebSite","25","2","service_or_hub","service_or_hub","P1","NOINDEX","robots noindex in initial HTML","TESTED_LOCAL_BUILD"
"https://reumlab.com/h/lodging/","200","https://reumlab.com/h/lodging/","noindex, follow","no","no","no","숙박 가이드 | 기능 범위별 견적과 진행 순서 | 름랩","숙박을(를) 어떤 범위로, 얼마에 만들 수 있는지 정리했습니다. 기능별 견적 기준과 진행 순서, 관련 상담 페이지를 한곳에 모았습니다. VAT 포함 정액 · 소스코드 이관 · 월 관리비 없음.","숙박","BreadcrumbList|ContactPoint|Country|ListItem|OpeningHoursSpecification|Organization|PostalAddress|ProfessionalService|PropertyValue|Service|WebSite","33","2","service_or_hub","service_or_hub","P1","NOINDEX","robots noindex in initial HTML","TESTED_LOCAL_BUILD"
"https://reumlab.com/h/app-dev/","200","https://reumlab.com/h/app-dev/","noindex, follow","no","no","no","모바일 앱 개발 가이드 | 기능 범위별 견적과 진행 순서 | 름랩","모바일 앱 개발을(를) 어떤 범위로, 얼마에 만들 수 있는지 정리했습니다. 기능별 견적 기준과 진행 순서, 관련 상담 페이지를 한곳에 모았습니다. VAT 포함 정액 · 소스코드 이관 · 월 관리비 없음.","모바일 앱 개발","BreadcrumbList|ContactPoint|Country|ListItem|OpeningHoursSpecification|Organization|PostalAddress|ProfessionalService|PropertyValue|Service|WebSite","26","","service_or_hub","service_or_hub","P1","NOINDEX","robots noindex in initial HTML","TESTED_LOCAL_BUILD"
"https://reumlab.com/h/mvp-dev/","200","https://reumlab.com/h/mvp-dev/","noindex, follow","no","no","no","MVP 개발 | 무엇부터 정해야 하나·얼마나 드나 | 름랩","MVP 개발을(를) 어떤 범위로, 얼마에 만들 수 있는지 정리했습니다. 기능별 견적 기준과 진행 순서, 관련 상담 페이지를 한곳에 모았습니다. VAT 포함 정액 · 소스코드 이관 · 월 관리비 없음.","MVP 개발","BreadcrumbList|ContactPoint|Country|ListItem|OpeningHoursSpecification|Organization|PostalAddress|ProfessionalService|PropertyValue|Service|WebSite","26","2","service_or_hub","service_or_hub","P1","NOINDEX","robots noindex in initial HTML","TESTED_LOCAL_BUILD"
"https://reumlab.com/h/pangyo/","200","https://reumlab.com/h/pangyo/","noindex, follow","no","no","no","판교 가이드 | 기능 범위별 견적과 진행 순서 | 름랩","판교을(를) 어떤 범위로, 얼마에 만들 수 있는지 정리했습니다. 기능별 견적 기준과 진행 순서, 관련 상담 페이지를 한곳에 모았습니다. VAT 포함 정액 · 소스코드 이관 · 월 관리비 없음.","판교","BreadcrumbList|ContactPoint|Country|ListItem|OpeningHoursSpecification|Organization|PostalAddress|ProfessionalService|PropertyValue|Service|WebSite","41","2","service_or_hub","service_or_hub","P1","NOINDEX","robots noindex in initial HTML","TESTED_LOCAL_BUILD"
"https://reumlab.com/h/realestate/","200","https://reumlab.com/h/realestate/","noindex, follow","no","no","no","부동산 | 무엇부터 정해야 하나·얼마나 드나 | 름랩","부동산을(를) 어떤 범위로, 얼마에 만들 수 있는지 정리했습니다. 기능별 견적 기준과 진행 순서, 관련 상담 페이지를 한곳에 모았습니다. VAT 포함 정액 · 소스코드 이관 · 월 관리비 없음.","부동산","BreadcrumbList|ContactPoint|Country|ListItem|OpeningHoursSpecification|Organization|PostalAddress|ProfessionalService|PropertyValue|Service|WebSite","33","2","service_or_hub","service_or_hub","P1","NOINDEX","robots noindex in initial HTML","TESTED_LOCAL_BUILD"
"https://reumlab.com/h/responsive-web/","200","https://reumlab.com/h/responsive-web/","noindex, follow","no","no","no","반응형 웹 제작 | 무엇부터 정해야 하나·얼마나 드나 | 름랩","반응형 웹 제작을(를) 어떤 범위로, 얼마에 만들 수 있는지 정리했습니다. 기능별 견적 기준과 진행 순서, 관련 상담 페이지를 한곳에 모았습니다. VAT 포함 정액 · 소스코드 이관 · 월 관리비 없음.","반응형 웹 제작","BreadcrumbList|ContactPoint|Country|ListItem|OpeningHoursSpecification|Organization|PostalAddress|ProfessionalService|PropertyValue|Service|WebSite","26","2","service_or_hub","service_or_hub","P1","NOINDEX","robots noindex in initial HTML","TESTED_LOCAL_BUILD"
"https://reumlab.com/h/restaurant/","200","https://reumlab.com/h/restaurant/","index,follow","yes","yes","no","식당 | 무엇부터 정해야 하나·얼마나 드나 | 름랩","식당·음식점은 예약·웨이팅·주문·리뷰·단골 관리가 매출로 바로 이어집니다. 름랩은 노쇼를 줄이는 예약, 대기 순번 알림, 테이블/포장 주문, 재방문을 만드는 쿠폰·멤버십을 매장 규모에 맞게 앱 또는 웹으로 만들고, 소스코드까지 넘겨 대표가 직접 운영하도록 돕습니다.","식당","Answer|BreadcrumbList|ContactPoint|Country|FAQPage|ListItem|OpeningHoursSpecification|Organization|PostalAddress|ProfessionalService|PropertyValue|Question|Service|WebSite","33","2","service_or_hub","keyword_hub","P1","INDEX","self-canonical, indexable and present in sitemap","TESTED_LOCAL_BUILD"
"https://reumlab.com/h/seongnam/","200","https://reumlab.com/h/seongnam/","noindex, follow","no","no","no","성남 | 무엇부터 정해야 하나·얼마나 드나 | 름랩","성남을(를) 어떤 범위로, 얼마에 만들 수 있는지 정리했습니다. 기능별 견적 기준과 진행 순서, 관련 상담 페이지를 한곳에 모았습니다. VAT 포함 정액 · 소스코드 이관 · 월 관리비 없음.","성남","BreadcrumbList|ContactPoint|Country|ListItem|OpeningHoursSpecification|Organization|PostalAddress|ProfessionalService|PropertyValue|Service|WebSite","29","2","service_or_hub","service_or_hub","P1","NOINDEX","robots noindex in initial HTML","TESTED_LOCAL_BUILD"
"https://reumlab.com/h/service-plan/","200","https://reumlab.com/h/service-plan/","index,follow","yes","yes","no","서비스 기획 | 무엇부터 정해야 하나·얼마나 드나 | 름랩","서비스 기획은 개발의 앞단입니다. 아이디어를 화면 흐름·핵심 기능·범위로 정리해야 정확한 견적과 일정이 나옵니다. 름랩은 기획서가 없어도 상담에서 함께 기획을 정리하고, 그대로 MVP 개발까지 이어 소스코드를 넘겨 드립니다.","서비스 기획","Answer|BreadcrumbList|ContactPoint|Country|FAQPage|ListItem|OpeningHoursSpecification|Organization|PostalAddress|ProfessionalService|PropertyValue|Question|Service|WebSite","26","2","service_or_hub","keyword_hub","P1","INDEX","self-canonical, indexable and present in sitemap","TESTED_LOCAL_BUILD"
"https://reumlab.com/h/shopping/","200","https://reumlab.com/h/shopping/","noindex, follow","no","no","no","쇼핑몰 가이드 | 기능 범위별 견적과 진행 순서 | 름랩","쇼핑몰을(를) 어떤 범위로, 얼마에 만들 수 있는지 정리했습니다. 기능별 견적 기준과 진행 순서, 관련 상담 페이지를 한곳에 모았습니다. VAT 포함 정액 · 소스코드 이관 · 월 관리비 없음.","쇼핑몰","BreadcrumbList|ContactPoint|Country|ListItem|OpeningHoursSpecification|Organization|PostalAddress|ProfessionalService|PropertyValue|Service|WebSite","33","2","service_or_hub","service_or_hub","P1","NOINDEX","robots noindex in initial HTML","TESTED_LOCAL_BUILD"
"https://reumlab.com/h/shopping-mall/","200","https://reumlab.com/h/shopping-mall/","index,follow","yes","yes","no","쇼핑몰 제작 가이드 | 기능 범위별 견적과 진행 순서 | 름랩","쇼핑몰 제작은 상품·장바구니·결제·주문관리·회원이 한 몸으로 움직여야 합니다. 름랩은 상세페이지가 검색에 잘 잡히도록 SEO 기본을 넣어 제작하고, 월 관리비 없이 소스코드를 통째로 넘겨 직접 운영·확장하도록 돕습니다.","쇼핑몰 제작","Answer|BreadcrumbList|ContactPoint|Country|FAQPage|ListItem|OpeningHoursSpecification|Organization|PostalAddress|ProfessionalService|PropertyValue|Question|Service|WebSite","26","2","service_or_hub","keyword_hub","P1","INDEX","self-canonical, indexable and present in sitemap","TESTED_LOCAL_BUILD"
"https://reumlab.com/h/startup/","200","https://reumlab.com/h/startup/","noindex, follow","no","no","no","스타트업 총정리 | 비용·업체 선택 기준 한 번에 | 름랩","스타트업을(를) 어떤 범위로, 얼마에 만들 수 있는지 정리했습니다. 기능별 견적 기준과 진행 순서, 관련 상담 페이지를 한곳에 모았습니다. VAT 포함 정액 · 소스코드 이관 · 월 관리비 없음.","스타트업","BreadcrumbList|ContactPoint|Country|ListItem|OpeningHoursSpecification|Organization|PostalAddress|ProfessionalService|PropertyValue|Service|WebSite","33","2","service_or_hub","service_or_hub","P1","NOINDEX","robots noindex in initial HTML","TESTED_LOCAL_BUILD"
"https://reumlab.com/h/startup-app-dev/","200","https://reumlab.com/h/startup-app-dev/","noindex, follow","no","no","no","스타트업 앱개발 | 무엇부터 정해야 하나·얼마나 드나 | 름랩","스타트업 앱개발을(를) 어떤 범위로, 얼마에 만들 수 있는지 정리했습니다. 기능별 견적 기준과 진행 순서, 관련 상담 페이지를 한곳에 모았습니다. VAT 포함 정액 · 소스코드 이관 · 월 관리비 없음.","스타트업 앱개발","BreadcrumbList|ContactPoint|Country|ListItem|OpeningHoursSpecification|Organization|PostalAddress|ProfessionalService|PropertyValue|Service|WebSite","25","2","service_or_hub","service_or_hub","P1","NOINDEX","robots noindex in initial HTML","TESTED_LOCAL_BUILD"
"https://reumlab.com/h/suwon/","200","https://reumlab.com/h/suwon/","index,follow","yes","yes","no","수원 가이드 | 기능 범위별 견적과 진행 순서 | 름랩","수원(영통·광교·인계동 등)은 스타트업·소상공인·학원·병원이 밀집해 앱·웹 개발 수요가 폭넓습니다. 름랩은 화성 동탄에 자리해 수원권과 가깝고, 필요하면 대면 상담도 가능합니다. 정액 견적 선공개, 소스코드 전체 이관, 직접 운영 교육을 원칙으로 진행합니다.","수원","Answer|BreadcrumbList|ContactPoint|Country|FAQPage|ListItem|OpeningHoursSpecification|Organization|PostalAddress|ProfessionalService|PropertyValue|Question|Service|WebSite","29","2","service_or_hub","keyword_hub","P1","INDEX","self-canonical, indexable and present in sitemap","TESTED_LOCAL_BUILD"
"https://reumlab.com/h/suwon-app-dev/","200","https://reumlab.com/h/suwon-app-dev/","noindex, follow","no","no","no","수원 앱개발 | 무엇부터 정해야 하나·얼마나 드나 | 름랩","수원 앱개발을(를) 어떤 범위로, 얼마에 만들 수 있는지 정리했습니다. 기능별 견적 기준과 진행 순서, 관련 상담 페이지를 한곳에 모았습니다. VAT 포함 정액 · 소스코드 이관 · 월 관리비 없음.","수원 앱개발","BreadcrumbList|ContactPoint|Country|ListItem|OpeningHoursSpecification|Organization|PostalAddress|ProfessionalService|PropertyValue|Service|WebSite","25","2","service_or_hub","service_or_hub","P1","NOINDEX","robots noindex in initial HTML","TESTED_LOCAL_BUILD"
"https://reumlab.com/h/web-dev/","200","https://reumlab.com/h/web-dev/","noindex, follow","no","no","no","웹 개발 가이드 | 기능 범위별 견적과 진행 순서 | 름랩","웹 개발을(를) 어떤 범위로, 얼마에 만들 수 있는지 정리했습니다. 기능별 견적 기준과 진행 순서, 관련 상담 페이지를 한곳에 모았습니다. VAT 포함 정액 · 소스코드 이관 · 월 관리비 없음.","웹 개발","BreadcrumbList|ContactPoint|Country|ListItem|OpeningHoursSpecification|Organization|PostalAddress|ProfessionalService|PropertyValue|Service|WebSite","26","2","service_or_hub","service_or_hub","P1","NOINDEX","robots noindex in initial HTML","TESTED_LOCAL_BUILD"
"https://reumlab.com/h/web-dev-cost/","200","https://reumlab.com/h/web-dev-cost/","noindex, follow","no","no","no","웹개발 비용 가이드 | 기능 범위별 견적과 진행 순서 | 름랩","웹개발 비용을(를) 어떤 범위로, 얼마에 만들 수 있는지 정리했습니다. 기능별 견적 기준과 진행 순서, 관련 상담 페이지를 한곳에 모았습니다. VAT 포함 정액 · 소스코드 이관 · 월 관리비 없음.","웹개발 비용","BreadcrumbList|ContactPoint|Country|ListItem|OpeningHoursSpecification|Organization|PostalAddress|ProfessionalService|PropertyValue|Service|WebSite","25","2","service_or_hub","service_or_hub","P1","NOINDEX","robots noindex in initial HTML","TESTED_LOCAL_BUILD"
"https://reumlab.com/h/web-dev-simple/","200","https://reumlab.com/h/web-dev-simple/","noindex, follow","no","no","no","웹 제작 | 무엇부터 정해야 하나·얼마나 드나 | 름랩","웹 제작을(를) 어떤 범위로, 얼마에 만들 수 있는지 정리했습니다. 기능별 견적 기준과 진행 순서, 관련 상담 페이지를 한곳에 모았습니다. VAT 포함 정액 · 소스코드 이관 · 월 관리비 없음.","웹 제작","BreadcrumbList|ContactPoint|Country|ListItem|OpeningHoursSpecification|Organization|PostalAddress|ProfessionalService|PropertyValue|Service|WebSite","26","2","service_or_hub","service_or_hub","P1","NOINDEX","robots noindex in initial HTML","TESTED_LOCAL_BUILD"
"https://reumlab.com/h/website-dev/","200","https://reumlab.com/h/website-dev/","noindex, follow","no","no","no","웹사이트 제작 | 무엇부터 정해야 하나·얼마나 드나 | 름랩","웹사이트 제작을(를) 어떤 범위로, 얼마에 만들 수 있는지 정리했습니다. 기능별 견적 기준과 진행 순서, 관련 상담 페이지를 한곳에 모았습니다. VAT 포함 정액 · 소스코드 이관 · 월 관리비 없음.","웹사이트 제작","BreadcrumbList|ContactPoint|Country|ListItem|OpeningHoursSpecification|Organization|PostalAddress|ProfessionalService|PropertyValue|Service|WebSite","26","2","service_or_hub","service_or_hub","P1","NOINDEX","robots noindex in initial HTML","TESTED_LOCAL_BUILD"
"https://reumlab.com/h/yongin/","200","https://reumlab.com/h/yongin/","noindex, follow","no","no","no","용인 가이드 | 기능 범위별 견적과 진행 순서 | 름랩","용인을(를) 어떤 범위로, 얼마에 만들 수 있는지 정리했습니다. 기능별 견적 기준과 진행 순서, 관련 상담 페이지를 한곳에 모았습니다. VAT 포함 정액 · 소스코드 이관 · 월 관리비 없음.","용인","BreadcrumbList|ContactPoint|Country|ListItem|OpeningHoursSpecification|Organization|PostalAddress|ProfessionalService|PropertyValue|Service|WebSite","41","2","service_or_hub","service_or_hub","P1","NOINDEX","robots noindex in initial HTML","TESTED_LOCAL_BUILD"
"https://reumlab.com/","200","https://reumlab.com/","index,follow","yes","yes","no","름랩 REUMLAB | 앱·웹·AI MVP 개발 스튜디오","앱·웹·AI MVP를 기획부터 개발·배포까지 제작합니다. 소스코드와 운영 권한까지 이관하며 전국 비대면 상담이 가능합니다.","아이디어를 실제로 운영 가능한 서비스 로 만듭니다.","Answer|BreadcrumbList|ContactPoint|Country|FAQPage|ListItem|Offer|OfferCatalog|OpeningHoursSpecification|Organization|PostalAddress|ProfessionalService|PropertyValue|Question|Service|WebSite","39","0","home","home","P1","INDEX","self-canonical, indexable and present in sitemap","TESTED_LOCAL_BUILD"
"https://reumlab.com/l/academy-app-dev/","200","https://reumlab.com/l/academy-app-dev/","noindex, follow","no","no","no","학원 앱개발 | 범위·금액 먼저 확정하고 시작 | 름랩","학원 앱 개발을 기획부터 개발·배포까지 직접 진행합니다. VAT 포함 정액 580만원부터, 완성 후 소스코드와 운영 권한을 통째로 넘겨 드립니다. 월 관리비 없이 직접 수정·운영하도록 1:1 교육까지 포함합니다.","학원 앱개발","BreadcrumbList|ContactPoint|Country|ListItem|OpeningHoursSpecification|Organization|PostalAddress|ProfessionalService|PropertyValue|Service|WebSite","27","3","campaign","campaign","P3","NOINDEX","robots noindex in initial HTML","TESTED_LOCAL_BUILD"
"https://reumlab.com/l/academy-app-dev-out/","200","https://reumlab.com/l/academy-app-dev-out/","noindex, follow","no","no","no","학원 앱개발외주 | 기획부터 배포까지 직접 개발·이관 | 름랩","학원 앱 개발 외주을 기획부터 개발·배포까지 직접 진행합니다. VAT 포함 정액 580만원부터, 완성 후 소스코드와 운영 권한을 통째로 넘겨 드립니다. 월 관리비 없이 직접 수정·운영하도록 1:1 교육까지 포함합니다.","학원 앱개발외주","BreadcrumbList|ContactPoint|Country|ListItem|OpeningHoursSpecification|Organization|PostalAddress|ProfessionalService|PropertyValue|Service|WebSite","27","3","campaign","campaign","P3","NOINDEX","robots noindex in initial HTML","TESTED_LOCAL_BUILD"
"https://reumlab.com/l/academy-homepage-dev/","200","https://reumlab.com/l/academy-homepage-dev/","noindex, follow","no","no","no","학원 홈페이지제작 | 범위·금액 먼저 확정하고 시작 | 름랩","학원 홈페이지 제작을 기획부터 개발·배포까지 직접 진행합니다. VAT 포함 정액 98만원부터, 완성 후 소스코드와 운영 권한을 통째로 넘겨 드립니다. 월 관리비 없이 직접 수정·운영하도록 1:1 교육까지 포함합니다.","학원 홈페이지제작","BreadcrumbList|ContactPoint|Country|ListItem|OpeningHoursSpecification|Organization|PostalAddress|ProfessionalService|PropertyValue|Service|WebSite","27","3","campaign","campaign","P3","NOINDEX","robots noindex in initial HTML","TESTED_LOCAL_BUILD"
"https://reumlab.com/l/academy-landing-page/","200","https://reumlab.com/l/academy-landing-page/","noindex, follow","no","no","no","학원 랜딩페이지제작 | 기획부터 배포까지 직접 개발·이관 | 름랩","학원 랜딩페이지 제작을 기획부터 개발·배포까지 직접 진행합니다. VAT 포함 정액 98만원부터, 완성 후 소스코드와 운영 권한을 통째로 넘겨 드립니다. 월 관리비 없이 직접 수정·운영하도록 1:1 교육까지 포함합니다.","학원 랜딩페이지제작","BreadcrumbList|ContactPoint|Country|ListItem|OpeningHoursSpecification|Organization|PostalAddress|ProfessionalService|PropertyValue|Service|WebSite","27","3","campaign","campaign","P3","NOINDEX","robots noindex in initial HTML","TESTED_LOCAL_BUILD"
"https://reumlab.com/l/academy-mvp-dev/","200","https://reumlab.com/l/academy-mvp-dev/","noindex, follow","no","no","no","학원 MVP개발 | 범위·금액 먼저 확정하고 시작 | 름랩","학원 MVP 개발을 기획부터 개발·배포까지 직접 진행합니다. VAT 포함 정액 580만원부터, 완성 후 소스코드와 운영 권한을 통째로 넘겨 드립니다. 월 관리비 없이 직접 수정·운영하도록 1:1 교육까지 포함합니다.","학원 MVP개발","BreadcrumbList|ContactPoint|Country|ListItem|OpeningHoursSpecification|Organization|PostalAddress|ProfessionalService|PropertyValue|Service|WebSite","27","3","campaign","campaign","P3","NOINDEX","robots noindex in initial HTML","TESTED_LOCAL_BUILD"
"https://reumlab.com/l/academy-shopping-mall/","200","https://reumlab.com/l/academy-shopping-mall/","index, follow","yes","yes","no","학원 쇼핑몰제작 | 기획부터 배포까지 직접 개발·이관 | 름랩","학원 쇼핑몰 제작을 기획부터 개발·배포까지 직접 진행합니다. VAT 포함 정액 98만원부터, 완성 후 소스코드와 운영 권한을 통째로 넘겨 드립니다. 월 관리비 없이 직접 수정·운영하도록 1:1 교육까지 포함합니다.","학원 쇼핑몰제작","BreadcrumbList|ContactPoint|Country|ListItem|OpeningHoursSpecification|Organization|PostalAddress|ProfessionalService|PropertyValue|Service|WebSite","27","3","campaign","legacy_landing","P3","INDEX","self-canonical, indexable and present in sitemap","TESTED_LOCAL_BUILD"
"https://reumlab.com/l/academy-web-dev/","200","https://reumlab.com/l/academy-web-dev/","noindex, follow","no","no","no","학원 웹개발 | 98만원부터 정액, 월 관리비 없음 | 름랩","학원 웹 개발을 기획부터 개발·배포까지 직접 진행합니다. VAT 포함 정액 98만원부터, 완성 후 소스코드와 운영 권한을 통째로 넘겨 드립니다. 월 관리비 없이 직접 수정·운영하도록 1:1 교육까지 포함합니다.","학원 웹개발","BreadcrumbList|ContactPoint|Country|ListItem|OpeningHoursSpecification|Organization|PostalAddress|ProfessionalService|PropertyValue|Service|WebSite","27","3","campaign","campaign","P3","NOINDEX","robots noindex in initial HTML","TESTED_LOCAL_BUILD"
"https://reumlab.com/l/academy-website-dev/","200","https://reumlab.com/l/academy-website-dev/","noindex, follow","no","no","no","학원 웹사이트제작 | 범위·금액 먼저 확정하고 시작 | 름랩","학원 웹사이트 제작을 기획부터 개발·배포까지 직접 진행합니다. VAT 포함 정액 98만원부터, 완성 후 소스코드와 운영 권한을 통째로 넘겨 드립니다. 월 관리비 없이 직접 수정·운영하도록 1:1 교육까지 포함합니다.","학원 웹사이트제작","BreadcrumbList|ContactPoint|Country|ListItem|OpeningHoursSpecification|Organization|PostalAddress|ProfessionalService|PropertyValue|Service|WebSite","27","3","campaign","campaign","P3","NOINDEX","robots noindex in initial HTML","TESTED_LOCAL_BUILD"
"https://reumlab.com/l/anyang-app-dev/","200","https://reumlab.com/l/anyang-app-dev/","noindex, follow","no","no","no","안양 앱개발 | 범위·금액 먼저 확정하고 시작 | 름랩","안양 앱 개발을 기획부터 개발·배포까지 직접 진행합니다. VAT 포함 정액 580만원부터, 완성 후 소스코드와 운영 권한을 통째로 넘겨 드립니다. 월 관리비 없이 직접 수정·운영하도록 1:1 교육까지 포함합니다.","안양 앱개발","BreadcrumbList|ContactPoint|Country|ListItem|OpeningHoursSpecification|Organization|PostalAddress|ProfessionalService|PropertyValue|Service|WebSite","27","3","campaign","campaign","P3","NOINDEX","robots noindex in initial HTML","TESTED_LOCAL_BUILD"
"https://reumlab.com/l/anyang-app-dev-cost/","200","https://reumlab.com/l/anyang-app-dev-cost/","noindex, follow","no","no","no","안양 앱개발 비용 | 580만원부터, 기능별 견적 기준 공개 | 름랩","안양 앱 개발 비용이 어떻게 정해지는지 기능·화면 수 기준으로 공개합니다. VAT 포함 정액 580만원부터, 범위를 먼저 확정하고 시작합니다. 안양 프로젝트도 화면 공유 미팅으로 전국 원격 진행합니다.","안양 앱개발 비용","BreadcrumbList|ContactPoint|Country|ListItem|OpeningHoursSpecification|Organization|PostalAddress|ProfessionalService|PropertyValue|Service|WebSite","27","3","campaign","campaign","P3","NOINDEX","robots noindex in initial HTML","TESTED_LOCAL_BUILD"
"https://reumlab.com/l/anyang-app-dev-out/","200","https://reumlab.com/l/anyang-app-dev-out/","noindex, follow","no","no","no","안양 앱개발외주 | 580만원부터 정액, 월 관리비 없음 | 름랩","안양 앱 개발 외주을 기획부터 개발·배포까지 직접 진행합니다. VAT 포함 정액 580만원부터, 완성 후 소스코드와 운영 권한을 통째로 넘겨 드립니다. 월 관리비 없이 직접 수정·운영하도록 1:1 교육까지 포함합니다.","안양 앱개발외주","BreadcrumbList|ContactPoint|Country|ListItem|OpeningHoursSpecification|Organization|PostalAddress|ProfessionalService|PropertyValue|Service|WebSite","27","3","campaign","campaign","P3","NOINDEX","robots noindex in initial HTML","TESTED_LOCAL_BUILD"
"https://reumlab.com/l/anyang-app-dev-quote/","200","https://reumlab.com/l/anyang-app-dev-quote/","noindex, follow","no","no","no","안양 앱개발 견적 | 기능 정리하면 당일 범위 회신 | 름랩","안양 앱 개발 견적을 받으실 때 필요한 것은 기능 목록 한 장이면 충분합니다. 범위·금액·기간을 정액 580만원부터 기준으로 정리해 드립니다. 안양 프로젝트도 화면 공유 미팅으로 전국 원격 진행합니다.","안양 앱개발 견적","BreadcrumbList|ContactPoint|Country|ListItem|OpeningHoursSpecification|Organization|PostalAddress|ProfessionalService|PropertyValue|Service|WebSite","27","3","campaign","campaign","P3","NOINDEX","robots noindex in initial HTML","TESTED_LOCAL_BUILD"
"https://reumlab.com/l/anyang-homepage-dev/","200","https://reumlab.com/l/anyang-homepage-dev/","noindex, follow","no","no","no","안양 홈페이지제작 | 98만원부터 정액, 월 관리비 없음 | 름랩","안양 홈페이지 제작을 기획부터 개발·배포까지 직접 진행합니다. VAT 포함 정액 98만원부터, 완성 후 소스코드와 운영 권한을 통째로 넘겨 드립니다. 월 관리비 없이 직접 수정·운영하도록 1:1 교육까지 포함합니다.","안양 홈페이지제작","BreadcrumbList|ContactPoint|Country|ListItem|OpeningHoursSpecification|Organization|PostalAddress|ProfessionalService|PropertyValue|Service|WebSite","27","3","campaign","campaign","P3","NOINDEX","robots noindex in initial HTML","TESTED_LOCAL_BUILD"
"https://reumlab.com/l/anyang-homepage-dev-cost/","200","https://reumlab.com/l/anyang-homepage-dev-cost/","noindex, follow","no","no","no","안양 홈페이지제작 비용 | 98만원부터, 기능별 견적 기준 공개 | 름랩","안양 홈페이지 제작 비용이 어떻게 정해지는지 기능·화면 수 기준으로 공개합니다. VAT 포함 정액 98만원부터, 범위를 먼저 확정하고 시작합니다. 안양 프로젝트도 화면 공유 미팅으로 전국 원격 진행합니다.","안양 홈페이지제작 비용","BreadcrumbList|ContactPoint|Country|ListItem|OpeningHoursSpecification|Organization|PostalAddress|ProfessionalService|PropertyValue|Service|WebSite","27","3","campaign","campaign","P3","NOINDEX","robots noindex in initial HTML","TESTED_LOCAL_BUILD"
"https://reumlab.com/l/anyang-homepage-dev-quote/","200","https://reumlab.com/l/anyang-homepage-dev-quote/","noindex, follow","no","no","no","안양 홈페이지제작 견적 | 기능 정리하면 당일 범위 회신 | 름랩","안양 홈페이지 제작 견적을 받으실 때 필요한 것은 기능 목록 한 장이면 충분합니다. 범위·금액·기간을 정액 98만원부터 기준으로 정리해 드립니다. 안양 프로젝트도 화면 공유 미팅으로 전국 원격 진행합니다.","안양 홈페이지제작 견적","BreadcrumbList|ContactPoint|Country|ListItem|OpeningHoursSpecification|Organization|PostalAddress|ProfessionalService|PropertyValue|Service|WebSite","27","3","campaign","campaign","P3","NOINDEX","robots noindex in initial HTML","TESTED_LOCAL_BUILD"
"https://reumlab.com/l/anyang-landing-page/","200","https://reumlab.com/l/anyang-landing-page/","noindex, follow","no","no","no","안양 랜딩페이지제작 | 기획부터 배포까지 직접 개발·이관 | 름랩","안양 랜딩페이지 제작을 기획부터 개발·배포까지 직접 진행합니다. VAT 포함 정액 98만원부터, 완성 후 소스코드와 운영 권한을 통째로 넘겨 드립니다. 월 관리비 없이 직접 수정·운영하도록 1:1 교육까지 포함합니다.","안양 랜딩페이지제작","BreadcrumbList|ContactPoint|Country|ListItem|OpeningHoursSpecification|Organization|PostalAddress|ProfessionalService|PropertyValue|Service|WebSite","27","3","campaign","campaign","P3","NOINDEX","robots noindex in initial HTML","TESTED_LOCAL_BUILD"
"https://reumlab.com/l/anyang-landing-page-cost/","200","https://reumlab.com/l/anyang-landing-page-cost/","noindex, follow","no","no","no","안양 랜딩페이지제작 비용 | 98만원부터, 기능별 견적 기준 공개 | 름랩","안양 랜딩페이지 제작 비용이 어떻게 정해지는지 기능·화면 수 기준으로 공개합니다. VAT 포함 정액 98만원부터, 범위를 먼저 확정하고 시작합니다. 안양 프로젝트도 화면 공유 미팅으로 전국 원격 진행합니다.","안양 랜딩페이지제작 비용","BreadcrumbList|ContactPoint|Country|ListItem|OpeningHoursSpecification|Organization|PostalAddress|ProfessionalService|PropertyValue|Service|WebSite","27","3","campaign","campaign","P3","NOINDEX","robots noindex in initial HTML","TESTED_LOCAL_BUILD"
"https://reumlab.com/l/anyang-landing-page-quote/","200","https://reumlab.com/l/anyang-landing-page-quote/","noindex, follow","no","no","no","안양 랜딩페이지제작 견적 | 기능 정리하면 당일 범위 회신 | 름랩","안양 랜딩페이지 제작 견적을 받으실 때 필요한 것은 기능 목록 한 장이면 충분합니다. 범위·금액·기간을 정액 98만원부터 기준으로 정리해 드립니다. 안양 프로젝트도 화면 공유 미팅으로 전국 원격 진행합니다.","안양 랜딩페이지제작 견적","BreadcrumbList|ContactPoint|Country|ListItem|OpeningHoursSpecification|Organization|PostalAddress|ProfessionalService|PropertyValue|Service|WebSite","27","3","campaign","campaign","P3","NOINDEX","robots noindex in initial HTML","TESTED_LOCAL_BUILD"
"https://reumlab.com/l/anyang-mvp-dev/","200","https://reumlab.com/l/anyang-mvp-dev/","noindex, follow","no","no","no","안양 MVP개발 | 580만원부터 정액, 월 관리비 없음 | 름랩","안양 MVP 개발을 기획부터 개발·배포까지 직접 진행합니다. VAT 포함 정액 580만원부터, 완성 후 소스코드와 운영 권한을 통째로 넘겨 드립니다. 월 관리비 없이 직접 수정·운영하도록 1:1 교육까지 포함합니다.","안양 MVP개발","BreadcrumbList|ContactPoint|Country|ListItem|OpeningHoursSpecification|Organization|PostalAddress|ProfessionalService|PropertyValue|Service|WebSite","27","3","campaign","campaign","P3","NOINDEX","robots noindex in initial HTML","TESTED_LOCAL_BUILD"
"https://reumlab.com/l/anyang-shopping-mall/","200","https://reumlab.com/l/anyang-shopping-mall/","noindex, follow","no","no","no","안양 쇼핑몰제작 | 기획부터 배포까지 직접 개발·이관 | 름랩","안양 쇼핑몰 제작을 기획부터 개발·배포까지 직접 진행합니다. VAT 포함 정액 98만원부터, 완성 후 소스코드와 운영 권한을 통째로 넘겨 드립니다. 월 관리비 없이 직접 수정·운영하도록 1:1 교육까지 포함합니다.","안양 쇼핑몰제작","BreadcrumbList|ContactPoint|Country|ListItem|OpeningHoursSpecification|Organization|PostalAddress|ProfessionalService|PropertyValue|Service|WebSite","27","3","campaign","campaign","P3","NOINDEX","robots noindex in initial HTML","TESTED_LOCAL_BUILD"
"https://reumlab.com/l/anyang-web-dev/","200","https://reumlab.com/l/anyang-web-dev/","noindex, follow","no","no","no","안양 웹개발 | 98만원부터 정액, 월 관리비 없음 | 름랩","안양 웹 개발을 기획부터 개발·배포까지 직접 진행합니다. VAT 포함 정액 98만원부터, 완성 후 소스코드와 운영 권한을 통째로 넘겨 드립니다. 월 관리비 없이 직접 수정·운영하도록 1:1 교육까지 포함합니다.","안양 웹개발","BreadcrumbList|ContactPoint|Country|ListItem|OpeningHoursSpecification|Organization|PostalAddress|ProfessionalService|PropertyValue|Service|WebSite","27","3","campaign","campaign","P3","NOINDEX","robots noindex in initial HTML","TESTED_LOCAL_BUILD"
"https://reumlab.com/l/anyang-web-dev-cost/","200","https://reumlab.com/l/anyang-web-dev-cost/","noindex, follow","no","no","no","안양 웹개발 비용 | 98만원부터, 기능별 견적 기준 공개 | 름랩","안양 웹 개발 비용이 어떻게 정해지는지 기능·화면 수 기준으로 공개합니다. VAT 포함 정액 98만원부터, 범위를 먼저 확정하고 시작합니다. 안양 프로젝트도 화면 공유 미팅으로 전국 원격 진행합니다.","안양 웹개발 비용","BreadcrumbList|ContactPoint|Country|ListItem|OpeningHoursSpecification|Organization|PostalAddress|ProfessionalService|PropertyValue|Service|WebSite","27","3","campaign","campaign","P3","NOINDEX","robots noindex in initial HTML","TESTED_LOCAL_BUILD"
"https://reumlab.com/l/anyang-web-dev-quote/","200","https://reumlab.com/l/anyang-web-dev-quote/","noindex, follow","no","no","no","안양 웹개발 견적 | 기능 정리하면 당일 범위 회신 | 름랩","안양 웹 개발 견적을 받으실 때 필요한 것은 기능 목록 한 장이면 충분합니다. 범위·금액·기간을 정액 98만원부터 기준으로 정리해 드립니다. 안양 프로젝트도 화면 공유 미팅으로 전국 원격 진행합니다.","안양 웹개발 견적","BreadcrumbList|ContactPoint|Country|ListItem|OpeningHoursSpecification|Organization|PostalAddress|ProfessionalService|PropertyValue|Service|WebSite","27","3","campaign","campaign","P3","NOINDEX","robots noindex in initial HTML","TESTED_LOCAL_BUILD"
"https://reumlab.com/l/anyang-website-dev/","200","https://reumlab.com/l/anyang-website-dev/","noindex, follow","no","no","no","안양 웹사이트제작 | 기획부터 배포까지 직접 개발·이관 | 름랩","안양 웹사이트 제작을 기획부터 개발·배포까지 직접 진행합니다. VAT 포함 정액 98만원부터, 완성 후 소스코드와 운영 권한을 통째로 넘겨 드립니다. 월 관리비 없이 직접 수정·운영하도록 1:1 교육까지 포함합니다.","안양 웹사이트제작","BreadcrumbList|ContactPoint|Country|ListItem|OpeningHoursSpecification|Organization|PostalAddress|ProfessionalService|PropertyValue|Service|WebSite","27","3","campaign","campaign","P3","NOINDEX","robots noindex in initial HTML","TESTED_LOCAL_BUILD"
"https://reumlab.com/l/bucheon-app-dev/","200","https://reumlab.com/l/bucheon-app-dev/","noindex, follow","no","no","no","부천 앱개발 | 기획부터 배포까지 직접 개발·이관 | 름랩","부천 앱 개발을 기획부터 개발·배포까지 직접 진행합니다. VAT 포함 정액 580만원부터, 완성 후 소스코드와 운영 권한을 통째로 넘겨 드립니다. 월 관리비 없이 직접 수정·운영하도록 1:1 교육까지 포함합니다.","부천 앱개발","BreadcrumbList|ContactPoint|Country|ListItem|OpeningHoursSpecification|Organization|PostalAddress|ProfessionalService|PropertyValue|Service|WebSite","27","3","campaign","campaign","P3","NOINDEX","robots noindex in initial HTML","TESTED_LOCAL_BUILD"
"https://reumlab.com/l/bucheon-app-dev-cost/","200","https://reumlab.com/l/bucheon-app-dev-cost/","noindex, follow","no","no","no","부천 앱개발 비용 | 580만원부터, 기능별 견적 기준 공개 | 름랩","부천 앱 개발 비용이 어떻게 정해지는지 기능·화면 수 기준으로 공개합니다. VAT 포함 정액 580만원부터, 범위를 먼저 확정하고 시작합니다. 부천 프로젝트도 화면 공유 미팅으로 전국 원격 진행합니다.","부천 앱개발 비용","BreadcrumbList|ContactPoint|Country|ListItem|OpeningHoursSpecification|Organization|PostalAddress|ProfessionalService|PropertyValue|Service|WebSite","27","3","campaign","campaign","P3","NOINDEX","robots noindex in initial HTML","TESTED_LOCAL_BUILD"
"https://reumlab.com/l/bucheon-app-dev-out/","200","https://reumlab.com/l/bucheon-app-dev-out/","noindex, follow","no","no","no","부천 앱개발외주 | 기획부터 배포까지 직접 개발·이관 | 름랩","부천 앱 개발 외주을 기획부터 개발·배포까지 직접 진행합니다. VAT 포함 정액 580만원부터, 완성 후 소스코드와 운영 권한을 통째로 넘겨 드립니다. 월 관리비 없이 직접 수정·운영하도록 1:1 교육까지 포함합니다.","부천 앱개발외주","BreadcrumbList|ContactPoint|Country|ListItem|OpeningHoursSpecification|Organization|PostalAddress|ProfessionalService|PropertyValue|Service|WebSite","27","3","campaign","campaign","P3","NOINDEX","robots noindex in initial HTML","TESTED_LOCAL_BUILD"
"https://reumlab.com/l/bucheon-app-dev-quote/","200","https://reumlab.com/l/bucheon-app-dev-quote/","noindex, follow","no","no","no","부천 앱개발 견적 | 기능 정리하면 당일 범위 회신 | 름랩","부천 앱 개발 견적을 받으실 때 필요한 것은 기능 목록 한 장이면 충분합니다. 범위·금액·기간을 정액 580만원부터 기준으로 정리해 드립니다. 부천 프로젝트도 화면 공유 미팅으로 전국 원격 진행합니다.","부천 앱개발 견적","BreadcrumbList|ContactPoint|Country|ListItem|OpeningHoursSpecification|Organization|PostalAddress|ProfessionalService|PropertyValue|Service|WebSite","27","3","campaign","campaign","P3","NOINDEX","robots noindex in initial HTML","TESTED_LOCAL_BUILD"
"https://reumlab.com/l/bucheon-homepage-dev/","200","https://reumlab.com/l/bucheon-homepage-dev/","noindex, follow","no","no","no","부천 홈페이지제작 | 98만원부터 정액, 월 관리비 없음 | 름랩","부천 홈페이지 제작을 기획부터 개발·배포까지 직접 진행합니다. VAT 포함 정액 98만원부터, 완성 후 소스코드와 운영 권한을 통째로 넘겨 드립니다. 월 관리비 없이 직접 수정·운영하도록 1:1 교육까지 포함합니다.","부천 홈페이지제작","BreadcrumbList|ContactPoint|Country|ListItem|OpeningHoursSpecification|Organization|PostalAddress|ProfessionalService|PropertyValue|Service|WebSite","27","3","campaign","campaign","P3","NOINDEX","robots noindex in initial HTML","TESTED_LOCAL_BUILD"
"https://reumlab.com/l/bucheon-homepage-dev-cost/","200","https://reumlab.com/l/bucheon-homepage-dev-cost/","noindex, follow","no","no","no","부천 홈페이지제작 비용 | 98만원부터, 기능별 견적 기준 공개 | 름랩","부천 홈페이지 제작 비용이 어떻게 정해지는지 기능·화면 수 기준으로 공개합니다. VAT 포함 정액 98만원부터, 범위를 먼저 확정하고 시작합니다. 부천 프로젝트도 화면 공유 미팅으로 전국 원격 진행합니다.","부천 홈페이지제작 비용","BreadcrumbList|ContactPoint|Country|ListItem|OpeningHoursSpecification|Organization|PostalAddress|ProfessionalService|PropertyValue|Service|WebSite","27","3","campaign","campaign","P3","NOINDEX","robots noindex in initial HTML","TESTED_LOCAL_BUILD"
"https://reumlab.com/l/bucheon-homepage-dev-quote/","200","https://reumlab.com/l/bucheon-homepage-dev-quote/","noindex, follow","no","no","no","부천 홈페이지제작 견적 | 기능 정리하면 당일 범위 회신 | 름랩","부천 홈페이지 제작 견적을 받으실 때 필요한 것은 기능 목록 한 장이면 충분합니다. 범위·금액·기간을 정액 98만원부터 기준으로 정리해 드립니다. 부천 프로젝트도 화면 공유 미팅으로 전국 원격 진행합니다.","부천 홈페이지제작 견적","BreadcrumbList|ContactPoint|Country|ListItem|OpeningHoursSpecification|Organization|PostalAddress|ProfessionalService|PropertyValue|Service|WebSite","27","3","campaign","campaign","P3","NOINDEX","robots noindex in initial HTML","TESTED_LOCAL_BUILD"
"https://reumlab.com/l/bucheon-landing-page/","200","https://reumlab.com/l/bucheon-landing-page/","noindex, follow","no","no","no","부천 랜딩페이지제작 | 기획부터 배포까지 직접 개발·이관 | 름랩","부천 랜딩페이지 제작을 기획부터 개발·배포까지 직접 진행합니다. VAT 포함 정액 98만원부터, 완성 후 소스코드와 운영 권한을 통째로 넘겨 드립니다. 월 관리비 없이 직접 수정·운영하도록 1:1 교육까지 포함합니다.","부천 랜딩페이지제작","BreadcrumbList|ContactPoint|Country|ListItem|OpeningHoursSpecification|Organization|PostalAddress|ProfessionalService|PropertyValue|Service|WebSite","27","3","campaign","campaign","P3","NOINDEX","robots noindex in initial HTML","TESTED_LOCAL_BUILD"
"https://reumlab.com/l/bucheon-landing-page-cost/","200","https://reumlab.com/l/bucheon-landing-page-cost/","noindex, follow","no","no","no","부천 랜딩페이지제작 비용 | 98만원부터, 기능별 견적 기준 공개 | 름랩","부천 랜딩페이지 제작 비용이 어떻게 정해지는지 기능·화면 수 기준으로 공개합니다. VAT 포함 정액 98만원부터, 범위를 먼저 확정하고 시작합니다. 부천 프로젝트도 화면 공유 미팅으로 전국 원격 진행합니다.","부천 랜딩페이지제작 비용","BreadcrumbList|ContactPoint|Country|ListItem|OpeningHoursSpecification|Organization|PostalAddress|ProfessionalService|PropertyValue|Service|WebSite","27","3","campaign","campaign","P3","NOINDEX","robots noindex in initial HTML","TESTED_LOCAL_BUILD"
"https://reumlab.com/l/bucheon-landing-page-quote/","200","https://reumlab.com/l/bucheon-landing-page-quote/","noindex, follow","no","no","no","부천 랜딩페이지제작 견적 | 기능 정리하면 당일 범위 회신 | 름랩","부천 랜딩페이지 제작 견적을 받으실 때 필요한 것은 기능 목록 한 장이면 충분합니다. 범위·금액·기간을 정액 98만원부터 기준으로 정리해 드립니다. 부천 프로젝트도 화면 공유 미팅으로 전국 원격 진행합니다.","부천 랜딩페이지제작 견적","BreadcrumbList|ContactPoint|Country|ListItem|OpeningHoursSpecification|Organization|PostalAddress|ProfessionalService|PropertyValue|Service|WebSite","27","3","campaign","campaign","P3","NOINDEX","robots noindex in initial HTML","TESTED_LOCAL_BUILD"
"https://reumlab.com/l/bucheon-mvp-dev/","200","https://reumlab.com/l/bucheon-mvp-dev/","noindex, follow","no","no","no","부천 MVP개발 | 580만원부터 정액, 월 관리비 없음 | 름랩","부천 MVP 개발을 기획부터 개발·배포까지 직접 진행합니다. VAT 포함 정액 580만원부터, 완성 후 소스코드와 운영 권한을 통째로 넘겨 드립니다. 월 관리비 없이 직접 수정·운영하도록 1:1 교육까지 포함합니다.","부천 MVP개발","BreadcrumbList|ContactPoint|Country|ListItem|OpeningHoursSpecification|Organization|PostalAddress|ProfessionalService|PropertyValue|Service|WebSite","27","3","campaign","campaign","P3","NOINDEX","robots noindex in initial HTML","TESTED_LOCAL_BUILD"
"https://reumlab.com/l/bucheon-shopping-mall/","200","https://reumlab.com/l/bucheon-shopping-mall/","noindex, follow","no","no","no","부천 쇼핑몰제작 | 98만원부터 정액, 월 관리비 없음 | 름랩","부천 쇼핑몰 제작을 기획부터 개발·배포까지 직접 진행합니다. VAT 포함 정액 98만원부터, 완성 후 소스코드와 운영 권한을 통째로 넘겨 드립니다. 월 관리비 없이 직접 수정·운영하도록 1:1 교육까지 포함합니다.","부천 쇼핑몰제작","BreadcrumbList|ContactPoint|Country|ListItem|OpeningHoursSpecification|Organization|PostalAddress|ProfessionalService|PropertyValue|Service|WebSite","27","3","campaign","campaign","P3","NOINDEX","robots noindex in initial HTML","TESTED_LOCAL_BUILD"
"https://reumlab.com/l/bucheon-web-dev/","200","https://reumlab.com/l/bucheon-web-dev/","noindex, follow","no","no","no","부천 웹개발 | 범위·금액 먼저 확정하고 시작 | 름랩","부천 웹 개발을 기획부터 개발·배포까지 직접 진행합니다. VAT 포함 정액 98만원부터, 완성 후 소스코드와 운영 권한을 통째로 넘겨 드립니다. 월 관리비 없이 직접 수정·운영하도록 1:1 교육까지 포함합니다.","부천 웹개발","BreadcrumbList|ContactPoint|Country|ListItem|OpeningHoursSpecification|Organization|PostalAddress|ProfessionalService|PropertyValue|Service|WebSite","27","3","campaign","campaign","P3","NOINDEX","robots noindex in initial HTML","TESTED_LOCAL_BUILD"
"https://reumlab.com/l/bucheon-web-dev-cost/","200","https://reumlab.com/l/bucheon-web-dev-cost/","noindex, follow","no","no","no","부천 웹개발 비용 | 98만원부터, 기능별 견적 기준 공개 | 름랩","부천 웹 개발 비용이 어떻게 정해지는지 기능·화면 수 기준으로 공개합니다. VAT 포함 정액 98만원부터, 범위를 먼저 확정하고 시작합니다. 부천 프로젝트도 화면 공유 미팅으로 전국 원격 진행합니다.","부천 웹개발 비용","BreadcrumbList|ContactPoint|Country|ListItem|OpeningHoursSpecification|Organization|PostalAddress|ProfessionalService|PropertyValue|Service|WebSite","27","3","campaign","campaign","P3","NOINDEX","robots noindex in initial HTML","TESTED_LOCAL_BUILD"
"https://reumlab.com/l/bucheon-web-dev-quote/","200","https://reumlab.com/l/bucheon-web-dev-quote/","noindex, follow","no","no","no","부천 웹개발 견적 | 기능 정리하면 당일 범위 회신 | 름랩","부천 웹 개발 견적을 받으실 때 필요한 것은 기능 목록 한 장이면 충분합니다. 범위·금액·기간을 정액 98만원부터 기준으로 정리해 드립니다. 부천 프로젝트도 화면 공유 미팅으로 전국 원격 진행합니다.","부천 웹개발 견적","BreadcrumbList|ContactPoint|Country|ListItem|OpeningHoursSpecification|Organization|PostalAddress|ProfessionalService|PropertyValue|Service|WebSite","27","3","campaign","campaign","P3","NOINDEX","robots noindex in initial HTML","TESTED_LOCAL_BUILD"
"https://reumlab.com/l/bucheon-website-dev/","200","https://reumlab.com/l/bucheon-website-dev/","noindex, follow","no","no","no","부천 웹사이트제작 | 98만원부터 정액, 월 관리비 없음 | 름랩","부천 웹사이트 제작을 기획부터 개발·배포까지 직접 진행합니다. VAT 포함 정액 98만원부터, 완성 후 소스코드와 운영 권한을 통째로 넘겨 드립니다. 월 관리비 없이 직접 수정·운영하도록 1:1 교육까지 포함합니다.","부천 웹사이트제작","BreadcrumbList|ContactPoint|Country|ListItem|OpeningHoursSpecification|Organization|PostalAddress|ProfessionalService|PropertyValue|Service|WebSite","27","3","campaign","campaign","P3","NOINDEX","robots noindex in initial HTML","TESTED_LOCAL_BUILD"
"https://reumlab.com/l/bundang-app-dev-cost/","200","https://reumlab.com/l/bundang-app-dev-cost/","noindex, follow","no","no","no","분당 앱개발 비용 | 580만원부터, 기능별 견적 기준 공개 | 름랩","분당 앱 개발 비용이 어떻게 정해지는지 기능·화면 수 기준으로 공개합니다. VAT 포함 정액 580만원부터, 범위를 먼저 확정하고 시작합니다. 분당 프로젝트도 화면 공유 미팅으로 전국 원격 진행합니다.","분당 앱개발 비용","BreadcrumbList|ContactPoint|Country|ListItem|OpeningHoursSpecification|Organization|PostalAddress|ProfessionalService|PropertyValue|Service|WebSite","27","3","campaign","campaign","P3","NOINDEX","robots noindex in initial HTML","TESTED_LOCAL_BUILD"
"https://reumlab.com/l/bundang-app-dev-out/","200","https://reumlab.com/l/bundang-app-dev-out/","noindex, follow","no","no","no","분당 앱개발외주 | 580만원부터 정액, 월 관리비 없음 | 름랩","분당 앱 개발 외주을 기획부터 개발·배포까지 직접 진행합니다. VAT 포함 정액 580만원부터, 완성 후 소스코드와 운영 권한을 통째로 넘겨 드립니다. 월 관리비 없이 직접 수정·운영하도록 1:1 교육까지 포함합니다.","분당 앱개발외주","BreadcrumbList|ContactPoint|Country|ListItem|OpeningHoursSpecification|Organization|PostalAddress|ProfessionalService|PropertyValue|Service|WebSite","27","3","campaign","campaign","P3","NOINDEX","robots noindex in initial HTML","TESTED_LOCAL_BUILD"
"https://reumlab.com/l/bundang-app-dev-quote/","200","https://reumlab.com/l/bundang-app-dev-quote/","noindex, follow","no","no","no","분당 앱개발 견적 | 기능 정리하면 당일 범위 회신 | 름랩","분당 앱 개발 견적을 받으실 때 필요한 것은 기능 목록 한 장이면 충분합니다. 범위·금액·기간을 정액 580만원부터 기준으로 정리해 드립니다. 분당 프로젝트도 화면 공유 미팅으로 전국 원격 진행합니다.","분당 앱개발 견적","BreadcrumbList|ContactPoint|Country|ListItem|OpeningHoursSpecification|Organization|PostalAddress|ProfessionalService|PropertyValue|Service|WebSite","27","3","campaign","campaign","P3","NOINDEX","robots noindex in initial HTML","TESTED_LOCAL_BUILD"
"https://reumlab.com/l/bundang-homepage-dev/","200","https://reumlab.com/l/bundang-homepage-dev/","noindex, follow","no","no","no","분당 홈페이지제작 | 기획부터 배포까지 직접 개발·이관 | 름랩","분당 홈페이지 제작을 기획부터 개발·배포까지 직접 진행합니다. VAT 포함 정액 98만원부터, 완성 후 소스코드와 운영 권한을 통째로 넘겨 드립니다. 월 관리비 없이 직접 수정·운영하도록 1:1 교육까지 포함합니다.","분당 홈페이지제작","BreadcrumbList|ContactPoint|Country|ListItem|OpeningHoursSpecification|Organization|PostalAddress|ProfessionalService|PropertyValue|Service|WebSite","27","3","campaign","campaign","P3","NOINDEX","robots noindex in initial HTML","TESTED_LOCAL_BUILD"
"https://reumlab.com/l/bundang-homepage-dev-cost/","200","https://reumlab.com/l/bundang-homepage-dev-cost/","noindex, follow","no","no","no","분당 홈페이지제작 비용 | 98만원부터, 기능별 견적 기준 공개 | 름랩","분당 홈페이지 제작 비용이 어떻게 정해지는지 기능·화면 수 기준으로 공개합니다. VAT 포함 정액 98만원부터, 범위를 먼저 확정하고 시작합니다. 분당 프로젝트도 화면 공유 미팅으로 전국 원격 진행합니다.","분당 홈페이지제작 비용","BreadcrumbList|ContactPoint|Country|ListItem|OpeningHoursSpecification|Organization|PostalAddress|ProfessionalService|PropertyValue|Service|WebSite","27","3","campaign","campaign","P3","NOINDEX","robots noindex in initial HTML","TESTED_LOCAL_BUILD"
"https://reumlab.com/l/bundang-homepage-dev-quote/","200","https://reumlab.com/l/bundang-homepage-dev-quote/","noindex, follow","no","no","no","분당 홈페이지제작 견적 | 기능 정리하면 당일 범위 회신 | 름랩","분당 홈페이지 제작 견적을 받으실 때 필요한 것은 기능 목록 한 장이면 충분합니다. 범위·금액·기간을 정액 98만원부터 기준으로 정리해 드립니다. 분당 프로젝트도 화면 공유 미팅으로 전국 원격 진행합니다.","분당 홈페이지제작 견적","BreadcrumbList|ContactPoint|Country|ListItem|OpeningHoursSpecification|Organization|PostalAddress|ProfessionalService|PropertyValue|Service|WebSite","27","3","campaign","campaign","P3","NOINDEX","robots noindex in initial HTML","TESTED_LOCAL_BUILD"
"https://reumlab.com/l/bundang-landing-page/","200","https://reumlab.com/l/bundang-landing-page/","noindex, follow","no","no","no","분당 랜딩페이지제작 | 범위·금액 먼저 확정하고 시작 | 름랩","분당 랜딩페이지 제작을 기획부터 개발·배포까지 직접 진행합니다. VAT 포함 정액 98만원부터, 완성 후 소스코드와 운영 권한을 통째로 넘겨 드립니다. 월 관리비 없이 직접 수정·운영하도록 1:1 교육까지 포함합니다.","분당 랜딩페이지제작","BreadcrumbList|ContactPoint|Country|ListItem|OpeningHoursSpecification|Organization|PostalAddress|ProfessionalService|PropertyValue|Service|WebSite","27","3","campaign","campaign","P3","NOINDEX","robots noindex in initial HTML","TESTED_LOCAL_BUILD"
"https://reumlab.com/l/bundang-landing-page-cost/","200","https://reumlab.com/l/bundang-landing-page-cost/","noindex, follow","no","no","no","분당 랜딩페이지제작 비용 | 98만원부터, 기능별 견적 기준 공개 | 름랩","분당 랜딩페이지 제작 비용이 어떻게 정해지는지 기능·화면 수 기준으로 공개합니다. VAT 포함 정액 98만원부터, 범위를 먼저 확정하고 시작합니다. 분당 프로젝트도 화면 공유 미팅으로 전국 원격 진행합니다.","분당 랜딩페이지제작 비용","BreadcrumbList|ContactPoint|Country|ListItem|OpeningHoursSpecification|Organization|PostalAddress|ProfessionalService|PropertyValue|Service|WebSite","27","3","campaign","campaign","P3","NOINDEX","robots noindex in initial HTML","TESTED_LOCAL_BUILD"
"https://reumlab.com/l/bundang-landing-page-quote/","200","https://reumlab.com/l/bundang-landing-page-quote/","noindex, follow","no","no","no","분당 랜딩페이지제작 견적 | 기능 정리하면 당일 범위 회신 | 름랩","분당 랜딩페이지 제작 견적을 받으실 때 필요한 것은 기능 목록 한 장이면 충분합니다. 범위·금액·기간을 정액 98만원부터 기준으로 정리해 드립니다. 분당 프로젝트도 화면 공유 미팅으로 전국 원격 진행합니다.","분당 랜딩페이지제작 견적","BreadcrumbList|ContactPoint|Country|ListItem|OpeningHoursSpecification|Organization|PostalAddress|ProfessionalService|PropertyValue|Service|WebSite","27","3","campaign","campaign","P3","NOINDEX","robots noindex in initial HTML","TESTED_LOCAL_BUILD"
"https://reumlab.com/l/bundang-mvp-dev/","200","https://reumlab.com/l/bundang-mvp-dev/","noindex, follow","no","no","no","분당 MVP개발 | 범위·금액 먼저 확정하고 시작 | 름랩","분당 MVP 개발을 기획부터 개발·배포까지 직접 진행합니다. VAT 포함 정액 580만원부터, 완성 후 소스코드와 운영 권한을 통째로 넘겨 드립니다. 월 관리비 없이 직접 수정·운영하도록 1:1 교육까지 포함합니다.","분당 MVP개발","BreadcrumbList|ContactPoint|Country|ListItem|OpeningHoursSpecification|Organization|PostalAddress|ProfessionalService|PropertyValue|Service|WebSite","27","3","campaign","campaign","P3","NOINDEX","robots noindex in initial HTML","TESTED_LOCAL_BUILD"
"https://reumlab.com/l/bundang-shopping-mall/","200","https://reumlab.com/l/bundang-shopping-mall/","noindex, follow","no","no","no","분당 쇼핑몰제작 | 범위·금액 먼저 확정하고 시작 | 름랩","분당 쇼핑몰 제작을 기획부터 개발·배포까지 직접 진행합니다. VAT 포함 정액 98만원부터, 완성 후 소스코드와 운영 권한을 통째로 넘겨 드립니다. 월 관리비 없이 직접 수정·운영하도록 1:1 교육까지 포함합니다.","분당 쇼핑몰제작","BreadcrumbList|ContactPoint|Country|ListItem|OpeningHoursSpecification|Organization|PostalAddress|ProfessionalService|PropertyValue|Service|WebSite","27","3","campaign","campaign","P3","NOINDEX","robots noindex in initial HTML","TESTED_LOCAL_BUILD"
"https://reumlab.com/l/bundang-web-dev/","200","https://reumlab.com/l/bundang-web-dev/","noindex, follow","no","no","no","분당 웹개발 | 98만원부터 정액, 월 관리비 없음 | 름랩","분당 웹 개발을 기획부터 개발·배포까지 직접 진행합니다. VAT 포함 정액 98만원부터, 완성 후 소스코드와 운영 권한을 통째로 넘겨 드립니다. 월 관리비 없이 직접 수정·운영하도록 1:1 교육까지 포함합니다.","분당 웹개발","BreadcrumbList|ContactPoint|Country|ListItem|OpeningHoursSpecification|Organization|PostalAddress|ProfessionalService|PropertyValue|Service|WebSite","27","3","campaign","campaign","P3","NOINDEX","robots noindex in initial HTML","TESTED_LOCAL_BUILD"
"https://reumlab.com/l/bundang-web-dev-cost/","200","https://reumlab.com/l/bundang-web-dev-cost/","noindex, follow","no","no","no","분당 웹개발 비용 | 98만원부터, 기능별 견적 기준 공개 | 름랩","분당 웹 개발 비용이 어떻게 정해지는지 기능·화면 수 기준으로 공개합니다. VAT 포함 정액 98만원부터, 범위를 먼저 확정하고 시작합니다. 분당 프로젝트도 화면 공유 미팅으로 전국 원격 진행합니다.","분당 웹개발 비용","BreadcrumbList|ContactPoint|Country|ListItem|OpeningHoursSpecification|Organization|PostalAddress|ProfessionalService|PropertyValue|Service|WebSite","27","3","campaign","campaign","P3","NOINDEX","robots noindex in initial HTML","TESTED_LOCAL_BUILD"
"https://reumlab.com/l/bundang-web-dev-quote/","200","https://reumlab.com/l/bundang-web-dev-quote/","noindex, follow","no","no","no","분당 웹개발 견적 | 기능 정리하면 당일 범위 회신 | 름랩","분당 웹 개발 견적을 받으실 때 필요한 것은 기능 목록 한 장이면 충분합니다. 범위·금액·기간을 정액 98만원부터 기준으로 정리해 드립니다. 분당 프로젝트도 화면 공유 미팅으로 전국 원격 진행합니다.","분당 웹개발 견적","BreadcrumbList|ContactPoint|Country|ListItem|OpeningHoursSpecification|Organization|PostalAddress|ProfessionalService|PropertyValue|Service|WebSite","27","3","campaign","campaign","P3","NOINDEX","robots noindex in initial HTML","TESTED_LOCAL_BUILD"
"https://reumlab.com/l/bundang-website-dev/","200","https://reumlab.com/l/bundang-website-dev/","noindex, follow","no","no","no","분당 웹사이트제작 | 98만원부터 정액, 월 관리비 없음 | 름랩","분당 웹사이트 제작을 기획부터 개발·배포까지 직접 진행합니다. VAT 포함 정액 98만원부터, 완성 후 소스코드와 운영 권한을 통째로 넘겨 드립니다. 월 관리비 없이 직접 수정·운영하도록 1:1 교육까지 포함합니다.","분당 웹사이트제작","BreadcrumbList|ContactPoint|Country|ListItem|OpeningHoursSpecification|Organization|PostalAddress|ProfessionalService|PropertyValue|Service|WebSite","27","3","campaign","campaign","P3","NOINDEX","robots noindex in initial HTML","TESTED_LOCAL_BUILD"
"https://reumlab.com/l/cafe-app-dev/","200","https://reumlab.com/l/cafe-app-dev/","noindex, follow","no","no","no","카페 앱개발 | 기획부터 배포까지 직접 개발·이관 | 름랩","카페 앱 개발을 기획부터 개발·배포까지 직접 진행합니다. VAT 포함 정액 580만원부터, 완성 후 소스코드와 운영 권한을 통째로 넘겨 드립니다. 월 관리비 없이 직접 수정·운영하도록 1:1 교육까지 포함합니다.","카페 앱개발","BreadcrumbList|ContactPoint|Country|ListItem|OpeningHoursSpecification|Organization|PostalAddress|ProfessionalService|PropertyValue|Service|WebSite","27","3","campaign","campaign","P3","NOINDEX","robots noindex in initial HTML","TESTED_LOCAL_BUILD"
"https://reumlab.com/l/cafe-app-dev-out/","200","https://reumlab.com/l/cafe-app-dev-out/","index, follow","yes","yes","no","카페 앱개발외주 | 기획부터 배포까지 직접 개발·이관 | 름랩","카페 앱 개발 외주을 기획부터 개발·배포까지 직접 진행합니다. VAT 포함 정액 580만원부터, 완성 후 소스코드와 운영 권한을 통째로 넘겨 드립니다. 월 관리비 없이 직접 수정·운영하도록 1:1 교육까지 포함합니다.","카페 앱개발외주","BreadcrumbList|ContactPoint|Country|ListItem|OpeningHoursSpecification|Organization|PostalAddress|ProfessionalService|PropertyValue|Service|WebSite","27","3","campaign","legacy_landing","P3","INDEX","self-canonical, indexable and present in sitemap","TESTED_LOCAL_BUILD"
"https://reumlab.com/l/cafe-homepage-dev/","200","https://reumlab.com/l/cafe-homepage-dev/","noindex, follow","no","no","no","카페 홈페이지제작 | 98만원부터 정액, 월 관리비 없음 | 름랩","카페 홈페이지 제작을 기획부터 개발·배포까지 직접 진행합니다. VAT 포함 정액 98만원부터, 완성 후 소스코드와 운영 권한을 통째로 넘겨 드립니다. 월 관리비 없이 직접 수정·운영하도록 1:1 교육까지 포함합니다.","카페 홈페이지제작","BreadcrumbList|ContactPoint|Country|ListItem|OpeningHoursSpecification|Organization|PostalAddress|ProfessionalService|PropertyValue|Service|WebSite","27","3","campaign","campaign","P3","NOINDEX","robots noindex in initial HTML","TESTED_LOCAL_BUILD"
"https://reumlab.com/l/cafe-landing-page/","200","https://reumlab.com/l/cafe-landing-page/","noindex, follow","no","no","no","카페 랜딩페이지제작 | 98만원부터 정액, 월 관리비 없음 | 름랩","카페 랜딩페이지 제작을 기획부터 개발·배포까지 직접 진행합니다. VAT 포함 정액 98만원부터, 완성 후 소스코드와 운영 권한을 통째로 넘겨 드립니다. 월 관리비 없이 직접 수정·운영하도록 1:1 교육까지 포함합니다.","카페 랜딩페이지제작","BreadcrumbList|ContactPoint|Country|ListItem|OpeningHoursSpecification|Organization|PostalAddress|ProfessionalService|PropertyValue|Service|WebSite","27","3","campaign","campaign","P3","NOINDEX","robots noindex in initial HTML","TESTED_LOCAL_BUILD"
"https://reumlab.com/l/cafe-mvp-dev/","200","https://reumlab.com/l/cafe-mvp-dev/","noindex, follow","no","no","no","카페 MVP개발 | 범위·금액 먼저 확정하고 시작 | 름랩","카페 MVP 개발을 기획부터 개발·배포까지 직접 진행합니다. VAT 포함 정액 580만원부터, 완성 후 소스코드와 운영 권한을 통째로 넘겨 드립니다. 월 관리비 없이 직접 수정·운영하도록 1:1 교육까지 포함합니다.","카페 MVP개발","BreadcrumbList|ContactPoint|Country|ListItem|OpeningHoursSpecification|Organization|PostalAddress|ProfessionalService|PropertyValue|Service|WebSite","27","3","campaign","campaign","P3","NOINDEX","robots noindex in initial HTML","TESTED_LOCAL_BUILD"
"https://reumlab.com/l/cafe-shopping-mall/","200","https://reumlab.com/l/cafe-shopping-mall/","noindex, follow","no","no","no","카페 쇼핑몰제작 | 기획부터 배포까지 직접 개발·이관 | 름랩","카페 쇼핑몰 제작을 기획부터 개발·배포까지 직접 진행합니다. VAT 포함 정액 98만원부터, 완성 후 소스코드와 운영 권한을 통째로 넘겨 드립니다. 월 관리비 없이 직접 수정·운영하도록 1:1 교육까지 포함합니다.","카페 쇼핑몰제작","BreadcrumbList|ContactPoint|Country|ListItem|OpeningHoursSpecification|Organization|PostalAddress|ProfessionalService|PropertyValue|Service|WebSite","27","3","campaign","campaign","P3","NOINDEX","robots noindex in initial HTML","TESTED_LOCAL_BUILD"
"https://reumlab.com/l/cafe-web-dev/","200","https://reumlab.com/l/cafe-web-dev/","noindex, follow","no","no","no","카페 웹개발 | 범위·금액 먼저 확정하고 시작 | 름랩","카페 웹 개발을 기획부터 개발·배포까지 직접 진행합니다. VAT 포함 정액 98만원부터, 완성 후 소스코드와 운영 권한을 통째로 넘겨 드립니다. 월 관리비 없이 직접 수정·운영하도록 1:1 교육까지 포함합니다.","카페 웹개발","BreadcrumbList|ContactPoint|Country|ListItem|OpeningHoursSpecification|Organization|PostalAddress|ProfessionalService|PropertyValue|Service|WebSite","27","3","campaign","campaign","P3","NOINDEX","robots noindex in initial HTML","TESTED_LOCAL_BUILD"
"https://reumlab.com/l/cafe-website-dev/","200","https://reumlab.com/l/cafe-website-dev/","noindex, follow","no","no","no","카페 웹사이트제작 | 기획부터 배포까지 직접 개발·이관 | 름랩","카페 웹사이트 제작을 기획부터 개발·배포까지 직접 진행합니다. VAT 포함 정액 98만원부터, 완성 후 소스코드와 운영 권한을 통째로 넘겨 드립니다. 월 관리비 없이 직접 수정·운영하도록 1:1 교육까지 포함합니다.","카페 웹사이트제작","BreadcrumbList|ContactPoint|Country|ListItem|OpeningHoursSpecification|Organization|PostalAddress|ProfessionalService|PropertyValue|Service|WebSite","27","3","campaign","campaign","P3","NOINDEX","robots noindex in initial HTML","TESTED_LOCAL_BUILD"
"https://reumlab.com/l/gangnam-app-dev/","200","https://reumlab.com/l/gangnam-app-dev/","noindex, follow","no","no","no","강남 앱개발 | 범위·금액 먼저 확정하고 시작 | 름랩","강남 앱 개발을 기획부터 개발·배포까지 직접 진행합니다. VAT 포함 정액 580만원부터, 완성 후 소스코드와 운영 권한을 통째로 넘겨 드립니다. 월 관리비 없이 직접 수정·운영하도록 1:1 교육까지 포함합니다.","강남 앱개발","BreadcrumbList|ContactPoint|Country|ListItem|OpeningHoursSpecification|Organization|PostalAddress|ProfessionalService|PropertyValue|Service|WebSite","27","3","campaign","campaign","P3","NOINDEX","robots noindex in initial HTML","TESTED_LOCAL_BUILD"
"https://reumlab.com/l/gangnam-app-dev-cost/","200","https://reumlab.com/l/gangnam-app-dev-cost/","noindex, follow","no","no","no","강남 앱개발 비용 | 580만원부터, 기능별 견적 기준 공개 | 름랩","강남 앱 개발 비용이 어떻게 정해지는지 기능·화면 수 기준으로 공개합니다. VAT 포함 정액 580만원부터, 범위를 먼저 확정하고 시작합니다. 강남 프로젝트도 화면 공유 미팅으로 전국 원격 진행합니다.","강남 앱개발 비용","BreadcrumbList|ContactPoint|Country|ListItem|OpeningHoursSpecification|Organization|PostalAddress|ProfessionalService|PropertyValue|Service|WebSite","27","3","campaign","campaign","P3","NOINDEX","robots noindex in initial HTML","TESTED_LOCAL_BUILD"
"https://reumlab.com/l/gangnam-app-dev-out/","200","https://reumlab.com/l/gangnam-app-dev-out/","noindex, follow","no","no","no","강남 앱개발외주 | 기획부터 배포까지 직접 개발·이관 | 름랩","강남 앱 개발 외주을 기획부터 개발·배포까지 직접 진행합니다. VAT 포함 정액 580만원부터, 완성 후 소스코드와 운영 권한을 통째로 넘겨 드립니다. 월 관리비 없이 직접 수정·운영하도록 1:1 교육까지 포함합니다.","강남 앱개발외주","BreadcrumbList|ContactPoint|Country|ListItem|OpeningHoursSpecification|Organization|PostalAddress|ProfessionalService|PropertyValue|Service|WebSite","27","3","campaign","campaign","P3","NOINDEX","robots noindex in initial HTML","TESTED_LOCAL_BUILD"
"https://reumlab.com/l/gangnam-app-dev-quote/","200","https://reumlab.com/l/gangnam-app-dev-quote/","noindex, follow","no","no","no","강남 앱개발 견적 | 기능 정리하면 당일 범위 회신 | 름랩","강남 앱 개발 견적을 받으실 때 필요한 것은 기능 목록 한 장이면 충분합니다. 범위·금액·기간을 정액 580만원부터 기준으로 정리해 드립니다. 강남 프로젝트도 화면 공유 미팅으로 전국 원격 진행합니다.","강남 앱개발 견적","BreadcrumbList|ContactPoint|Country|ListItem|OpeningHoursSpecification|Organization|PostalAddress|ProfessionalService|PropertyValue|Service|WebSite","27","3","campaign","campaign","P3","NOINDEX","robots noindex in initial HTML","TESTED_LOCAL_BUILD"
"https://reumlab.com/l/gangnam-homepage-dev/","200","https://reumlab.com/l/gangnam-homepage-dev/","noindex, follow","no","no","no","강남 홈페이지제작 | 범위·금액 먼저 확정하고 시작 | 름랩","강남 홈페이지 제작을 기획부터 개발·배포까지 직접 진행합니다. VAT 포함 정액 98만원부터, 완성 후 소스코드와 운영 권한을 통째로 넘겨 드립니다. 월 관리비 없이 직접 수정·운영하도록 1:1 교육까지 포함합니다.","강남 홈페이지제작","BreadcrumbList|ContactPoint|Country|ListItem|OpeningHoursSpecification|Organization|PostalAddress|ProfessionalService|PropertyValue|Service|WebSite","27","3","campaign","campaign","P3","NOINDEX","robots noindex in initial HTML","TESTED_LOCAL_BUILD"
"https://reumlab.com/l/gangnam-homepage-dev-cost/","200","https://reumlab.com/l/gangnam-homepage-dev-cost/","noindex, follow","no","no","no","강남 홈페이지제작 비용 | 98만원부터, 기능별 견적 기준 공개 | 름랩","강남 홈페이지 제작 비용이 어떻게 정해지는지 기능·화면 수 기준으로 공개합니다. VAT 포함 정액 98만원부터, 범위를 먼저 확정하고 시작합니다. 강남 프로젝트도 화면 공유 미팅으로 전국 원격 진행합니다.","강남 홈페이지제작 비용","BreadcrumbList|ContactPoint|Country|ListItem|OpeningHoursSpecification|Organization|PostalAddress|ProfessionalService|PropertyValue|Service|WebSite","27","3","campaign","campaign","P3","NOINDEX","robots noindex in initial HTML","TESTED_LOCAL_BUILD"
"https://reumlab.com/l/gangnam-homepage-dev-quote/","200","https://reumlab.com/l/gangnam-homepage-dev-quote/","noindex, follow","no","no","no","강남 홈페이지제작 견적 | 기능 정리하면 당일 범위 회신 | 름랩","강남 홈페이지 제작 견적을 받으실 때 필요한 것은 기능 목록 한 장이면 충분합니다. 범위·금액·기간을 정액 98만원부터 기준으로 정리해 드립니다. 강남 프로젝트도 화면 공유 미팅으로 전국 원격 진행합니다.","강남 홈페이지제작 견적","BreadcrumbList|ContactPoint|Country|ListItem|OpeningHoursSpecification|Organization|PostalAddress|ProfessionalService|PropertyValue|Service|WebSite","27","3","campaign","campaign","P3","NOINDEX","robots noindex in initial HTML","TESTED_LOCAL_BUILD"
"https://reumlab.com/l/gangnam-landing-page/","200","https://reumlab.com/l/gangnam-landing-page/","noindex, follow","no","no","no","강남 랜딩페이지제작 | 기획부터 배포까지 직접 개발·이관 | 름랩","강남 랜딩페이지 제작을 기획부터 개발·배포까지 직접 진행합니다. VAT 포함 정액 98만원부터, 완성 후 소스코드와 운영 권한을 통째로 넘겨 드립니다. 월 관리비 없이 직접 수정·운영하도록 1:1 교육까지 포함합니다.","강남 랜딩페이지제작","BreadcrumbList|ContactPoint|Country|ListItem|OpeningHoursSpecification|Organization|PostalAddress|ProfessionalService|PropertyValue|Service|WebSite","27","3","campaign","campaign","P3","NOINDEX","robots noindex in initial HTML","TESTED_LOCAL_BUILD"
"https://reumlab.com/l/gangnam-landing-page-cost/","200","https://reumlab.com/l/gangnam-landing-page-cost/","noindex, follow","no","no","no","강남 랜딩페이지제작 비용 | 98만원부터, 기능별 견적 기준 공개 | 름랩","강남 랜딩페이지 제작 비용이 어떻게 정해지는지 기능·화면 수 기준으로 공개합니다. VAT 포함 정액 98만원부터, 범위를 먼저 확정하고 시작합니다. 강남 프로젝트도 화면 공유 미팅으로 전국 원격 진행합니다.","강남 랜딩페이지제작 비용","BreadcrumbList|ContactPoint|Country|ListItem|OpeningHoursSpecification|Organization|PostalAddress|ProfessionalService|PropertyValue|Service|WebSite","27","3","campaign","campaign","P3","NOINDEX","robots noindex in initial HTML","TESTED_LOCAL_BUILD"
"https://reumlab.com/l/gangnam-mvp-dev/","200","https://reumlab.com/l/gangnam-mvp-dev/","noindex, follow","no","no","no","강남 MVP개발 | 기획부터 배포까지 직접 개발·이관 | 름랩","강남 MVP 개발을 기획부터 개발·배포까지 직접 진행합니다. VAT 포함 정액 580만원부터, 완성 후 소스코드와 운영 권한을 통째로 넘겨 드립니다. 월 관리비 없이 직접 수정·운영하도록 1:1 교육까지 포함합니다.","강남 MVP개발","BreadcrumbList|ContactPoint|Country|ListItem|OpeningHoursSpecification|Organization|PostalAddress|ProfessionalService|PropertyValue|Service|WebSite","27","3","campaign","campaign","P3","NOINDEX","robots noindex in initial HTML","TESTED_LOCAL_BUILD"
"https://reumlab.com/l/gangnam-shopping-mall/","200","https://reumlab.com/l/gangnam-shopping-mall/","noindex, follow","no","no","no","강남 쇼핑몰제작 | 98만원부터 정액, 월 관리비 없음 | 름랩","강남 쇼핑몰 제작을 기획부터 개발·배포까지 직접 진행합니다. VAT 포함 정액 98만원부터, 완성 후 소스코드와 운영 권한을 통째로 넘겨 드립니다. 월 관리비 없이 직접 수정·운영하도록 1:1 교육까지 포함합니다.","강남 쇼핑몰제작","BreadcrumbList|ContactPoint|Country|ListItem|OpeningHoursSpecification|Organization|PostalAddress|ProfessionalService|PropertyValue|Service|WebSite","27","3","campaign","campaign","P3","NOINDEX","robots noindex in initial HTML","TESTED_LOCAL_BUILD"
"https://reumlab.com/l/gangnam-web-dev/","200","https://reumlab.com/l/gangnam-web-dev/","noindex, follow","no","no","no","강남 웹개발 | 98만원부터 정액, 월 관리비 없음 | 름랩","강남 웹 개발을 기획부터 개발·배포까지 직접 진행합니다. VAT 포함 정액 98만원부터, 완성 후 소스코드와 운영 권한을 통째로 넘겨 드립니다. 월 관리비 없이 직접 수정·운영하도록 1:1 교육까지 포함합니다.","강남 웹개발","BreadcrumbList|ContactPoint|Country|ListItem|OpeningHoursSpecification|Organization|PostalAddress|ProfessionalService|PropertyValue|Service|WebSite","27","3","campaign","campaign","P3","NOINDEX","robots noindex in initial HTML","TESTED_LOCAL_BUILD"
"https://reumlab.com/l/gangnam-web-dev-cost/","200","https://reumlab.com/l/gangnam-web-dev-cost/","noindex, follow","no","no","no","강남 웹개발 비용 | 98만원부터, 기능별 견적 기준 공개 | 름랩","강남 웹 개발 비용이 어떻게 정해지는지 기능·화면 수 기준으로 공개합니다. VAT 포함 정액 98만원부터, 범위를 먼저 확정하고 시작합니다. 강남 프로젝트도 화면 공유 미팅으로 전국 원격 진행합니다.","강남 웹개발 비용","BreadcrumbList|ContactPoint|Country|ListItem|OpeningHoursSpecification|Organization|PostalAddress|ProfessionalService|PropertyValue|Service|WebSite","27","3","campaign","campaign","P3","NOINDEX","robots noindex in initial HTML","TESTED_LOCAL_BUILD"
"https://reumlab.com/l/gangnam-web-dev-quote/","200","https://reumlab.com/l/gangnam-web-dev-quote/","noindex, follow","no","no","no","강남 웹개발 견적 | 기능 정리하면 당일 범위 회신 | 름랩","강남 웹 개발 견적을 받으실 때 필요한 것은 기능 목록 한 장이면 충분합니다. 범위·금액·기간을 정액 98만원부터 기준으로 정리해 드립니다. 강남 프로젝트도 화면 공유 미팅으로 전국 원격 진행합니다.","강남 웹개발 견적","BreadcrumbList|ContactPoint|Country|ListItem|OpeningHoursSpecification|Organization|PostalAddress|ProfessionalService|PropertyValue|Service|WebSite","27","3","campaign","campaign","P3","NOINDEX","robots noindex in initial HTML","TESTED_LOCAL_BUILD"
"https://reumlab.com/l/gangnam-website-dev/","200","https://reumlab.com/l/gangnam-website-dev/","noindex, follow","no","no","no","강남 웹사이트제작 | 기획부터 배포까지 직접 개발·이관 | 름랩","강남 웹사이트 제작을 기획부터 개발·배포까지 직접 진행합니다. VAT 포함 정액 98만원부터, 완성 후 소스코드와 운영 권한을 통째로 넘겨 드립니다. 월 관리비 없이 직접 수정·운영하도록 1:1 교육까지 포함합니다.","강남 웹사이트제작","BreadcrumbList|ContactPoint|Country|ListItem|OpeningHoursSpecification|Organization|PostalAddress|ProfessionalService|PropertyValue|Service|WebSite","27","3","campaign","campaign","P3","NOINDEX","robots noindex in initial HTML","TESTED_LOCAL_BUILD"
"https://reumlab.com/l/gym-app-dev/","200","https://reumlab.com/l/gym-app-dev/","noindex, follow","no","no","no","헬스장 앱개발 | 기획부터 배포까지 직접 개발·이관 | 름랩","헬스장 앱 개발을 기획부터 개발·배포까지 직접 진행합니다. VAT 포함 정액 580만원부터, 완성 후 소스코드와 운영 권한을 통째로 넘겨 드립니다. 월 관리비 없이 직접 수정·운영하도록 1:1 교육까지 포함합니다.","헬스장 앱개발","BreadcrumbList|ContactPoint|Country|ListItem|OpeningHoursSpecification|Organization|PostalAddress|ProfessionalService|PropertyValue|Service|WebSite","27","3","campaign","campaign","P3","NOINDEX","robots noindex in initial HTML","TESTED_LOCAL_BUILD"
"https://reumlab.com/l/gym-app-dev-out/","200","https://reumlab.com/l/gym-app-dev-out/","noindex, follow","no","no","no","헬스장 앱개발외주 | 580만원부터 정액, 월 관리비 없음 | 름랩","헬스장 앱 개발 외주을 기획부터 개발·배포까지 직접 진행합니다. VAT 포함 정액 580만원부터, 완성 후 소스코드와 운영 권한을 통째로 넘겨 드립니다. 월 관리비 없이 직접 수정·운영하도록 1:1 교육까지 포함합니다.","헬스장 앱개발외주","BreadcrumbList|ContactPoint|Country|ListItem|OpeningHoursSpecification|Organization|PostalAddress|ProfessionalService|PropertyValue|Service|WebSite","27","3","campaign","campaign","P3","NOINDEX","robots noindex in initial HTML","TESTED_LOCAL_BUILD"
"https://reumlab.com/l/gym-homepage-dev/","200","https://reumlab.com/l/gym-homepage-dev/","noindex, follow","no","no","no","헬스장 홈페이지제작 | 98만원부터 정액, 월 관리비 없음 | 름랩","헬스장 홈페이지 제작을 기획부터 개발·배포까지 직접 진행합니다. VAT 포함 정액 98만원부터, 완성 후 소스코드와 운영 권한을 통째로 넘겨 드립니다. 월 관리비 없이 직접 수정·운영하도록 1:1 교육까지 포함합니다.","헬스장 홈페이지제작","BreadcrumbList|ContactPoint|Country|ListItem|OpeningHoursSpecification|Organization|PostalAddress|ProfessionalService|PropertyValue|Service|WebSite","27","3","campaign","campaign","P3","NOINDEX","robots noindex in initial HTML","TESTED_LOCAL_BUILD"
"https://reumlab.com/l/gym-landing-page/","200","https://reumlab.com/l/gym-landing-page/","noindex, follow","no","no","no","헬스장 랜딩페이지제작 | 범위·금액 먼저 확정하고 시작 | 름랩","헬스장 랜딩페이지 제작을 기획부터 개발·배포까지 직접 진행합니다. VAT 포함 정액 98만원부터, 완성 후 소스코드와 운영 권한을 통째로 넘겨 드립니다. 월 관리비 없이 직접 수정·운영하도록 1:1 교육까지 포함합니다.","헬스장 랜딩페이지제작","BreadcrumbList|ContactPoint|Country|ListItem|OpeningHoursSpecification|Organization|PostalAddress|ProfessionalService|PropertyValue|Service|WebSite","27","3","campaign","campaign","P3","NOINDEX","robots noindex in initial HTML","TESTED_LOCAL_BUILD"
"https://reumlab.com/l/gym-mvp-dev/","200","https://reumlab.com/l/gym-mvp-dev/","noindex, follow","no","no","no","헬스장 MVP개발 | 기획부터 배포까지 직접 개발·이관 | 름랩","헬스장 MVP 개발을 기획부터 개발·배포까지 직접 진행합니다. VAT 포함 정액 580만원부터, 완성 후 소스코드와 운영 권한을 통째로 넘겨 드립니다. 월 관리비 없이 직접 수정·운영하도록 1:1 교육까지 포함합니다.","헬스장 MVP개발","BreadcrumbList|ContactPoint|Country|ListItem|OpeningHoursSpecification|Organization|PostalAddress|ProfessionalService|PropertyValue|Service|WebSite","27","3","campaign","campaign","P3","NOINDEX","robots noindex in initial HTML","TESTED_LOCAL_BUILD"
"https://reumlab.com/l/gym-shopping-mall/","200","https://reumlab.com/l/gym-shopping-mall/","noindex, follow","no","no","no","헬스장 쇼핑몰제작 | 기획부터 배포까지 직접 개발·이관 | 름랩","헬스장 쇼핑몰 제작을 기획부터 개발·배포까지 직접 진행합니다. VAT 포함 정액 98만원부터, 완성 후 소스코드와 운영 권한을 통째로 넘겨 드립니다. 월 관리비 없이 직접 수정·운영하도록 1:1 교육까지 포함합니다.","헬스장 쇼핑몰제작","BreadcrumbList|ContactPoint|Country|ListItem|OpeningHoursSpecification|Organization|PostalAddress|ProfessionalService|PropertyValue|Service|WebSite","27","3","campaign","campaign","P3","NOINDEX","robots noindex in initial HTML","TESTED_LOCAL_BUILD"
"https://reumlab.com/l/gym-web-dev/","200","https://reumlab.com/l/gym-web-dev/","index, follow","yes","yes","no","헬스장 웹개발 | 98만원부터 정액, 월 관리비 없음 | 름랩","헬스장 웹 개발을 기획부터 개발·배포까지 직접 진행합니다. VAT 포함 정액 98만원부터, 완성 후 소스코드와 운영 권한을 통째로 넘겨 드립니다. 월 관리비 없이 직접 수정·운영하도록 1:1 교육까지 포함합니다.","헬스장 웹개발","BreadcrumbList|ContactPoint|Country|ListItem|OpeningHoursSpecification|Organization|PostalAddress|ProfessionalService|PropertyValue|Service|WebSite","27","3","campaign","legacy_landing","P3","INDEX","self-canonical, indexable and present in sitemap","TESTED_LOCAL_BUILD"
"https://reumlab.com/l/gym-website-dev/","200","https://reumlab.com/l/gym-website-dev/","noindex, follow","no","no","no","헬스장 웹사이트제작 | 98만원부터 정액, 월 관리비 없음 | 름랩","헬스장 웹사이트 제작을 기획부터 개발·배포까지 직접 진행합니다. VAT 포함 정액 98만원부터, 완성 후 소스코드와 운영 권한을 통째로 넘겨 드립니다. 월 관리비 없이 직접 수정·운영하도록 1:1 교육까지 포함합니다.","헬스장 웹사이트제작","BreadcrumbList|ContactPoint|Country|ListItem|OpeningHoursSpecification|Organization|PostalAddress|ProfessionalService|PropertyValue|Service|WebSite","27","3","campaign","campaign","P3","NOINDEX","robots noindex in initial HTML","TESTED_LOCAL_BUILD"
"https://reumlab.com/l/hospital-app-dev/","200","https://reumlab.com/l/hospital-app-dev/","noindex, follow","no","no","no","병원 앱개발 | 580만원부터 정액, 월 관리비 없음 | 름랩","병원 앱 개발을 기획부터 개발·배포까지 직접 진행합니다. VAT 포함 정액 580만원부터, 완성 후 소스코드와 운영 권한을 통째로 넘겨 드립니다. 월 관리비 없이 직접 수정·운영하도록 1:1 교육까지 포함합니다.","병원 앱개발","BreadcrumbList|ContactPoint|Country|ListItem|OpeningHoursSpecification|Organization|PostalAddress|ProfessionalService|PropertyValue|Service|WebSite","27","3","campaign","campaign","P3","NOINDEX","robots noindex in initial HTML","TESTED_LOCAL_BUILD"
"https://reumlab.com/l/hospital-app-dev-out/","200","https://reumlab.com/l/hospital-app-dev-out/","noindex, follow","no","no","no","병원 앱개발외주 | 기획부터 배포까지 직접 개발·이관 | 름랩","병원 앱 개발 외주을 기획부터 개발·배포까지 직접 진행합니다. VAT 포함 정액 580만원부터, 완성 후 소스코드와 운영 권한을 통째로 넘겨 드립니다. 월 관리비 없이 직접 수정·운영하도록 1:1 교육까지 포함합니다.","병원 앱개발외주","BreadcrumbList|ContactPoint|Country|ListItem|OpeningHoursSpecification|Organization|PostalAddress|ProfessionalService|PropertyValue|Service|WebSite","27","3","campaign","campaign","P3","NOINDEX","robots noindex in initial HTML","TESTED_LOCAL_BUILD"
"https://reumlab.com/l/hospital-homepage-dev/","200","https://reumlab.com/l/hospital-homepage-dev/","noindex, follow","no","no","no","병원 홈페이지제작 | 98만원부터 정액, 월 관리비 없음 | 름랩","병원 홈페이지 제작을 기획부터 개발·배포까지 직접 진행합니다. VAT 포함 정액 98만원부터, 완성 후 소스코드와 운영 권한을 통째로 넘겨 드립니다. 월 관리비 없이 직접 수정·운영하도록 1:1 교육까지 포함합니다.","병원 홈페이지제작","BreadcrumbList|ContactPoint|Country|ListItem|OpeningHoursSpecification|Organization|PostalAddress|ProfessionalService|PropertyValue|Service|WebSite","27","3","campaign","campaign","P3","NOINDEX","robots noindex in initial HTML","TESTED_LOCAL_BUILD"
"https://reumlab.com/l/hospital-landing-page/","200","https://reumlab.com/l/hospital-landing-page/","noindex, follow","no","no","no","병원 랜딩페이지제작 | 범위·금액 먼저 확정하고 시작 | 름랩","병원 랜딩페이지 제작을 기획부터 개발·배포까지 직접 진행합니다. VAT 포함 정액 98만원부터, 완성 후 소스코드와 운영 권한을 통째로 넘겨 드립니다. 월 관리비 없이 직접 수정·운영하도록 1:1 교육까지 포함합니다.","병원 랜딩페이지제작","BreadcrumbList|ContactPoint|Country|ListItem|OpeningHoursSpecification|Organization|PostalAddress|ProfessionalService|PropertyValue|Service|WebSite","27","3","campaign","campaign","P3","NOINDEX","robots noindex in initial HTML","TESTED_LOCAL_BUILD"
"https://reumlab.com/l/hospital-mvp-dev/","200","https://reumlab.com/l/hospital-mvp-dev/","noindex, follow","no","no","no","병원 MVP개발 | 범위·금액 먼저 확정하고 시작 | 름랩","병원 MVP 개발을 기획부터 개발·배포까지 직접 진행합니다. VAT 포함 정액 580만원부터, 완성 후 소스코드와 운영 권한을 통째로 넘겨 드립니다. 월 관리비 없이 직접 수정·운영하도록 1:1 교육까지 포함합니다.","병원 MVP개발","BreadcrumbList|ContactPoint|Country|ListItem|OpeningHoursSpecification|Organization|PostalAddress|ProfessionalService|PropertyValue|Service|WebSite","27","3","campaign","campaign","P3","NOINDEX","robots noindex in initial HTML","TESTED_LOCAL_BUILD"
"https://reumlab.com/l/hospital-shopping-mall/","200","https://reumlab.com/l/hospital-shopping-mall/","noindex, follow","no","no","no","병원 쇼핑몰제작 | 범위·금액 먼저 확정하고 시작 | 름랩","병원 쇼핑몰 제작을 기획부터 개발·배포까지 직접 진행합니다. VAT 포함 정액 98만원부터, 완성 후 소스코드와 운영 권한을 통째로 넘겨 드립니다. 월 관리비 없이 직접 수정·운영하도록 1:1 교육까지 포함합니다.","병원 쇼핑몰제작","BreadcrumbList|ContactPoint|Country|ListItem|OpeningHoursSpecification|Organization|PostalAddress|ProfessionalService|PropertyValue|Service|WebSite","27","3","campaign","campaign","P3","NOINDEX","robots noindex in initial HTML","TESTED_LOCAL_BUILD"
"https://reumlab.com/l/hospital-web-dev/","200","https://reumlab.com/l/hospital-web-dev/","noindex, follow","no","no","no","병원 웹개발 | 기획부터 배포까지 직접 개발·이관 | 름랩","병원 웹 개발을 기획부터 개발·배포까지 직접 진행합니다. VAT 포함 정액 98만원부터, 완성 후 소스코드와 운영 권한을 통째로 넘겨 드립니다. 월 관리비 없이 직접 수정·운영하도록 1:1 교육까지 포함합니다.","병원 웹개발","BreadcrumbList|ContactPoint|Country|ListItem|OpeningHoursSpecification|Organization|PostalAddress|ProfessionalService|PropertyValue|Service|WebSite","27","3","campaign","campaign","P3","NOINDEX","robots noindex in initial HTML","TESTED_LOCAL_BUILD"
"https://reumlab.com/l/hospital-website-dev/","200","https://reumlab.com/l/hospital-website-dev/","noindex, follow","no","no","no","병원 웹사이트제작 | 98만원부터 정액, 월 관리비 없음 | 름랩","병원 웹사이트 제작을 기획부터 개발·배포까지 직접 진행합니다. VAT 포함 정액 98만원부터, 완성 후 소스코드와 운영 권한을 통째로 넘겨 드립니다. 월 관리비 없이 직접 수정·운영하도록 1:1 교육까지 포함합니다.","병원 웹사이트제작","BreadcrumbList|ContactPoint|Country|ListItem|OpeningHoursSpecification|Organization|PostalAddress|ProfessionalService|PropertyValue|Service|WebSite","27","3","campaign","campaign","P3","NOINDEX","robots noindex in initial HTML","TESTED_LOCAL_BUILD"
"https://reumlab.com/l/ilsan-app-dev/","200","https://reumlab.com/l/ilsan-app-dev/","noindex, follow","no","no","no","일산 앱개발 | 580만원부터 정액, 월 관리비 없음 | 름랩","일산 앱 개발을 기획부터 개발·배포까지 직접 진행합니다. VAT 포함 정액 580만원부터, 완성 후 소스코드와 운영 권한을 통째로 넘겨 드립니다. 월 관리비 없이 직접 수정·운영하도록 1:1 교육까지 포함합니다.","일산 앱개발","BreadcrumbList|ContactPoint|Country|ListItem|OpeningHoursSpecification|Organization|PostalAddress|ProfessionalService|PropertyValue|Service|WebSite","27","3","campaign","campaign","P3","NOINDEX","robots noindex in initial HTML","TESTED_LOCAL_BUILD"
"https://reumlab.com/l/ilsan-app-dev-cost/","200","https://reumlab.com/l/ilsan-app-dev-cost/","noindex, follow","no","no","no","일산 앱개발 비용 | 580만원부터, 기능별 견적 기준 공개 | 름랩","일산 앱 개발 비용이 어떻게 정해지는지 기능·화면 수 기준으로 공개합니다. VAT 포함 정액 580만원부터, 범위를 먼저 확정하고 시작합니다. 일산 프로젝트도 화면 공유 미팅으로 전국 원격 진행합니다.","일산 앱개발 비용","BreadcrumbList|ContactPoint|Country|ListItem|OpeningHoursSpecification|Organization|PostalAddress|ProfessionalService|PropertyValue|Service|WebSite","27","3","campaign","campaign","P3","NOINDEX","robots noindex in initial HTML","TESTED_LOCAL_BUILD"
"https://reumlab.com/l/ilsan-app-dev-out/","200","https://reumlab.com/l/ilsan-app-dev-out/","noindex, follow","no","no","no","일산 앱개발외주 | 580만원부터 정액, 월 관리비 없음 | 름랩","일산 앱 개발 외주을 기획부터 개발·배포까지 직접 진행합니다. VAT 포함 정액 580만원부터, 완성 후 소스코드와 운영 권한을 통째로 넘겨 드립니다. 월 관리비 없이 직접 수정·운영하도록 1:1 교육까지 포함합니다.","일산 앱개발외주","BreadcrumbList|ContactPoint|Country|ListItem|OpeningHoursSpecification|Organization|PostalAddress|ProfessionalService|PropertyValue|Service|WebSite","27","3","campaign","campaign","P3","NOINDEX","robots noindex in initial HTML","TESTED_LOCAL_BUILD"
"https://reumlab.com/l/ilsan-app-dev-quote/","200","https://reumlab.com/l/ilsan-app-dev-quote/","noindex, follow","no","no","no","일산 앱개발 견적 | 기능 정리하면 당일 범위 회신 | 름랩","일산 앱 개발 견적을 받으실 때 필요한 것은 기능 목록 한 장이면 충분합니다. 범위·금액·기간을 정액 580만원부터 기준으로 정리해 드립니다. 일산 프로젝트도 화면 공유 미팅으로 전국 원격 진행합니다.","일산 앱개발 견적","BreadcrumbList|ContactPoint|Country|ListItem|OpeningHoursSpecification|Organization|PostalAddress|ProfessionalService|PropertyValue|Service|WebSite","27","3","campaign","campaign","P3","NOINDEX","robots noindex in initial HTML","TESTED_LOCAL_BUILD"
"https://reumlab.com/l/ilsan-homepage-dev/","200","https://reumlab.com/l/ilsan-homepage-dev/","noindex, follow","no","no","no","일산 홈페이지제작 | 98만원부터 정액, 월 관리비 없음 | 름랩","일산 홈페이지 제작을 기획부터 개발·배포까지 직접 진행합니다. VAT 포함 정액 98만원부터, 완성 후 소스코드와 운영 권한을 통째로 넘겨 드립니다. 월 관리비 없이 직접 수정·운영하도록 1:1 교육까지 포함합니다.","일산 홈페이지제작","BreadcrumbList|ContactPoint|Country|ListItem|OpeningHoursSpecification|Organization|PostalAddress|ProfessionalService|PropertyValue|Service|WebSite","27","3","campaign","campaign","P3","NOINDEX","robots noindex in initial HTML","TESTED_LOCAL_BUILD"
"https://reumlab.com/l/ilsan-homepage-dev-cost/","200","https://reumlab.com/l/ilsan-homepage-dev-cost/","noindex, follow","no","no","no","일산 홈페이지제작 비용 | 98만원부터, 기능별 견적 기준 공개 | 름랩","일산 홈페이지 제작 비용이 어떻게 정해지는지 기능·화면 수 기준으로 공개합니다. VAT 포함 정액 98만원부터, 범위를 먼저 확정하고 시작합니다. 일산 프로젝트도 화면 공유 미팅으로 전국 원격 진행합니다.","일산 홈페이지제작 비용","BreadcrumbList|ContactPoint|Country|ListItem|OpeningHoursSpecification|Organization|PostalAddress|ProfessionalService|PropertyValue|Service|WebSite","27","3","campaign","campaign","P3","NOINDEX","robots noindex in initial HTML","TESTED_LOCAL_BUILD"
"https://reumlab.com/l/ilsan-homepage-dev-quote/","200","https://reumlab.com/l/ilsan-homepage-dev-quote/","noindex, follow","no","no","no","일산 홈페이지제작 견적 | 기능 정리하면 당일 범위 회신 | 름랩","일산 홈페이지 제작 견적을 받으실 때 필요한 것은 기능 목록 한 장이면 충분합니다. 범위·금액·기간을 정액 98만원부터 기준으로 정리해 드립니다. 일산 프로젝트도 화면 공유 미팅으로 전국 원격 진행합니다.","일산 홈페이지제작 견적","BreadcrumbList|ContactPoint|Country|ListItem|OpeningHoursSpecification|Organization|PostalAddress|ProfessionalService|PropertyValue|Service|WebSite","27","3","campaign","campaign","P3","NOINDEX","robots noindex in initial HTML","TESTED_LOCAL_BUILD"
"https://reumlab.com/l/ilsan-landing-page/","200","https://reumlab.com/l/ilsan-landing-page/","noindex, follow","no","no","no","일산 랜딩페이지제작 | 98만원부터 정액, 월 관리비 없음 | 름랩","일산 랜딩페이지 제작을 기획부터 개발·배포까지 직접 진행합니다. VAT 포함 정액 98만원부터, 완성 후 소스코드와 운영 권한을 통째로 넘겨 드립니다. 월 관리비 없이 직접 수정·운영하도록 1:1 교육까지 포함합니다.","일산 랜딩페이지제작","BreadcrumbList|ContactPoint|Country|ListItem|OpeningHoursSpecification|Organization|PostalAddress|ProfessionalService|PropertyValue|Service|WebSite","27","3","campaign","campaign","P3","NOINDEX","robots noindex in initial HTML","TESTED_LOCAL_BUILD"
"https://reumlab.com/l/ilsan-landing-page-cost/","200","https://reumlab.com/l/ilsan-landing-page-cost/","noindex, follow","no","no","no","일산 랜딩페이지제작 비용 | 98만원부터, 기능별 견적 기준 공개 | 름랩","일산 랜딩페이지 제작 비용이 어떻게 정해지는지 기능·화면 수 기준으로 공개합니다. VAT 포함 정액 98만원부터, 범위를 먼저 확정하고 시작합니다. 일산 프로젝트도 화면 공유 미팅으로 전국 원격 진행합니다.","일산 랜딩페이지제작 비용","BreadcrumbList|ContactPoint|Country|ListItem|OpeningHoursSpecification|Organization|PostalAddress|ProfessionalService|PropertyValue|Service|WebSite","27","3","campaign","campaign","P3","NOINDEX","robots noindex in initial HTML","TESTED_LOCAL_BUILD"
"https://reumlab.com/l/ilsan-landing-page-quote/","200","https://reumlab.com/l/ilsan-landing-page-quote/","noindex, follow","no","no","no","일산 랜딩페이지제작 견적 | 기능 정리하면 당일 범위 회신 | 름랩","일산 랜딩페이지 제작 견적을 받으실 때 필요한 것은 기능 목록 한 장이면 충분합니다. 범위·금액·기간을 정액 98만원부터 기준으로 정리해 드립니다. 일산 프로젝트도 화면 공유 미팅으로 전국 원격 진행합니다.","일산 랜딩페이지제작 견적","BreadcrumbList|ContactPoint|Country|ListItem|OpeningHoursSpecification|Organization|PostalAddress|ProfessionalService|PropertyValue|Service|WebSite","27","3","campaign","campaign","P3","NOINDEX","robots noindex in initial HTML","TESTED_LOCAL_BUILD"
"https://reumlab.com/l/ilsan-mvp-dev/","200","https://reumlab.com/l/ilsan-mvp-dev/","noindex, follow","no","no","no","일산 MVP개발 | 범위·금액 먼저 확정하고 시작 | 름랩","일산 MVP 개발을 기획부터 개발·배포까지 직접 진행합니다. VAT 포함 정액 580만원부터, 완성 후 소스코드와 운영 권한을 통째로 넘겨 드립니다. 월 관리비 없이 직접 수정·운영하도록 1:1 교육까지 포함합니다.","일산 MVP개발","BreadcrumbList|ContactPoint|Country|ListItem|OpeningHoursSpecification|Organization|PostalAddress|ProfessionalService|PropertyValue|Service|WebSite","27","3","campaign","campaign","P3","NOINDEX","robots noindex in initial HTML","TESTED_LOCAL_BUILD"
"https://reumlab.com/l/ilsan-shopping-mall/","200","https://reumlab.com/l/ilsan-shopping-mall/","noindex, follow","no","no","no","일산 쇼핑몰제작 | 범위·금액 먼저 확정하고 시작 | 름랩","일산 쇼핑몰 제작을 기획부터 개발·배포까지 직접 진행합니다. VAT 포함 정액 98만원부터, 완성 후 소스코드와 운영 권한을 통째로 넘겨 드립니다. 월 관리비 없이 직접 수정·운영하도록 1:1 교육까지 포함합니다.","일산 쇼핑몰제작","BreadcrumbList|ContactPoint|Country|ListItem|OpeningHoursSpecification|Organization|PostalAddress|ProfessionalService|PropertyValue|Service|WebSite","27","3","campaign","campaign","P3","NOINDEX","robots noindex in initial HTML","TESTED_LOCAL_BUILD"
"https://reumlab.com/l/ilsan-web-dev/","200","https://reumlab.com/l/ilsan-web-dev/","noindex, follow","no","no","no","일산 웹개발 | 범위·금액 먼저 확정하고 시작 | 름랩","일산 웹 개발을 기획부터 개발·배포까지 직접 진행합니다. VAT 포함 정액 98만원부터, 완성 후 소스코드와 운영 권한을 통째로 넘겨 드립니다. 월 관리비 없이 직접 수정·운영하도록 1:1 교육까지 포함합니다.","일산 웹개발","BreadcrumbList|ContactPoint|Country|ListItem|OpeningHoursSpecification|Organization|PostalAddress|ProfessionalService|PropertyValue|Service|WebSite","27","3","campaign","campaign","P3","NOINDEX","robots noindex in initial HTML","TESTED_LOCAL_BUILD"
"https://reumlab.com/l/ilsan-web-dev-cost/","200","https://reumlab.com/l/ilsan-web-dev-cost/","noindex, follow","no","no","no","일산 웹개발 비용 | 98만원부터, 기능별 견적 기준 공개 | 름랩","일산 웹 개발 비용이 어떻게 정해지는지 기능·화면 수 기준으로 공개합니다. VAT 포함 정액 98만원부터, 범위를 먼저 확정하고 시작합니다. 일산 프로젝트도 화면 공유 미팅으로 전국 원격 진행합니다.","일산 웹개발 비용","BreadcrumbList|ContactPoint|Country|ListItem|OpeningHoursSpecification|Organization|PostalAddress|ProfessionalService|PropertyValue|Service|WebSite","27","3","campaign","campaign","P3","NOINDEX","robots noindex in initial HTML","TESTED_LOCAL_BUILD"
"https://reumlab.com/l/ilsan-web-dev-quote/","200","https://reumlab.com/l/ilsan-web-dev-quote/","noindex, follow","no","no","no","일산 웹개발 견적 | 기능 정리하면 당일 범위 회신 | 름랩","일산 웹 개발 견적을 받으실 때 필요한 것은 기능 목록 한 장이면 충분합니다. 범위·금액·기간을 정액 98만원부터 기준으로 정리해 드립니다. 일산 프로젝트도 화면 공유 미팅으로 전국 원격 진행합니다.","일산 웹개발 견적","BreadcrumbList|ContactPoint|Country|ListItem|OpeningHoursSpecification|Organization|PostalAddress|ProfessionalService|PropertyValue|Service|WebSite","27","3","campaign","campaign","P3","NOINDEX","robots noindex in initial HTML","TESTED_LOCAL_BUILD"
"https://reumlab.com/l/ilsan-website-dev/","200","https://reumlab.com/l/ilsan-website-dev/","noindex, follow","no","no","no","일산 웹사이트제작 | 98만원부터 정액, 월 관리비 없음 | 름랩","일산 웹사이트 제작을 기획부터 개발·배포까지 직접 진행합니다. VAT 포함 정액 98만원부터, 완성 후 소스코드와 운영 권한을 통째로 넘겨 드립니다. 월 관리비 없이 직접 수정·운영하도록 1:1 교육까지 포함합니다.","일산 웹사이트제작","BreadcrumbList|ContactPoint|Country|ListItem|OpeningHoursSpecification|Organization|PostalAddress|ProfessionalService|PropertyValue|Service|WebSite","27","3","campaign","campaign","P3","NOINDEX","robots noindex in initial HTML","TESTED_LOCAL_BUILD"
"https://reumlab.com/l/incheon-app-dev/","200","https://reumlab.com/l/incheon-app-dev/","noindex, follow","no","no","no","인천 앱개발 | 580만원부터 정액, 월 관리비 없음 | 름랩","인천 앱 개발을 기획부터 개발·배포까지 직접 진행합니다. VAT 포함 정액 580만원부터, 완성 후 소스코드와 운영 권한을 통째로 넘겨 드립니다. 월 관리비 없이 직접 수정·운영하도록 1:1 교육까지 포함합니다.","인천 앱개발","BreadcrumbList|ContactPoint|Country|ListItem|OpeningHoursSpecification|Organization|PostalAddress|ProfessionalService|PropertyValue|Service|WebSite","27","3","campaign","campaign","P3","NOINDEX","robots noindex in initial HTML","TESTED_LOCAL_BUILD"
"https://reumlab.com/l/incheon-app-dev-cost/","200","https://reumlab.com/l/incheon-app-dev-cost/","noindex, follow","no","no","no","인천 앱개발 비용 | 580만원부터, 기능별 견적 기준 공개 | 름랩","인천 앱 개발 비용이 어떻게 정해지는지 기능·화면 수 기준으로 공개합니다. VAT 포함 정액 580만원부터, 범위를 먼저 확정하고 시작합니다. 인천 프로젝트도 화면 공유 미팅으로 전국 원격 진행합니다.","인천 앱개발 비용","BreadcrumbList|ContactPoint|Country|ListItem|OpeningHoursSpecification|Organization|PostalAddress|ProfessionalService|PropertyValue|Service|WebSite","27","3","campaign","campaign","P3","NOINDEX","robots noindex in initial HTML","TESTED_LOCAL_BUILD"
"https://reumlab.com/l/incheon-app-dev-out/","200","https://reumlab.com/l/incheon-app-dev-out/","noindex, follow","no","no","no","인천 앱개발외주 | 기획부터 배포까지 직접 개발·이관 | 름랩","인천 앱 개발 외주을 기획부터 개발·배포까지 직접 진행합니다. VAT 포함 정액 580만원부터, 완성 후 소스코드와 운영 권한을 통째로 넘겨 드립니다. 월 관리비 없이 직접 수정·운영하도록 1:1 교육까지 포함합니다.","인천 앱개발외주","BreadcrumbList|ContactPoint|Country|ListItem|OpeningHoursSpecification|Organization|PostalAddress|ProfessionalService|PropertyValue|Service|WebSite","27","3","campaign","campaign","P3","NOINDEX","robots noindex in initial HTML","TESTED_LOCAL_BUILD"
"https://reumlab.com/l/incheon-app-dev-quote/","200","https://reumlab.com/l/incheon-app-dev-quote/","noindex, follow","no","no","no","인천 앱개발 견적 | 기능 정리하면 당일 범위 회신 | 름랩","인천 앱 개발 견적을 받으실 때 필요한 것은 기능 목록 한 장이면 충분합니다. 범위·금액·기간을 정액 580만원부터 기준으로 정리해 드립니다. 인천 프로젝트도 화면 공유 미팅으로 전국 원격 진행합니다.","인천 앱개발 견적","BreadcrumbList|ContactPoint|Country|ListItem|OpeningHoursSpecification|Organization|PostalAddress|ProfessionalService|PropertyValue|Service|WebSite","27","3","campaign","campaign","P3","NOINDEX","robots noindex in initial HTML","TESTED_LOCAL_BUILD"
"https://reumlab.com/l/incheon-homepage-dev/","200","https://reumlab.com/l/incheon-homepage-dev/","noindex, follow","no","no","no","인천 홈페이지제작 | 기획부터 배포까지 직접 개발·이관 | 름랩","인천 홈페이지 제작을 기획부터 개발·배포까지 직접 진행합니다. VAT 포함 정액 98만원부터, 완성 후 소스코드와 운영 권한을 통째로 넘겨 드립니다. 월 관리비 없이 직접 수정·운영하도록 1:1 교육까지 포함합니다.","인천 홈페이지제작","BreadcrumbList|ContactPoint|Country|ListItem|OpeningHoursSpecification|Organization|PostalAddress|ProfessionalService|PropertyValue|Service|WebSite","27","3","campaign","campaign","P3","NOINDEX","robots noindex in initial HTML","TESTED_LOCAL_BUILD"
"https://reumlab.com/l/incheon-homepage-dev-cost/","200","https://reumlab.com/l/incheon-homepage-dev-cost/","noindex, follow","no","no","no","인천 홈페이지제작 비용 | 98만원부터, 기능별 견적 기준 공개 | 름랩","인천 홈페이지 제작 비용이 어떻게 정해지는지 기능·화면 수 기준으로 공개합니다. VAT 포함 정액 98만원부터, 범위를 먼저 확정하고 시작합니다. 인천 프로젝트도 화면 공유 미팅으로 전국 원격 진행합니다.","인천 홈페이지제작 비용","BreadcrumbList|ContactPoint|Country|ListItem|OpeningHoursSpecification|Organization|PostalAddress|ProfessionalService|PropertyValue|Service|WebSite","27","3","campaign","campaign","P3","NOINDEX","robots noindex in initial HTML","TESTED_LOCAL_BUILD"
"https://reumlab.com/l/incheon-homepage-dev-quote/","200","https://reumlab.com/l/incheon-homepage-dev-quote/","noindex, follow","no","no","no","인천 홈페이지제작 견적 | 기능 정리하면 당일 범위 회신 | 름랩","인천 홈페이지 제작 견적을 받으실 때 필요한 것은 기능 목록 한 장이면 충분합니다. 범위·금액·기간을 정액 98만원부터 기준으로 정리해 드립니다. 인천 프로젝트도 화면 공유 미팅으로 전국 원격 진행합니다.","인천 홈페이지제작 견적","BreadcrumbList|ContactPoint|Country|ListItem|OpeningHoursSpecification|Organization|PostalAddress|ProfessionalService|PropertyValue|Service|WebSite","27","3","campaign","campaign","P3","NOINDEX","robots noindex in initial HTML","TESTED_LOCAL_BUILD"
"https://reumlab.com/l/incheon-landing-page/","200","https://reumlab.com/l/incheon-landing-page/","noindex, follow","no","no","no","인천 랜딩페이지제작 | 범위·금액 먼저 확정하고 시작 | 름랩","인천 랜딩페이지 제작을 기획부터 개발·배포까지 직접 진행합니다. VAT 포함 정액 98만원부터, 완성 후 소스코드와 운영 권한을 통째로 넘겨 드립니다. 월 관리비 없이 직접 수정·운영하도록 1:1 교육까지 포함합니다.","인천 랜딩페이지제작","BreadcrumbList|ContactPoint|Country|ListItem|OpeningHoursSpecification|Organization|PostalAddress|ProfessionalService|PropertyValue|Service|WebSite","27","3","campaign","campaign","P3","NOINDEX","robots noindex in initial HTML","TESTED_LOCAL_BUILD"
"https://reumlab.com/l/incheon-landing-page-cost/","200","https://reumlab.com/l/incheon-landing-page-cost/","noindex, follow","no","no","no","인천 랜딩페이지제작 비용 | 98만원부터, 기능별 견적 기준 공개 | 름랩","인천 랜딩페이지 제작 비용이 어떻게 정해지는지 기능·화면 수 기준으로 공개합니다. VAT 포함 정액 98만원부터, 범위를 먼저 확정하고 시작합니다. 인천 프로젝트도 화면 공유 미팅으로 전국 원격 진행합니다.","인천 랜딩페이지제작 비용","BreadcrumbList|ContactPoint|Country|ListItem|OpeningHoursSpecification|Organization|PostalAddress|ProfessionalService|PropertyValue|Service|WebSite","27","3","campaign","campaign","P3","NOINDEX","robots noindex in initial HTML","TESTED_LOCAL_BUILD"
"https://reumlab.com/l/incheon-landing-page-quote/","200","https://reumlab.com/l/incheon-landing-page-quote/","noindex, follow","no","no","no","인천 랜딩페이지제작 견적 | 기능 정리하면 당일 범위 회신 | 름랩","인천 랜딩페이지 제작 견적을 받으실 때 필요한 것은 기능 목록 한 장이면 충분합니다. 범위·금액·기간을 정액 98만원부터 기준으로 정리해 드립니다. 인천 프로젝트도 화면 공유 미팅으로 전국 원격 진행합니다.","인천 랜딩페이지제작 견적","BreadcrumbList|ContactPoint|Country|ListItem|OpeningHoursSpecification|Organization|PostalAddress|ProfessionalService|PropertyValue|Service|WebSite","27","3","campaign","campaign","P3","NOINDEX","robots noindex in initial HTML","TESTED_LOCAL_BUILD"
"https://reumlab.com/l/incheon-mvp-dev/","200","https://reumlab.com/l/incheon-mvp-dev/","noindex, follow","no","no","no","인천 MVP개발 | 범위·금액 먼저 확정하고 시작 | 름랩","인천 MVP 개발을 기획부터 개발·배포까지 직접 진행합니다. VAT 포함 정액 580만원부터, 완성 후 소스코드와 운영 권한을 통째로 넘겨 드립니다. 월 관리비 없이 직접 수정·운영하도록 1:1 교육까지 포함합니다.","인천 MVP개발","BreadcrumbList|ContactPoint|Country|ListItem|OpeningHoursSpecification|Organization|PostalAddress|ProfessionalService|PropertyValue|Service|WebSite","27","3","campaign","campaign","P3","NOINDEX","robots noindex in initial HTML","TESTED_LOCAL_BUILD"
"https://reumlab.com/l/incheon-shopping-mall/","200","https://reumlab.com/l/incheon-shopping-mall/","noindex, follow","no","no","no","인천 쇼핑몰제작 | 기획부터 배포까지 직접 개발·이관 | 름랩","인천 쇼핑몰 제작을 기획부터 개발·배포까지 직접 진행합니다. VAT 포함 정액 98만원부터, 완성 후 소스코드와 운영 권한을 통째로 넘겨 드립니다. 월 관리비 없이 직접 수정·운영하도록 1:1 교육까지 포함합니다.","인천 쇼핑몰제작","BreadcrumbList|ContactPoint|Country|ListItem|OpeningHoursSpecification|Organization|PostalAddress|ProfessionalService|PropertyValue|Service|WebSite","27","3","campaign","campaign","P3","NOINDEX","robots noindex in initial HTML","TESTED_LOCAL_BUILD"
"https://reumlab.com/l/incheon-web-dev/","200","https://reumlab.com/l/incheon-web-dev/","noindex, follow","no","no","no","인천 웹개발 | 98만원부터 정액, 월 관리비 없음 | 름랩","인천 웹 개발을 기획부터 개발·배포까지 직접 진행합니다. VAT 포함 정액 98만원부터, 완성 후 소스코드와 운영 권한을 통째로 넘겨 드립니다. 월 관리비 없이 직접 수정·운영하도록 1:1 교육까지 포함합니다.","인천 웹개발","BreadcrumbList|ContactPoint|Country|ListItem|OpeningHoursSpecification|Organization|PostalAddress|ProfessionalService|PropertyValue|Service|WebSite","27","3","campaign","campaign","P3","NOINDEX","robots noindex in initial HTML","TESTED_LOCAL_BUILD"
"https://reumlab.com/l/incheon-web-dev-cost/","200","https://reumlab.com/l/incheon-web-dev-cost/","noindex, follow","no","no","no","인천 웹개발 비용 | 98만원부터, 기능별 견적 기준 공개 | 름랩","인천 웹 개발 비용이 어떻게 정해지는지 기능·화면 수 기준으로 공개합니다. VAT 포함 정액 98만원부터, 범위를 먼저 확정하고 시작합니다. 인천 프로젝트도 화면 공유 미팅으로 전국 원격 진행합니다.","인천 웹개발 비용","BreadcrumbList|ContactPoint|Country|ListItem|OpeningHoursSpecification|Organization|PostalAddress|ProfessionalService|PropertyValue|Service|WebSite","27","3","campaign","campaign","P3","NOINDEX","robots noindex in initial HTML","TESTED_LOCAL_BUILD"
"https://reumlab.com/l/incheon-web-dev-quote/","200","https://reumlab.com/l/incheon-web-dev-quote/","noindex, follow","no","no","no","인천 웹개발 견적 | 기능 정리하면 당일 범위 회신 | 름랩","인천 웹 개발 견적을 받으실 때 필요한 것은 기능 목록 한 장이면 충분합니다. 범위·금액·기간을 정액 98만원부터 기준으로 정리해 드립니다. 인천 프로젝트도 화면 공유 미팅으로 전국 원격 진행합니다.","인천 웹개발 견적","BreadcrumbList|ContactPoint|Country|ListItem|OpeningHoursSpecification|Organization|PostalAddress|ProfessionalService|PropertyValue|Service|WebSite","27","3","campaign","campaign","P3","NOINDEX","robots noindex in initial HTML","TESTED_LOCAL_BUILD"
"https://reumlab.com/l/incheon-website-dev/","200","https://reumlab.com/l/incheon-website-dev/","noindex, follow","no","no","no","인천 웹사이트제작 | 기획부터 배포까지 직접 개발·이관 | 름랩","인천 웹사이트 제작을 기획부터 개발·배포까지 직접 진행합니다. VAT 포함 정액 98만원부터, 완성 후 소스코드와 운영 권한을 통째로 넘겨 드립니다. 월 관리비 없이 직접 수정·운영하도록 1:1 교육까지 포함합니다.","인천 웹사이트제작","BreadcrumbList|ContactPoint|Country|ListItem|OpeningHoursSpecification|Organization|PostalAddress|ProfessionalService|PropertyValue|Service|WebSite","27","3","campaign","campaign","P3","NOINDEX","robots noindex in initial HTML","TESTED_LOCAL_BUILD"
"https://reumlab.com/l/lodging-app-dev/","200","https://reumlab.com/l/lodging-app-dev/","noindex, follow","no","no","no","숙박 앱개발 | 기획부터 배포까지 직접 개발·이관 | 름랩","숙박 앱 개발을 기획부터 개발·배포까지 직접 진행합니다. VAT 포함 정액 580만원부터, 완성 후 소스코드와 운영 권한을 통째로 넘겨 드립니다. 월 관리비 없이 직접 수정·운영하도록 1:1 교육까지 포함합니다.","숙박 앱개발","BreadcrumbList|ContactPoint|Country|ListItem|OpeningHoursSpecification|Organization|PostalAddress|ProfessionalService|PropertyValue|Service|WebSite","27","3","campaign","campaign","P3","NOINDEX","robots noindex in initial HTML","TESTED_LOCAL_BUILD"
"https://reumlab.com/l/lodging-app-dev-out/","200","https://reumlab.com/l/lodging-app-dev-out/","noindex, follow","no","no","no","숙박 앱개발외주 | 580만원부터 정액, 월 관리비 없음 | 름랩","숙박 앱 개발 외주을 기획부터 개발·배포까지 직접 진행합니다. VAT 포함 정액 580만원부터, 완성 후 소스코드와 운영 권한을 통째로 넘겨 드립니다. 월 관리비 없이 직접 수정·운영하도록 1:1 교육까지 포함합니다.","숙박 앱개발외주","BreadcrumbList|ContactPoint|Country|ListItem|OpeningHoursSpecification|Organization|PostalAddress|ProfessionalService|PropertyValue|Service|WebSite","27","3","campaign","campaign","P3","NOINDEX","robots noindex in initial HTML","TESTED_LOCAL_BUILD"
"https://reumlab.com/l/lodging-homepage-dev/","200","https://reumlab.com/l/lodging-homepage-dev/","noindex, follow","no","no","no","숙박 홈페이지제작 | 기획부터 배포까지 직접 개발·이관 | 름랩","숙박 홈페이지 제작을 기획부터 개발·배포까지 직접 진행합니다. VAT 포함 정액 98만원부터, 완성 후 소스코드와 운영 권한을 통째로 넘겨 드립니다. 월 관리비 없이 직접 수정·운영하도록 1:1 교육까지 포함합니다.","숙박 홈페이지제작","BreadcrumbList|ContactPoint|Country|ListItem|OpeningHoursSpecification|Organization|PostalAddress|ProfessionalService|PropertyValue|Service|WebSite","27","3","campaign","campaign","P3","NOINDEX","robots noindex in initial HTML","TESTED_LOCAL_BUILD"
"https://reumlab.com/l/lodging-landing-page/","200","https://reumlab.com/l/lodging-landing-page/","noindex, follow","no","no","no","숙박 랜딩페이지제작 | 98만원부터 정액, 월 관리비 없음 | 름랩","숙박 랜딩페이지 제작을 기획부터 개발·배포까지 직접 진행합니다. VAT 포함 정액 98만원부터, 완성 후 소스코드와 운영 권한을 통째로 넘겨 드립니다. 월 관리비 없이 직접 수정·운영하도록 1:1 교육까지 포함합니다.","숙박 랜딩페이지제작","BreadcrumbList|ContactPoint|Country|ListItem|OpeningHoursSpecification|Organization|PostalAddress|ProfessionalService|PropertyValue|Service|WebSite","27","3","campaign","campaign","P3","NOINDEX","robots noindex in initial HTML","TESTED_LOCAL_BUILD"
"https://reumlab.com/l/lodging-mvp-dev/","200","https://reumlab.com/l/lodging-mvp-dev/","noindex, follow","no","no","no","숙박 MVP개발 | 580만원부터 정액, 월 관리비 없음 | 름랩","숙박 MVP 개발을 기획부터 개발·배포까지 직접 진행합니다. VAT 포함 정액 580만원부터, 완성 후 소스코드와 운영 권한을 통째로 넘겨 드립니다. 월 관리비 없이 직접 수정·운영하도록 1:1 교육까지 포함합니다.","숙박 MVP개발","BreadcrumbList|ContactPoint|Country|ListItem|OpeningHoursSpecification|Organization|PostalAddress|ProfessionalService|PropertyValue|Service|WebSite","27","3","campaign","campaign","P3","NOINDEX","robots noindex in initial HTML","TESTED_LOCAL_BUILD"
"https://reumlab.com/l/lodging-shopping-mall/","200","https://reumlab.com/l/lodging-shopping-mall/","noindex, follow","no","no","no","숙박 쇼핑몰제작 | 98만원부터 정액, 월 관리비 없음 | 름랩","숙박 쇼핑몰 제작을 기획부터 개발·배포까지 직접 진행합니다. VAT 포함 정액 98만원부터, 완성 후 소스코드와 운영 권한을 통째로 넘겨 드립니다. 월 관리비 없이 직접 수정·운영하도록 1:1 교육까지 포함합니다.","숙박 쇼핑몰제작","BreadcrumbList|ContactPoint|Country|ListItem|OpeningHoursSpecification|Organization|PostalAddress|ProfessionalService|PropertyValue|Service|WebSite","27","3","campaign","campaign","P3","NOINDEX","robots noindex in initial HTML","TESTED_LOCAL_BUILD"
"https://reumlab.com/l/lodging-web-dev/","200","https://reumlab.com/l/lodging-web-dev/","noindex, follow","no","no","no","숙박 웹개발 | 98만원부터 정액, 월 관리비 없음 | 름랩","숙박 웹 개발을 기획부터 개발·배포까지 직접 진행합니다. VAT 포함 정액 98만원부터, 완성 후 소스코드와 운영 권한을 통째로 넘겨 드립니다. 월 관리비 없이 직접 수정·운영하도록 1:1 교육까지 포함합니다.","숙박 웹개발","BreadcrumbList|ContactPoint|Country|ListItem|OpeningHoursSpecification|Organization|PostalAddress|ProfessionalService|PropertyValue|Service|WebSite","27","3","campaign","campaign","P3","NOINDEX","robots noindex in initial HTML","TESTED_LOCAL_BUILD"
"https://reumlab.com/l/lodging-website-dev/","200","https://reumlab.com/l/lodging-website-dev/","noindex, follow","no","no","no","숙박 웹사이트제작 | 범위·금액 먼저 확정하고 시작 | 름랩","숙박 웹사이트 제작을 기획부터 개발·배포까지 직접 진행합니다. VAT 포함 정액 98만원부터, 완성 후 소스코드와 운영 권한을 통째로 넘겨 드립니다. 월 관리비 없이 직접 수정·운영하도록 1:1 교육까지 포함합니다.","숙박 웹사이트제작","BreadcrumbList|ContactPoint|Country|ListItem|OpeningHoursSpecification|Organization|PostalAddress|ProfessionalService|PropertyValue|Service|WebSite","27","3","campaign","campaign","P3","NOINDEX","robots noindex in initial HTML","TESTED_LOCAL_BUILD"
"https://reumlab.com/l/pangyo-app-dev/","200","https://reumlab.com/l/pangyo-app-dev/","noindex, follow","no","no","no","판교 앱개발 | 580만원부터 정액, 월 관리비 없음 | 름랩","판교 앱 개발을 기획부터 개발·배포까지 직접 진행합니다. VAT 포함 정액 580만원부터, 완성 후 소스코드와 운영 권한을 통째로 넘겨 드립니다. 월 관리비 없이 직접 수정·운영하도록 1:1 교육까지 포함합니다.","판교 앱개발","BreadcrumbList|ContactPoint|Country|ListItem|OpeningHoursSpecification|Organization|PostalAddress|ProfessionalService|PropertyValue|Service|WebSite","27","3","campaign","campaign","P3","NOINDEX","robots noindex in initial HTML","TESTED_LOCAL_BUILD"
"https://reumlab.com/l/pangyo-app-dev-cost/","200","https://reumlab.com/l/pangyo-app-dev-cost/","noindex, follow","no","no","no","판교 앱개발 비용 | 580만원부터, 기능별 견적 기준 공개 | 름랩","판교 앱 개발 비용이 어떻게 정해지는지 기능·화면 수 기준으로 공개합니다. VAT 포함 정액 580만원부터, 범위를 먼저 확정하고 시작합니다. 판교 프로젝트도 화면 공유 미팅으로 전국 원격 진행합니다.","판교 앱개발 비용","BreadcrumbList|ContactPoint|Country|ListItem|OpeningHoursSpecification|Organization|PostalAddress|ProfessionalService|PropertyValue|Service|WebSite","27","3","campaign","campaign","P3","NOINDEX","robots noindex in initial HTML","TESTED_LOCAL_BUILD"
"https://reumlab.com/l/pangyo-app-dev-out/","200","https://reumlab.com/l/pangyo-app-dev-out/","noindex, follow","no","no","no","판교 앱개발외주 | 범위·금액 먼저 확정하고 시작 | 름랩","판교 앱 개발 외주을 기획부터 개발·배포까지 직접 진행합니다. VAT 포함 정액 580만원부터, 완성 후 소스코드와 운영 권한을 통째로 넘겨 드립니다. 월 관리비 없이 직접 수정·운영하도록 1:1 교육까지 포함합니다.","판교 앱개발외주","BreadcrumbList|ContactPoint|Country|ListItem|OpeningHoursSpecification|Organization|PostalAddress|ProfessionalService|PropertyValue|Service|WebSite","27","3","campaign","campaign","P3","NOINDEX","robots noindex in initial HTML","TESTED_LOCAL_BUILD"
"https://reumlab.com/l/pangyo-app-dev-quote/","200","https://reumlab.com/l/pangyo-app-dev-quote/","noindex, follow","no","no","no","판교 앱개발 견적 | 기능 정리하면 당일 범위 회신 | 름랩","판교 앱 개발 견적을 받으실 때 필요한 것은 기능 목록 한 장이면 충분합니다. 범위·금액·기간을 정액 580만원부터 기준으로 정리해 드립니다. 판교 프로젝트도 화면 공유 미팅으로 전국 원격 진행합니다.","판교 앱개발 견적","BreadcrumbList|ContactPoint|Country|ListItem|OpeningHoursSpecification|Organization|PostalAddress|ProfessionalService|PropertyValue|Service|WebSite","27","3","campaign","campaign","P3","NOINDEX","robots noindex in initial HTML","TESTED_LOCAL_BUILD"
"https://reumlab.com/l/pangyo-homepage-dev/","200","https://reumlab.com/l/pangyo-homepage-dev/","noindex, follow","no","no","no","판교 홈페이지제작 | 98만원부터 정액, 월 관리비 없음 | 름랩","판교 홈페이지 제작을 기획부터 개발·배포까지 직접 진행합니다. VAT 포함 정액 98만원부터, 완성 후 소스코드와 운영 권한을 통째로 넘겨 드립니다. 월 관리비 없이 직접 수정·운영하도록 1:1 교육까지 포함합니다.","판교 홈페이지제작","BreadcrumbList|ContactPoint|Country|ListItem|OpeningHoursSpecification|Organization|PostalAddress|ProfessionalService|PropertyValue|Service|WebSite","27","3","campaign","campaign","P3","NOINDEX","robots noindex in initial HTML","TESTED_LOCAL_BUILD"
"https://reumlab.com/l/pangyo-homepage-dev-cost/","200","https://reumlab.com/l/pangyo-homepage-dev-cost/","noindex, follow","no","no","no","판교 홈페이지제작 비용 | 98만원부터, 기능별 견적 기준 공개 | 름랩","판교 홈페이지 제작 비용이 어떻게 정해지는지 기능·화면 수 기준으로 공개합니다. VAT 포함 정액 98만원부터, 범위를 먼저 확정하고 시작합니다. 판교 프로젝트도 화면 공유 미팅으로 전국 원격 진행합니다.","판교 홈페이지제작 비용","BreadcrumbList|ContactPoint|Country|ListItem|OpeningHoursSpecification|Organization|PostalAddress|ProfessionalService|PropertyValue|Service|WebSite","27","3","campaign","campaign","P3","NOINDEX","robots noindex in initial HTML","TESTED_LOCAL_BUILD"
"https://reumlab.com/l/pangyo-homepage-dev-quote/","200","https://reumlab.com/l/pangyo-homepage-dev-quote/","noindex, follow","no","no","no","판교 홈페이지제작 견적 | 기능 정리하면 당일 범위 회신 | 름랩","판교 홈페이지 제작 견적을 받으실 때 필요한 것은 기능 목록 한 장이면 충분합니다. 범위·금액·기간을 정액 98만원부터 기준으로 정리해 드립니다. 판교 프로젝트도 화면 공유 미팅으로 전국 원격 진행합니다.","판교 홈페이지제작 견적","BreadcrumbList|ContactPoint|Country|ListItem|OpeningHoursSpecification|Organization|PostalAddress|ProfessionalService|PropertyValue|Service|WebSite","27","3","campaign","campaign","P3","NOINDEX","robots noindex in initial HTML","TESTED_LOCAL_BUILD"
"https://reumlab.com/l/pangyo-landing-page/","200","https://reumlab.com/l/pangyo-landing-page/","noindex, follow","no","no","no","판교 랜딩페이지제작 | 기획부터 배포까지 직접 개발·이관 | 름랩","판교 랜딩페이지 제작을 기획부터 개발·배포까지 직접 진행합니다. VAT 포함 정액 98만원부터, 완성 후 소스코드와 운영 권한을 통째로 넘겨 드립니다. 월 관리비 없이 직접 수정·운영하도록 1:1 교육까지 포함합니다.","판교 랜딩페이지제작","BreadcrumbList|ContactPoint|Country|ListItem|OpeningHoursSpecification|Organization|PostalAddress|ProfessionalService|PropertyValue|Service|WebSite","27","3","campaign","campaign","P3","NOINDEX","robots noindex in initial HTML","TESTED_LOCAL_BUILD"
"https://reumlab.com/l/pangyo-landing-page-cost/","200","https://reumlab.com/l/pangyo-landing-page-cost/","noindex, follow","no","no","no","판교 랜딩페이지제작 비용 | 98만원부터, 기능별 견적 기준 공개 | 름랩","판교 랜딩페이지 제작 비용이 어떻게 정해지는지 기능·화면 수 기준으로 공개합니다. VAT 포함 정액 98만원부터, 범위를 먼저 확정하고 시작합니다. 판교 프로젝트도 화면 공유 미팅으로 전국 원격 진행합니다.","판교 랜딩페이지제작 비용","BreadcrumbList|ContactPoint|Country|ListItem|OpeningHoursSpecification|Organization|PostalAddress|ProfessionalService|PropertyValue|Service|WebSite","27","3","campaign","campaign","P3","NOINDEX","robots noindex in initial HTML","TESTED_LOCAL_BUILD"
"https://reumlab.com/l/pangyo-landing-page-quote/","200","https://reumlab.com/l/pangyo-landing-page-quote/","noindex, follow","no","no","no","판교 랜딩페이지제작 견적 | 기능 정리하면 당일 범위 회신 | 름랩","판교 랜딩페이지 제작 견적을 받으실 때 필요한 것은 기능 목록 한 장이면 충분합니다. 범위·금액·기간을 정액 98만원부터 기준으로 정리해 드립니다. 판교 프로젝트도 화면 공유 미팅으로 전국 원격 진행합니다.","판교 랜딩페이지제작 견적","BreadcrumbList|ContactPoint|Country|ListItem|OpeningHoursSpecification|Organization|PostalAddress|ProfessionalService|PropertyValue|Service|WebSite","27","3","campaign","campaign","P3","NOINDEX","robots noindex in initial HTML","TESTED_LOCAL_BUILD"
"https://reumlab.com/l/pangyo-mvp-dev/","200","https://reumlab.com/l/pangyo-mvp-dev/","noindex, follow","no","no","no","판교 MVP개발 | 기획부터 배포까지 직접 개발·이관 | 름랩","판교 MVP 개발을 기획부터 개발·배포까지 직접 진행합니다. VAT 포함 정액 580만원부터, 완성 후 소스코드와 운영 권한을 통째로 넘겨 드립니다. 월 관리비 없이 직접 수정·운영하도록 1:1 교육까지 포함합니다.","판교 MVP개발","BreadcrumbList|ContactPoint|Country|ListItem|OpeningHoursSpecification|Organization|PostalAddress|ProfessionalService|PropertyValue|Service|WebSite","27","3","campaign","campaign","P3","NOINDEX","robots noindex in initial HTML","TESTED_LOCAL_BUILD"
"https://reumlab.com/l/pangyo-shopping-mall/","200","https://reumlab.com/l/pangyo-shopping-mall/","noindex, follow","no","no","no","판교 쇼핑몰제작 | 98만원부터 정액, 월 관리비 없음 | 름랩","판교 쇼핑몰 제작을 기획부터 개발·배포까지 직접 진행합니다. VAT 포함 정액 98만원부터, 완성 후 소스코드와 운영 권한을 통째로 넘겨 드립니다. 월 관리비 없이 직접 수정·운영하도록 1:1 교육까지 포함합니다.","판교 쇼핑몰제작","BreadcrumbList|ContactPoint|Country|ListItem|OpeningHoursSpecification|Organization|PostalAddress|ProfessionalService|PropertyValue|Service|WebSite","27","3","campaign","campaign","P3","NOINDEX","robots noindex in initial HTML","TESTED_LOCAL_BUILD"
"https://reumlab.com/l/pangyo-web-dev/","200","https://reumlab.com/l/pangyo-web-dev/","noindex, follow","no","no","no","판교 웹개발 | 98만원부터 정액, 월 관리비 없음 | 름랩","판교 웹 개발을 기획부터 개발·배포까지 직접 진행합니다. VAT 포함 정액 98만원부터, 완성 후 소스코드와 운영 권한을 통째로 넘겨 드립니다. 월 관리비 없이 직접 수정·운영하도록 1:1 교육까지 포함합니다.","판교 웹개발","BreadcrumbList|ContactPoint|Country|ListItem|OpeningHoursSpecification|Organization|PostalAddress|ProfessionalService|PropertyValue|Service|WebSite","27","3","campaign","campaign","P3","NOINDEX","robots noindex in initial HTML","TESTED_LOCAL_BUILD"
"https://reumlab.com/l/pangyo-web-dev-cost/","200","https://reumlab.com/l/pangyo-web-dev-cost/","noindex, follow","no","no","no","판교 웹개발 비용 | 98만원부터, 기능별 견적 기준 공개 | 름랩","판교 웹 개발 비용이 어떻게 정해지는지 기능·화면 수 기준으로 공개합니다. VAT 포함 정액 98만원부터, 범위를 먼저 확정하고 시작합니다. 판교 프로젝트도 화면 공유 미팅으로 전국 원격 진행합니다.","판교 웹개발 비용","BreadcrumbList|ContactPoint|Country|ListItem|OpeningHoursSpecification|Organization|PostalAddress|ProfessionalService|PropertyValue|Service|WebSite","27","3","campaign","campaign","P3","NOINDEX","robots noindex in initial HTML","TESTED_LOCAL_BUILD"
"https://reumlab.com/l/pangyo-web-dev-quote/","200","https://reumlab.com/l/pangyo-web-dev-quote/","noindex, follow","no","no","no","판교 웹개발 견적 | 기능 정리하면 당일 범위 회신 | 름랩","판교 웹 개발 견적을 받으실 때 필요한 것은 기능 목록 한 장이면 충분합니다. 범위·금액·기간을 정액 98만원부터 기준으로 정리해 드립니다. 판교 프로젝트도 화면 공유 미팅으로 전국 원격 진행합니다.","판교 웹개발 견적","BreadcrumbList|ContactPoint|Country|ListItem|OpeningHoursSpecification|Organization|PostalAddress|ProfessionalService|PropertyValue|Service|WebSite","27","3","campaign","campaign","P3","NOINDEX","robots noindex in initial HTML","TESTED_LOCAL_BUILD"
"https://reumlab.com/l/pangyo-website-dev/","200","https://reumlab.com/l/pangyo-website-dev/","noindex, follow","no","no","no","판교 웹사이트제작 | 기획부터 배포까지 직접 개발·이관 | 름랩","판교 웹사이트 제작을 기획부터 개발·배포까지 직접 진행합니다. VAT 포함 정액 98만원부터, 완성 후 소스코드와 운영 권한을 통째로 넘겨 드립니다. 월 관리비 없이 직접 수정·운영하도록 1:1 교육까지 포함합니다.","판교 웹사이트제작","BreadcrumbList|ContactPoint|Country|ListItem|OpeningHoursSpecification|Organization|PostalAddress|ProfessionalService|PropertyValue|Service|WebSite","27","3","campaign","campaign","P3","NOINDEX","robots noindex in initial HTML","TESTED_LOCAL_BUILD"
"https://reumlab.com/l/realestate-app-dev/","200","https://reumlab.com/l/realestate-app-dev/","noindex, follow","no","no","no","부동산 앱개발 | 580만원부터 정액, 월 관리비 없음 | 름랩","부동산 앱 개발을 기획부터 개발·배포까지 직접 진행합니다. VAT 포함 정액 580만원부터, 완성 후 소스코드와 운영 권한을 통째로 넘겨 드립니다. 월 관리비 없이 직접 수정·운영하도록 1:1 교육까지 포함합니다.","부동산 앱개발","BreadcrumbList|ContactPoint|Country|ListItem|OpeningHoursSpecification|Organization|PostalAddress|ProfessionalService|PropertyValue|Service|WebSite","27","3","campaign","campaign","P3","NOINDEX","robots noindex in initial HTML","TESTED_LOCAL_BUILD"
"https://reumlab.com/l/realestate-app-dev-out/","200","https://reumlab.com/l/realestate-app-dev-out/","noindex, follow","no","no","no","부동산 앱개발외주 | 범위·금액 먼저 확정하고 시작 | 름랩","부동산 앱 개발 외주을 기획부터 개발·배포까지 직접 진행합니다. VAT 포함 정액 580만원부터, 완성 후 소스코드와 운영 권한을 통째로 넘겨 드립니다. 월 관리비 없이 직접 수정·운영하도록 1:1 교육까지 포함합니다.","부동산 앱개발외주","BreadcrumbList|ContactPoint|Country|ListItem|OpeningHoursSpecification|Organization|PostalAddress|ProfessionalService|PropertyValue|Service|WebSite","27","3","campaign","campaign","P3","NOINDEX","robots noindex in initial HTML","TESTED_LOCAL_BUILD"
"https://reumlab.com/l/realestate-homepage-dev/","200","https://reumlab.com/l/realestate-homepage-dev/","noindex, follow","no","no","no","부동산 홈페이지제작 | 98만원부터 정액, 월 관리비 없음 | 름랩","부동산 홈페이지 제작을 기획부터 개발·배포까지 직접 진행합니다. VAT 포함 정액 98만원부터, 완성 후 소스코드와 운영 권한을 통째로 넘겨 드립니다. 월 관리비 없이 직접 수정·운영하도록 1:1 교육까지 포함합니다.","부동산 홈페이지제작","BreadcrumbList|ContactPoint|Country|ListItem|OpeningHoursSpecification|Organization|PostalAddress|ProfessionalService|PropertyValue|Service|WebSite","27","3","campaign","campaign","P3","NOINDEX","robots noindex in initial HTML","TESTED_LOCAL_BUILD"
"https://reumlab.com/l/realestate-landing-page/","200","https://reumlab.com/l/realestate-landing-page/","noindex, follow","no","no","no","부동산 랜딩페이지제작 | 범위·금액 먼저 확정하고 시작 | 름랩","부동산 랜딩페이지 제작을 기획부터 개발·배포까지 직접 진행합니다. VAT 포함 정액 98만원부터, 완성 후 소스코드와 운영 권한을 통째로 넘겨 드립니다. 월 관리비 없이 직접 수정·운영하도록 1:1 교육까지 포함합니다.","부동산 랜딩페이지제작","BreadcrumbList|ContactPoint|Country|ListItem|OpeningHoursSpecification|Organization|PostalAddress|ProfessionalService|PropertyValue|Service|WebSite","27","3","campaign","campaign","P3","NOINDEX","robots noindex in initial HTML","TESTED_LOCAL_BUILD"
"https://reumlab.com/l/realestate-mvp-dev/","200","https://reumlab.com/l/realestate-mvp-dev/","noindex, follow","no","no","no","부동산 MVP개발 | 범위·금액 먼저 확정하고 시작 | 름랩","부동산 MVP 개발을 기획부터 개발·배포까지 직접 진행합니다. VAT 포함 정액 580만원부터, 완성 후 소스코드와 운영 권한을 통째로 넘겨 드립니다. 월 관리비 없이 직접 수정·운영하도록 1:1 교육까지 포함합니다.","부동산 MVP개발","BreadcrumbList|ContactPoint|Country|ListItem|OpeningHoursSpecification|Organization|PostalAddress|ProfessionalService|PropertyValue|Service|WebSite","27","3","campaign","campaign","P3","NOINDEX","robots noindex in initial HTML","TESTED_LOCAL_BUILD"
"https://reumlab.com/l/realestate-shopping-mall/","200","https://reumlab.com/l/realestate-shopping-mall/","noindex, follow","no","no","no","부동산 쇼핑몰제작 | 98만원부터 정액, 월 관리비 없음 | 름랩","부동산 쇼핑몰 제작을 기획부터 개발·배포까지 직접 진행합니다. VAT 포함 정액 98만원부터, 완성 후 소스코드와 운영 권한을 통째로 넘겨 드립니다. 월 관리비 없이 직접 수정·운영하도록 1:1 교육까지 포함합니다.","부동산 쇼핑몰제작","BreadcrumbList|ContactPoint|Country|ListItem|OpeningHoursSpecification|Organization|PostalAddress|ProfessionalService|PropertyValue|Service|WebSite","27","3","campaign","campaign","P3","NOINDEX","robots noindex in initial HTML","TESTED_LOCAL_BUILD"
"https://reumlab.com/l/realestate-web-dev/","200","https://reumlab.com/l/realestate-web-dev/","noindex, follow","no","no","no","부동산 웹개발 | 98만원부터 정액, 월 관리비 없음 | 름랩","부동산 웹 개발을 기획부터 개발·배포까지 직접 진행합니다. VAT 포함 정액 98만원부터, 완성 후 소스코드와 운영 권한을 통째로 넘겨 드립니다. 월 관리비 없이 직접 수정·운영하도록 1:1 교육까지 포함합니다.","부동산 웹개발","BreadcrumbList|ContactPoint|Country|ListItem|OpeningHoursSpecification|Organization|PostalAddress|ProfessionalService|PropertyValue|Service|WebSite","27","3","campaign","campaign","P3","NOINDEX","robots noindex in initial HTML","TESTED_LOCAL_BUILD"
"https://reumlab.com/l/realestate-website-dev/","200","https://reumlab.com/l/realestate-website-dev/","noindex, follow","no","no","no","부동산 웹사이트제작 | 기획부터 배포까지 직접 개발·이관 | 름랩","부동산 웹사이트 제작을 기획부터 개발·배포까지 직접 진행합니다. VAT 포함 정액 98만원부터, 완성 후 소스코드와 운영 권한을 통째로 넘겨 드립니다. 월 관리비 없이 직접 수정·운영하도록 1:1 교육까지 포함합니다.","부동산 웹사이트제작","BreadcrumbList|ContactPoint|Country|ListItem|OpeningHoursSpecification|Organization|PostalAddress|ProfessionalService|PropertyValue|Service|WebSite","27","3","campaign","campaign","P3","NOINDEX","robots noindex in initial HTML","TESTED_LOCAL_BUILD"
"https://reumlab.com/l/restaurant-app-dev/","200","https://reumlab.com/l/restaurant-app-dev/","noindex, follow","no","no","no","식당 앱개발 | 580만원부터 정액, 월 관리비 없음 | 름랩","식당 앱 개발을 기획부터 개발·배포까지 직접 진행합니다. VAT 포함 정액 580만원부터, 완성 후 소스코드와 운영 권한을 통째로 넘겨 드립니다. 월 관리비 없이 직접 수정·운영하도록 1:1 교육까지 포함합니다.","식당 앱개발","BreadcrumbList|ContactPoint|Country|ListItem|OpeningHoursSpecification|Organization|PostalAddress|ProfessionalService|PropertyValue|Service|WebSite","27","3","campaign","campaign","P3","NOINDEX","robots noindex in initial HTML","TESTED_LOCAL_BUILD"
"https://reumlab.com/l/restaurant-app-dev-out/","200","https://reumlab.com/l/restaurant-app-dev-out/","noindex, follow","no","no","no","식당 앱개발외주 | 범위·금액 먼저 확정하고 시작 | 름랩","식당 앱 개발 외주을 기획부터 개발·배포까지 직접 진행합니다. VAT 포함 정액 580만원부터, 완성 후 소스코드와 운영 권한을 통째로 넘겨 드립니다. 월 관리비 없이 직접 수정·운영하도록 1:1 교육까지 포함합니다.","식당 앱개발외주","BreadcrumbList|ContactPoint|Country|ListItem|OpeningHoursSpecification|Organization|PostalAddress|ProfessionalService|PropertyValue|Service|WebSite","27","3","campaign","campaign","P3","NOINDEX","robots noindex in initial HTML","TESTED_LOCAL_BUILD"
"https://reumlab.com/l/restaurant-homepage-dev/","200","https://reumlab.com/l/restaurant-homepage-dev/","noindex, follow","no","no","no","식당 홈페이지제작 | 98만원부터 정액, 월 관리비 없음 | 름랩","식당 홈페이지 제작을 기획부터 개발·배포까지 직접 진행합니다. VAT 포함 정액 98만원부터, 완성 후 소스코드와 운영 권한을 통째로 넘겨 드립니다. 월 관리비 없이 직접 수정·운영하도록 1:1 교육까지 포함합니다.","식당 홈페이지제작","BreadcrumbList|ContactPoint|Country|ListItem|OpeningHoursSpecification|Organization|PostalAddress|ProfessionalService|PropertyValue|Service|WebSite","27","3","campaign","campaign","P3","NOINDEX","robots noindex in initial HTML","TESTED_LOCAL_BUILD"
"https://reumlab.com/l/restaurant-landing-page/","200","https://reumlab.com/l/restaurant-landing-page/","noindex, follow","no","no","no","식당 랜딩페이지제작 | 98만원부터 정액, 월 관리비 없음 | 름랩","식당 랜딩페이지 제작을 기획부터 개발·배포까지 직접 진행합니다. VAT 포함 정액 98만원부터, 완성 후 소스코드와 운영 권한을 통째로 넘겨 드립니다. 월 관리비 없이 직접 수정·운영하도록 1:1 교육까지 포함합니다.","식당 랜딩페이지제작","BreadcrumbList|ContactPoint|Country|ListItem|OpeningHoursSpecification|Organization|PostalAddress|ProfessionalService|PropertyValue|Service|WebSite","27","3","campaign","campaign","P3","NOINDEX","robots noindex in initial HTML","TESTED_LOCAL_BUILD"
"https://reumlab.com/l/restaurant-mvp-dev/","200","https://reumlab.com/l/restaurant-mvp-dev/","noindex, follow","no","no","no","식당 MVP개발 | 범위·금액 먼저 확정하고 시작 | 름랩","식당 MVP 개발을 기획부터 개발·배포까지 직접 진행합니다. VAT 포함 정액 580만원부터, 완성 후 소스코드와 운영 권한을 통째로 넘겨 드립니다. 월 관리비 없이 직접 수정·운영하도록 1:1 교육까지 포함합니다.","식당 MVP개발","BreadcrumbList|ContactPoint|Country|ListItem|OpeningHoursSpecification|Organization|PostalAddress|ProfessionalService|PropertyValue|Service|WebSite","27","3","campaign","campaign","P3","NOINDEX","robots noindex in initial HTML","TESTED_LOCAL_BUILD"
"https://reumlab.com/l/restaurant-shopping-mall/","200","https://reumlab.com/l/restaurant-shopping-mall/","noindex, follow","no","no","no","식당 쇼핑몰제작 | 범위·금액 먼저 확정하고 시작 | 름랩","식당 쇼핑몰 제작을 기획부터 개발·배포까지 직접 진행합니다. VAT 포함 정액 98만원부터, 완성 후 소스코드와 운영 권한을 통째로 넘겨 드립니다. 월 관리비 없이 직접 수정·운영하도록 1:1 교육까지 포함합니다.","식당 쇼핑몰제작","BreadcrumbList|ContactPoint|Country|ListItem|OpeningHoursSpecification|Organization|PostalAddress|ProfessionalService|PropertyValue|Service|WebSite","27","3","campaign","campaign","P3","NOINDEX","robots noindex in initial HTML","TESTED_LOCAL_BUILD"
"https://reumlab.com/l/restaurant-web-dev/","200","https://reumlab.com/l/restaurant-web-dev/","noindex, follow","no","no","no","식당 웹개발 | 98만원부터 정액, 월 관리비 없음 | 름랩","식당 웹 개발을 기획부터 개발·배포까지 직접 진행합니다. VAT 포함 정액 98만원부터, 완성 후 소스코드와 운영 권한을 통째로 넘겨 드립니다. 월 관리비 없이 직접 수정·운영하도록 1:1 교육까지 포함합니다.","식당 웹개발","BreadcrumbList|ContactPoint|Country|ListItem|OpeningHoursSpecification|Organization|PostalAddress|ProfessionalService|PropertyValue|Service|WebSite","27","3","campaign","campaign","P3","NOINDEX","robots noindex in initial HTML","TESTED_LOCAL_BUILD"
"https://reumlab.com/l/restaurant-website-dev/","200","https://reumlab.com/l/restaurant-website-dev/","index, follow","yes","yes","no","식당 웹사이트제작 | 범위·금액 먼저 확정하고 시작 | 름랩","식당 웹사이트 제작을 기획부터 개발·배포까지 직접 진행합니다. VAT 포함 정액 98만원부터, 완성 후 소스코드와 운영 권한을 통째로 넘겨 드립니다. 월 관리비 없이 직접 수정·운영하도록 1:1 교육까지 포함합니다.","식당 웹사이트제작","BreadcrumbList|ContactPoint|Country|ListItem|OpeningHoursSpecification|Organization|PostalAddress|ProfessionalService|PropertyValue|Service|WebSite","27","3","campaign","legacy_landing","P3","INDEX","self-canonical, indexable and present in sitemap","TESTED_LOCAL_BUILD"
"https://reumlab.com/l/seongnam-shopping-mall/","200","https://reumlab.com/l/seongnam-shopping-mall/","noindex, follow","no","no","no","성남 쇼핑몰제작 | 98만원부터 정액, 월 관리비 없음 | 름랩","성남 쇼핑몰 제작을 기획부터 개발·배포까지 직접 진행합니다. VAT 포함 정액 98만원부터, 완성 후 소스코드와 운영 권한을 통째로 넘겨 드립니다. 월 관리비 없이 직접 수정·운영하도록 1:1 교육까지 포함합니다.","성남 쇼핑몰제작","BreadcrumbList|ContactPoint|Country|ListItem|OpeningHoursSpecification|Organization|PostalAddress|ProfessionalService|PropertyValue|Service|WebSite","27","3","campaign","campaign","P3","NOINDEX","robots noindex in initial HTML","TESTED_LOCAL_BUILD"
"https://reumlab.com/l/service-plan-cost/","200","https://reumlab.com/l/service-plan-cost/","index, follow","yes","yes","no","서비스기획 비용 | 580만원부터, 기능별 견적 기준 공개 | 름랩","서비스 기획 비용이 어떻게 정해지는지 기능·화면 수 기준으로 공개합니다. VAT 포함 정액 580만원부터, 범위를 먼저 확정하고 시작합니다.","서비스기획 비용","BreadcrumbList|ContactPoint|Country|ListItem|OpeningHoursSpecification|Organization|PostalAddress|ProfessionalService|PropertyValue|Service|WebSite","27","3","campaign","legacy_landing","P3","INDEX","self-canonical, indexable and present in sitemap","TESTED_LOCAL_BUILD"
"https://reumlab.com/l/shopping-app-dev/","200","https://reumlab.com/l/shopping-app-dev/","noindex, follow","no","no","no","쇼핑몰 앱개발 | 580만원부터 정액, 월 관리비 없음 | 름랩","쇼핑몰 앱 개발을 기획부터 개발·배포까지 직접 진행합니다. VAT 포함 정액 580만원부터, 완성 후 소스코드와 운영 권한을 통째로 넘겨 드립니다. 월 관리비 없이 직접 수정·운영하도록 1:1 교육까지 포함합니다.","쇼핑몰 앱개발","BreadcrumbList|ContactPoint|Country|ListItem|OpeningHoursSpecification|Organization|PostalAddress|ProfessionalService|PropertyValue|Service|WebSite","27","3","campaign","campaign","P3","NOINDEX","robots noindex in initial HTML","TESTED_LOCAL_BUILD"
"https://reumlab.com/l/shopping-app-dev-out/","200","https://reumlab.com/l/shopping-app-dev-out/","noindex, follow","no","no","no","쇼핑몰 앱개발외주 | 580만원부터 정액, 월 관리비 없음 | 름랩","쇼핑몰 앱 개발 외주을 기획부터 개발·배포까지 직접 진행합니다. VAT 포함 정액 580만원부터, 완성 후 소스코드와 운영 권한을 통째로 넘겨 드립니다. 월 관리비 없이 직접 수정·운영하도록 1:1 교육까지 포함합니다.","쇼핑몰 앱개발외주","BreadcrumbList|ContactPoint|Country|ListItem|OpeningHoursSpecification|Organization|PostalAddress|ProfessionalService|PropertyValue|Service|WebSite","27","3","campaign","campaign","P3","NOINDEX","robots noindex in initial HTML","TESTED_LOCAL_BUILD"
"https://reumlab.com/l/shopping-homepage-dev/","200","https://reumlab.com/l/shopping-homepage-dev/","noindex, follow","no","no","no","쇼핑몰 홈페이지제작 | 98만원부터 정액, 월 관리비 없음 | 름랩","쇼핑몰 홈페이지 제작을 기획부터 개발·배포까지 직접 진행합니다. VAT 포함 정액 98만원부터, 완성 후 소스코드와 운영 권한을 통째로 넘겨 드립니다. 월 관리비 없이 직접 수정·운영하도록 1:1 교육까지 포함합니다.","쇼핑몰 홈페이지제작","BreadcrumbList|ContactPoint|Country|ListItem|OpeningHoursSpecification|Organization|PostalAddress|ProfessionalService|PropertyValue|Service|WebSite","27","3","campaign","campaign","P3","NOINDEX","robots noindex in initial HTML","TESTED_LOCAL_BUILD"
"https://reumlab.com/l/shopping-landing-page/","200","https://reumlab.com/l/shopping-landing-page/","noindex, follow","no","no","no","쇼핑몰 랜딩페이지제작 | 기획부터 배포까지 직접 개발·이관 | 름랩","쇼핑몰 랜딩페이지 제작을 기획부터 개발·배포까지 직접 진행합니다. VAT 포함 정액 98만원부터, 완성 후 소스코드와 운영 권한을 통째로 넘겨 드립니다. 월 관리비 없이 직접 수정·운영하도록 1:1 교육까지 포함합니다.","쇼핑몰 랜딩페이지제작","BreadcrumbList|ContactPoint|Country|ListItem|OpeningHoursSpecification|Organization|PostalAddress|ProfessionalService|PropertyValue|Service|WebSite","27","3","campaign","campaign","P3","NOINDEX","robots noindex in initial HTML","TESTED_LOCAL_BUILD"
"https://reumlab.com/l/shopping-mall-cost/","200","https://reumlab.com/l/shopping-mall-cost/","index, follow","yes","yes","no","쇼핑몰제작 비용 | 98만원부터, 기능별 견적 기준 공개 | 름랩","쇼핑몰 제작 비용이 어떻게 정해지는지 기능·화면 수 기준으로 공개합니다. VAT 포함 정액 98만원부터, 범위를 먼저 확정하고 시작합니다.","쇼핑몰제작 비용","BreadcrumbList|ContactPoint|Country|ListItem|OpeningHoursSpecification|Organization|PostalAddress|ProfessionalService|PropertyValue|Service|WebSite","27","3","campaign","legacy_landing","P3","INDEX","self-canonical, indexable and present in sitemap","TESTED_LOCAL_BUILD"
"https://reumlab.com/l/shopping-mvp-dev/","200","https://reumlab.com/l/shopping-mvp-dev/","noindex, follow","no","no","no","쇼핑몰 MVP개발 | 580만원부터 정액, 월 관리비 없음 | 름랩","쇼핑몰 MVP 개발을 기획부터 개발·배포까지 직접 진행합니다. VAT 포함 정액 580만원부터, 완성 후 소스코드와 운영 권한을 통째로 넘겨 드립니다. 월 관리비 없이 직접 수정·운영하도록 1:1 교육까지 포함합니다.","쇼핑몰 MVP개발","BreadcrumbList|ContactPoint|Country|ListItem|OpeningHoursSpecification|Organization|PostalAddress|ProfessionalService|PropertyValue|Service|WebSite","27","3","campaign","campaign","P3","NOINDEX","robots noindex in initial HTML","TESTED_LOCAL_BUILD"
"https://reumlab.com/l/shopping-shopping-mall/","200","https://reumlab.com/l/shopping-shopping-mall/","noindex, follow","no","no","no","쇼핑몰 쇼핑몰제작 | 범위·금액 먼저 확정하고 시작 | 름랩","쇼핑몰 쇼핑몰 제작을 기획부터 개발·배포까지 직접 진행합니다. VAT 포함 정액 98만원부터, 완성 후 소스코드와 운영 권한을 통째로 넘겨 드립니다. 월 관리비 없이 직접 수정·운영하도록 1:1 교육까지 포함합니다.","쇼핑몰 쇼핑몰제작","BreadcrumbList|ContactPoint|Country|ListItem|OpeningHoursSpecification|Organization|PostalAddress|ProfessionalService|PropertyValue|Service|WebSite","27","3","campaign","campaign","P3","NOINDEX","robots noindex in initial HTML","TESTED_LOCAL_BUILD"
"https://reumlab.com/l/shopping-web-dev/","200","https://reumlab.com/l/shopping-web-dev/","noindex, follow","no","no","no","쇼핑몰 웹개발 | 범위·금액 먼저 확정하고 시작 | 름랩","쇼핑몰 웹 개발을 기획부터 개발·배포까지 직접 진행합니다. VAT 포함 정액 98만원부터, 완성 후 소스코드와 운영 권한을 통째로 넘겨 드립니다. 월 관리비 없이 직접 수정·운영하도록 1:1 교육까지 포함합니다.","쇼핑몰 웹개발","BreadcrumbList|ContactPoint|Country|ListItem|OpeningHoursSpecification|Organization|PostalAddress|ProfessionalService|PropertyValue|Service|WebSite","27","3","campaign","campaign","P3","NOINDEX","robots noindex in initial HTML","TESTED_LOCAL_BUILD"
"https://reumlab.com/l/shopping-website-dev/","200","https://reumlab.com/l/shopping-website-dev/","noindex, follow","no","no","no","쇼핑몰 웹사이트제작 | 범위·금액 먼저 확정하고 시작 | 름랩","쇼핑몰 웹사이트 제작을 기획부터 개발·배포까지 직접 진행합니다. VAT 포함 정액 98만원부터, 완성 후 소스코드와 운영 권한을 통째로 넘겨 드립니다. 월 관리비 없이 직접 수정·운영하도록 1:1 교육까지 포함합니다.","쇼핑몰 웹사이트제작","BreadcrumbList|ContactPoint|Country|ListItem|OpeningHoursSpecification|Organization|PostalAddress|ProfessionalService|PropertyValue|Service|WebSite","27","3","campaign","campaign","P3","NOINDEX","robots noindex in initial HTML","TESTED_LOCAL_BUILD"
"https://reumlab.com/l/startup-app-dev/","200","https://reumlab.com/l/startup-app-dev/","noindex, follow","no","no","no","스타트업 앱개발 | 범위·금액 먼저 확정하고 시작 | 름랩","스타트업 앱 개발을 기획부터 개발·배포까지 직접 진행합니다. VAT 포함 정액 580만원부터, 완성 후 소스코드와 운영 권한을 통째로 넘겨 드립니다. 월 관리비 없이 직접 수정·운영하도록 1:1 교육까지 포함합니다.","스타트업 앱개발","BreadcrumbList|ContactPoint|Country|ListItem|OpeningHoursSpecification|Organization|PostalAddress|ProfessionalService|PropertyValue|Service|WebSite","27","3","campaign","campaign","P3","NOINDEX","robots noindex in initial HTML","TESTED_LOCAL_BUILD"
"https://reumlab.com/l/startup-app-dev-out/","200","https://reumlab.com/l/startup-app-dev-out/","noindex, follow","no","no","no","스타트업 앱개발외주 | 기획부터 배포까지 직접 개발·이관 | 름랩","스타트업 앱 개발 외주을 기획부터 개발·배포까지 직접 진행합니다. VAT 포함 정액 580만원부터, 완성 후 소스코드와 운영 권한을 통째로 넘겨 드립니다. 월 관리비 없이 직접 수정·운영하도록 1:1 교육까지 포함합니다.","스타트업 앱개발외주","BreadcrumbList|ContactPoint|Country|ListItem|OpeningHoursSpecification|Organization|PostalAddress|ProfessionalService|PropertyValue|Service|WebSite","27","3","campaign","campaign","P3","NOINDEX","robots noindex in initial HTML","TESTED_LOCAL_BUILD"
"https://reumlab.com/l/startup-homepage-dev/","200","https://reumlab.com/l/startup-homepage-dev/","noindex, follow","no","no","no","스타트업 홈페이지제작 | 범위·금액 먼저 확정하고 시작 | 름랩","스타트업 홈페이지 제작을 기획부터 개발·배포까지 직접 진행합니다. VAT 포함 정액 98만원부터, 완성 후 소스코드와 운영 권한을 통째로 넘겨 드립니다. 월 관리비 없이 직접 수정·운영하도록 1:1 교육까지 포함합니다.","스타트업 홈페이지제작","BreadcrumbList|ContactPoint|Country|ListItem|OpeningHoursSpecification|Organization|PostalAddress|ProfessionalService|PropertyValue|Service|WebSite","27","3","campaign","campaign","P3","NOINDEX","robots noindex in initial HTML","TESTED_LOCAL_BUILD"
"https://reumlab.com/l/startup-landing-page/","200","https://reumlab.com/l/startup-landing-page/","noindex, follow","no","no","no","스타트업 랜딩페이지제작 | 기획부터 배포까지 직접 개발·이관 | 름랩","스타트업 랜딩페이지 제작을 기획부터 개발·배포까지 직접 진행합니다. VAT 포함 정액 98만원부터, 완성 후 소스코드와 운영 권한을 통째로 넘겨 드립니다. 월 관리비 없이 직접 수정·운영하도록 1:1 교육까지 포함합니다.","스타트업 랜딩페이지제작","BreadcrumbList|ContactPoint|Country|ListItem|OpeningHoursSpecification|Organization|PostalAddress|ProfessionalService|PropertyValue|Service|WebSite","27","3","campaign","campaign","P3","NOINDEX","robots noindex in initial HTML","TESTED_LOCAL_BUILD"
"https://reumlab.com/l/startup-mvp-dev/","200","https://reumlab.com/l/startup-mvp-dev/","noindex, follow","no","no","no","스타트업 MVP개발 | 범위·금액 먼저 확정하고 시작 | 름랩","스타트업 MVP 개발을 기획부터 개발·배포까지 직접 진행합니다. VAT 포함 정액 580만원부터, 완성 후 소스코드와 운영 권한을 통째로 넘겨 드립니다. 월 관리비 없이 직접 수정·운영하도록 1:1 교육까지 포함합니다.","스타트업 MVP개발","BreadcrumbList|ContactPoint|Country|ListItem|OpeningHoursSpecification|Organization|PostalAddress|ProfessionalService|PropertyValue|Service|WebSite","27","3","campaign","campaign","P3","NOINDEX","robots noindex in initial HTML","TESTED_LOCAL_BUILD"
"https://reumlab.com/l/startup-shopping-mall/","200","https://reumlab.com/l/startup-shopping-mall/","noindex, follow","no","no","no","스타트업 쇼핑몰제작 | 기획부터 배포까지 직접 개발·이관 | 름랩","스타트업 쇼핑몰 제작을 기획부터 개발·배포까지 직접 진행합니다. VAT 포함 정액 98만원부터, 완성 후 소스코드와 운영 권한을 통째로 넘겨 드립니다. 월 관리비 없이 직접 수정·운영하도록 1:1 교육까지 포함합니다.","스타트업 쇼핑몰제작","BreadcrumbList|ContactPoint|Country|ListItem|OpeningHoursSpecification|Organization|PostalAddress|ProfessionalService|PropertyValue|Service|WebSite","27","3","campaign","campaign","P3","NOINDEX","robots noindex in initial HTML","TESTED_LOCAL_BUILD"
"https://reumlab.com/l/startup-web-dev/","200","https://reumlab.com/l/startup-web-dev/","noindex, follow","no","no","no","스타트업 웹개발 | 기획부터 배포까지 직접 개발·이관 | 름랩","스타트업 웹 개발을 기획부터 개발·배포까지 직접 진행합니다. VAT 포함 정액 98만원부터, 완성 후 소스코드와 운영 권한을 통째로 넘겨 드립니다. 월 관리비 없이 직접 수정·운영하도록 1:1 교육까지 포함합니다.","스타트업 웹개발","BreadcrumbList|ContactPoint|Country|ListItem|OpeningHoursSpecification|Organization|PostalAddress|ProfessionalService|PropertyValue|Service|WebSite","27","3","campaign","campaign","P3","NOINDEX","robots noindex in initial HTML","TESTED_LOCAL_BUILD"
"https://reumlab.com/l/startup-website-dev/","200","https://reumlab.com/l/startup-website-dev/","noindex, follow","no","no","no","스타트업 웹사이트제작 | 기획부터 배포까지 직접 개발·이관 | 름랩","스타트업 웹사이트 제작을 기획부터 개발·배포까지 직접 진행합니다. VAT 포함 정액 98만원부터, 완성 후 소스코드와 운영 권한을 통째로 넘겨 드립니다. 월 관리비 없이 직접 수정·운영하도록 1:1 교육까지 포함합니다.","스타트업 웹사이트제작","BreadcrumbList|ContactPoint|Country|ListItem|OpeningHoursSpecification|Organization|PostalAddress|ProfessionalService|PropertyValue|Service|WebSite","27","3","campaign","campaign","P3","NOINDEX","robots noindex in initial HTML","TESTED_LOCAL_BUILD"
"https://reumlab.com/l/suwon-shopping-mall/","200","https://reumlab.com/l/suwon-shopping-mall/","index, follow","yes","yes","no","수원 쇼핑몰제작 | 98만원부터 정액, 월 관리비 없음 | 름랩","수원 쇼핑몰 제작을 기획부터 개발·배포까지 직접 진행합니다. VAT 포함 정액 98만원부터, 완성 후 소스코드와 운영 권한을 통째로 넘겨 드립니다. 월 관리비 없이 직접 수정·운영하도록 1:1 교육까지 포함합니다.","수원 쇼핑몰제작","BreadcrumbList|ContactPoint|Country|ListItem|OpeningHoursSpecification|Organization|PostalAddress|ProfessionalService|PropertyValue|Service|WebSite","27","3","campaign","legacy_landing","P3","INDEX","self-canonical, indexable and present in sitemap","TESTED_LOCAL_BUILD"
"https://reumlab.com/l/yongin-app-dev/","200","https://reumlab.com/l/yongin-app-dev/","noindex, follow","no","no","no","용인 앱개발 | 범위·금액 먼저 확정하고 시작 | 름랩","용인 앱 개발을 기획부터 개발·배포까지 직접 진행합니다. VAT 포함 정액 580만원부터, 완성 후 소스코드와 운영 권한을 통째로 넘겨 드립니다. 월 관리비 없이 직접 수정·운영하도록 1:1 교육까지 포함합니다.","용인 앱개발","BreadcrumbList|ContactPoint|Country|ListItem|OpeningHoursSpecification|Organization|PostalAddress|ProfessionalService|PropertyValue|Service|WebSite","27","3","campaign","campaign","P3","NOINDEX","robots noindex in initial HTML","TESTED_LOCAL_BUILD"
"https://reumlab.com/l/yongin-app-dev-cost/","200","https://reumlab.com/l/yongin-app-dev-cost/","noindex, follow","no","no","no","용인 앱개발 비용 | 580만원부터, 기능별 견적 기준 공개 | 름랩","용인 앱 개발 비용이 어떻게 정해지는지 기능·화면 수 기준으로 공개합니다. VAT 포함 정액 580만원부터, 범위를 먼저 확정하고 시작합니다. 용인 프로젝트도 화면 공유 미팅으로 전국 원격 진행합니다.","용인 앱개발 비용","BreadcrumbList|ContactPoint|Country|ListItem|OpeningHoursSpecification|Organization|PostalAddress|ProfessionalService|PropertyValue|Service|WebSite","27","3","campaign","campaign","P3","NOINDEX","robots noindex in initial HTML","TESTED_LOCAL_BUILD"
"https://reumlab.com/l/yongin-app-dev-out/","200","https://reumlab.com/l/yongin-app-dev-out/","noindex, follow","no","no","no","용인 앱개발외주 | 580만원부터 정액, 월 관리비 없음 | 름랩","용인 앱 개발 외주을 기획부터 개발·배포까지 직접 진행합니다. VAT 포함 정액 580만원부터, 완성 후 소스코드와 운영 권한을 통째로 넘겨 드립니다. 월 관리비 없이 직접 수정·운영하도록 1:1 교육까지 포함합니다.","용인 앱개발외주","BreadcrumbList|ContactPoint|Country|ListItem|OpeningHoursSpecification|Organization|PostalAddress|ProfessionalService|PropertyValue|Service|WebSite","27","3","campaign","campaign","P3","NOINDEX","robots noindex in initial HTML","TESTED_LOCAL_BUILD"
"https://reumlab.com/l/yongin-app-dev-quote/","200","https://reumlab.com/l/yongin-app-dev-quote/","noindex, follow","no","no","no","용인 앱개발 견적 | 기능 정리하면 당일 범위 회신 | 름랩","용인 앱 개발 견적을 받으실 때 필요한 것은 기능 목록 한 장이면 충분합니다. 범위·금액·기간을 정액 580만원부터 기준으로 정리해 드립니다. 용인 프로젝트도 화면 공유 미팅으로 전국 원격 진행합니다.","용인 앱개발 견적","BreadcrumbList|ContactPoint|Country|ListItem|OpeningHoursSpecification|Organization|PostalAddress|ProfessionalService|PropertyValue|Service|WebSite","27","3","campaign","campaign","P3","NOINDEX","robots noindex in initial HTML","TESTED_LOCAL_BUILD"
"https://reumlab.com/l/yongin-homepage-dev/","200","https://reumlab.com/l/yongin-homepage-dev/","noindex, follow","no","no","no","용인 홈페이지제작 | 기획부터 배포까지 직접 개발·이관 | 름랩","용인 홈페이지 제작을 기획부터 개발·배포까지 직접 진행합니다. VAT 포함 정액 98만원부터, 완성 후 소스코드와 운영 권한을 통째로 넘겨 드립니다. 월 관리비 없이 직접 수정·운영하도록 1:1 교육까지 포함합니다.","용인 홈페이지제작","BreadcrumbList|ContactPoint|Country|ListItem|OpeningHoursSpecification|Organization|PostalAddress|ProfessionalService|PropertyValue|Service|WebSite","27","3","campaign","campaign","P3","NOINDEX","robots noindex in initial HTML","TESTED_LOCAL_BUILD"
"https://reumlab.com/l/yongin-homepage-dev-cost/","200","https://reumlab.com/l/yongin-homepage-dev-cost/","noindex, follow","no","no","no","용인 홈페이지제작 비용 | 98만원부터, 기능별 견적 기준 공개 | 름랩","용인 홈페이지 제작 비용이 어떻게 정해지는지 기능·화면 수 기준으로 공개합니다. VAT 포함 정액 98만원부터, 범위를 먼저 확정하고 시작합니다. 용인 프로젝트도 화면 공유 미팅으로 전국 원격 진행합니다.","용인 홈페이지제작 비용","BreadcrumbList|ContactPoint|Country|ListItem|OpeningHoursSpecification|Organization|PostalAddress|ProfessionalService|PropertyValue|Service|WebSite","27","3","campaign","campaign","P3","NOINDEX","robots noindex in initial HTML","TESTED_LOCAL_BUILD"
"https://reumlab.com/l/yongin-homepage-dev-quote/","200","https://reumlab.com/l/yongin-homepage-dev-quote/","noindex, follow","no","no","no","용인 홈페이지제작 견적 | 기능 정리하면 당일 범위 회신 | 름랩","용인 홈페이지 제작 견적을 받으실 때 필요한 것은 기능 목록 한 장이면 충분합니다. 범위·금액·기간을 정액 98만원부터 기준으로 정리해 드립니다. 용인 프로젝트도 화면 공유 미팅으로 전국 원격 진행합니다.","용인 홈페이지제작 견적","BreadcrumbList|ContactPoint|Country|ListItem|OpeningHoursSpecification|Organization|PostalAddress|ProfessionalService|PropertyValue|Service|WebSite","27","3","campaign","campaign","P3","NOINDEX","robots noindex in initial HTML","TESTED_LOCAL_BUILD"
"https://reumlab.com/l/yongin-landing-page/","200","https://reumlab.com/l/yongin-landing-page/","noindex, follow","no","no","no","용인 랜딩페이지제작 | 범위·금액 먼저 확정하고 시작 | 름랩","용인 랜딩페이지 제작을 기획부터 개발·배포까지 직접 진행합니다. VAT 포함 정액 98만원부터, 완성 후 소스코드와 운영 권한을 통째로 넘겨 드립니다. 월 관리비 없이 직접 수정·운영하도록 1:1 교육까지 포함합니다.","용인 랜딩페이지제작","BreadcrumbList|ContactPoint|Country|ListItem|OpeningHoursSpecification|Organization|PostalAddress|ProfessionalService|PropertyValue|Service|WebSite","27","3","campaign","campaign","P3","NOINDEX","robots noindex in initial HTML","TESTED_LOCAL_BUILD"
"https://reumlab.com/l/yongin-landing-page-cost/","200","https://reumlab.com/l/yongin-landing-page-cost/","noindex, follow","no","no","no","용인 랜딩페이지제작 비용 | 98만원부터, 기능별 견적 기준 공개 | 름랩","용인 랜딩페이지 제작 비용이 어떻게 정해지는지 기능·화면 수 기준으로 공개합니다. VAT 포함 정액 98만원부터, 범위를 먼저 확정하고 시작합니다. 용인 프로젝트도 화면 공유 미팅으로 전국 원격 진행합니다.","용인 랜딩페이지제작 비용","BreadcrumbList|ContactPoint|Country|ListItem|OpeningHoursSpecification|Organization|PostalAddress|ProfessionalService|PropertyValue|Service|WebSite","27","3","campaign","campaign","P3","NOINDEX","robots noindex in initial HTML","TESTED_LOCAL_BUILD"
"https://reumlab.com/l/yongin-landing-page-quote/","200","https://reumlab.com/l/yongin-landing-page-quote/","noindex, follow","no","no","no","용인 랜딩페이지제작 견적 | 기능 정리하면 당일 범위 회신 | 름랩","용인 랜딩페이지 제작 견적을 받으실 때 필요한 것은 기능 목록 한 장이면 충분합니다. 범위·금액·기간을 정액 98만원부터 기준으로 정리해 드립니다. 용인 프로젝트도 화면 공유 미팅으로 전국 원격 진행합니다.","용인 랜딩페이지제작 견적","BreadcrumbList|ContactPoint|Country|ListItem|OpeningHoursSpecification|Organization|PostalAddress|ProfessionalService|PropertyValue|Service|WebSite","27","3","campaign","campaign","P3","NOINDEX","robots noindex in initial HTML","TESTED_LOCAL_BUILD"
"https://reumlab.com/l/yongin-mvp-dev/","200","https://reumlab.com/l/yongin-mvp-dev/","noindex, follow","no","no","no","용인 MVP개발 | 범위·금액 먼저 확정하고 시작 | 름랩","용인 MVP 개발을 기획부터 개발·배포까지 직접 진행합니다. VAT 포함 정액 580만원부터, 완성 후 소스코드와 운영 권한을 통째로 넘겨 드립니다. 월 관리비 없이 직접 수정·운영하도록 1:1 교육까지 포함합니다.","용인 MVP개발","BreadcrumbList|ContactPoint|Country|ListItem|OpeningHoursSpecification|Organization|PostalAddress|ProfessionalService|PropertyValue|Service|WebSite","27","3","campaign","campaign","P3","NOINDEX","robots noindex in initial HTML","TESTED_LOCAL_BUILD"
"https://reumlab.com/l/yongin-shopping-mall/","200","https://reumlab.com/l/yongin-shopping-mall/","noindex, follow","no","no","no","용인 쇼핑몰제작 | 범위·금액 먼저 확정하고 시작 | 름랩","용인 쇼핑몰 제작을 기획부터 개발·배포까지 직접 진행합니다. VAT 포함 정액 98만원부터, 완성 후 소스코드와 운영 권한을 통째로 넘겨 드립니다. 월 관리비 없이 직접 수정·운영하도록 1:1 교육까지 포함합니다.","용인 쇼핑몰제작","BreadcrumbList|ContactPoint|Country|ListItem|OpeningHoursSpecification|Organization|PostalAddress|ProfessionalService|PropertyValue|Service|WebSite","27","3","campaign","campaign","P3","NOINDEX","robots noindex in initial HTML","TESTED_LOCAL_BUILD"
"https://reumlab.com/l/yongin-web-dev/","200","https://reumlab.com/l/yongin-web-dev/","noindex, follow","no","no","no","용인 웹개발 | 범위·금액 먼저 확정하고 시작 | 름랩","용인 웹 개발을 기획부터 개발·배포까지 직접 진행합니다. VAT 포함 정액 98만원부터, 완성 후 소스코드와 운영 권한을 통째로 넘겨 드립니다. 월 관리비 없이 직접 수정·운영하도록 1:1 교육까지 포함합니다.","용인 웹개발","BreadcrumbList|ContactPoint|Country|ListItem|OpeningHoursSpecification|Organization|PostalAddress|ProfessionalService|PropertyValue|Service|WebSite","27","3","campaign","campaign","P3","NOINDEX","robots noindex in initial HTML","TESTED_LOCAL_BUILD"
"https://reumlab.com/l/yongin-web-dev-cost/","200","https://reumlab.com/l/yongin-web-dev-cost/","noindex, follow","no","no","no","용인 웹개발 비용 | 98만원부터, 기능별 견적 기준 공개 | 름랩","용인 웹 개발 비용이 어떻게 정해지는지 기능·화면 수 기준으로 공개합니다. VAT 포함 정액 98만원부터, 범위를 먼저 확정하고 시작합니다. 용인 프로젝트도 화면 공유 미팅으로 전국 원격 진행합니다.","용인 웹개발 비용","BreadcrumbList|ContactPoint|Country|ListItem|OpeningHoursSpecification|Organization|PostalAddress|ProfessionalService|PropertyValue|Service|WebSite","27","3","campaign","campaign","P3","NOINDEX","robots noindex in initial HTML","TESTED_LOCAL_BUILD"
"https://reumlab.com/l/yongin-web-dev-quote/","200","https://reumlab.com/l/yongin-web-dev-quote/","noindex, follow","no","no","no","용인 웹개발 견적 | 기능 정리하면 당일 범위 회신 | 름랩","용인 웹 개발 견적을 받으실 때 필요한 것은 기능 목록 한 장이면 충분합니다. 범위·금액·기간을 정액 98만원부터 기준으로 정리해 드립니다. 용인 프로젝트도 화면 공유 미팅으로 전국 원격 진행합니다.","용인 웹개발 견적","BreadcrumbList|ContactPoint|Country|ListItem|OpeningHoursSpecification|Organization|PostalAddress|ProfessionalService|PropertyValue|Service|WebSite","27","3","campaign","campaign","P3","NOINDEX","robots noindex in initial HTML","TESTED_LOCAL_BUILD"
"https://reumlab.com/l/yongin-website-dev/","200","https://reumlab.com/l/yongin-website-dev/","noindex, follow","no","no","no","용인 웹사이트제작 | 범위·금액 먼저 확정하고 시작 | 름랩","용인 웹사이트 제작을 기획부터 개발·배포까지 직접 진행합니다. VAT 포함 정액 98만원부터, 완성 후 소스코드와 운영 권한을 통째로 넘겨 드립니다. 월 관리비 없이 직접 수정·운영하도록 1:1 교육까지 포함합니다.","용인 웹사이트제작","BreadcrumbList|ContactPoint|Country|ListItem|OpeningHoursSpecification|Organization|PostalAddress|ProfessionalService|PropertyValue|Service|WebSite","27","3","campaign","campaign","P3","NOINDEX","robots noindex in initial HTML","TESTED_LOCAL_BUILD"
"https://reumlab.com/maintenance/","200","https://reumlab.com/maintenance/","index, follow","yes","yes","no","앱·웹 유지보수 외주 | 타사 개발 앱 인수·수정 — 름랩","다른 곳에서 만든 앱·웹의 유지보수, 기능 수정, 오류 대응을 이어받습니다. 소스코드가 있으면 인수 점검 후 바로, 없으면 이관 가능성부터 확인. 월 고정 계약 없이 필요할 때 정액으로. 동탄·수원 거점, 전국 진행.","앱·웹 유지보수 — 타사 개발 앱도 이어받습니다","Answer|BreadcrumbList|ContactPoint|Country|FAQPage|ListItem|OpeningHoursSpecification|Organization|PostalAddress|ProfessionalService|PropertyValue|Question|Service|WebSite","30","1","service_or_hub","service_or_hub","P1","INDEX","self-canonical, indexable and present in sitemap","TESTED_LOCAL_BUILD"
"https://reumlab.com/mvp/ansan/","200","https://reumlab.com/mvp/ansan/","noindex, follow","no","no","no","안산 MVP 개발 | 핵심 기능부터 빠르게 검증 — 름랩","아이디어를 먼저 시장에서 확인해 보고 싶으신가요. 안산 MVP 개발 — 안산의 제조·유통·로컬 수요에 맞춰 주문·재고·예약 같은 실무 기능을 핵심부터 추려 제작합니다. Lean MVP · VAT 포함 580만 원부터 · 약 14~30일.","안산 MVP 개발","Answer|BreadcrumbList|ContactPoint|Country|FAQPage|ListItem|OpeningHoursSpecification|Organization|Place|PostalAddress|ProfessionalService|PropertyValue|Question|Service|WebSite","41","2","region_service","region_service","P3","NOINDEX","robots noindex in initial HTML","TESTED_LOCAL_BUILD"
"https://reumlab.com/mvp/anyang/","200","https://reumlab.com/mvp/anyang/","noindex, follow","no","no","no","안양 MVP 개발 | 핵심 기능부터 빠르게 검증 — 름랩","아이디어를 먼저 시장에서 확인해 보고 싶으신가요. 안양 MVP 개발 — 안양 평촌 학원가와 구도심 상권에 맞춰 수강신청·예약·결제 같은 운영 기능 중심으로 제작합니다. Lean MVP · VAT 포함 580만 원부터 · 약 14~30일.","안양 MVP 개발","Answer|BreadcrumbList|ContactPoint|Country|FAQPage|ListItem|OpeningHoursSpecification|Organization|Place|PostalAddress|ProfessionalService|PropertyValue|Question|Service|WebSite","41","3","region_service","region_service","P3","NOINDEX","robots noindex in initial HTML","TESTED_LOCAL_BUILD"
"https://reumlab.com/mvp/asan/","200","https://reumlab.com/mvp/asan/","noindex, follow","no","no","no","아산 MVP 개발 | 핵심 기능부터 빠르게 검증 — 름랩","아이디어를 먼저 시장에서 확인해 보고 싶으신가요. 아산 MVP 개발 — 아산의 산업단지와 온양·배방 신도시 상권 수요에 맞춰 실무 자동화·예약·주문 앱·웹을 비대면으로 제작합니다. Lean MVP · VAT 포함 580만 원부터 · 약 14~30일.","아산 MVP 개발","Answer|BreadcrumbList|ContactPoint|Country|FAQPage|ListItem|OpeningHoursSpecification|Organization|Place|PostalAddress|ProfessionalService|PropertyValue|Question|Service|WebSite","41","","region_service","region_service","P3","NOINDEX","robots noindex in initial HTML","TESTED_LOCAL_BUILD"
"https://reumlab.com/mvp/bucheon/","200","https://reumlab.com/mvp/bucheon/","noindex, follow","no","no","no","부천 MVP 개발 | 핵심 기능부터 빠르게 검증 — 름랩","아이디어를 먼저 시장에서 확인해 보고 싶으신가요. 부천 MVP 개발 — 부천의 촘촘한 자영업 상권에 맞춰 예약·주문·회원 중심의 앱·웹을 빠르게 만들고 소스코드를 이관합니다. Lean MVP · VAT 포함 580만 원부터 · 약 14~30일.","부천 MVP 개발","Answer|BreadcrumbList|ContactPoint|Country|FAQPage|ListItem|OpeningHoursSpecification|Organization|Place|PostalAddress|ProfessionalService|PropertyValue|Question|Service|WebSite","41","3","region_service","region_service","P3","NOINDEX","robots noindex in initial HTML","TESTED_LOCAL_BUILD"
"https://reumlab.com/mvp/bundang/","200","https://reumlab.com/mvp/bundang/","noindex, follow","no","no","no","분당 MVP 개발 | 핵심 기능부터 빠르게 검증 — 름랩","아이디어를 먼저 시장에서 확인해 보고 싶으신가요. 분당 MVP 개발 — 분당은 IT 종사자·예비창업자 비중이 높아, 빠른 검증과 소스코드 이관을 중시하는 프로젝트에 잘 맞습니다. Lean MVP · VAT 포함 580만 원부터 · 약 14~30일.","분당 MVP 개발","Answer|BreadcrumbList|ContactPoint|Country|FAQPage|ListItem|OpeningHoursSpecification|Organization|Place|PostalAddress|ProfessionalService|PropertyValue|Question|Service|WebSite","41","3","region_service","region_service","P3","NOINDEX","robots noindex in initial HTML","TESTED_LOCAL_BUILD"
"https://reumlab.com/mvp/busan/","200","https://reumlab.com/mvp/busan/","noindex, follow","no","no","no","부산 MVP 개발 | 핵심 기능부터 빠르게 검증 — 름랩","아이디어를 먼저 시장에서 확인해 보고 싶으신가요. 부산 MVP 개발 — 름랩은 소스코드 이관·비대면 협업 구조라 부산 사업자와도 화상 상담으로 전국 동일 조건으로 진행합니다. Lean MVP · VAT 포함 580만 원부터 · 약 14~30일.","부산 MVP 개발","Answer|BreadcrumbList|ContactPoint|Country|FAQPage|ListItem|OpeningHoursSpecification|Organization|Place|PostalAddress|ProfessionalService|PropertyValue|Question|Service|WebSite","41","","region_service","region_service","P3","NOINDEX","robots noindex in initial HTML","TESTED_LOCAL_BUILD"
"https://reumlab.com/mvp/changwon/","200","https://reumlab.com/mvp/changwon/","noindex, follow","no","no","no","창원 MVP 개발 | 핵심 기능부터 빠르게 검증 — 름랩","아이디어를 먼저 시장에서 확인해 보고 싶으신가요. 창원 MVP 개발 — 창원의 기계·제조 산업과 상남동 상권 수요에 맞춰 실무 자동화·예약·주문 앱·웹을 비대면으로 제작합니다. Lean MVP · VAT 포함 580만 원부터 · 약 14~30일.","창원 MVP 개발","Answer|BreadcrumbList|ContactPoint|Country|FAQPage|ListItem|OpeningHoursSpecification|Organization|Place|PostalAddress|ProfessionalService|PropertyValue|Question|Service|WebSite","41","","region_service","region_service","P3","NOINDEX","robots noindex in initial HTML","TESTED_LOCAL_BUILD"
"https://reumlab.com/mvp/cheonan/","200","https://reumlab.com/mvp/cheonan/","noindex, follow","no","no","no","천안 MVP 개발 | 핵심 기능부터 빠르게 검증 — 름랩","아이디어를 먼저 시장에서 확인해 보고 싶으신가요. 천안 MVP 개발 — 천안의 대학가 상권과 산업단지 수요에 맞춰 예약·주문·실무 자동화 앱·웹을 비대면으로 제작합니다. Lean MVP · VAT 포함 580만 원부터 · 약 14~30일.","천안 MVP 개발","Answer|BreadcrumbList|ContactPoint|Country|FAQPage|ListItem|OpeningHoursSpecification|Organization|Place|PostalAddress|ProfessionalService|PropertyValue|Question|Service|WebSite","41","","region_service","region_service","P3","NOINDEX","robots noindex in initial HTML","TESTED_LOCAL_BUILD"
"https://reumlab.com/mvp/cheongju/","200","https://reumlab.com/mvp/cheongju/","noindex, follow","no","no","no","청주 MVP 개발 | 핵심 기능부터 빠르게 검증 — 름랩","아이디어를 먼저 시장에서 확인해 보고 싶으신가요. 청주 MVP 개발 — 청주의 성안길 상권과 오창·오송 산업단지 수요에 맞춰 예약·주문·실무 자동화 앱·웹을 비대면으로 제작합니다. Lean MVP · VAT 포함 580만 원부터 · 약 14~30일.","청주 MVP 개발","Answer|BreadcrumbList|ContactPoint|Country|FAQPage|ListItem|OpeningHoursSpecification|Organization|Place|PostalAddress|ProfessionalService|PropertyValue|Question|Service|WebSite","41","","region_service","region_service","P3","NOINDEX","robots noindex in initial HTML","TESTED_LOCAL_BUILD"
"https://reumlab.com/mvp/chuncheon/","200","https://reumlab.com/mvp/chuncheon/","noindex, follow","no","no","no","춘천 MVP 개발 | 핵심 기능부터 빠르게 검증 — 름랩","아이디어를 먼저 시장에서 확인해 보고 싶으신가요. 춘천 MVP 개발 — 춘천의 관광·대학 상권 수요에 맞춰 예약·커머스·회원 중심 앱·웹을 비대면으로 제작합니다. Lean MVP · VAT 포함 580만 원부터 · 약 14~30일.","춘천 MVP 개발","Answer|BreadcrumbList|ContactPoint|Country|FAQPage|ListItem|OpeningHoursSpecification|Organization|Place|PostalAddress|ProfessionalService|PropertyValue|Question|Service|WebSite","41","","region_service","region_service","P3","NOINDEX","robots noindex in initial HTML","TESTED_LOCAL_BUILD"
"https://reumlab.com/mvp/chungju/","200","https://reumlab.com/mvp/chungju/","noindex, follow","no","no","no","충주 MVP 개발 | 핵심 기능부터 빠르게 검증 — 름랩","아이디어를 먼저 시장에서 확인해 보고 싶으신가요. 충주 MVP 개발 — 충주 산업단지와 호수 관광 상권 수요에 맞춰 실무 자동화·예약·주문 앱·웹을 비대면으로 제작합니다. Lean MVP · VAT 포함 580만 원부터 · 약 14~30일.","충주 MVP 개발","Answer|BreadcrumbList|ContactPoint|Country|FAQPage|ListItem|OpeningHoursSpecification|Organization|Place|PostalAddress|ProfessionalService|PropertyValue|Question|Service|WebSite","41","","region_service","region_service","P3","NOINDEX","robots noindex in initial HTML","TESTED_LOCAL_BUILD"
"https://reumlab.com/mvp/daegu/","200","https://reumlab.com/mvp/daegu/","noindex, follow","no","no","no","대구 MVP 개발 | 핵심 기능부터 빠르게 검증 — 름랩","아이디어를 먼저 시장에서 확인해 보고 싶으신가요. 대구 MVP 개발 — 대구의 동성로 상권·섬유/제조 수요에 맞춰 예약·주문·실무 자동화 앱·웹을 비대면으로 제작합니다. Lean MVP · VAT 포함 580만 원부터 · 약 14~30일.","대구 MVP 개발","Answer|BreadcrumbList|ContactPoint|Country|FAQPage|ListItem|OpeningHoursSpecification|Organization|Place|PostalAddress|ProfessionalService|PropertyValue|Question|Service|WebSite","41","","region_service","region_service","P3","NOINDEX","robots noindex in initial HTML","TESTED_LOCAL_BUILD"
"https://reumlab.com/mvp/daejeon/","200","https://reumlab.com/mvp/daejeon/","noindex, follow","no","no","no","대전 MVP 개발 | 핵심 기능부터 빠르게 검증 — 름랩","아이디어를 먼저 시장에서 확인해 보고 싶으신가요. 대전 MVP 개발 — 대전 둔산 상권과 대덕연구단지 기반 기술 수요에 맞춰 플랫폼·실무 자동화·예약 앱·웹을 비대면으로 제작합니다. Lean MVP · VAT 포함 580만 원부터 · 약 14~30일.","대전 MVP 개발","Answer|BreadcrumbList|ContactPoint|Country|FAQPage|ListItem|OpeningHoursSpecification|Organization|Place|PostalAddress|ProfessionalService|PropertyValue|Question|Service|WebSite","41","","region_service","region_service","P3","NOINDEX","robots noindex in initial HTML","TESTED_LOCAL_BUILD"
"https://reumlab.com/mvp/dongtan/","200","https://reumlab.com/mvp/dongtan/","index, follow","yes","yes","no","동탄 MVP 개발 | 핵심 기능부터 빠르게 검증 — 름랩","아이디어를 먼저 시장에서 확인해 보고 싶으신가요. 동탄 MVP 개발 — 동탄의 신축 상권·젊은 인구에 맞춰 예약·주문·구독 중심의 실사용 기능부터 빠르게 출시합니다. Lean MVP · VAT 포함 580만 원부터 · 약 14~30일.","동탄 MVP 개발","Answer|BreadcrumbList|ContactPoint|Country|FAQPage|ListItem|OpeningHoursSpecification|Organization|Place|PostalAddress|ProfessionalService|PropertyValue|Question|Service|WebSite","40","1","region_service","region_service","P3","INDEX","self-canonical, indexable and present in sitemap","TESTED_LOCAL_BUILD"
"https://reumlab.com/mvp/gangdong/","200","https://reumlab.com/mvp/gangdong/","noindex, follow","no","no","no","서울 강동 MVP 개발 | 핵심 기능부터 빠르게 검증 — 름랩","아이디어를 먼저 시장에서 확인해 보고 싶으신가요. 서울 강동 MVP 개발 — 강동 천호·고덕 상권과 재건축 주거 수요에 맞춰 예약·주문·회원 중심의 앱·웹을 제작합니다. Lean MVP · VAT 포함 580만 원부터 · 약 14~30일.","서울 강동 MVP 개발","Answer|BreadcrumbList|ContactPoint|Country|FAQPage|ListItem|OpeningHoursSpecification|Organization|Place|PostalAddress|ProfessionalService|PropertyValue|Question|Service|WebSite","41","5","region_service","region_service","P3","NOINDEX","robots noindex in initial HTML","TESTED_LOCAL_BUILD"
"https://reumlab.com/mvp/gangnam/","200","https://reumlab.com/mvp/gangnam/","noindex, follow","no","no","no","서울 강남 MVP 개발 | 핵심 기능부터 빠르게 검증 — 름랩","아이디어를 먼저 시장에서 확인해 보고 싶으신가요. 서울 강남 MVP 개발 — 강남 테헤란로의 SaaS·플랫폼·전문서비스 수요에 맞춰 검증용 MVP부터 운영 서비스까지 진행합니다. Lean MVP · VAT 포함 580만 원부터 · 약 14~30일.","서울 강남 MVP 개발","Answer|BreadcrumbList|ContactPoint|Country|FAQPage|ListItem|OpeningHoursSpecification|Organization|Place|PostalAddress|ProfessionalService|PropertyValue|Question|Service|WebSite","41","4","region_service","region_service","P3","NOINDEX","robots noindex in initial HTML","TESTED_LOCAL_BUILD"
"https://reumlab.com/mvp/gangneung/","200","https://reumlab.com/mvp/gangneung/","noindex, follow","no","no","no","강릉 MVP 개발 | 핵심 기능부터 빠르게 검증 — 름랩","아이디어를 먼저 시장에서 확인해 보고 싶으신가요. 강릉 MVP 개발 — 강릉의 관광·해양 상권 수요에 맞춰 예약·숙박·커머스 중심 앱·웹을 비대면으로 제작합니다. Lean MVP · VAT 포함 580만 원부터 · 약 14~30일.","강릉 MVP 개발","Answer|BreadcrumbList|ContactPoint|Country|FAQPage|ListItem|OpeningHoursSpecification|Organization|Place|PostalAddress|ProfessionalService|PropertyValue|Question|Service|WebSite","41","","region_service","region_service","P3","NOINDEX","robots noindex in initial HTML","TESTED_LOCAL_BUILD"
"https://reumlab.com/mvp/geoje/","200","https://reumlab.com/mvp/geoje/","noindex, follow","no","no","no","거제 MVP 개발 | 핵심 기능부터 빠르게 검증 — 름랩","아이디어를 먼저 시장에서 확인해 보고 싶으신가요. 거제 MVP 개발 — 거제 조선 산업과 관광 상권 수요에 맞춰 실무 자동화·예약·숙박 앱·웹을 비대면으로 제작합니다. Lean MVP · VAT 포함 580만 원부터 · 약 14~30일.","거제 MVP 개발","Answer|BreadcrumbList|ContactPoint|Country|FAQPage|ListItem|OpeningHoursSpecification|Organization|Place|PostalAddress|ProfessionalService|PropertyValue|Question|Service|WebSite","41","","region_service","region_service","P3","NOINDEX","robots noindex in initial HTML","TESTED_LOCAL_BUILD"
"https://reumlab.com/mvp/gimhae/","200","https://reumlab.com/mvp/gimhae/","noindex, follow","no","no","no","김해 MVP 개발 | 핵심 기능부터 빠르게 검증 — 름랩","아이디어를 먼저 시장에서 확인해 보고 싶으신가요. 김해 MVP 개발 — 김해의 산업·물류와 신도시 상권 수요에 맞춰 주문·예약·회원 중심 앱·웹을 비대면으로 제작합니다. Lean MVP · VAT 포함 580만 원부터 · 약 14~30일.","김해 MVP 개발","Answer|BreadcrumbList|ContactPoint|Country|FAQPage|ListItem|OpeningHoursSpecification|Organization|Place|PostalAddress|ProfessionalService|PropertyValue|Question|Service|WebSite","41","","region_service","region_service","P3","NOINDEX","robots noindex in initial HTML","TESTED_LOCAL_BUILD"
"https://reumlab.com/mvp/gimpo/","200","https://reumlab.com/mvp/gimpo/","noindex, follow","no","no","no","김포 MVP 개발 | 핵심 기능부터 빠르게 검증 — 름랩","아이디어를 먼저 시장에서 확인해 보고 싶으신가요. 김포 MVP 개발 — 김포 한강신도시 상권과 물류 수요에 맞춰 예약·주문·회원 중심 앱·웹을 제작합니다. Lean MVP · VAT 포함 580만 원부터 · 약 14~30일.","김포 MVP 개발","Answer|BreadcrumbList|ContactPoint|Country|FAQPage|ListItem|OpeningHoursSpecification|Organization|Place|PostalAddress|ProfessionalService|PropertyValue|Question|Service|WebSite","41","","region_service","region_service","P3","NOINDEX","robots noindex in initial HTML","TESTED_LOCAL_BUILD"
"https://reumlab.com/mvp/goyang/","200","https://reumlab.com/mvp/goyang/","noindex, follow","no","no","no","고양 일산 MVP 개발 | 핵심 기능부터 빠르게 검증 — 름랩","아이디어를 먼저 시장에서 확인해 보고 싶으신가요. 고양 일산 MVP 개발 — 고양 일산 신도시 상권과 방송·전시 수요에 맞춰 예약·커머스·회원 중심 앱·웹을 제작합니다. Lean MVP · VAT 포함 580만 원부터 · 약 14~30일.","고양 일산 MVP 개발","Answer|BreadcrumbList|ContactPoint|Country|FAQPage|ListItem|OpeningHoursSpecification|Organization|Place|PostalAddress|ProfessionalService|PropertyValue|Question|Service|WebSite","41","","region_service","region_service","P3","NOINDEX","robots noindex in initial HTML","TESTED_LOCAL_BUILD"
"https://reumlab.com/mvp/gumi/","200","https://reumlab.com/mvp/gumi/","noindex, follow","no","no","no","구미 MVP 개발 | 핵심 기능부터 빠르게 검증 — 름랩","아이디어를 먼저 시장에서 확인해 보고 싶으신가요. 구미 MVP 개발 — 구미의 전자·제조 산업단지 수요에 맞춰 실무 자동화·주문·재고 앱·웹을 비대면으로 제작합니다. Lean MVP · VAT 포함 580만 원부터 · 약 14~30일.","구미 MVP 개발","Answer|BreadcrumbList|ContactPoint|Country|FAQPage|ListItem|OpeningHoursSpecification|Organization|Place|PostalAddress|ProfessionalService|PropertyValue|Question|Service|WebSite","41","","region_service","region_service","P3","NOINDEX","robots noindex in initial HTML","TESTED_LOCAL_BUILD"
"https://reumlab.com/mvp/gunpo/","200","https://reumlab.com/mvp/gunpo/","noindex, follow","no","no","no","군포 MVP 개발 | 핵심 기능부터 빠르게 검증 — 름랩","아이디어를 먼저 시장에서 확인해 보고 싶으신가요. 군포 MVP 개발 — 군포 산본 상권의 예약 중심 업종에 맞춰 예약·노쇼 방지·결제 기능부터 MVP로 제작합니다. Lean MVP · VAT 포함 580만 원부터 · 약 14~30일.","군포 MVP 개발","Answer|BreadcrumbList|ContactPoint|Country|FAQPage|ListItem|OpeningHoursSpecification|Organization|Place|PostalAddress|ProfessionalService|PropertyValue|Question|Service|WebSite","41","2","region_service","region_service","P3","NOINDEX","robots noindex in initial HTML","TESTED_LOCAL_BUILD"
"https://reumlab.com/mvp/gunsan/","200","https://reumlab.com/mvp/gunsan/","noindex, follow","no","no","no","군산 MVP 개발 | 핵심 기능부터 빠르게 검증 — 름랩","아이디어를 먼저 시장에서 확인해 보고 싶으신가요. 군산 MVP 개발 — 군산 근대문화 관광 상권과 산업단지 수요에 맞춰 예약·커머스·실무 자동화 앱·웹을 비대면으로 제작합니다. Lean MVP · VAT 포함 580만 원부터 · 약 14~30일.","군산 MVP 개발","Answer|BreadcrumbList|ContactPoint|Country|FAQPage|ListItem|OpeningHoursSpecification|Organization|Place|PostalAddress|ProfessionalService|PropertyValue|Question|Service|WebSite","41","","region_service","region_service","P3","NOINDEX","robots noindex in initial HTML","TESTED_LOCAL_BUILD"
"https://reumlab.com/mvp/gwacheon/","200","https://reumlab.com/mvp/gwacheon/","noindex, follow","no","no","no","과천 MVP 개발 | 핵심 기능부터 빠르게 검증 — 름랩","아이디어를 먼저 시장에서 확인해 보고 싶으신가요. 과천 MVP 개발 — 과천 정부청사·주거 상권의 소규모 사업장에 맞춰 예약·회원·문의 중심 앱·웹을 제작합니다. Lean MVP · VAT 포함 580만 원부터 · 약 14~30일.","과천 MVP 개발","Answer|BreadcrumbList|ContactPoint|Country|FAQPage|ListItem|OpeningHoursSpecification|Organization|Place|PostalAddress|ProfessionalService|PropertyValue|Question|Service|WebSite","41","","region_service","region_service","P3","NOINDEX","robots noindex in initial HTML","TESTED_LOCAL_BUILD"
"https://reumlab.com/mvp/gwangjin/","200","https://reumlab.com/mvp/gwangjin/","noindex, follow","no","no","no","서울 광진 MVP 개발 | 핵심 기능부터 빠르게 검증 — 름랩","아이디어를 먼저 시장에서 확인해 보고 싶으신가요. 서울 광진 MVP 개발 — 광진 건대입구 대학 상권의 젊은 유동인구에 맞춰 예약·커머스·커뮤니티 중심의 앱·웹을 제작합니다. Lean MVP · VAT 포함 580만 원부터 · 약 14~30일.","서울 광진 MVP 개발","Answer|BreadcrumbList|ContactPoint|Country|FAQPage|ListItem|OpeningHoursSpecification|Organization|Place|PostalAddress|ProfessionalService|PropertyValue|Question|Service|WebSite","41","5","region_service","region_service","P3","NOINDEX","robots noindex in initial HTML","TESTED_LOCAL_BUILD"
"https://reumlab.com/mvp/gwangju/","200","https://reumlab.com/mvp/gwangju/","noindex, follow","no","no","no","광주 MVP 개발 | 핵심 기능부터 빠르게 검증 — 름랩","아이디어를 먼저 시장에서 확인해 보고 싶으신가요. 광주 MVP 개발 — 광주 충장로·상무지구 상권과 AI·모빌리티 산업 수요에 맞춰 예약·주문·플랫폼 앱·웹을 비대면으로 제작합니다. Lean MVP · VAT 포함 580만 원부터 · 약 14~30일.","광주 MVP 개발","Answer|BreadcrumbList|ContactPoint|Country|FAQPage|ListItem|OpeningHoursSpecification|Organization|Place|PostalAddress|ProfessionalService|PropertyValue|Question|Service|WebSite","41","","region_service","region_service","P3","NOINDEX","robots noindex in initial HTML","TESTED_LOCAL_BUILD"
"https://reumlab.com/mvp/gwangmyeong/","200","https://reumlab.com/mvp/gwangmyeong/","noindex, follow","no","no","no","광명 MVP 개발 | 핵심 기능부터 빠르게 검증 — 름랩","아이디어를 먼저 시장에서 확인해 보고 싶으신가요. 광명 MVP 개발 — 광명 역세권·철산·하안 상권에 맞춰 예약·주문·문의 중심의 앱·웹을 정액 패키지로 제작합니다. Lean MVP · VAT 포함 580만 원부터 · 약 14~30일.","광명 MVP 개발","Answer|BreadcrumbList|ContactPoint|Country|FAQPage|ListItem|OpeningHoursSpecification|Organization|Place|PostalAddress|ProfessionalService|PropertyValue|Question|Service|WebSite","41","","region_service","region_service","P3","NOINDEX","robots noindex in initial HTML","TESTED_LOCAL_BUILD"
"https://reumlab.com/mvp/gwangyang/","200","https://reumlab.com/mvp/gwangyang/","noindex, follow","no","no","no","광양 MVP 개발 | 핵심 기능부터 빠르게 검증 — 름랩","아이디어를 먼저 시장에서 확인해 보고 싶으신가요. 광양 MVP 개발 — 광양 철강·항만 산업 수요에 맞춰 실무 자동화·주문·재고 앱·웹을 비대면으로 제작합니다. Lean MVP · VAT 포함 580만 원부터 · 약 14~30일.","광양 MVP 개발","Answer|BreadcrumbList|ContactPoint|Country|FAQPage|ListItem|OpeningHoursSpecification|Organization|Place|PostalAddress|ProfessionalService|PropertyValue|Question|Service|WebSite","41","","region_service","region_service","P3","NOINDEX","robots noindex in initial HTML","TESTED_LOCAL_BUILD"
"https://reumlab.com/mvp/gyeongju/","200","https://reumlab.com/mvp/gyeongju/","noindex, follow","no","no","no","경주 MVP 개발 | 핵심 기능부터 빠르게 검증 — 름랩","아이디어를 먼저 시장에서 확인해 보고 싶으신가요. 경주 MVP 개발 — 경주의 관광·숙박 상권 수요에 맞춰 예약·다국어 안내·커머스 중심 앱·웹을 비대면으로 제작합니다. Lean MVP · VAT 포함 580만 원부터 · 약 14~30일.","경주 MVP 개발","Answer|BreadcrumbList|ContactPoint|Country|FAQPage|ListItem|OpeningHoursSpecification|Organization|Place|PostalAddress|ProfessionalService|PropertyValue|Question|Service|WebSite","41","","region_service","region_service","P3","NOINDEX","robots noindex in initial HTML","TESTED_LOCAL_BUILD"
"https://reumlab.com/mvp/gyeongsan/","200","https://reumlab.com/mvp/gyeongsan/","noindex, follow","no","no","no","경산 MVP 개발 | 핵심 기능부터 빠르게 검증 — 름랩","아이디어를 먼저 시장에서 확인해 보고 싶으신가요. 경산 MVP 개발 — 경산 대학가 상권과 산업단지 수요에 맞춰 예약·주문·실무 자동화 앱·웹을 비대면으로 제작합니다. Lean MVP · VAT 포함 580만 원부터 · 약 14~30일.","경산 MVP 개발","Answer|BreadcrumbList|ContactPoint|Country|FAQPage|ListItem|OpeningHoursSpecification|Organization|Place|PostalAddress|ProfessionalService|PropertyValue|Question|Service|WebSite","41","","region_service","region_service","P3","NOINDEX","robots noindex in initial HTML","TESTED_LOCAL_BUILD"
"https://reumlab.com/mvp/haeundae/","200","https://reumlab.com/mvp/haeundae/","noindex, follow","no","no","no","부산 해운대 MVP 개발 | 핵심 기능부터 빠르게 검증 — 름랩","아이디어를 먼저 시장에서 확인해 보고 싶으신가요. 부산 해운대 MVP 개발 — 해운대의 관광·리조트·고급 주거 상권에 맞춰 예약·멤버십·커머스 중심의 앱·웹을 비대면으로 제작합니다. Lean MVP · VAT 포함 580만 원부터 · 약 14~30일.","부산 해운대 MVP 개발","Answer|BreadcrumbList|ContactPoint|Country|FAQPage|ListItem|OpeningHoursSpecification|Organization|Place|PostalAddress|ProfessionalService|PropertyValue|Question|Service|WebSite","41","","region_service","region_service","P3","NOINDEX","robots noindex in initial HTML","TESTED_LOCAL_BUILD"
"https://reumlab.com/mvp/hanam/","200","https://reumlab.com/mvp/hanam/","noindex, follow","no","no","no","하남 MVP 개발 | 핵심 기능부터 빠르게 검증 — 름랩","아이디어를 먼저 시장에서 확인해 보고 싶으신가요. 하남 MVP 개발 — 하남 미사·위례 신도시 상권과 대형 상업시설 수요에 맞춰 예약·커머스·회원 앱·웹을 제작합니다. Lean MVP · VAT 포함 580만 원부터 · 약 14~30일.","하남 MVP 개발","Answer|BreadcrumbList|ContactPoint|Country|FAQPage|ListItem|OpeningHoursSpecification|Organization|Place|PostalAddress|ProfessionalService|PropertyValue|Question|Service|WebSite","41","","region_service","region_service","P3","NOINDEX","robots noindex in initial HTML","TESTED_LOCAL_BUILD"
"https://reumlab.com/mvp/hwaseong/","200","https://reumlab.com/mvp/hwaseong/","index, follow","yes","yes","no","화성 MVP 개발 | 핵심 기능부터 빠르게 검증 — 름랩","아이디어를 먼저 시장에서 확인해 보고 싶으신가요. 화성 MVP 개발 — 화성·동탄 신도시 상권에 맞춰 예약·주문·멤버십 앱과 반응형 웹을 정액 패키지로 제작합니다. Lean MVP · VAT 포함 580만 원부터 · 약 14~30일.","화성 MVP 개발","Answer|BreadcrumbList|ContactPoint|Country|FAQPage|ListItem|OpeningHoursSpecification|Organization|Place|PostalAddress|ProfessionalService|PropertyValue|Question|Service|WebSite","40","1","region_service","region_service","P3","INDEX","self-canonical, indexable and present in sitemap","TESTED_LOCAL_BUILD"
"https://reumlab.com/mvp/icheon/","200","https://reumlab.com/mvp/icheon/","noindex, follow","no","no","no","이천 MVP 개발 | 핵심 기능부터 빠르게 검증 — 름랩","아이디어를 먼저 시장에서 확인해 보고 싶으신가요. 이천 MVP 개발 — 이천 물류·제조와 도자 관광 상권 수요에 맞춰 주문·재고·예약 중심 앱·웹을 비대면으로 제작합니다. Lean MVP · VAT 포함 580만 원부터 · 약 14~30일.","이천 MVP 개발","Answer|BreadcrumbList|ContactPoint|Country|FAQPage|ListItem|OpeningHoursSpecification|Organization|Place|PostalAddress|ProfessionalService|PropertyValue|Question|Service|WebSite","41","3","region_service","region_service","P3","NOINDEX","robots noindex in initial HTML","TESTED_LOCAL_BUILD"
"https://reumlab.com/mvp/iksan/","200","https://reumlab.com/mvp/iksan/","noindex, follow","no","no","no","익산 MVP 개발 | 핵심 기능부터 빠르게 검증 — 름랩","아이디어를 먼저 시장에서 확인해 보고 싶으신가요. 익산 MVP 개발 — 익산 교통 요지 상권과 산업단지 수요에 맞춰 예약·주문·실무 자동화 앱·웹을 비대면으로 제작합니다. Lean MVP · VAT 포함 580만 원부터 · 약 14~30일.","익산 MVP 개발","Answer|BreadcrumbList|ContactPoint|Country|FAQPage|ListItem|OpeningHoursSpecification|Organization|Place|PostalAddress|ProfessionalService|PropertyValue|Question|Service|WebSite","41","","region_service","region_service","P3","NOINDEX","robots noindex in initial HTML","TESTED_LOCAL_BUILD"
"https://reumlab.com/mvp/incheon/","200","https://reumlab.com/mvp/incheon/","noindex, follow","no","no","no","인천 MVP 개발 | 핵심 기능부터 빠르게 검증 — 름랩","아이디어를 먼저 시장에서 확인해 보고 싶으신가요. 인천 MVP 개발 — 인천 송도·구도심·산단의 다양한 수요에 맞춰 물류·예약·주문·플랫폼 MVP를 빠르게 만들고 소스코드를 이관합니다. Lean MVP · VAT 포함 580만 원부터 · 약 14~30일.","인천 MVP 개발","Answer|BreadcrumbList|ContactPoint|Country|FAQPage|ListItem|OpeningHoursSpecification|Organization|Place|PostalAddress|ProfessionalService|PropertyValue|Question|Service|WebSite","41","","region_service","region_service","P3","NOINDEX","robots noindex in initial HTML","TESTED_LOCAL_BUILD"
"https://reumlab.com/mvp/","200","https://reumlab.com/mvp/","index,follow","yes","yes","no","앱·SaaS MVP 개발 — 아이디어를 실제 서비스로 | 름랩 REUMLAB","기획서가 없어도 핵심 기능을 정리해 앱·웹·관리자까지 배포 가능한 MVP로 제작합니다. 소스코드·운영 권한 이관 포함. 름랩.","앱·웹 MVP 개발 아이디어를 직접 써볼 수 있는 서비스로","Answer|BreadcrumbList|ContactPoint|Country|FAQPage|ListItem|OpeningHoursSpecification|Organization|PostalAddress|ProfessionalService|PropertyValue|Question|Service|WebSite","36","1","service_or_hub","service_or_hub","P1","INDEX","self-canonical, indexable and present in sitemap","TESTED_LOCAL_BUILD"
"https://reumlab.com/mvp/jeju/","200","https://reumlab.com/mvp/jeju/","noindex, follow","no","no","no","제주 MVP 개발 | 핵심 기능부터 빠르게 검증 — 름랩","아이디어를 먼저 시장에서 확인해 보고 싶으신가요. 제주 MVP 개발 — 제주의 관광·숙박·로컬 상권 수요에 맞춰 예약·다국어·커머스 중심 앱·웹을 비대면으로 제작합니다. Lean MVP · VAT 포함 580만 원부터 · 약 14~30일.","제주 MVP 개발","Answer|BreadcrumbList|ContactPoint|Country|FAQPage|ListItem|OpeningHoursSpecification|Organization|Place|PostalAddress|ProfessionalService|PropertyValue|Question|Service|WebSite","41","","region_service","region_service","P3","NOINDEX","robots noindex in initial HTML","TESTED_LOCAL_BUILD"
"https://reumlab.com/mvp/jeonju/","200","https://reumlab.com/mvp/jeonju/","noindex, follow","no","no","no","전주 MVP 개발 | 핵심 기능부터 빠르게 검증 — 름랩","아이디어를 먼저 시장에서 확인해 보고 싶으신가요. 전주 MVP 개발 — 전주의 한옥마을 관광 상권과 교육 수요에 맞춰 예약·커머스·회원 중심 앱·웹을 비대면으로 제작합니다. Lean MVP · VAT 포함 580만 원부터 · 약 14~30일.","전주 MVP 개발","Answer|BreadcrumbList|ContactPoint|Country|FAQPage|ListItem|OpeningHoursSpecification|Organization|Place|PostalAddress|ProfessionalService|PropertyValue|Question|Service|WebSite","41","","region_service","region_service","P3","NOINDEX","robots noindex in initial HTML","TESTED_LOCAL_BUILD"
"https://reumlab.com/mvp/jinju/","200","https://reumlab.com/mvp/jinju/","noindex, follow","no","no","no","진주 MVP 개발 | 핵심 기능부터 빠르게 검증 — 름랩","아이디어를 먼저 시장에서 확인해 보고 싶으신가요. 진주 MVP 개발 — 진주의 교육·행정 중심 상권과 혁신도시 수요에 맞춰 예약·상담·회원 앱·웹을 비대면으로 제작합니다. Lean MVP · VAT 포함 580만 원부터 · 약 14~30일.","진주 MVP 개발","Answer|BreadcrumbList|ContactPoint|Country|FAQPage|ListItem|OpeningHoursSpecification|Organization|Place|PostalAddress|ProfessionalService|PropertyValue|Question|Service|WebSite","41","","region_service","region_service","P3","NOINDEX","robots noindex in initial HTML","TESTED_LOCAL_BUILD"
"https://reumlab.com/mvp/jongno/","200","https://reumlab.com/mvp/jongno/","noindex, follow","no","no","no","서울 종로 MVP 개발 | 핵심 기능부터 빠르게 검증 — 름랩","아이디어를 먼저 시장에서 확인해 보고 싶으신가요. 서울 종로 MVP 개발 — 종로·광화문 도심 업무와 관광 상권 수요에 맞춰 예약·업무 자동화·커머스 앱·웹을 제작합니다. Lean MVP · VAT 포함 580만 원부터 · 약 14~30일.","서울 종로 MVP 개발","Answer|BreadcrumbList|ContactPoint|Country|FAQPage|ListItem|OpeningHoursSpecification|Organization|Place|PostalAddress|ProfessionalService|PropertyValue|Question|Service|WebSite","41","","region_service","region_service","P3","NOINDEX","robots noindex in initial HTML","TESTED_LOCAL_BUILD"
"https://reumlab.com/mvp/mapo/","200","https://reumlab.com/mvp/mapo/","noindex, follow","no","no","no","서울 마포 MVP 개발 | 핵심 기능부터 빠르게 검증 — 름랩","아이디어를 먼저 시장에서 확인해 보고 싶으신가요. 서울 마포 MVP 개발 — 마포 홍대·합정·상암의 콘텐츠·창작 수요에 맞춰 예약·커뮤니티·구독 중심의 앱·웹을 제작합니다. Lean MVP · VAT 포함 580만 원부터 · 약 14~30일.","서울 마포 MVP 개발","Answer|BreadcrumbList|ContactPoint|Country|FAQPage|ListItem|OpeningHoursSpecification|Organization|Place|PostalAddress|ProfessionalService|PropertyValue|Question|Service|WebSite","41","5","region_service","region_service","P3","NOINDEX","robots noindex in initial HTML","TESTED_LOCAL_BUILD"
"https://reumlab.com/mvp/mokpo/","200","https://reumlab.com/mvp/mokpo/","noindex, follow","no","no","no","목포 MVP 개발 | 핵심 기능부터 빠르게 검증 — 름랩","아이디어를 먼저 시장에서 확인해 보고 싶으신가요. 목포 MVP 개발 — 목포의 항만·관광 상권과 로컬 자영업 수요에 맞춰 예약·주문·회원 앱·웹을 비대면으로 제작합니다. Lean MVP · VAT 포함 580만 원부터 · 약 14~30일.","목포 MVP 개발","Answer|BreadcrumbList|ContactPoint|Country|FAQPage|ListItem|OpeningHoursSpecification|Organization|Place|PostalAddress|ProfessionalService|PropertyValue|Question|Service|WebSite","41","","region_service","region_service","P3","NOINDEX","robots noindex in initial HTML","TESTED_LOCAL_BUILD"
"https://reumlab.com/mvp/namyangju/","200","https://reumlab.com/mvp/namyangju/","noindex, follow","no","no","no","남양주 MVP 개발 | 핵심 기능부터 빠르게 검증 — 름랩","아이디어를 먼저 시장에서 확인해 보고 싶으신가요. 남양주 MVP 개발 — 남양주 다산·별내 신도시 상권에 맞춰 예약·주문·멤버십 중심 앱·웹을 제작합니다. Lean MVP · VAT 포함 580만 원부터 · 약 14~30일.","남양주 MVP 개발","Answer|BreadcrumbList|ContactPoint|Country|FAQPage|ListItem|OpeningHoursSpecification|Organization|Place|PostalAddress|ProfessionalService|PropertyValue|Question|Service|WebSite","41","","region_service","region_service","P3","NOINDEX","robots noindex in initial HTML","TESTED_LOCAL_BUILD"
"https://reumlab.com/mvp/nowon/","200","https://reumlab.com/mvp/nowon/","noindex, follow","no","no","no","서울 노원 MVP 개발 | 핵심 기능부터 빠르게 검증 — 름랩","아이디어를 먼저 시장에서 확인해 보고 싶으신가요. 서울 노원 MVP 개발 — 노원·중계 학원가의 교육 수요에 맞춰 수강신청·출결·결제 중심의 앱·웹을 제작합니다. Lean MVP · VAT 포함 580만 원부터 · 약 14~30일.","서울 노원 MVP 개발","Answer|BreadcrumbList|ContactPoint|Country|FAQPage|ListItem|OpeningHoursSpecification|Organization|Place|PostalAddress|ProfessionalService|PropertyValue|Question|Service|WebSite","41","","region_service","region_service","P3","NOINDEX","robots noindex in initial HTML","TESTED_LOCAL_BUILD"
"https://reumlab.com/mvp/osan/","200","https://reumlab.com/mvp/osan/","noindex, follow","no","no","no","오산 MVP 개발 | 핵심 기능부터 빠르게 검증 — 름랩","아이디어를 먼저 시장에서 확인해 보고 싶으신가요. 오산 MVP 개발 — 오산 역세권·산단 인근 수요에 맞춰 예약·주문·회원 중심의 앱·웹을 핵심 기능부터 제작합니다. Lean MVP · VAT 포함 580만 원부터 · 약 14~30일.","오산 MVP 개발","Answer|BreadcrumbList|ContactPoint|Country|FAQPage|ListItem|OpeningHoursSpecification|Organization|Place|PostalAddress|ProfessionalService|PropertyValue|Question|Service|WebSite","41","2","region_service","region_service","P3","NOINDEX","robots noindex in initial HTML","TESTED_LOCAL_BUILD"
"https://reumlab.com/mvp/paju/","200","https://reumlab.com/mvp/paju/","noindex, follow","no","no","no","파주 MVP 개발 | 핵심 기능부터 빠르게 검증 — 름랩","아이디어를 먼저 시장에서 확인해 보고 싶으신가요. 파주 MVP 개발 — 파주 운정 신도시 상권과 출판·산업단지 수요에 맞춰 예약·커머스·실무 자동화 앱·웹을 제작합니다. Lean MVP · VAT 포함 580만 원부터 · 약 14~30일.","파주 MVP 개발","Answer|BreadcrumbList|ContactPoint|Country|FAQPage|ListItem|OpeningHoursSpecification|Organization|Place|PostalAddress|ProfessionalService|PropertyValue|Question|Service|WebSite","41","","region_service","region_service","P3","NOINDEX","robots noindex in initial HTML","TESTED_LOCAL_BUILD"
"https://reumlab.com/mvp/pangyo/","200","https://reumlab.com/mvp/pangyo/","noindex, follow","no","no","no","판교 MVP 개발 | 핵심 기능부터 빠르게 검증 — 름랩","아이디어를 먼저 시장에서 확인해 보고 싶으신가요. 판교 MVP 개발 — 판교는 데모데이·IR 일정에 맞춘 속도와 추후 확장 구조가 동시에 중요한 지역이라, 그에 맞춰 범위를 설계합니다. Lean MVP · VAT 포함 580만 원부터 · 약 14~30일.","판교 MVP 개발","Answer|BreadcrumbList|ContactPoint|Country|FAQPage|ListItem|OpeningHoursSpecification|Organization|Place|PostalAddress|ProfessionalService|PropertyValue|Question|Service|WebSite","41","3","region_service","region_service","P3","NOINDEX","robots noindex in initial HTML","TESTED_LOCAL_BUILD"
"https://reumlab.com/mvp/pohang/","200","https://reumlab.com/mvp/pohang/","noindex, follow","no","no","no","포항 MVP 개발 | 핵심 기능부터 빠르게 검증 — 름랩","아이디어를 먼저 시장에서 확인해 보고 싶으신가요. 포항 MVP 개발 — 포항의 철강 산업과 죽도·영일대 상권 수요에 맞춰 실무 자동화·예약·주문 앱·웹을 비대면으로 제작합니다. Lean MVP · VAT 포함 580만 원부터 · 약 14~30일.","포항 MVP 개발","Answer|BreadcrumbList|ContactPoint|Country|FAQPage|ListItem|OpeningHoursSpecification|Organization|Place|PostalAddress|ProfessionalService|PropertyValue|Question|Service|WebSite","41","","region_service","region_service","P3","NOINDEX","robots noindex in initial HTML","TESTED_LOCAL_BUILD"
"https://reumlab.com/mvp/pyeongtaek/","200","https://reumlab.com/mvp/pyeongtaek/","noindex, follow","no","no","no","평택 MVP 개발 | 핵심 기능부터 빠르게 검증 — 름랩","아이디어를 먼저 시장에서 확인해 보고 싶으신가요. 평택 MVP 개발 — 평택의 산업·물류·신도시 수요에 맞춰 주문·예약·회원 중심의 앱·웹을 정액으로 빠르게 만듭니다. Lean MVP · VAT 포함 580만 원부터 · 약 14~30일.","평택 MVP 개발","Answer|BreadcrumbList|ContactPoint|Country|FAQPage|ListItem|OpeningHoursSpecification|Organization|Place|PostalAddress|ProfessionalService|PropertyValue|Question|Service|WebSite","41","2","region_service","region_service","P3","NOINDEX","robots noindex in initial HTML","TESTED_LOCAL_BUILD"
"https://reumlab.com/mvp/sejong/","200","https://reumlab.com/mvp/sejong/","noindex, follow","no","no","no","세종 MVP 개발 | 핵심 기능부터 빠르게 검증 — 름랩","아이디어를 먼저 시장에서 확인해 보고 싶으신가요. 세종 MVP 개발 — 세종의 행정·신도시 주거 상권 수요에 맞춰 예약·회원·실무 자동화 앱·웹을 비대면으로 제작합니다. Lean MVP · VAT 포함 580만 원부터 · 약 14~30일.","세종 MVP 개발","Answer|BreadcrumbList|ContactPoint|Country|FAQPage|ListItem|OpeningHoursSpecification|Organization|Place|PostalAddress|ProfessionalService|PropertyValue|Question|Service|WebSite","41","","region_service","region_service","P3","NOINDEX","robots noindex in initial HTML","TESTED_LOCAL_BUILD"
"https://reumlab.com/mvp/seocho/","200","https://reumlab.com/mvp/seocho/","noindex, follow","no","no","no","서울 서초 MVP 개발 | 핵심 기능부터 빠르게 검증 — 름랩","아이디어를 먼저 시장에서 확인해 보고 싶으신가요. 서울 서초 MVP 개발 — 서초·양재의 전문서비스·스타트업 수요에 맞춰 예약·상담·회원·자동화 기능 중심으로 제작합니다. Lean MVP · VAT 포함 580만 원부터 · 약 14~30일.","서울 서초 MVP 개발","Answer|BreadcrumbList|ContactPoint|Country|FAQPage|ListItem|OpeningHoursSpecification|Organization|Place|PostalAddress|ProfessionalService|PropertyValue|Question|Service|WebSite","41","5","region_service","region_service","P3","NOINDEX","robots noindex in initial HTML","TESTED_LOCAL_BUILD"
"https://reumlab.com/mvp/seogwipo/","200","https://reumlab.com/mvp/seogwipo/","noindex, follow","no","no","no","제주 서귀포 MVP 개발 | 핵심 기능부터 빠르게 검증 — 름랩","아이디어를 먼저 시장에서 확인해 보고 싶으신가요. 제주 서귀포 MVP 개발 — 서귀포 관광·감귤 산지 상권 수요에 맞춰 예약·직거래 커머스·다국어 앱·웹을 비대면으로 제작합니다. Lean MVP · VAT 포함 580만 원부터 · 약 14~30일.","제주 서귀포 MVP 개발","Answer|BreadcrumbList|ContactPoint|Country|FAQPage|ListItem|OpeningHoursSpecification|Organization|Place|PostalAddress|ProfessionalService|PropertyValue|Question|Service|WebSite","41","","region_service","region_service","P3","NOINDEX","robots noindex in initial HTML","TESTED_LOCAL_BUILD"
"https://reumlab.com/mvp/seongnam/","200","https://reumlab.com/mvp/seongnam/","noindex, follow","no","no","no","성남 MVP 개발 | 핵심 기능부터 빠르게 검증 — 름랩","아이디어를 먼저 시장에서 확인해 보고 싶으신가요. 성남 MVP 개발 — 성남은 분당·판교 IT 벨트를 끼고 있어, 검증 위주의 빠른 MVP와 확장 가능한 구조를 함께 고려해 진행합니다. Lean MVP · VAT 포함 580만 원부터 · 약 14~30일.","성남 MVP 개발","Answer|BreadcrumbList|ContactPoint|Country|FAQPage|ListItem|OpeningHoursSpecification|Organization|Place|PostalAddress|ProfessionalService|PropertyValue|Question|Service|WebSite","41","3","region_service","region_service","P3","NOINDEX","robots noindex in initial HTML","TESTED_LOCAL_BUILD"
"https://reumlab.com/mvp/seongsu/","200","https://reumlab.com/mvp/seongsu/","noindex, follow","no","no","no","성수 MVP 개발 | 핵심 기능부터 빠르게 검증 — 름랩","아이디어를 먼저 시장에서 확인해 보고 싶으신가요. 성수 MVP 개발 — 성수 브랜드·소셜벤처의 수요에 맞춰 커머스·예약·구독·커뮤니티 중심의 앱·웹을 빠르게 제작합니다. Lean MVP · VAT 포함 580만 원부터 · 약 14~30일.","성수 MVP 개발","Answer|BreadcrumbList|ContactPoint|Country|FAQPage|ListItem|OpeningHoursSpecification|Organization|Place|PostalAddress|ProfessionalService|PropertyValue|Question|Service|WebSite","41","","region_service","region_service","P3","NOINDEX","robots noindex in initial HTML","TESTED_LOCAL_BUILD"
"https://reumlab.com/mvp/seosan/","200","https://reumlab.com/mvp/seosan/","noindex, follow","no","no","no","서산 MVP 개발 | 핵심 기능부터 빠르게 검증 — 름랩","아이디어를 먼저 시장에서 확인해 보고 싶으신가요. 서산 MVP 개발 — 서산 석유화학·자동차 산업 수요에 맞춰 실무 자동화·주문·예약 앱·웹을 비대면으로 제작합니다. Lean MVP · VAT 포함 580만 원부터 · 약 14~30일.","서산 MVP 개발","Answer|BreadcrumbList|ContactPoint|Country|FAQPage|ListItem|OpeningHoursSpecification|Organization|Place|PostalAddress|ProfessionalService|PropertyValue|Question|Service|WebSite","41","","region_service","region_service","P3","NOINDEX","robots noindex in initial HTML","TESTED_LOCAL_BUILD"
"https://reumlab.com/mvp/sokcho/","200","https://reumlab.com/mvp/sokcho/","noindex, follow","no","no","no","속초 MVP 개발 | 핵심 기능부터 빠르게 검증 — 름랩","아이디어를 먼저 시장에서 확인해 보고 싶으신가요. 속초 MVP 개발 — 속초 해양 관광 상권 수요에 맞춰 예약·숙박·커머스 중심 앱·웹을 비대면으로 제작합니다. Lean MVP · VAT 포함 580만 원부터 · 약 14~30일.","속초 MVP 개발","Answer|BreadcrumbList|ContactPoint|Country|FAQPage|ListItem|OpeningHoursSpecification|Organization|Place|PostalAddress|ProfessionalService|PropertyValue|Question|Service|WebSite","41","","region_service","region_service","P3","NOINDEX","robots noindex in initial HTML","TESTED_LOCAL_BUILD"
"https://reumlab.com/mvp/songpa/","200","https://reumlab.com/mvp/songpa/","noindex, follow","no","no","no","서울 송파 MVP 개발 | 핵심 기능부터 빠르게 검증 — 름랩","아이디어를 먼저 시장에서 확인해 보고 싶으신가요. 서울 송파 MVP 개발 — 송파 잠실·문정의 로컬·B2B 수요에 맞춰 예약·주문·멤버십·플랫폼 중심의 앱·웹을 제작합니다. Lean MVP · VAT 포함 580만 원부터 · 약 14~30일.","서울 송파 MVP 개발","Answer|BreadcrumbList|ContactPoint|Country|FAQPage|ListItem|OpeningHoursSpecification|Organization|Place|PostalAddress|ProfessionalService|PropertyValue|Question|Service|WebSite","41","5","region_service","region_service","P3","NOINDEX","robots noindex in initial HTML","TESTED_LOCAL_BUILD"
"https://reumlab.com/mvp/suncheon/","200","https://reumlab.com/mvp/suncheon/","noindex, follow","no","no","no","순천 MVP 개발 | 핵심 기능부터 빠르게 검증 — 름랩","아이디어를 먼저 시장에서 확인해 보고 싶으신가요. 순천 MVP 개발 — 순천의 생태 관광 상권과 로컬 자영업 수요에 맞춰 예약·주문·회원 앱·웹을 비대면으로 제작합니다. Lean MVP · VAT 포함 580만 원부터 · 약 14~30일.","순천 MVP 개발","Answer|BreadcrumbList|ContactPoint|Country|FAQPage|ListItem|OpeningHoursSpecification|Organization|Place|PostalAddress|ProfessionalService|PropertyValue|Question|Service|WebSite","41","","region_service","region_service","P3","NOINDEX","robots noindex in initial HTML","TESTED_LOCAL_BUILD"
"https://reumlab.com/mvp/suwon/","200","https://reumlab.com/mvp/suwon/","index, follow","yes","yes","no","수원 MVP 개발 | 핵심 기능부터 빠르게 검증 — 름랩","아이디어를 먼저 시장에서 확인해 보고 싶으신가요. 수원 MVP 개발 — 수원은 대기업·중소기업·자영업·스타트업 수요가 두루 섞여, 로컬 예약 앱부터 스타트업 MVP까지 폭넓게 진행합니다. Lean MVP · VAT 포함 580만 원부터 · 약 14~30일.","수원 MVP 개발","Answer|BreadcrumbList|ContactPoint|Country|FAQPage|ListItem|OpeningHoursSpecification|Organization|Place|PostalAddress|ProfessionalService|PropertyValue|Question|Service|WebSite","40","1","region_service","region_service","P3","INDEX","self-canonical, indexable and present in sitemap","TESTED_LOCAL_BUILD"
"https://reumlab.com/mvp/tongyeong/","200","https://reumlab.com/mvp/tongyeong/","noindex, follow","no","no","no","통영 MVP 개발 | 핵심 기능부터 빠르게 검증 — 름랩","아이디어를 먼저 시장에서 확인해 보고 싶으신가요. 통영 MVP 개발 — 통영 해양 관광·수산 상권 수요에 맞춰 예약·숙박·커머스 중심 앱·웹을 비대면으로 제작합니다. Lean MVP · VAT 포함 580만 원부터 · 약 14~30일.","통영 MVP 개발","Answer|BreadcrumbList|ContactPoint|Country|FAQPage|ListItem|OpeningHoursSpecification|Organization|Place|PostalAddress|ProfessionalService|PropertyValue|Question|Service|WebSite","41","","region_service","region_service","P3","NOINDEX","robots noindex in initial HTML","TESTED_LOCAL_BUILD"
"https://reumlab.com/mvp/uijeongbu/","200","https://reumlab.com/mvp/uijeongbu/","noindex, follow","no","no","no","의정부 MVP 개발 | 핵심 기능부터 빠르게 검증 — 름랩","아이디어를 먼저 시장에서 확인해 보고 싶으신가요. 의정부 MVP 개발 — 의정부 구도심·신곡 상권의 로컬 사업자에 맞춰 예약·주문·회원 중심 앱·웹을 제작합니다. Lean MVP · VAT 포함 580만 원부터 · 약 14~30일.","의정부 MVP 개발","Answer|BreadcrumbList|ContactPoint|Country|FAQPage|ListItem|OpeningHoursSpecification|Organization|Place|PostalAddress|ProfessionalService|PropertyValue|Question|Service|WebSite","41","","region_service","region_service","P3","NOINDEX","robots noindex in initial HTML","TESTED_LOCAL_BUILD"
"https://reumlab.com/mvp/uiwang/","200","https://reumlab.com/mvp/uiwang/","noindex, follow","no","no","no","의왕 MVP 개발 | 핵심 기능부터 빠르게 검증 — 름랩","아이디어를 먼저 시장에서 확인해 보고 싶으신가요. 의왕 MVP 개발 — 의왕 내손·포일 주거 상권의 소규모 사업장에 맞춰 예약·주문·문의 중심으로 합리적으로 제작합니다. Lean MVP · VAT 포함 580만 원부터 · 약 14~30일.","의왕 MVP 개발","Answer|BreadcrumbList|ContactPoint|Country|FAQPage|ListItem|OpeningHoursSpecification|Organization|Place|PostalAddress|ProfessionalService|PropertyValue|Question|Service|WebSite","41","2","region_service","region_service","P3","NOINDEX","robots noindex in initial HTML","TESTED_LOCAL_BUILD"
"https://reumlab.com/mvp/ulsan/","200","https://reumlab.com/mvp/ulsan/","noindex, follow","no","no","no","울산 MVP 개발 | 핵심 기능부터 빠르게 검증 — 름랩","아이디어를 먼저 시장에서 확인해 보고 싶으신가요. 울산 MVP 개발 — 울산의 산업·제조 기반 실무 자동화와 로컬 상권 수요에 맞춰 앱·웹 MVP를 비대면으로 제작합니다. Lean MVP · VAT 포함 580만 원부터 · 약 14~30일.","울산 MVP 개발","Answer|BreadcrumbList|ContactPoint|Country|FAQPage|ListItem|OpeningHoursSpecification|Organization|Place|PostalAddress|ProfessionalService|PropertyValue|Question|Service|WebSite","41","","region_service","region_service","P3","NOINDEX","robots noindex in initial HTML","TESTED_LOCAL_BUILD"
"https://reumlab.com/mvp/wonju/","200","https://reumlab.com/mvp/wonju/","noindex, follow","no","no","no","원주 MVP 개발 | 핵심 기능부터 빠르게 검증 — 름랩","아이디어를 먼저 시장에서 확인해 보고 싶으신가요. 원주 MVP 개발 — 원주의 혁신도시·의료기기 산업과 상권 수요에 맞춰 실무 자동화·예약·주문 앱·웹을 비대면으로 제작합니다. Lean MVP · VAT 포함 580만 원부터 · 약 14~30일.","원주 MVP 개발","Answer|BreadcrumbList|ContactPoint|Country|FAQPage|ListItem|OpeningHoursSpecification|Organization|Place|PostalAddress|ProfessionalService|PropertyValue|Question|Service|WebSite","41","","region_service","region_service","P3","NOINDEX","robots noindex in initial HTML","TESTED_LOCAL_BUILD"
"https://reumlab.com/mvp/yangsan/","200","https://reumlab.com/mvp/yangsan/","noindex, follow","no","no","no","양산 MVP 개발 | 핵심 기능부터 빠르게 검증 — 름랩","아이디어를 먼저 시장에서 확인해 보고 싶으신가요. 양산 MVP 개발 — 양산 신도시 주거 상권의 로컬 사업자에 맞춰 예약·주문·회원 중심 앱·웹을 비대면으로 제작합니다. Lean MVP · VAT 포함 580만 원부터 · 약 14~30일.","양산 MVP 개발","Answer|BreadcrumbList|ContactPoint|Country|FAQPage|ListItem|OpeningHoursSpecification|Organization|Place|PostalAddress|ProfessionalService|PropertyValue|Question|Service|WebSite","41","","region_service","region_service","P3","NOINDEX","robots noindex in initial HTML","TESTED_LOCAL_BUILD"
"https://reumlab.com/mvp/yeosu/","200","https://reumlab.com/mvp/yeosu/","noindex, follow","no","no","no","여수 MVP 개발 | 핵심 기능부터 빠르게 검증 — 름랩","아이디어를 먼저 시장에서 확인해 보고 싶으신가요. 여수 MVP 개발 — 여수의 관광·해양 상권 수요에 맞춰 예약·숙박·커머스 중심 앱·웹을 비대면으로 제작합니다. Lean MVP · VAT 포함 580만 원부터 · 약 14~30일.","여수 MVP 개발","Answer|BreadcrumbList|ContactPoint|Country|FAQPage|ListItem|OpeningHoursSpecification|Organization|Place|PostalAddress|ProfessionalService|PropertyValue|Question|Service|WebSite","41","","region_service","region_service","P3","NOINDEX","robots noindex in initial HTML","TESTED_LOCAL_BUILD"
"https://reumlab.com/mvp/yeouido/","200","https://reumlab.com/mvp/yeouido/","noindex, follow","no","no","no","여의도 MVP 개발 | 핵심 기능부터 빠르게 검증 — 름랩","아이디어를 먼저 시장에서 확인해 보고 싶으신가요. 여의도 MVP 개발 — 여의도 금융·전문서비스의 사내 수요에 맞춰 업무 자동화·관리자 웹·고객 응대 MVP를 제작합니다. Lean MVP · VAT 포함 580만 원부터 · 약 14~30일.","여의도 MVP 개발","Answer|BreadcrumbList|ContactPoint|Country|FAQPage|ListItem|OpeningHoursSpecification|Organization|Place|PostalAddress|ProfessionalService|PropertyValue|Question|Service|WebSite","41","5","region_service","region_service","P3","NOINDEX","robots noindex in initial HTML","TESTED_LOCAL_BUILD"
"https://reumlab.com/mvp/yongin/","200","https://reumlab.com/mvp/yongin/","noindex, follow","no","no","no","용인 MVP 개발 | 핵심 기능부터 빠르게 검증 — 름랩","아이디어를 먼저 시장에서 확인해 보고 싶으신가요. 용인 MVP 개발 — 용인 수지·기흥·처인의 로컬 사업자·초기 창업자에 맞춰 예약·주문·회원 중심의 앱·웹을 빠르게 만듭니다. Lean MVP · VAT 포함 580만 원부터 · 약 14~30일.","용인 MVP 개발","Answer|BreadcrumbList|ContactPoint|Country|FAQPage|ListItem|OpeningHoursSpecification|Organization|Place|PostalAddress|ProfessionalService|PropertyValue|Question|Service|WebSite","41","2","region_service","region_service","P3","NOINDEX","robots noindex in initial HTML","TESTED_LOCAL_BUILD"
"https://reumlab.com/mvp/yongsan/","200","https://reumlab.com/mvp/yongsan/","noindex, follow","no","no","no","서울 용산 MVP 개발 | 핵심 기능부터 빠르게 검증 — 름랩","아이디어를 먼저 시장에서 확인해 보고 싶으신가요. 서울 용산 MVP 개발 — 용산 업무·관광·전자상가 수요에 맞춰 예약·커머스·플랫폼 중심의 앱·웹을 제작합니다. Lean MVP · VAT 포함 580만 원부터 · 약 14~30일.","서울 용산 MVP 개발","Answer|BreadcrumbList|ContactPoint|Country|FAQPage|ListItem|OpeningHoursSpecification|Organization|Place|PostalAddress|ProfessionalService|PropertyValue|Question|Service|WebSite","41","","region_service","region_service","P3","NOINDEX","robots noindex in initial HTML","TESTED_LOCAL_BUILD"
"https://reumlab.com/mvp-development/","200","https://reumlab.com/mvp-development/","index, follow","yes","yes","no","MVP Development Korea | 3-Week Launch | 름랩 REUMLAB","Startup MVP development in Korea. Flutter cross-platform, 3-week turnaround, full source handover. Validate your idea before scaling. From ₩5,800,000.","MVP 개발 · Startup MVP Development","Answer|BreadcrumbList|ContactPoint|Country|FAQPage|ListItem|OpeningHoursSpecification|Organization|PostalAddress|ProfessionalService|PropertyValue|Question|Service|WebSite","33","2","service_or_hub","service_or_hub","P1","INDEX","self-canonical, indexable and present in sitemap","TESTED_LOCAL_BUILD"
"https://reumlab.com/naverc5cec99213f37fb5e43c436811e8664e.html","200","","index,follow","no","no","no","","","","","0","","system","system","P3","REVIEW","system or non-canonical document; manual review","TESTED_LOCAL_BUILD"
"https://reumlab.com/nocode-limit/","200","https://reumlab.com/nocode-limit/","index, follow","yes","yes","no","노코드 한계 넘는 맞춤개발 | 버블·웹플로우 이전 — 름랩","노코드(버블·웹플로우·글라이드 등)로 만들다 성능·확장·비용·소유권에 막혔다면 맞춤개발로 넘어갈 시점입니다. 검증된 아이디어를 소스코드 기반으로 다시 세우고 데이터 이관·전체 이관. 동탄·수원 거점, 전국 진행.","노코드 한계, 맞춤개발로 넘어서기","Answer|BreadcrumbList|ContactPoint|Country|FAQPage|ListItem|OpeningHoursSpecification|Organization|PostalAddress|ProfessionalService|PropertyValue|Question|Service|WebSite","28","2","service_or_hub","service_or_hub","P1","INDEX","self-canonical, indexable and present in sitemap","TESTED_LOCAL_BUILD"
"https://reumlab.com/platform/","200","https://reumlab.com/platform/","index,follow","yes","yes","no","플랫폼·중개·매칭 서비스 개발 — 전체 흐름 설계 | 름랩 REUMLAB","회원 역할, 검색, 신청, 견적, 매칭, 결제, 관리자 운영까지 — 고객과 공급자를 연결하는 플랫폼의 전체 흐름을 설계합니다. 름랩.","플랫폼·매칭 서비스 개발 고객과 공급자를 잇는 전체 흐름을 설계합니다","Answer|BreadcrumbList|ContactPoint|Country|FAQPage|ListItem|OpeningHoursSpecification|Organization|PostalAddress|ProfessionalService|PropertyValue|Question|Service|WebSite","24","1","service_or_hub","service_or_hub","P1","INDEX","self-canonical, indexable and present in sitemap","TESTED_LOCAL_BUILD"
"https://reumlab.com/portfolio/ai-sales/","200","https://reumlab.com/portfolio/ai-sales/","index, follow","yes","yes","no","AI 기반 영업 자동화 SaaS 개발 사례 — 서비스 기획 | 름랩 REUMLAB","리드 관리와 시퀀스 발송을 자동화하고, AI로 메시지 초안을 만들어 영업 반복 업무를 줄이는 B2B SaaS입니다. 구현한 기능: 리드 관리·시퀀스 빌더 · AI 카피 초안 생성 · CRM·애널리틱스. 담당 범위: 서비스 기획 · 웹 개발 · AI 연동 · 결제·권한 설계.","AI 기반 영업 자동화 SaaS 개발 사례","BreadcrumbList|ContactPoint|Country|CreativeWork|ListItem|OpeningHoursSpecification|Organization|PostalAddress|ProfessionalService|PropertyValue|WebSite","20","2","portfolio","case","P2","INDEX","self-canonical, indexable and present in sitemap","TESTED_LOCAL_BUILD"
"https://reumlab.com/portfolio/ai-work-hub/","200","https://reumlab.com/portfolio/ai-work-hub/","index, follow","yes","yes","no","AI 업무 자동화 허브 개발 사례 — 서비스 기획 | 름랩 REUMLAB","업무별 템플릿에 입력 몇 개만 넣으면 결과물을 자동 생성하는 AI 업무 자동화 허브입니다. 구현한 기능: 업무별 자동 생성 템플릿 · 입력 몇 개로 결과 산출 · 결과 관리·재사용. 담당 범위: 서비스 기획 · 웹 개발 · AI 연동 · 과금 설계.","AI 업무 자동화 허브 개발 사례","BreadcrumbList|ContactPoint|Country|CreativeWork|ListItem|OpeningHoursSpecification|Organization|PostalAddress|ProfessionalService|PropertyValue|WebSite","20","2","portfolio","case","P2","INDEX","self-canonical, indexable and present in sitemap","TESTED_LOCAL_BUILD"
"https://reumlab.com/portfolio/b2b-lead/","200","https://reumlab.com/portfolio/b2b-lead/","index, follow","yes","yes","no","B2B 파트너·리드 관리 앱 개발 사례 — 모노레포 설계 | 름랩 REUMLAB","파트너용 앱과 본사 관리자 대시보드를 하나의 워크스페이스로 묶어, 리드 현황을 실시간으로 공유하는 B2B 관리 도구입니다. 구현한 기능: 리드 등록·단계 관리 · 파트너용 앱 + 본사 대시보드 · 실적·정산 집계. 담당 범위: 모노레포 설계 · 앱 + 관리자 웹 · 공통 모듈 · 배포.","B2B 파트너·리드 관리 앱 개발 사례","BreadcrumbList|ContactPoint|Country|CreativeWork|ListItem|OpeningHoursSpecification|Organization|PostalAddress|ProfessionalService|PropertyValue|WebSite","20","2","portfolio","case","P2","INDEX","self-canonical, indexable and present in sitemap","TESTED_LOCAL_BUILD"
"https://reumlab.com/portfolio/data-crawl/","200","https://reumlab.com/portfolio/data-crawl/","index, follow","yes","yes","no","대규모 데이터 수집·검색 시스템 개발 사례 — 시스템 설계 | 름랩 REUMLAB","흩어진 대량 데이터를 자동으로 수집·정제·인덱싱하고 빠르게 검색할 수 있게 만든 데이터 시스템입니다. 구현한 기능: 대규모 수집 파이프라인 · 정제·인덱싱 · 빠른 검색. 담당 범위: 시스템 설계 · 수집·인덱싱 개발 · 검색 API.","대규모 데이터 수집·검색 시스템 개발 사례","BreadcrumbList|ContactPoint|Country|CreativeWork|ListItem|OpeningHoursSpecification|Organization|PostalAddress|ProfessionalService|PropertyValue|WebSite","15","2","portfolio","case","P2","INDEX","self-canonical, indexable and present in sitemap","TESTED_LOCAL_BUILD"
"https://reumlab.com/portfolio/digital-market/","200","https://reumlab.com/portfolio/digital-market/","index, follow","yes","yes","no","디지털 상품 마켓플레이스 개발 사례 — 커머스 구조 설계 | 름랩 REUMLAB","디지털 상품을 등록·판매하고 결제·정산까지 처리하는 마켓플레이스로, 비개발자도 관리자에서 직접 운영할 수 있게 만들었습니다. 구현한 기능: 상품 등록·판매 · 결제·정산 · 구매자·판매자 관리. 담당 범위: 커머스 구조 설계 · 웹 개발 · 결제 연동 · 관리자.","디지털 상품 마켓플레이스 개발 사례","BreadcrumbList|ContactPoint|Country|CreativeWork|ListItem|OpeningHoursSpecification|Organization|PostalAddress|ProfessionalService|PropertyValue|WebSite","19","2","portfolio","case","P2","INDEX","self-canonical, indexable and present in sitemap","TESTED_LOCAL_BUILD"
"https://reumlab.com/portfolio/edu-erp/","200","https://reumlab.com/portfolio/edu-erp/","index, follow","yes","yes","no","교육기관 운영 ERP 개발 사례 — 서비스 구조 설계 | 름랩 REUMLAB","여러 채널에 흩어져 있던 수납·출결·상담 업무를 하나의 관리자 화면에서 처리하도록 설계한 교육기관용 운영 ERP입니다. 구현한 기능: 수강생·학부모 통합 관리 · 수납·출결·상담 기록 일원화 · 역할별 관리자 권한. 담당 범위: 서비스 구조 설계 · 관리자 웹 개발 · 데이터베이스 · 배포.","교육기관 운영 ERP 개발 사례","BreadcrumbList|ContactPoint|Country|CreativeWork|ListItem|OpeningHoursSpecification|Organization|PostalAddress|ProfessionalService|PropertyValue|WebSite","20","2","portfolio","case","P2","INDEX","self-canonical, indexable and present in sitemap","TESTED_LOCAL_BUILD"
"https://reumlab.com/portfolio/edu-review/","200","https://reumlab.com/portfolio/edu-review/","index, follow","yes","yes","no","지역 교육정보 탐색·리뷰 앱 개발 사례 — 앱 기획 | 름랩 REUMLAB","지역 교육 정보를 조건별로 탐색하고 리뷰로 비교할 수 있는 크로스플랫폼 모바일 앱입니다. 구현한 기능: 조건별 검색·필터 · 지도 기반 탐색 · 리뷰·평점. 담당 범위: 앱 기획 · Flutter 앱 개발 · 추천 로직 · 관리자 연동.","지역 교육정보 탐색·리뷰 앱 개발 사례","BreadcrumbList|ContactPoint|Country|CreativeWork|ListItem|OpeningHoursSpecification|Organization|PostalAddress|ProfessionalService|PropertyValue|WebSite","18","2","portfolio","case","P2","INDEX","self-canonical, indexable and present in sitemap","TESTED_LOCAL_BUILD"
"https://reumlab.com/portfolio/gov-search/","200","https://reumlab.com/portfolio/gov-search/","index, follow","yes","yes","no","공공정보 AI 탐색 서비스 개발 사례 — 서비스 기획 | 름랩 REUMLAB","대충 설명해도 AI가 대화형으로 조건을 좁혀 알맞은 공공·지원 정보를 찾아주는 검색 서비스입니다. 구현한 기능: 대화형 조건 좁히기 · 조건 매칭 검색 · 결과 요약. 담당 범위: 서비스 기획 · 웹 개발 · AI·검색 연동.","공공정보 AI 탐색 서비스 개발 사례","BreadcrumbList|ContactPoint|Country|CreativeWork|ListItem|OpeningHoursSpecification|Organization|PostalAddress|ProfessionalService|PropertyValue|WebSite","20","2","portfolio","case","P2","INDEX","self-canonical, indexable and present in sitemap","TESTED_LOCAL_BUILD"
"https://reumlab.com/portfolio/","200","https://reumlab.com/portfolio/","index, follow","yes","yes","no","개발 사례 15건 — 앱·웹·ERP·AI 실제 구축 내역 | 름랩 REUMLAB","름랩이 실제로 구축한 앱·웹·ERP·SaaS·AI 자동화·데이터 시스템 15건의 개발 사례입니다. 각 사례마다 해결한 문제, 서비스 구조, 구현 기능, 사용 기술, 납품 산출물을 공개합니다.","서비스 이름보다, 해결한 문제를 보여드립니다","BreadcrumbList|ContactPoint|Country|ListItem|OpeningHoursSpecification|Organization|PostalAddress|ProfessionalService|PropertyValue|WebSite","31","1","portfolio","case_hub","P2","INDEX","self-canonical, indexable and present in sitemap","TESTED_LOCAL_BUILD"
"https://reumlab.com/portfolio/life-match/","200","https://reumlab.com/portfolio/life-match/","index, follow","yes","yes","no","생활서비스 매칭 플랫폼 개발 사례 — 플랫폼 구조 설계 | 름랩 REUMLAB","고객 요청서를 기준으로 업체를 매칭하고, 견적부터 정산까지 한 흐름으로 연결한 생활서비스 매칭 플랫폼입니다. 구현한 기능: 요청서 기반 매칭 · 업체·고객 양면 관리 · 견적·정산 흐름. 담당 범위: 플랫폼 구조 설계 · 웹/앱 개발 · 알림 연동 · 관리자.","생활서비스 매칭 플랫폼 개발 사례","BreadcrumbList|ContactPoint|Country|CreativeWork|ListItem|OpeningHoursSpecification|Organization|PostalAddress|ProfessionalService|PropertyValue|WebSite","20","2","portfolio","case","P2","INDEX","self-canonical, indexable and present in sitemap","TESTED_LOCAL_BUILD"
"https://reumlab.com/portfolio/pseo-engine/","200","https://reumlab.com/portfolio/pseo-engine/","index, follow","yes","yes","no","대규모 SEO 페이지 자동화 시스템 개발 사례 — 시스템 설계 | 름랩 REUMLAB","키워드 매트릭스(서비스×지역×업종×의도)에서 대량의 정적 페이지를 자동 생성하고 내부 링크로 묶는 프로그래매틱 SEO 시스템입니다. 구현한 기능: 키워드 매트릭스 자동 생성 · 대량 정적 페이지 빌드 · 내부 링크 클러스터링. 담당 범위: 시스템 설계 · 빌드 스크립트 · SEO 구조 · 자동 사이트맵.","대규모 SEO 페이지 자동화 시스템 개발 사례","BreadcrumbList|ContactPoint|Country|CreativeWork|ListItem|OpeningHoursSpecification|Organization|PostalAddress|ProfessionalService|PropertyValue|WebSite","19","2","portfolio","case","P2","INDEX","self-canonical, indexable and present in sitemap","TESTED_LOCAL_BUILD"
"https://reumlab.com/portfolio/quote-doc/","200","https://reumlab.com/portfolio/quote-doc/","index, follow","yes","yes","no","견적·청구 문서 자동화 도구 개발 사례 — 서비스 기획 | 름랩 REUMLAB","항목만 입력하면 견적서·인보이스를 자동으로 만들어 PDF로 출력·발송하는 문서 자동화 도구입니다. 구현한 기능: 항목 입력 → 문서 자동 생성 · 템플릿·브랜딩 · PDF 출력·발송. 담당 범위: 서비스 기획 · 웹 개발 · 문서 생성 로직.","견적·청구 문서 자동화 도구 개발 사례","BreadcrumbList|ContactPoint|Country|CreativeWork|ListItem|OpeningHoursSpecification|Organization|PostalAddress|ProfessionalService|PropertyValue|WebSite","20","2","portfolio","case","P2","INDEX","self-canonical, indexable and present in sitemap","TESTED_LOCAL_BUILD"
"https://reumlab.com/portfolio/research-writer/","200","https://reumlab.com/portfolio/research-writer/","index, follow","yes","yes","no","연구·문서 작성 보조 서비스 개발 사례 — 서비스 기획 | 름랩 REUMLAB","자료를 바탕으로 초안 작성을 돕고 구조·형식·인용을 정리해 주는 연구·문서 작성 보조 서비스입니다. 구현한 기능: 자료 기반 초안 보조 · 구조·형식 정리 · 인용·근거 관리. 담당 범위: 서비스 기획 · 웹 개발 · AI 연동.","연구·문서 작성 보조 서비스 개발 사례","BreadcrumbList|ContactPoint|Country|CreativeWork|ListItem|OpeningHoursSpecification|Organization|PostalAddress|ProfessionalService|PropertyValue|WebSite","18","2","portfolio","case","P2","INDEX","self-canonical, indexable and present in sitemap","TESTED_LOCAL_BUILD"
"https://reumlab.com/portfolio/sns-content/","200","https://reumlab.com/portfolio/sns-content/","index, follow","yes","yes","no","SNS 콘텐츠 자동화 서비스 개발 사례 — 서비스 기획 | 름랩 REUMLAB","주제만 입력하면 콘텐츠 초안과 문구 세트를 자동 생성하고, 발행 일정을 관리하는 SNS 콘텐츠 자동화 서비스입니다. 구현한 기능: 주제 입력 → 초안 자동 생성 · 이미지·문구 세트 · 발행 캘린더. 담당 범위: 서비스 기획 · 웹 개발 · AI 연동.","SNS 콘텐츠 자동화 서비스 개발 사례","BreadcrumbList|ContactPoint|Country|CreativeWork|ListItem|OpeningHoursSpecification|Organization|PostalAddress|ProfessionalService|PropertyValue|WebSite","18","2","portfolio","case","P2","INDEX","self-canonical, indexable and present in sitemap","TESTED_LOCAL_BUILD"
"https://reumlab.com/portfolio/soho-saas/","200","https://reumlab.com/portfolio/soho-saas/","index, follow","yes","yes","no","소상공인 운영 SaaS 개발 사례 — 서비스 구조 설계 | 름랩 REUMLAB","예약·고객·매출을 한 곳에서 관리하도록 통합한 소상공인용 올인원 운영 SaaS입니다. 구현한 기능: 예약·고객·매출 통합 · 간편 정산 · 멀티 매장·권한. 담당 범위: 서비스 구조 설계 · 웹앱 개발 · 데이터 모델 · 배포.","소상공인 운영 SaaS 개발 사례","BreadcrumbList|ContactPoint|Country|CreativeWork|ListItem|OpeningHoursSpecification|Organization|PostalAddress|ProfessionalService|PropertyValue|WebSite","20","2","portfolio","case","P2","INDEX","self-canonical, indexable and present in sitemap","TESTED_LOCAL_BUILD"
"https://reumlab.com/portfolio/space-booking/","200","https://reumlab.com/portfolio/space-booking/","index, follow","yes","yes","no","공간 예약·운영 웹 개발 사례 — 예약 구조 설계 | 름랩 REUMLAB","실시간 예약 캘린더와 결제·환불을 한 화면에서 처리하고, 운영자가 직접 관리하도록 만든 공간 예약·운영 웹입니다. 구현한 기능: 실시간 예약 캘린더 · 결제·환불 흐름 · 운영자 관리자. 담당 범위: 예약 구조 설계 · 웹 개발 · 결제 연동 · 관리자.","공간 예약·운영 웹 개발 사례","BreadcrumbList|ContactPoint|Country|CreativeWork|ListItem|OpeningHoursSpecification|Organization|PostalAddress|ProfessionalService|PropertyValue|WebSite","20","2","portfolio","case","P2","INDEX","self-canonical, indexable and present in sitemap","TESTED_LOCAL_BUILD"
"https://reumlab.com/privacy/","200","https://reumlab.com/privacy/","index,follow","yes","yes","no","개인정보처리방침 | 름랩 REUMLAB","름랩(REUMLAB)이 수집하는 개인정보 항목과 이용 목적, 보유·파기 기준, 이용자 권리와 문의 창구를 안내합니다.","개인정보처리방침","","3","1","service_or_hub","legal","P1","INDEX","self-canonical, indexable and present in sitemap","TESTED_LOCAL_BUILD"
"https://reumlab.com/realestate-landing/","200","https://reumlab.com/realestate-landing/","index, follow","yes","yes","no","부동산 랜딩페이지 제작 | 분양·매물 문의 전환형 — 름랩","분양·임대·매물 홍보용 부동산 랜딩페이지를 제작합니다. 문의 폼, 전화·카카오 바로 연결, 위치·지도, 매물 정보, 광고 추적(GA·픽셀)까지 전환 중심으로 구축하고 소스코드 전체 이관. 동탄·수원 거점, 전국 진행.","광고 클릭을 실제 문의로 연결하는 부동산 랜딩페이지","Answer|BreadcrumbList|ContactPoint|Country|FAQPage|ListItem|OpeningHoursSpecification|Organization|PostalAddress|ProfessionalService|PropertyValue|Question|Service|WebSite","28","1","service_or_hub","service_or_hub","P1","INDEX","self-canonical, indexable and present in sitemap","TESTED_LOCAL_BUILD"
"https://reumlab.com/refund/","200","https://reumlab.com/refund/","index,follow","yes","yes","no","취소 및 환불 안내 | 름랩 REUMLAB","름랩(REUMLAB) 개발 서비스의 계약 취소와 환불 처리 기준, 진행 단계별 적용 방식과 문의 방법을 안내합니다.","취소 및 환불 안내","","3","1","service_or_hub","legal","P1","INDEX","self-canonical, indexable and present in sitemap","TESTED_LOCAL_BUILD"
"https://reumlab.com/renewal/","200","https://reumlab.com/renewal/","index, follow","yes","yes","no","웹사이트 리뉴얼 외주 | 홈페이지 개편·모바일·SEO — 름랩","오래된 홈페이지를 모바일 반응형·검색 최적화로 리뉴얼합니다. 기존 콘텐츠를 살려 구조·디자인·속도를 개선하고, 소스코드 전체 이관 + 월 관리비 없음. 카페24·워드프레스·노코드에서 이전도 가능. 동탄·수원 거점, 전국 진행.","웹사이트 리뉴얼 — 오래된 홈페이지를 검색되는 사이트로","Answer|BreadcrumbList|ContactPoint|Country|FAQPage|ListItem|OpeningHoursSpecification|Organization|PostalAddress|ProfessionalService|PropertyValue|Question|Service|WebSite","31","2","service_or_hub","service_or_hub","P1","INDEX","self-canonical, indexable and present in sitemap","TESTED_LOCAL_BUILD"
"https://reumlab.com/reservation-commerce/","200","https://reumlab.com/reservation-commerce/","index,follow","yes","yes","no","예약·결제·회원제 서비스 개발 — 예약부터 운영까지 | 름랩 REUMLAB","실시간 일정, 상품·시간 관리, 결제, 알림, 관리자 운영 화면을 사업 방식에 맞게 구축합니다. 예약 충돌 방지 구조까지. 름랩.","예약·결제 시스템 개발 예약부터 결제와 운영까지 한곳에서","Answer|BreadcrumbList|ContactPoint|Country|FAQPage|ListItem|OpeningHoursSpecification|Organization|PostalAddress|ProfessionalService|PropertyValue|Question|Service|WebSite","24","1","service_or_hub","service_or_hub","P1","INDEX","self-canonical, indexable and present in sitemap","TESTED_LOCAL_BUILD"
"https://reumlab.com/service-renewal/","200","https://reumlab.com/service-renewal/","index,follow","yes","yes","no","기존 서비스 오류 수정·리뉴얼·인수 개발 | 름랩 REUMLAB","멈춰 있는 서비스를 다시 운영 가능한 상태로. 기존 소스코드·배포 환경을 먼저 점검한 뒤 오류 수정, 리뉴얼, 기능 추가, 인수 개발 가능 여부를 안내합니다. 름랩.","기존 서비스 개선·인수 개발 멈춰 있는 서비스를 다시 운영 가능한 상태로","Answer|BreadcrumbList|ContactPoint|Country|FAQPage|ListItem|OpeningHoursSpecification|Organization|PostalAddress|ProfessionalService|PropertyValue|Question|Service|WebSite","20","1","service_or_hub","service_or_hub","P1","INDEX","self-canonical, indexable and present in sitemap","TESTED_LOCAL_BUILD"
"https://reumlab.com/soho/","200","https://reumlab.com/soho/","index, follow","yes","yes","no","검색 노출되는 소상공인 홈페이지 제작 49만원 | 름랩 REUMLAB","광고비 0원으로도 손님이 스스로 찾아오는 검색 최적화 홈페이지. 소상공인·자영업자 전용 49만원부터, 검색 노출 설계 포함 마케팅 패키지 98만원. 소스코드 전체 이관·월 관리비 없음. 동탄·수원 거점 · 전국 어디서나 진행.","소상공인 홈페이지 제작 광고 없이 검색으로 손님이 찾아오게","Answer|BreadcrumbList|ContactPoint|Country|FAQPage|ListItem|OpeningHoursSpecification|Organization|PostalAddress|ProfessionalService|PropertyValue|Question|Service|WebSite","28","1","service_or_hub","service_or_hub","P1","INDEX","self-canonical, indexable and present in sitemap","TESTED_LOCAL_BUILD"
"https://reumlab.com/solution/academy/","200","https://reumlab.com/solution/academy/","index, follow","yes","yes","no","학원·교육 솔루션 구축 | 원생·학부모 앱 모듈 구성과 도입 단계 | 름랩","학원 솔루션은 수강신청·출결·결제·학부모 소통을 원생 앱과 원장·강사 관리자 웹으로 통합합니다. 모듈: 원생·학부모 앱·원장·강사 관리자 웹·수강신청·반 편성 모듈. 연동: 알림톡·문자 발송·PG 결제. 단계별 도입 · 소스코드 이관 · 월 관리비 없음.","학원·교육 솔루션 구축","Answer|BreadcrumbList|ContactPoint|Country|FAQPage|ListItem|OpeningHoursSpecification|Organization|PostalAddress|ProfessionalService|PropertyValue|Question|Service|WebSite","38","2","service_or_hub","industry_service","P1","INDEX","self-canonical, indexable and present in sitemap","TESTED_LOCAL_BUILD"
"https://reumlab.com/solution/agriculture/","200","https://reumlab.com/solution/agriculture/","index, follow","yes","yes","no","농업·산지직거래 솔루션 구축 | 기존 업무 흐름에 맞춘 설계·이관 | 름랩","농업·산지직거래 솔루션은 들쭉날쭉한 수확 물량을 예약 주문으로 미리 잡아 출하 계획으로 잇는 구조가 핵심입니다. 모듈: 소비자 앱·농가·출하 관리자 웹. 연동: PG·정기결제·택배·배송 추적. 단계별 도입 · 소스코드 이관 · 월 관리비 없음.","농업·산지직거래 솔루션 구축","Answer|BreadcrumbList|ContactPoint|Country|FAQPage|ListItem|OpeningHoursSpecification|Organization|PostalAddress|ProfessionalService|PropertyValue|Question|Service|WebSite","37","2","service_or_hub","industry_service","P1","INDEX","self-canonical, indexable and present in sitemap","TESTED_LOCAL_BUILD"
"https://reumlab.com/solution/animal-hospital/","200","https://reumlab.com/solution/animal-hospital/","index, follow","yes","yes","no","동물병원 솔루션 구축 | 기존 업무 흐름에 맞춘 설계·이관 | 름랩","동물병원 솔루션은 반려동물별 접종·건강 차트와 처치 주기 알림을 예약과 묶어 리콜 전화를 줄이는 것이 구축의 핵심입니다. 모듈: 보호자 앱·관리자 웹·재진·정기검진 리콜 모듈. 연동: 전자차트·진료 기록 연동·알림톡·문자. 단계별 도입 · 소스코드 이관 · 월 관리비 없음.","동물병원 솔루션 구축","Answer|BreadcrumbList|ContactPoint|Country|FAQPage|ListItem|OpeningHoursSpecification|Organization|PostalAddress|ProfessionalService|PropertyValue|Question|Service|WebSite","37","2","service_or_hub","industry_service","P1","INDEX","self-canonical, indexable and present in sitemap","TESTED_LOCAL_BUILD"
"https://reumlab.com/solution/art-academy/","200","https://reumlab.com/solution/art-academy/","index, follow","yes","yes","no","미술학원 솔루션 구축 | 학부모 앱 모듈 구성과 도입 단계 | 름랩","미술학원 솔루션은 학생별 작품 아카이브와 출결·진도를 학부모 앱과 관리자 웹으로 연결하는 것이 핵심입니다. 모듈: 학부모 앱·관리자 웹·재료비·수강료 수납 관리 모듈. 연동: 이미지 스토리지·알림톡·문자. 단계별 도입 · 소스코드 이관 · 월 관리비 없음.","미술학원 솔루션 구축","Answer|BreadcrumbList|ContactPoint|Country|FAQPage|ListItem|OpeningHoursSpecification|Organization|PostalAddress|ProfessionalService|PropertyValue|Question|Service|WebSite","38","2","service_or_hub","industry_service","P1","INDEX","self-canonical, indexable and present in sitemap","TESTED_LOCAL_BUILD"
"https://reumlab.com/solution/b2b-saas/","200","https://reumlab.com/solution/b2b-saas/","index, follow","yes","yes","no","B2B SaaS·업무툴 솔루션 어떻게 구축하나 | 기술 스택·연동·단계별 도입 | 름랩","B2B SaaS 솔루션은 핵심 업무 기능·구독·권한·대시보드를 통합합니다. 모듈: 핵심 업무 자동화 기능·구독·과금 모듈·팀·권한. 연동: PG·구독 과금·외부 도구 API. 단계별 도입 · 소스코드 이관 · 월 관리비 없음.","B2B SaaS·업무툴 솔루션 구축","Answer|BreadcrumbList|ContactPoint|Country|FAQPage|ListItem|OpeningHoursSpecification|Organization|PostalAddress|ProfessionalService|PropertyValue|Question|Service|WebSite","37","2","service_or_hub","industry_service","P1","INDEX","self-canonical, indexable and present in sitemap","TESTED_LOCAL_BUILD"
"https://reumlab.com/solution/bakery/","200","https://reumlab.com/solution/bakery/","index, follow","yes","yes","no","베이커리·디저트 솔루션 구축 | 고객 앱 모듈 구성과 도입 단계 | 름랩","베이커리·디저트 솔루션은 케이크 예약 주문의 옵션·픽업 시간을 생산 계획과 묶고 당일 재고 소진을 실시간으로 반영하는 것이 구축의 핵심입니다. 모듈: 고객 앱·관리자 웹·정기 빵 구독·배송 관리 모듈. 연동: PG 결제·예약금 선결제·알림톡·문자.","베이커리·디저트 솔루션 구축","Answer|BreadcrumbList|ContactPoint|Country|FAQPage|ListItem|OpeningHoursSpecification|Organization|PostalAddress|ProfessionalService|PropertyValue|Question|Service|WebSite","38","2","service_or_hub","industry_service","P1","INDEX","self-canonical, indexable and present in sitemap","TESTED_LOCAL_BUILD"
"https://reumlab.com/solution/billiards/","200","https://reumlab.com/solution/billiards/","index, follow","yes","yes","no","당구장·볼링장 솔루션 구축 | 이용자 앱 모듈 구성과 도입 단계 | 름랩","당구장·볼링장 솔루션은 테이블·레인 시간대 예약과 이용 시간 정산을 이용자 앱과 카운터 관리자 웹으로 잇는 것이 핵심입니다. 모듈: 이용자 앱·이용 시간·시간요금 정산·회원·멤버십 관리. 연동: 카운터 키오스크·POS·PG·선불 충전.","당구장·볼링장 솔루션 구축","Answer|BreadcrumbList|ContactPoint|Country|FAQPage|ListItem|OpeningHoursSpecification|Organization|PostalAddress|ProfessionalService|PropertyValue|Question|Service|WebSite","37","2","service_or_hub","industry_service","P1","INDEX","self-canonical, indexable and present in sitemap","TESTED_LOCAL_BUILD"
"https://reumlab.com/solution/booking/","200","https://reumlab.com/solution/booking/","index, follow","yes","yes","no","예약(미용·네일·공방) 솔루션 어떻게 구축하나 | 기술 스택·연동·단계별 도입 | 름랩","예약 매장 솔루션은 시술·클래스 예약·예약금·단골 관리를 고객 앱과 원장 관리자로 통합합니다. 모듈: 고객 앱·웹·원장·디자이너 일정 관리자·예약금·노쇼 방지 모듈. 연동: 예약금 PG 결제·알림톡·문자. 단계별 도입 · 소스코드 이관 · 월 관리비 없음.","예약(미용·네일·공방) 솔루션 구축","Answer|BreadcrumbList|ContactPoint|Country|FAQPage|ListItem|OpeningHoursSpecification|Organization|PostalAddress|ProfessionalService|PropertyValue|Question|Service|WebSite","37","2","service_or_hub","industry_service","P1","INDEX","self-canonical, indexable and present in sitemap","TESTED_LOCAL_BUILD"
"https://reumlab.com/solution/bookstore/","200","https://reumlab.com/solution/bookstore/","index, follow","yes","yes","no","서점·북카페 솔루션 구축 | 고객 앱 모듈 구성과 도입 단계 | 름랩","서점·북카페 솔루션은 도서 주문·픽업 예약과 북클럽 모임 신청을 고객 앱과 관리자 웹으로 통합하는 것이 핵심입니다. 모듈: 고객 앱·재고·품절 관리·북클럽·모임 신청 모듈. 연동: PG·간편결제·알림톡·문자. 단계별 도입 · 소스코드 이관 · 월 관리비 없음.","서점·북카페 솔루션 구축","Answer|BreadcrumbList|ContactPoint|Country|FAQPage|ListItem|OpeningHoursSpecification|Organization|PostalAddress|ProfessionalService|PropertyValue|Question|Service|WebSite","37","2","service_or_hub","industry_service","P1","INDEX","self-canonical, indexable and present in sitemap","TESTED_LOCAL_BUILD"
"https://reumlab.com/solution/butcher/","200","https://reumlab.com/solution/butcher/","index, follow","yes","yes","no","정육·수산 솔루션 어떻게 구축하나 | 기술 스택·연동·단계별 도입 | 름랩","정육·수산 솔루션은 부위·중량·손질 옵션을 정확히 받아 픽업·당일 배송을 지정하고 신선 재고를 실시간으로 관리하는 것이 핵심입니다. 모듈: 부위·중량·손질 옵션 주문·픽업·당일 배송 시간 지정·신선 재고·소진 관리. 연동: PG·주문 결제·알림톡·문자.","정육·수산 솔루션 구축","Answer|BreadcrumbList|ContactPoint|Country|FAQPage|ListItem|OpeningHoursSpecification|Organization|PostalAddress|ProfessionalService|PropertyValue|Question|Service|WebSite","37","2","service_or_hub","industry_service","P1","INDEX","self-canonical, indexable and present in sitemap","TESTED_LOCAL_BUILD"
"https://reumlab.com/solution/cafe/","200","https://reumlab.com/solution/cafe/","index, follow","yes","yes","no","카페 솔루션 어떻게 구축하나 | 기술 스택·연동·단계별 도입 | 름랩","카페 솔루션은 모바일 오더·스탬프·재고·구독을 고객 앱과 매장 관리자로 통합해 단골 데이터를 직접 확보합니다. 모듈: 고객 앱·매장 주문 접수 관리자·스탬프·쿠폰 적립 모듈. 연동: PG·간편결제·픽업 알림. 단계별 도입 · 소스코드 이관 · 월 관리비 없음.","카페 솔루션 구축","Answer|BreadcrumbList|ContactPoint|Country|FAQPage|ListItem|OpeningHoursSpecification|Organization|PostalAddress|ProfessionalService|PropertyValue|Question|Service|WebSite","39","2","service_or_hub","industry_service","P1","INDEX","self-canonical, indexable and present in sitemap","TESTED_LOCAL_BUILD"
"https://reumlab.com/solution/camping/","200","https://reumlab.com/solution/camping/","index, follow","yes","yes","no","캠핑·글램핑 솔루션 어떻게 구축하나 | 기술 스택·연동·단계별 도입 | 름랩","캠핑·글램핑 솔루션은 사이트별 달력 예약으로 중복을 막고 성수기·주말 차등 요금과 부대시설을 함께 예약받는 것이 핵심입니다. 모듈: 사이트·날짜별 달력 예약·바비큐·장비 부대시설 예약·예약금·결제·취소 관리. 연동: PG·예약금 결제·알림톡·문자.","캠핑·글램핑 솔루션 구축","Answer|BreadcrumbList|ContactPoint|Country|FAQPage|ListItem|OpeningHoursSpecification|Organization|PostalAddress|ProfessionalService|PropertyValue|Question|Service|WebSite","37","2","service_or_hub","industry_service","P1","INDEX","self-canonical, indexable and present in sitemap","TESTED_LOCAL_BUILD"
"https://reumlab.com/solution/car-repair/","200","https://reumlab.com/solution/car-repair/","index, follow","yes","yes","no","자동차정비 솔루션 구축 | 고객 앱 모듈 구성과 도입 단계 | 름랩","자동차정비 솔루션은 예약·차량 이력·견적·재고를 고객 앱과 정비 관리자로 통합합니다. 모듈: 고객 앱·정비 관리자·차량별 정비 이력 모듈. 연동: 알림톡·문자·부품 재고·발주. 단계별 도입 · 소스코드 이관 · 월 관리비 없음.","자동차정비 솔루션 구축","Answer|BreadcrumbList|ContactPoint|Country|FAQPage|ListItem|OpeningHoursSpecification|Organization|PostalAddress|ProfessionalService|PropertyValue|Question|Service|WebSite","38","2","service_or_hub","industry_service","P1","INDEX","self-canonical, indexable and present in sitemap","TESTED_LOCAL_BUILD"
"https://reumlab.com/solution/car-wash/","200","https://reumlab.com/solution/car-wash/","index, follow","yes","yes","no","세차·디테일링 솔루션 시스템 개발 | 회원 앱 연동까지 한 번에 | 름랩","세차·디테일링 솔루션은 예약과 현장 대기 순번으로 방문을 분산하고 월 정액 구독 세차권으로 반복 매출을 만드는 것이 구축의 핵심입니다. 모듈: 회원 앱·관리자 웹·멤버십·정기결제 관리 모듈. 연동: PG 정기결제·구독권 결제·알림톡·문자.","세차·디테일링 솔루션 구축","Answer|BreadcrumbList|ContactPoint|Country|FAQPage|ListItem|OpeningHoursSpecification|Organization|PostalAddress|ProfessionalService|PropertyValue|Question|Service|WebSite","38","2","service_or_hub","industry_service","P1","INDEX","self-canonical, indexable and present in sitemap","TESTED_LOCAL_BUILD"
"https://reumlab.com/solution/catering/","200","https://reumlab.com/solution/catering/","index, follow","yes","yes","no","케이터링·출장뷔페 솔루션 어떻게 구축하나 | 기술 스택·연동·단계별 도입 | 름랩","케이터링 솔루션은 인원·메뉴·장소별 견적 요청과 날짜별 행사 예약을 고객 앱과 관리자 웹으로 통합하는 것이 핵심입니다. 모듈: 고객 앱·인원·메뉴·옵션 견적 산출·날짜·장소 예약·중복 방지. 연동: PG·계약금 결제·알림톡·문자.","케이터링·출장뷔페 솔루션 구축","Answer|BreadcrumbList|ContactPoint|Country|FAQPage|ListItem|OpeningHoursSpecification|Organization|PostalAddress|ProfessionalService|PropertyValue|Question|Service|WebSite","37","2","service_or_hub","industry_service","P1","INDEX","self-canonical, indexable and present in sitemap","TESTED_LOCAL_BUILD"
"https://reumlab.com/solution/childcare/","200","https://reumlab.com/solution/childcare/","index, follow","yes","yes","no","유치원·어린이집 솔루션 어떻게 구축하나 | 기술 스택·연동·단계별 도입 | 름랩","유치원·어린이집 솔루션은 등하원 알림·알림장·식단·상담을 학부모 앱과 교사 관리자로 통합합니다. 모듈: 학부모 앱·교사·원장 관리자·등하원 체크·알림 모듈. 연동: 알림·사진 저장. 단계별 도입 · 소스코드 이관 · 월 관리비 없음.","유치원·어린이집 솔루션 구축","Answer|BreadcrumbList|ContactPoint|Country|FAQPage|ListItem|OpeningHoursSpecification|Organization|PostalAddress|ProfessionalService|PropertyValue|Question|Service|WebSite","37","2","service_or_hub","industry_service","P1","INDEX","self-canonical, indexable and present in sitemap","TESTED_LOCAL_BUILD"
"https://reumlab.com/solution/church/","200","https://reumlab.com/solution/church/","index, follow","yes","yes","no","교회·종교시설 솔루션 구축 | 기존 업무 흐름에 맞춘 설계·이관 | 름랩","교회·종교시설 솔루션은 교인 명부와 소식 전달, 헌금 관리라는 사무의 축을 하나로 잇는 것이 핵심입니다. 모듈: 교인·가족 명부 관리·주보·설교·소식 공유·예배·모임·행사 신청. 연동: 온라인 헌금 PG·정기 헌금 연동·주보·설교 콘텐츠 발행 연동.","교회·종교시설 솔루션 구축","Answer|BreadcrumbList|ContactPoint|Country|FAQPage|ListItem|OpeningHoursSpecification|Organization|PostalAddress|ProfessionalService|PropertyValue|Question|Service|WebSite","37","2","service_or_hub","industry_service","P1","INDEX","self-canonical, indexable and present in sitemap","TESTED_LOCAL_BUILD"
"https://reumlab.com/solution/cleaning/","200","https://reumlab.com/solution/cleaning/","index, follow","yes","yes","no","청소·홈서비스 솔루션 구축 | 기존 업무 흐름에 맞춘 설계·이관 | 름랩","청소·홈서비스 솔루션은 방문 예약·기사 배정·정기 구독·현장 관리를 통합합니다. 모듈: 고객 앱·배정·기사 관리자·기사 배정·동선 모듈. 연동: 사진 저장·공유·알림. 단계별 도입 · 소스코드 이관 · 월 관리비 없음.","청소·홈서비스 솔루션 구축","Answer|BreadcrumbList|ContactPoint|Country|FAQPage|ListItem|OpeningHoursSpecification|Organization|PostalAddress|ProfessionalService|PropertyValue|Question|Service|WebSite","38","2","service_or_hub","industry_service","P1","INDEX","self-canonical, indexable and present in sitemap","TESTED_LOCAL_BUILD"
"https://reumlab.com/solution/climbing/","200","https://reumlab.com/solution/climbing/","index, follow","yes","yes","no","클라이밍짐 솔루션 구축 | 기존 업무 흐름에 맞춘 설계·이관 | 름랩","클라이밍짐 솔루션은 회원권과 데이패스가 섞인 이용권 관리, 강습 예약을 이용자 앱과 관리자 웹으로 통합하는 것이 핵심입니다. 모듈: 이용자 앱·데이패스 1일권 발급·정산·강습·클래스 예약 모듈. 연동: 출입 QR·게이트·PG·데이패스 결제.","클라이밍짐 솔루션 구축","Answer|BreadcrumbList|ContactPoint|Country|FAQPage|ListItem|OpeningHoursSpecification|Organization|PostalAddress|ProfessionalService|PropertyValue|Question|Service|WebSite","37","2","service_or_hub","industry_service","P1","INDEX","self-canonical, indexable and present in sitemap","TESTED_LOCAL_BUILD"
"https://reumlab.com/solution/cloud-kitchen/","200","https://reumlab.com/solution/cloud-kitchen/","index, follow","yes","yes","no","공유주방 솔루션 시스템 개발 | 입점사 앱 연동까지 한 번에 | 름랩","공유주방 솔루션은 입점 관리·주방 예약·주문 접수·정산이라는 네 축을 입점사 앱과 운영사 관리자 웹으로 나눠 통합하고, 그 가운데 시간대·조리대 단위 중복을 막는 예약 엔진을 중심에 두는 구조입니다. 모듈: 입점사 앱·운영사 관리자 웹·주방·조리대 예약 엔진.","공유주방 솔루션 구축","Answer|BreadcrumbList|ContactPoint|Country|FAQPage|ListItem|OpeningHoursSpecification|Organization|PostalAddress|ProfessionalService|PropertyValue|Question|Service|WebSite","38","2","service_or_hub","industry_service","P1","INDEX","self-canonical, indexable and present in sitemap","TESTED_LOCAL_BUILD"
"https://reumlab.com/solution/coin-laundry/","200","https://reumlab.com/solution/coin-laundry/","index, follow","yes","yes","no","무인 코인세탁 솔루션 어떻게 구축하나 | 기술 스택·연동·단계별 도입 | 름랩","무인 코인세탁 솔루션은 실시간 기기 현황과 완료 알림, 모바일 결제를 하나로 잇는 것이 핵심입니다. 모듈: 모바일 결제·선불 충전·세탁 완료 푸시 알림·포인트·단골 혜택 관리. 연동: 세탁기·건조기 IoT 상태 연동·PG·선불 충전 결제 연동.","무인 코인세탁 솔루션 구축","Answer|BreadcrumbList|ContactPoint|Country|FAQPage|ListItem|OpeningHoursSpecification|Organization|PostalAddress|ProfessionalService|PropertyValue|Question|Service|WebSite","38","2","service_or_hub","industry_service","P1","INDEX","self-canonical, indexable and present in sitemap","TESTED_LOCAL_BUILD"
"https://reumlab.com/solution/community/","200","https://reumlab.com/solution/community/","index, follow","yes","yes","no","커뮤니티·모임 솔루션 구축 | 기존 업무 흐름에 맞춘 설계·이관 | 름랩","커뮤니티 솔루션은 게시판·알림·모임·운영도구를 앱과 관리자로 통합합니다. 모듈: 사용자 앱·운영자 관리자·게시판·댓글·알림 모듈. 연동: 푸시 알림·SNS 로그인. 단계별 도입 · 소스코드 이관 · 월 관리비 없음.","커뮤니티·모임 솔루션 구축","Answer|BreadcrumbList|ContactPoint|Country|FAQPage|ListItem|OpeningHoursSpecification|Organization|PostalAddress|ProfessionalService|PropertyValue|Question|Service|WebSite","37","2","service_or_hub","industry_service","P1","INDEX","self-canonical, indexable and present in sitemap","TESTED_LOCAL_BUILD"
"https://reumlab.com/solution/construction/","200","https://reumlab.com/solution/construction/","index, follow","yes","yes","no","건설·현장관리 솔루션 어떻게 구축하나 | 기술 스택·연동·단계별 도입 | 름랩","건설·현장관리 솔루션은 여러 현장의 일일 보고와 공정률을 본사가 실시간으로 취합하는 구조를 세우는 것이 핵심입니다. 모듈: 현장 작업자 앱·본사·소장 관리자 웹·현장 사진·이슈 보고 트래킹. 연동: 사진·문서 스토리지·지도·위치.","건설·현장관리 솔루션 구축","Answer|BreadcrumbList|ContactPoint|Country|FAQPage|ListItem|OpeningHoursSpecification|Organization|PostalAddress|ProfessionalService|PropertyValue|Question|Service|WebSite","38","2","service_or_hub","industry_service","P1","INDEX","self-canonical, indexable and present in sitemap","TESTED_LOCAL_BUILD"
"https://reumlab.com/solution/cooking-class/","200","https://reumlab.com/solution/cooking-class/","index, follow","yes","yes","no","요리·원데이 클래스 솔루션 구축 | 기존 업무 흐름에 맞춘 설계·이관 | 름랩","원데이 클래스 솔루션은 클래스 일정·예약·결제·후기를 수강생 앱과 공방 관리자 웹으로 통합하는 것이 핵심입니다. 연동: PG 기반 예약금·수강료 결제·알림톡·문자 리마인더 발송. 단계별 도입 · 소스코드 이관 · 월 관리비 없음.","요리·원데이 클래스 솔루션 구축","Answer|BreadcrumbList|ContactPoint|Country|FAQPage|ListItem|OpeningHoursSpecification|Organization|PostalAddress|ProfessionalService|PropertyValue|Question|Service|WebSite","37","2","service_or_hub","industry_service","P1","INDEX","self-canonical, indexable and present in sitemap","TESTED_LOCAL_BUILD"
"https://reumlab.com/solution/coworking/","200","https://reumlab.com/solution/coworking/","index, follow","yes","yes","no","공유오피스 솔루션 구축 | 기존 업무 흐름에 맞춘 설계·이관 | 름랩","공유오피스 솔루션은 멤버가 유연하게 쓰는 좌석·회의실 예약과 이용 정산을 자동으로 잇는 것이 핵심입니다. 모듈: 좌석·회의실 예약 모듈·멤버십·이용권 관리·출입. 연동: 출입 게이트·도어락·이용 내역 기반 정산·청구 연동. 단계별 도입 · 소스코드 이관 · 월 관리비 없음.","공유오피스 솔루션 구축","Answer|BreadcrumbList|ContactPoint|Country|FAQPage|ListItem|OpeningHoursSpecification|Organization|PostalAddress|ProfessionalService|PropertyValue|Question|Service|WebSite","38","2","service_or_hub","industry_service","P1","INDEX","self-canonical, indexable and present in sitemap","TESTED_LOCAL_BUILD"
"https://reumlab.com/solution/creator/","200","https://reumlab.com/solution/creator/","index, follow","yes","yes","no","크리에이터·MCN 솔루션 시스템 개발 | 매칭 모듈 연동까지 한 번에 | 름랩","크리에이터·MCN 솔루션은 흩어진 광고주-크리에이터 매칭과 캠페인 진행, 콘텐츠 일정, 정산을 하나의 데이터로 묶는 것이 핵심입니다. 모듈: 매칭 모듈·캠페인·협찬 진행 관리·콘텐츠 업로드 일정 캘린더. 연동: 정산·세금계산서 발행 연동·SNS·채널 성과 지표 수집.","크리에이터·MCN 솔루션 구축","Answer|BreadcrumbList|ContactPoint|Country|FAQPage|ListItem|OpeningHoursSpecification|Organization|PostalAddress|ProfessionalService|PropertyValue|Question|Service|WebSite","37","2","service_or_hub","industry_service","P1","INDEX","self-canonical, indexable and present in sitemap","TESTED_LOCAL_BUILD"
"https://reumlab.com/solution/dance-academy/","200","https://reumlab.com/solution/dance-academy/","index, follow","yes","yes","no","무용·발레학원 솔루션 시스템 개발 | 학부모 앱 연동까지 한 번에 | 름랩","무용·발레학원 솔루션은 정기 수업 예약·출결과 발표회 신청·참가비 관리를 학부모 앱과 관리자 웹으로 잇는 것이 핵심입니다. 모듈: 학부모 앱·수업·클래스 출결 관리·발표회·공연 신청 모듈. 연동: PG·참가비 결제·알림톡·문자.","무용·발레학원 솔루션 구축","Answer|BreadcrumbList|ContactPoint|Country|FAQPage|ListItem|OpeningHoursSpecification|Organization|PostalAddress|ProfessionalService|PropertyValue|Question|Service|WebSite","38","2","service_or_hub","industry_service","P1","INDEX","self-canonical, indexable and present in sitemap","TESTED_LOCAL_BUILD"
"https://reumlab.com/solution/delivery/","200","https://reumlab.com/solution/delivery/","index, follow","yes","yes","no","배달·주문 솔루션 구축 | 고객 앱·웹 모듈 구성과 도입 단계 | 름랩","자체 주문·배달 솔루션은 메뉴·주문·결제·배차를 고객 앱과 매장 관리자로 통합해 배달앱 수수료 부담을 줄입니다. 모듈: 고객 앱·웹·매장 접수 관리자·주문 상태 알림 모듈. 연동: PG·간편결제·주문 상태 알림. 단계별 도입 · 소스코드 이관 · 월 관리비 없음.","배달·주문 솔루션 구축","Answer|BreadcrumbList|ContactPoint|Country|FAQPage|ListItem|OpeningHoursSpecification|Organization|PostalAddress|ProfessionalService|PropertyValue|Question|Service|WebSite","39","2","service_or_hub","industry_service","P1","INDEX","self-canonical, indexable and present in sitemap","TESTED_LOCAL_BUILD"
"https://reumlab.com/solution/dental/","200","https://reumlab.com/solution/dental/","index, follow","yes","yes","no","치과 솔루션 구축 | 환자 앱 모듈 구성과 도입 단계 | 름랩","치과 솔루션의 핵심은 예약·문진에 더해 정기검진 리콜과 교정·임플란트 회차 관리를 한 시스템으로 묶는 것입니다. 모듈: 환자 앱·정기검진 리콜 엔진·교정·임플란트 회차 관리. 연동: 전자차트 연동·알림톡·문자 발송. 단계별 도입 · 소스코드 이관 · 월 관리비 없음.","치과 솔루션 구축","Answer|BreadcrumbList|ContactPoint|Country|FAQPage|ListItem|OpeningHoursSpecification|Organization|PostalAddress|ProfessionalService|PropertyValue|Question|Service|WebSite","37","2","service_or_hub","industry_service","P1","INDEX","self-canonical, indexable and present in sitemap","TESTED_LOCAL_BUILD"
"https://reumlab.com/solution/driving-school/","200","https://reumlab.com/solution/driving-school/","index, follow","yes","yes","no","운전학원 솔루션 시스템 개발 | 수강생 앱 연동까지 한 번에 | 름랩","운전학원 솔루션은 기능·도로주행 교육 예약과 차량·강사 배정을 수강생 앱과 배차 관리자 웹으로 통합하는 것이 핵심입니다. 모듈: 수강생 앱·배차 관리자 웹·기능·도로주행 교육 예약 모듈. 연동: 알림톡·문자·PG 결제. 단계별 도입 · 소스코드 이관 · 월 관리비 없음.","운전학원 솔루션 구축","Answer|BreadcrumbList|ContactPoint|Country|FAQPage|ListItem|OpeningHoursSpecification|Organization|PostalAddress|ProfessionalService|PropertyValue|Question|Service|WebSite","37","2","service_or_hub","industry_service","P1","INDEX","self-canonical, indexable and present in sitemap","TESTED_LOCAL_BUILD"
"https://reumlab.com/solution/english-academy/","200","https://reumlab.com/solution/english-academy/","index, follow","yes","yes","no","영어학원 솔루션 어떻게 구축하나 | 기술 스택·연동·단계별 도입 | 름랩","영어학원 솔루션은 레벨 테스트·수업 예약·단어 관리·학부모 리포트를 하나의 시스템으로 묶습니다. 모듈: 학생·학부모 앱·레벨 테스트·반 편성 엔진·수업 예약·화상 링크 모듈. 연동: 화상 회의 도구 링크 연동·알림톡·문자. 단계별 도입 · 소스코드 이관 · 월 관리비 없음.","영어학원 솔루션 구축","Answer|BreadcrumbList|ContactPoint|Country|FAQPage|ListItem|OpeningHoursSpecification|Organization|PostalAddress|ProfessionalService|PropertyValue|Question|Service|WebSite","38","2","service_or_hub","industry_service","P1","INDEX","self-canonical, indexable and present in sitemap","TESTED_LOCAL_BUILD"
"https://reumlab.com/solution/esthetic/","200","https://reumlab.com/solution/esthetic/","index, follow","yes","yes","no","에스테틱·스파 솔루션 어떻게 구축하나 | 기술 스택·연동·단계별 도입 | 름랩","에스테틱·스파 솔루션은 관리 프로그램 예약과 회차권 잔여 관리를 고객 앱과 관리자 웹으로 통합하는 것이 핵심입니다. 모듈: 고객 앱·관리자 웹·피부·바디 상태 기록 모듈. 연동: 알림톡·문자·PG·정기결제. 단계별 도입 · 소스코드 이관 · 월 관리비 없음.","에스테틱·스파 솔루션 구축","Answer|BreadcrumbList|ContactPoint|Country|FAQPage|ListItem|OpeningHoursSpecification|Organization|PostalAddress|ProfessionalService|PropertyValue|Question|Service|WebSite","37","2","service_or_hub","industry_service","P1","INDEX","self-canonical, indexable and present in sitemap","TESTED_LOCAL_BUILD"
"https://reumlab.com/solution/event-agency/","200","https://reumlab.com/solution/event-agency/","index, follow","yes","yes","no","행사·이벤트 대행 솔루션 구축 | 의뢰인 앱 모듈 구성과 도입 단계 | 름랩","행사 대행 솔루션은 견적·일정·인력 배치·정산을 의뢰인 앱과 관리자 웹, 스태프 화면으로 역할을 나눠 구축하는 것이 핵심입니다. 모듈: 의뢰인 앱·스태프 앱·관리자 웹. 연동: 결제 PG와 스태프 정산 이체. 단계별 도입 · 소스코드 이관 · 월 관리비 없음.","행사·이벤트 대행 솔루션 구축","Answer|BreadcrumbList|ContactPoint|Country|FAQPage|ListItem|OpeningHoursSpecification|Organization|PostalAddress|ProfessionalService|PropertyValue|Question|Service|WebSite","37","2","service_or_hub","industry_service","P1","INDEX","self-canonical, indexable and present in sitemap","TESTED_LOCAL_BUILD"
"https://reumlab.com/solution/fishing/","200","https://reumlab.com/solution/fishing/","index, follow","yes","yes","no","낚시·선상 솔루션 구축 | 낚시객 앱 모듈 구성과 도입 단계 | 름랩","낚시·선상 솔루션은 한정된 선상 좌석 예약과 물때·출조 일정 안내를 낚시객 앱과 선장 관리자 웹으로 잇는 것이 핵심입니다. 모듈: 낚시객 앱·출조 일정·물때 안내·예약금·정산 모듈. 연동: PG·예약금 결제·알림톡·문자. 단계별 도입 · 소스코드 이관 · 월 관리비 없음.","낚시·선상 솔루션 구축","Answer|BreadcrumbList|ContactPoint|Country|FAQPage|ListItem|OpeningHoursSpecification|Organization|PostalAddress|ProfessionalService|PropertyValue|Question|Service|WebSite","37","2","service_or_hub","industry_service","P1","INDEX","self-canonical, indexable and present in sitemap","TESTED_LOCAL_BUILD"
"https://reumlab.com/solution/fitness/","200","https://reumlab.com/solution/fitness/","index, follow","yes","yes","no","피트니스·헬스장 솔루션 시스템 개발 | 회원 앱 연동까지 한 번에 | 름랩","헬스장 솔루션은 회원권·출석·PT 예약·결제를 회원 앱과 관리자 웹으로 통합하는 것이 핵심입니다. 모듈: 회원 앱·관리자 웹·회원권 잔여·만료 관리. 연동: 출입 QR·키오스크·PG·정기결제. 단계별 도입 · 소스코드 이관 · 월 관리비 없음.","피트니스·헬스장 솔루션 구축","Answer|BreadcrumbList|ContactPoint|Country|FAQPage|ListItem|OpeningHoursSpecification|Organization|PostalAddress|ProfessionalService|PropertyValue|Question|Service|WebSite","37","2","service_or_hub","industry_service","P1","INDEX","self-canonical, indexable and present in sitemap","TESTED_LOCAL_BUILD"
"https://reumlab.com/solution/flower/","200","https://reumlab.com/solution/flower/","index, follow","yes","yes","no","꽃집·화훼 솔루션 구축 | 기존 업무 흐름에 맞춘 설계·이관 | 름랩","꽃집·화훼 솔루션은 옵션 주문 제작과 배송 시간 지정을 고객 앱과 관리자 웹으로 통합하는 것이 핵심입니다. 모듈: 고객 앱·관리자 웹·배송·픽업 시간 지정 모듈. 연동: 알림톡·문자·PG·정기결제. 단계별 도입 · 소스코드 이관 · 월 관리비 없음.","꽃집·화훼 솔루션 구축","Answer|BreadcrumbList|ContactPoint|Country|FAQPage|ListItem|OpeningHoursSpecification|Organization|PostalAddress|ProfessionalService|PropertyValue|Question|Service|WebSite","37","2","service_or_hub","industry_service","P1","INDEX","self-canonical, indexable and present in sitemap","TESTED_LOCAL_BUILD"
"https://reumlab.com/solution/foodtech/","200","https://reumlab.com/solution/foodtech/","index, follow","yes","yes","no","푸드테크·식단 솔루션 구축 | 회원 앱 모듈 구성과 도입 단계 | 름랩","푸드테크·식단 솔루션은 단건 주문과 정기 구독·배송 주기를 하나의 흐름으로 묶어 구독 이탈을 줄이는 구조를 만드는 것이 핵심입니다. 모듈: 회원 앱·관리자 웹·정기 구독·배송 주기 스케줄러. 연동: PG 정기결제·단건 결제·배송·택배사 송장 연동.","푸드테크·식단 솔루션 구축","Answer|BreadcrumbList|ContactPoint|Country|FAQPage|ListItem|OpeningHoursSpecification|Organization|PostalAddress|ProfessionalService|PropertyValue|Question|Service|WebSite","38","2","service_or_hub","industry_service","P1","INDEX","self-canonical, indexable and present in sitemap","TESTED_LOCAL_BUILD"
"https://reumlab.com/solution/franchise/","200","https://reumlab.com/solution/franchise/","index, follow","yes","yes","no","프랜차이즈 본사 솔루션 어떻게 구축하나 | 기술 스택·연동·단계별 도입 | 름랩","프랜차이즈 본사 솔루션은 가맹점 발주·매출 집계·공지·슈퍼바이징을 본사·가맹 화면으로 통합합니다. 모듈: 가맹점 발주 화면·본사 통합 관리자·매장별 매출 집계·리포트. 연동: 물류·발주 연동·회계·정산 연동. 단계별 도입 · 소스코드 이관 · 월 관리비 없음.","프랜차이즈 본사 솔루션 구축","Answer|BreadcrumbList|ContactPoint|Country|FAQPage|ListItem|OpeningHoursSpecification|Organization|PostalAddress|ProfessionalService|PropertyValue|Question|Service|WebSite","37","2","service_or_hub","industry_service","P1","INDEX","self-canonical, indexable and present in sitemap","TESTED_LOCAL_BUILD"
"https://reumlab.com/solution/funeral/","200","https://reumlab.com/solution/funeral/","index, follow","yes","yes","no","상조·장례 솔루션 어떻게 구축하나 | 기술 스택·연동·단계별 도입 | 름랩","상조·장례 솔루션은 갑작스러운 상황의 긴급 상담 연결과 상품·절차 안내, 회원 납입 관리를 앱과 상담·의전 관리자 웹으로 잇는 것이 핵심입니다. 모듈: 회원 앱·상조 상품·패키지 안내 모듈·장례 일정·절차 안내 모듈. 연동: 긴급 상담 전화·즉시 연결·알림톡·문자.","상조·장례 솔루션 구축","Answer|BreadcrumbList|ContactPoint|Country|FAQPage|ListItem|OpeningHoursSpecification|Organization|PostalAddress|ProfessionalService|PropertyValue|Question|Service|WebSite","37","2","service_or_hub","industry_service","P1","INDEX","self-canonical, indexable and present in sitemap","TESTED_LOCAL_BUILD"
"https://reumlab.com/solution/furniture/","200","https://reumlab.com/solution/furniture/","index, follow","yes","yes","no","가구·리빙 솔루션 구축 | 고객 앱 모듈 구성과 도입 단계 | 름랩","가구·리빙 솔루션은 옵션·치수를 정확히 받아 제작 지시로 잇고, 배송·설치와 AS를 하나의 이력으로 관리하는 구조가 핵심입니다. 모듈: 고객 앱·주문·배송 관리자 웹. 연동: PG 결제·사진·도면 업로드 스토리지. 단계별 도입 · 소스코드 이관 · 월 관리비 없음.","가구·리빙 솔루션 구축","Answer|BreadcrumbList|ContactPoint|Country|FAQPage|ListItem|OpeningHoursSpecification|Organization|PostalAddress|ProfessionalService|PropertyValue|Question|Service|WebSite","37","2","service_or_hub","industry_service","P1","INDEX","self-canonical, indexable and present in sitemap","TESTED_LOCAL_BUILD"
"https://reumlab.com/solution/game-studio/","200","https://reumlab.com/solution/game-studio/","index, follow","yes","yes","no","게임 개발 솔루션 어떻게 구축하나 | 기술 스택·연동·단계별 도입 | 름랩","게임 솔루션은 재미의 핵심 루프와 인앱결제를 먼저 검증한 뒤 서버·라이브 운영으로 넓히는 것이 핵심입니다. 모듈: 캐주얼 게임 클라이언트·인앱결제·상점 모듈·리더보드·랭킹. 연동: 인앱결제·앱스토어 결제·광고 SDK·리워드 광고.","게임 개발 솔루션 구축","Answer|BreadcrumbList|ContactPoint|Country|FAQPage|ListItem|OpeningHoursSpecification|Organization|PostalAddress|ProfessionalService|PropertyValue|Question|Service|WebSite","37","2","service_or_hub","industry_service","P1","INDEX","self-canonical, indexable and present in sitemap","TESTED_LOCAL_BUILD"
"https://reumlab.com/solution/golf/","200","https://reumlab.com/solution/golf/","index, follow","yes","yes","no","골프·스포츠 예약 솔루션 구축 | 회원 앱 모듈 구성과 도입 단계 | 름랩","골프·스포츠 예약 솔루션은 타임·코트 부킹과 예약금·정산을 회원 앱과 관리자 웹으로 묶어 중복 예약을 막는 것이 구축의 출발점입니다. 모듈: 회원 앱·관리자 웹·멤버십·정기 이용권 관리 모듈. 연동: 예약금·잔금 PG 결제·알림톡·문자.","골프·스포츠 예약 솔루션 구축","Answer|BreadcrumbList|ContactPoint|Country|FAQPage|ListItem|OpeningHoursSpecification|Organization|PostalAddress|ProfessionalService|PropertyValue|Question|Service|WebSite","37","2","service_or_hub","industry_service","P1","INDEX","self-canonical, indexable and present in sitemap","TESTED_LOCAL_BUILD"
"https://reumlab.com/solution/golf-range/","200","https://reumlab.com/solution/golf-range/","index, follow","yes","yes","no","골프연습장 솔루션 구축 | 회원 앱 모듈 구성과 도입 단계 | 름랩","골프연습장 솔루션은 정기권 회원의 타석 배정·대기와 이용 시간 관리를 회원 앱과 관리자 웹으로 통합하는 것이 핵심입니다. 모듈: 회원 앱·타석 배정·대기 자동화·이용 시간·입장 관리. 연동: 출입 게이트·QR·PG·정기권 결제.","골프연습장 솔루션 구축","Answer|BreadcrumbList|ContactPoint|Country|FAQPage|ListItem|OpeningHoursSpecification|Organization|PostalAddress|ProfessionalService|PropertyValue|Question|Service|WebSite","37","2","service_or_hub","industry_service","P1","INDEX","self-canonical, indexable and present in sitemap","TESTED_LOCAL_BUILD"
"https://reumlab.com/solution/grocery/","200","https://reumlab.com/solution/grocery/","index, follow","yes","yes","no","동네마트·장보기 솔루션 어떻게 구축하나 | 기술 스택·연동·단계별 도입 | 름랩","동네마트·장보기 솔루션은 장바구니 주문과 당일·즉시 배달 시간 지정, 실시간 재고·품절 반영을 하나로 묶는 것이 핵심입니다. 모듈: 상품·장바구니·주문·당일·즉시 배달 시간 지정·실시간 재고·품절 반영. 연동: PG·주문 결제·알림톡·문자.","동네마트·장보기 솔루션 구축","Answer|BreadcrumbList|ContactPoint|Country|FAQPage|ListItem|OpeningHoursSpecification|Organization|PostalAddress|ProfessionalService|PropertyValue|Question|Service|WebSite","37","2","service_or_hub","industry_service","P1","INDEX","self-canonical, indexable and present in sitemap","TESTED_LOCAL_BUILD"
"https://reumlab.com/solution/hair-salon/","200","https://reumlab.com/solution/hair-salon/","index, follow","yes","yes","no","미용실 솔루션 구축 | 고객 앱 모듈 구성과 도입 단계 | 름랩","미용실 솔루션은 디자이너 지정 예약·시술 이력·리콜·멤버십을 통합해 지정 손님의 재방문을 관리합니다. 모듈: 고객 앱·디자이너 일정 관리자·시술 이력. 연동: 알림톡·문자·예약금·결제. 단계별 도입 · 소스코드 이관 · 월 관리비 없음.","미용실 솔루션 구축","Answer|BreadcrumbList|ContactPoint|Country|FAQPage|ListItem|OpeningHoursSpecification|Organization|PostalAddress|ProfessionalService|PropertyValue|Question|Service|WebSite","37","2","service_or_hub","industry_service","P1","INDEX","self-canonical, indexable and present in sitemap","TESTED_LOCAL_BUILD"
"https://reumlab.com/solution/hospital/","200","https://reumlab.com/solution/hospital/","index, follow","yes","yes","no","병원·의원 솔루션 시스템 개발 | 환자 앱 연동까지 한 번에 | 름랩","병원·의원 디지털 솔루션은 예약·문진·알림·데스크 관리를 하나의 시스템으로 묶어, 접수 창구의 반복 업무를 앱과 관리자 웹으로 옮기는 것이 목표입니다. 모듈: 환자 앱·데스크 관리자 웹·사전 문진 폼 엔진. 연동: 전자차트·알림톡·문자 발송.","병원·의원 솔루션 구축","Answer|BreadcrumbList|ContactPoint|Country|FAQPage|ListItem|OpeningHoursSpecification|Organization|PostalAddress|ProfessionalService|PropertyValue|Question|Service|WebSite","37","2","service_or_hub","industry_service","P1","INDEX","self-canonical, indexable and present in sitemap","TESTED_LOCAL_BUILD"
"https://reumlab.com/solution/","200","https://reumlab.com/solution/","index, follow","yes","yes","no","업종별 솔루션·시스템 구축 100개 업종 | 모듈·연동 — 름랩","병원·학원·헬스장·커머스부터 제조·전문서비스까지 100개 업종별 솔루션 구축 가이드. 업종마다 어떤 기능 모듈로, 어떤 기술 스택과 연동으로, 어떤 단계로 시스템을 구축하는지 정리했습니다. 소스코드 전체 이관·직접 운영.","업종별 솔루션·시스템 구축 — 100개 업종 모듈·연동","BreadcrumbList|CollectionPage|ContactPoint|Country|ItemList|ListItem|OpeningHoursSpecification|Organization|PostalAddress|ProfessionalService|PropertyValue|WebSite","363","2","service_or_hub","service_or_hub","P1","INDEX","self-canonical, indexable and present in sitemap","TESTED_LOCAL_BUILD"
"https://reumlab.com/solution/insurance/","200","https://reumlab.com/solution/insurance/","index, follow","yes","yes","no","보험 설계 솔루션 시스템 개발 | 설계사 앱 연동까지 한 번에 | 름랩","보험 설계 솔루션은 상담·청약·고객 CRM을 설계사 앱과 관리자 웹으로 통합하고, 계약 진행 파이프라인과 수수료 정산 엔진을 중심에 두는 것이 핵심입니다. 모듈: 설계사 앱·관리자 웹·수수료 집계·정산 엔진. 연동: 알림톡·문자·전자서명·청약 문서 처리.","보험 설계 솔루션 구축","Answer|BreadcrumbList|ContactPoint|Country|FAQPage|ListItem|OpeningHoursSpecification|Organization|PostalAddress|ProfessionalService|PropertyValue|Question|Service|WebSite","37","2","service_or_hub","industry_service","P1","INDEX","self-canonical, indexable and present in sitemap","TESTED_LOCAL_BUILD"
"https://reumlab.com/solution/interior/","200","https://reumlab.com/solution/interior/","index, follow","yes","yes","no","인테리어·시공 솔루션 구축 | 고객 공유 모듈 구성과 도입 단계 | 름랩","인테리어 솔루션은 견적·시공 일지·대금·AS를 고객 공유와 현장 관리자로 통합합니다. 모듈: 고객 공유·현장·디자이너 관리자·공정별 사진 일지 모듈. 연동: 사진 저장·공유·알림톡·문자. 단계별 도입 · 소스코드 이관 · 월 관리비 없음.","인테리어·시공 솔루션 구축","Answer|BreadcrumbList|ContactPoint|Country|FAQPage|ListItem|OpeningHoursSpecification|Organization|PostalAddress|ProfessionalService|PropertyValue|Question|Service|WebSite","38","2","service_or_hub","industry_service","P1","INDEX","self-canonical, indexable and present in sitemap","TESTED_LOCAL_BUILD"
"https://reumlab.com/solution/kids-cafe/","200","https://reumlab.com/solution/kids-cafe/","index, follow","yes","yes","no","키즈카페 솔루션 구축 | 기존 업무 흐름에 맞춘 설계·이관 | 름랩","키즈카페 솔루션은 입장 예약으로 정원을 관리하고 이용 시간권 차감과 생일파티 룸 예약을 함께 묶는 것이 핵심입니다. 모듈: 입장 예약·정원 관리·이용 시간권·차감·생일파티 룸·패키지 예약. 연동: PG·파티 예약 결제·알림톡·문자.","키즈카페 솔루션 구축","Answer|BreadcrumbList|ContactPoint|Country|FAQPage|ListItem|OpeningHoursSpecification|Organization|PostalAddress|ProfessionalService|PropertyValue|Question|Service|WebSite","37","2","service_or_hub","industry_service","P1","INDEX","self-canonical, indexable and present in sitemap","TESTED_LOCAL_BUILD"
"https://reumlab.com/solution/labor-hr/","200","https://reumlab.com/solution/labor-hr/","index, follow","yes","yes","no","노무·인사 솔루션 구축 | 기존 업무 흐름에 맞춘 설계·이관 | 름랩","노무·인사 솔루션은 근태 기록을 급여·수당 산정과 전자 계약으로 이어지는 데이터로 연결하는 것이 핵심입니다. 모듈: 직원 앱·인사 관리자 웹. 연동: GPS·와이파이·QR 출퇴근 인증·전자서명. 단계별 도입 · 소스코드 이관 · 월 관리비 없음.","노무·인사 솔루션 구축","Answer|BreadcrumbList|ContactPoint|Country|FAQPage|ListItem|OpeningHoursSpecification|Organization|PostalAddress|ProfessionalService|PropertyValue|Question|Service|WebSite","38","2","service_or_hub","industry_service","P1","INDEX","self-canonical, indexable and present in sitemap","TESTED_LOCAL_BUILD"
"https://reumlab.com/solution/laundry/","200","https://reumlab.com/solution/laundry/","index, follow","yes","yes","no","세탁·수거배송 솔루션 구축 | 기존 업무 흐름에 맞춘 설계·이관 | 름랩","세탁·수거배송 솔루션은 접수·세탁·완료 상태를 고객에게 투명하게 보여 주고 정기 수거를 자동으로 걸어 두는 것이 구축의 핵심입니다. 모듈: 고객 앱·관리자 웹·정기 수거 요일·주기 스케줄러. 연동: PG 결제·이용 내역·알림톡·문자.","세탁·수거배송 솔루션 구축","Answer|BreadcrumbList|ContactPoint|Country|FAQPage|ListItem|OpeningHoursSpecification|Organization|PostalAddress|ProfessionalService|PropertyValue|Question|Service|WebSite","38","2","service_or_hub","industry_service","P1","INDEX","self-canonical, indexable and present in sitemap","TESTED_LOCAL_BUILD"
"https://reumlab.com/solution/law-firm/","200","https://reumlab.com/solution/law-firm/","index, follow","yes","yes","no","법무법인·변호사 솔루션 구축 | 기존 업무 흐름에 맞춘 설계·이관 | 름랩","법무법인 솔루션은 사건 진행 단계 조회와 서류 업로드를 분야별 상담 접수와 묶되 접근 권한·비밀유지 설계를 먼저 잡는 것이 구축의 핵심입니다. 모듈: 의뢰인 앱·관리자 웹·분야별 상담 접수·배정 모듈. 연동: 사건·수임 관리·알림톡·문자.","법무법인·변호사 솔루션 구축","Answer|BreadcrumbList|ContactPoint|Country|FAQPage|ListItem|OpeningHoursSpecification|Organization|PostalAddress|ProfessionalService|PropertyValue|Question|Service|WebSite","37","2","service_or_hub","industry_service","P1","INDEX","self-canonical, indexable and present in sitemap","TESTED_LOCAL_BUILD"
"https://reumlab.com/solution/liquor-shop/","200","https://reumlab.com/solution/liquor-shop/","index, follow","yes","yes","no","주류·와인샵 솔루션 어떻게 구축하나 | 기술 스택·연동·단계별 도입 | 름랩","주류·와인샵 솔루션은 성인 인증을 갖춘 스마트오더와 매장 픽업 예약을 고객 앱과 관리자 웹으로 잇는 것이 핵심입니다. 모듈: 고객 앱·성인 인증·스마트오더·픽업 예약. 연동: 본인인증·성인 인증·PG·간편결제. 단계별 도입 · 소스코드 이관 · 월 관리비 없음.","주류·와인샵 솔루션 구축","Answer|BreadcrumbList|ContactPoint|Country|FAQPage|ListItem|OpeningHoursSpecification|Organization|PostalAddress|ProfessionalService|PropertyValue|Question|Service|WebSite","37","2","service_or_hub","industry_service","P1","INDEX","self-canonical, indexable and present in sitemap","TESTED_LOCAL_BUILD"
"https://reumlab.com/solution/loan/","200","https://reumlab.com/solution/loan/","index, follow","yes","yes","no","대출·금융 상담 솔루션 시스템 개발 | 핵심 연동까지 한 번에 | 름랩","대출 상담 솔루션은 상담 신청·상품 매칭·서류 관리를 고객 앱과 상담사용 관리자 웹으로 나눠 구축하는 것이 핵심입니다. 연동: 제휴 금융사 상품 데이터 연동·알림톡·문자 발송. 단계별 도입 · 소스코드 이관 · 월 관리비 없음.","대출·금융 상담 솔루션 구축","Answer|BreadcrumbList|ContactPoint|Country|FAQPage|ListItem|OpeningHoursSpecification|Organization|PostalAddress|ProfessionalService|PropertyValue|Question|Service|WebSite","37","2","service_or_hub","industry_service","P1","INDEX","self-canonical, indexable and present in sitemap","TESTED_LOCAL_BUILD"
"https://reumlab.com/solution/lodging/","200","https://reumlab.com/solution/lodging/","index, follow","yes","yes","no","숙박·펜션 솔루션 시스템 개발 | 고객 예약 앱·웹 연동까지 한 번에 | 름랩","숙박 솔루션은 객실 예약·결제·리뷰를 자체 예약 채널로 통합해 플랫폼 수수료를 줄입니다. 모듈: 고객 예약 앱·웹·객실·예약 관리자·날짜·객실 달력 엔진. 연동: PG 결제·채널. 단계별 도입 · 소스코드 이관 · 월 관리비 없음.","숙박·펜션 솔루션 구축","Answer|BreadcrumbList|ContactPoint|Country|FAQPage|ListItem|OpeningHoursSpecification|Organization|PostalAddress|ProfessionalService|PropertyValue|Question|Service|WebSite","38","2","service_or_hub","industry_service","P1","INDEX","self-canonical, indexable and present in sitemap","TESTED_LOCAL_BUILD"
"https://reumlab.com/solution/logistics/","200","https://reumlab.com/solution/logistics/","index, follow","yes","yes","no","물류·배송 솔루션 어떻게 구축하나 | 기술 스택·연동·단계별 도입 | 름랩","물류 솔루션은 배차·상태 추적·수령 확인·정산을 관리자와 기사 화면으로 통합합니다. 모듈: 배차·오더 관리자·기사용 화면·배송 상태 추적 모듈. 연동: 지도·위치·알림. 단계별 도입 · 소스코드 이관 · 월 관리비 없음.","물류·배송 솔루션 구축","Answer|BreadcrumbList|ContactPoint|Country|FAQPage|ListItem|OpeningHoursSpecification|Organization|PostalAddress|ProfessionalService|PropertyValue|Question|Service|WebSite","39","2","service_or_hub","industry_service","P1","INDEX","self-canonical, indexable and present in sitemap","TESTED_LOCAL_BUILD"
"https://reumlab.com/solution/manufacturing/","200","https://reumlab.com/solution/manufacturing/","index, follow","yes","yes","no","제조·공장 솔루션 구축 | 수주·발주 접수 모듈 구성과 도입 단계 | 름랩","제조 솔루션은 수주·생산·재고·거래처를 관리자 웹으로 통합합니다. 모듈: 수주·발주 접수·생산 일정·공정 관리·원자재·완제품 재고. 연동: 바코드·재고 단말·외부 회계·세금계산서. 단계별 도입 · 소스코드 이관 · 월 관리비 없음.","제조·공장 솔루션 구축","Answer|BreadcrumbList|ContactPoint|Country|FAQPage|ListItem|OpeningHoursSpecification|Organization|PostalAddress|ProfessionalService|PropertyValue|Question|Service|WebSite","39","2","service_or_hub","industry_service","P1","INDEX","self-canonical, indexable and present in sitemap","TESTED_LOCAL_BUILD"
"https://reumlab.com/solution/marketing-agency/","200","https://reumlab.com/solution/marketing-agency/","index, follow","yes","yes","no","마케팅 대행 솔루션 구축 | 담당자 앱 모듈 구성과 도입 단계 | 름랩","마케팅 대행 솔루션은 리드와 캠페인, 정산을 담당자용 앱과 광고주용 웹, 관리자 웹이라는 세 화면으로 나눠 통합하는 구조가 핵심입니다. 모듈: 담당자 앱·광고주 웹·관리자 웹. 연동: PG·세금계산서 발행과 정산·알림톡·이메일 자동 리포트 발송.","마케팅 대행 솔루션 구축","Answer|BreadcrumbList|ContactPoint|Country|FAQPage|ListItem|OpeningHoursSpecification|Organization|PostalAddress|ProfessionalService|PropertyValue|Question|Service|WebSite","37","2","service_or_hub","industry_service","P1","INDEX","self-canonical, indexable and present in sitemap","TESTED_LOCAL_BUILD"
"https://reumlab.com/solution/marketplace/","200","https://reumlab.com/solution/marketplace/","index, follow","yes","yes","no","중고거래·마켓 솔루션 어떻게 구축하나 | 기술 스택·연동·단계별 도입 | 름랩","거래 플랫폼 솔루션은 등록·검색·채팅·운영도구·안전결제를 통합합니다. 모듈: 사용자 앱·운영 관리자·검색·필터 엔진. 연동: 푸시 알림·안전결제·에스크로 PG. 단계별 도입 · 소스코드 이관 · 월 관리비 없음.","중고거래·마켓 솔루션 구축","Answer|BreadcrumbList|ContactPoint|Country|FAQPage|ListItem|OpeningHoursSpecification|Organization|PostalAddress|ProfessionalService|PropertyValue|Question|Service|WebSite","37","2","service_or_hub","industry_service","P1","INDEX","self-canonical, indexable and present in sitemap","TESTED_LOCAL_BUILD"
"https://reumlab.com/solution/massage/","200","https://reumlab.com/solution/massage/","index, follow","yes","yes","no","마사지·테라피 솔루션 어떻게 구축하나 | 기술 스택·연동·단계별 도입 | 름랩","마사지·테라피 솔루션은 관리사 지정 예약과 회차권·정기권 관리를 고객 앱과 관리자 웹으로 잇는 것이 핵심입니다. 모듈: 고객 앱·관리자 웹·관리사별 일정·중복 방지 모듈. 연동: 알림톡·문자·PG·예약금 결제. 단계별 도입 · 소스코드 이관 · 월 관리비 없음.","마사지·테라피 솔루션 구축","Answer|BreadcrumbList|ContactPoint|Country|FAQPage|ListItem|OpeningHoursSpecification|Organization|PostalAddress|ProfessionalService|PropertyValue|Question|Service|WebSite","37","2","service_or_hub","industry_service","P1","INDEX","self-canonical, indexable and present in sitemap","TESTED_LOCAL_BUILD"
"https://reumlab.com/solution/math-academy/","200","https://reumlab.com/solution/math-academy/","index, follow","yes","yes","no","수학·입시학원 솔루션 어떻게 구축하나 | 기술 스택·연동·단계별 도입 | 름랩","수학·입시학원 솔루션은 성적 추이와 취약 유형을 학부모가 신뢰할 리포트로 보여 주는 데이터 구조가 핵심입니다. 모듈: 학생·학부모 앱·강사·원장 관리자 웹·입시·진학 상담 예약 모듈. 연동: 알림톡·문자·상담 예약 캘린더. 단계별 도입 · 소스코드 이관 · 월 관리비 없음.","수학·입시학원 솔루션 구축","Answer|BreadcrumbList|ContactPoint|Country|FAQPage|ListItem|OpeningHoursSpecification|Organization|PostalAddress|ProfessionalService|PropertyValue|Question|Service|WebSite","38","2","service_or_hub","industry_service","P1","INDEX","self-canonical, indexable and present in sitemap","TESTED_LOCAL_BUILD"
"https://reumlab.com/solution/moving/","200","https://reumlab.com/solution/moving/","index, follow","yes","yes","no","이사·용달 솔루션 시스템 개발 | 견적 요청 앱 연동까지 한 번에 | 름랩","이사 솔루션은 방문·화상 견적으로 물량을 정확히 받고, 일정에 맞춰 차량과 인력을 배차하는 흐름을 앱과 관리자 웹으로 연결하는 것이 핵심입니다. 모듈: 견적 요청 앱·물량·옵션 접수 폼·일정·차량·인력 배차 보드. 연동: 알림톡·문자·PG·잔금 결제.","이사·용달 솔루션 구축","Answer|BreadcrumbList|ContactPoint|Country|FAQPage|ListItem|OpeningHoursSpecification|Organization|PostalAddress|ProfessionalService|PropertyValue|Question|Service|WebSite","37","2","service_or_hub","industry_service","P1","INDEX","self-canonical, indexable and present in sitemap","TESTED_LOCAL_BUILD"
"https://reumlab.com/solution/music-academy/","200","https://reumlab.com/solution/music-academy/","index, follow","yes","yes","no","음악학원 솔루션 시스템 개발 | 학생 앱 연동까지 한 번에 | 름랩","음악학원 솔루션은 강사별 1:1 레슨 스케줄과 연습실 예약을 학생 앱과 관리자 웹으로 묶는 것이 핵심입니다. 모듈: 학생 앱·관리자 웹·강사별 1. 연동: 알림톡·문자·캘린더. 단계별 도입 · 소스코드 이관 · 월 관리비 없음.","음악학원 솔루션 구축","Answer|BreadcrumbList|ContactPoint|Country|FAQPage|ListItem|OpeningHoursSpecification|Organization|PostalAddress|ProfessionalService|PropertyValue|Question|Service|WebSite","38","2","service_or_hub","industry_service","P1","INDEX","self-canonical, indexable and present in sitemap","TESTED_LOCAL_BUILD"
"https://reumlab.com/solution/nail-shop/","200","https://reumlab.com/solution/nail-shop/","index, follow","yes","yes","no","네일·왁싱샵 솔루션 어떻게 구축하나 | 기술 스택·연동·단계별 도입 | 름랩","네일·왁싱샵 솔루션은 디자인 선택 예약과 시술 전후 사진 기록을 고객 앱과 관리자 웹으로 잇는 것이 핵심입니다. 모듈: 고객 앱·관리자 웹·디자인 갤러리·선택 예약 모듈. 연동: 이미지 스토리지·알림톡·문자. 단계별 도입 · 소스코드 이관 · 월 관리비 없음.","네일·왁싱샵 솔루션 구축","Answer|BreadcrumbList|ContactPoint|Country|FAQPage|ListItem|OpeningHoursSpecification|Organization|PostalAddress|ProfessionalService|PropertyValue|Question|Service|WebSite","37","2","service_or_hub","industry_service","P1","INDEX","self-canonical, indexable and present in sitemap","TESTED_LOCAL_BUILD"
"https://reumlab.com/solution/nonprofit/","200","https://reumlab.com/solution/nonprofit/","index, follow","yes","yes","no","비영리·협회 솔루션 구축 | 기존 업무 흐름에 맞춘 설계·이관 | 름랩","비영리·협회 솔루션은 엑셀로 흩어진 회원 명부와 회비 납부 현황을 실시간 원장으로 옮기는 것이 핵심입니다. 모듈: 회원 앱·사무국 관리자 웹·후원·기부 정기결제 모듈. 연동: PG·정기결제·기부금 영수증·증빙 발급. 단계별 도입 · 소스코드 이관 · 월 관리비 없음.","비영리·협회 솔루션 구축","Answer|BreadcrumbList|ContactPoint|Country|FAQPage|ListItem|OpeningHoursSpecification|Organization|PostalAddress|ProfessionalService|PropertyValue|Question|Service|WebSite","37","2","service_or_hub","industry_service","P1","INDEX","self-canonical, indexable and present in sitemap","TESTED_LOCAL_BUILD"
"https://reumlab.com/solution/o2o/","200","https://reumlab.com/solution/o2o/","index, follow","yes","yes","no","O2O 플랫폼 솔루션 구축 | 고객 앱 모듈 구성과 도입 단계 | 름랩","O2O 솔루션은 고객·공급자 양면 앱과 매칭·예약·정산을 통합합니다. 모듈: 고객 앱·공급자 앱·매칭·예약 엔진. 연동: PG·양면 정산·푸시 알림. 단계별 도입 · 소스코드 이관 · 월 관리비 없음.","O2O 플랫폼 솔루션 구축","Answer|BreadcrumbList|ContactPoint|Country|FAQPage|ListItem|OpeningHoursSpecification|Organization|PostalAddress|ProfessionalService|PropertyValue|Question|Service|WebSite","39","2","service_or_hub","industry_service","P1","INDEX","self-canonical, indexable and present in sitemap","TESTED_LOCAL_BUILD"
"https://reumlab.com/solution/optician/","200","https://reumlab.com/solution/optician/","index, follow","yes","yes","no","안경원 솔루션 구축 | 기존 업무 흐름에 맞춘 설계·이관 | 름랩","안경원 솔루션은 시력검사 예약과 콘택트렌즈 정기 구매, 안경 완성 픽업 알림을 회원 앱과 검안·판매 관리자 웹으로 잇는 것이 핵심입니다. 모듈: 회원 앱·시력검사·상담 예약 모듈·안경 완성·픽업 알림 모듈. 연동: PG·정기결제·알림톡·문자.","안경원 솔루션 구축","Answer|BreadcrumbList|ContactPoint|Country|FAQPage|ListItem|OpeningHoursSpecification|Organization|PostalAddress|ProfessionalService|PropertyValue|Question|Service|WebSite","37","2","service_or_hub","industry_service","P1","INDEX","self-canonical, indexable and present in sitemap","TESTED_LOCAL_BUILD"
"https://reumlab.com/solution/oriental-medicine/","200","https://reumlab.com/solution/oriental-medicine/","index, follow","yes","yes","no","한의원 솔루션 어떻게 구축하나 | 기술 스택·연동·단계별 도입 | 름랩","한의원 솔루션은 진료·추나 예약과 체질 문진, 탕약 재조제 안내를 이어 붙여 복약 종료 시점의 재방문을 자동으로 만드는 것이 구축의 핵심입니다. 모듈: 환자 앱·관리자 웹·시간대별 정원·대기 관리 모듈. 연동: 전자차트·알림톡·문자.","한의원 솔루션 구축","Answer|BreadcrumbList|ContactPoint|Country|FAQPage|ListItem|OpeningHoursSpecification|Organization|PostalAddress|ProfessionalService|PropertyValue|Question|Service|WebSite","37","2","service_or_hub","industry_service","P1","INDEX","self-canonical, indexable and present in sitemap","TESTED_LOCAL_BUILD"
"https://reumlab.com/solution/parking/","200","https://reumlab.com/solution/parking/","index, follow","yes","yes","no","주차장 솔루션 시스템 개발 | 회원 앱 연동까지 한 번에 | 름랩","주차장 솔루션은 월 정기권 신청·갱신과 시간·자리 예약, 입출차 이용 시간 정산을 회원 앱과 정기권·매출 관리자 웹으로 잇는 것이 핵심입니다. 모듈: 회원 앱·시간·자리 예약 모듈·입출차·이용 시간 정산 모듈. 연동: PG·정기결제·입출차 차단기·번호인식.","주차장 솔루션 구축","Answer|BreadcrumbList|ContactPoint|Country|FAQPage|ListItem|OpeningHoursSpecification|Organization|PostalAddress|ProfessionalService|PropertyValue|Question|Service|WebSite","37","2","service_or_hub","industry_service","P1","INDEX","self-canonical, indexable and present in sitemap","TESTED_LOCAL_BUILD"
"https://reumlab.com/solution/party-room/","200","https://reumlab.com/solution/party-room/","index, follow","yes","yes","no","파티룸·대여공간 솔루션 구축 | 공간·시간대 예약 모듈 구성과 도입 단계 | 름랩","파티룸·대여공간 솔루션은 같은 방을 시간대별로 예약받아 중복을 막고 보증금·이용료와 무인 출입을 예약에 연결하는 것이 핵심입니다. 모듈: 공간·시간대 예약·보증금·이용료 결제·이용 안내·주의사항 전달. 연동: PG·보증금 결제·무인 도어록·출입 비밀번호.","파티룸·대여공간 솔루션 구축","Answer|BreadcrumbList|ContactPoint|Country|FAQPage|ListItem|OpeningHoursSpecification|Organization|PostalAddress|ProfessionalService|PropertyValue|Question|Service|WebSite","38","2","service_or_hub","industry_service","P1","INDEX","self-canonical, indexable and present in sitemap","TESTED_LOCAL_BUILD"
"https://reumlab.com/solution/patent/","200","https://reumlab.com/solution/patent/","index, follow","yes","yes","no","특허·지식재산 솔루션 시스템 개발 | 의뢰인 앱 연동까지 한 번에 | 름랩","특허·지식재산 솔루션은 사건별 촘촘한 기한 관리와 진행 단계 조회, 서류 보관을 의뢰인 앱과 변리사·직원 관리자 웹으로 잇는 것이 핵심입니다. 모듈: 의뢰인 앱·출원·상표 상담 접수 모듈·출원·갱신 기한 알림 모듈. 연동: 알림톡·문자·서류 업로드·보안 스토리지.","특허·지식재산 솔루션 구축","Answer|BreadcrumbList|ContactPoint|Country|FAQPage|ListItem|OpeningHoursSpecification|Organization|PostalAddress|ProfessionalService|PropertyValue|Question|Service|WebSite","37","2","service_or_hub","industry_service","P1","INDEX","self-canonical, indexable and present in sitemap","TESTED_LOCAL_BUILD"
"https://reumlab.com/solution/pc-cafe/","200","https://reumlab.com/solution/pc-cafe/","index, follow","yes","yes","no","PC방·무인매장 솔루션 구축 | 기존 업무 흐름에 맞춘 설계·이관 | 름랩","PC방·무인매장 솔루션은 실시간 좌석 점유와 선불 요금 충전·차감, 좌석 주문을 하나로 묶는 것이 핵심입니다. 모듈: 실시간 좌석 점유 현황 화면·선불 요금 충전·차감 모듈·좌석 먹거리 주문. 연동: PC 관리·PG·선불 충전 결제.","PC방·무인매장 솔루션 구축","Answer|BreadcrumbList|ContactPoint|Country|FAQPage|ListItem|OpeningHoursSpecification|Organization|PostalAddress|ProfessionalService|PropertyValue|Question|Service|WebSite","37","2","service_or_hub","industry_service","P1","INDEX","self-canonical, indexable and present in sitemap","TESTED_LOCAL_BUILD"
"https://reumlab.com/solution/pet/","200","https://reumlab.com/solution/pet/","index, follow","yes","yes","no","펫·반려동물 솔루션 구축 | 기존 업무 흐름에 맞춘 설계·이관 | 름랩","반려동물 솔루션은 예약·건강 기록·접종 알림·커머스를 보호자 앱과 관리자로 통합합니다. 모듈: 보호자 앱·병원·매장 관리자·반려동물 건강·접종 차트. 연동: 알림톡·푸시·PG 결제. 단계별 도입 · 소스코드 이관 · 월 관리비 없음.","펫·반려동물 솔루션 구축","Answer|BreadcrumbList|ContactPoint|Country|FAQPage|ListItem|OpeningHoursSpecification|Organization|PostalAddress|ProfessionalService|PropertyValue|Question|Service|WebSite","37","2","service_or_hub","industry_service","P1","INDEX","self-canonical, indexable and present in sitemap","TESTED_LOCAL_BUILD"
"https://reumlab.com/solution/pharmacy/","200","https://reumlab.com/solution/pharmacy/","index, follow","yes","yes","no","약국 솔루션 어떻게 구축하나 | 기술 스택·연동·단계별 도입 | 름랩","약국 솔루션은 처방전 접수·복약 알림·재고를 고객 앱과 약사 관리자로 통합합니다. 모듈: 고객 앱·약사 관리자·조제 완료·픽업 알림. 연동: 알림·재고 연동. 단계별 도입 · 소스코드 이관 · 월 관리비 없음.","약국 솔루션 구축","Answer|BreadcrumbList|ContactPoint|Country|FAQPage|ListItem|OpeningHoursSpecification|Organization|PostalAddress|ProfessionalService|PropertyValue|Question|Service|WebSite","37","2","service_or_hub","industry_service","P1","INDEX","self-canonical, indexable and present in sitemap","TESTED_LOCAL_BUILD"
"https://reumlab.com/solution/photo-studio/","200","https://reumlab.com/solution/photo-studio/","index, follow","yes","yes","no","사진관·스튜디오 솔루션 어떻게 구축하나 | 기술 스택·연동·단계별 도입 | 름랩","사진관·스튜디오 솔루션은 촬영 예약과 원본·보정본 온라인 전달을 고객 앱과 관리자 웹으로 통합하는 것이 핵심입니다. 모듈: 고객 앱·관리자 웹·원본·보정본 온라인 전달 모듈. 연동: 파일 스토리지·알림톡·문자. 단계별 도입 · 소스코드 이관 · 월 관리비 없음.","사진관·스튜디오 솔루션 구축","Answer|BreadcrumbList|ContactPoint|Country|FAQPage|ListItem|OpeningHoursSpecification|Organization|PostalAddress|ProfessionalService|PropertyValue|Question|Service|WebSite","37","2","service_or_hub","industry_service","P1","INDEX","self-canonical, indexable and present in sitemap","TESTED_LOCAL_BUILD"
"https://reumlab.com/solution/physical-therapy/","200","https://reumlab.com/solution/physical-therapy/","index, follow","yes","yes","no","도수치료·재활 솔루션 어떻게 구축하나 | 기술 스택·연동·단계별 도입 | 름랩","도수치료·재활 솔루션은 같은 치료사와 여러 회기에 걸친 연속성을 데이터로 잇는 것이 핵심입니다. 모듈: 치료사·시간 회기 예약 모듈·통증·재활 경과 기록·회차권·이용권 잔여 관리. 연동: 회차권 차감·수납 연동·알림톡·문자. 단계별 도입 · 소스코드 이관 · 월 관리비 없음.","도수치료·재활 솔루션 구축","Answer|BreadcrumbList|ContactPoint|Country|FAQPage|ListItem|OpeningHoursSpecification|Organization|PostalAddress|ProfessionalService|PropertyValue|Question|Service|WebSite","37","2","service_or_hub","industry_service","P1","INDEX","self-canonical, indexable and present in sitemap","TESTED_LOCAL_BUILD"
"https://reumlab.com/solution/pilates/","200","https://reumlab.com/solution/pilates/","index, follow","yes","yes","no","필라테스·요가 솔루션 시스템 개발 | 회원 앱 연동까지 한 번에 | 름랩","필라테스·요가 솔루션은 그룹 수업 예약·회차·강사 배정을 회원 앱과 관리자로 통합합니다. 모듈: 회원 앱·원장·강사 관리자·정원·시간표 엔진. 연동: 알림·PG 결제. 단계별 도입 · 소스코드 이관 · 월 관리비 없음.","필라테스·요가 솔루션 구축","Answer|BreadcrumbList|ContactPoint|Country|FAQPage|ListItem|OpeningHoursSpecification|Organization|PostalAddress|ProfessionalService|PropertyValue|Question|Service|WebSite","37","2","service_or_hub","industry_service","P1","INDEX","self-canonical, indexable and present in sitemap","TESTED_LOCAL_BUILD"
"https://reumlab.com/solution/postpartum/","200","https://reumlab.com/solution/postpartum/","index, follow","yes","yes","no","산후조리원 솔루션 어떻게 구축하나 | 기술 스택·연동·단계별 도입 | 름랩","산후조리원 솔루션은 몇 달 전부터 이뤄지는 입실 예약과 재원 중 촘촘한 프로그램·케어 기록을 한 흐름으로 잇는 것이 핵심입니다. 모듈: 입실 예약·상담 접수 모듈·프로그램·마사지 신청 관리·산모·신생아 케어 기록. 연동: 알림톡·문자·케어 기록 보호자 공유 연동.","산후조리원 솔루션 구축","Answer|BreadcrumbList|ContactPoint|Country|FAQPage|ListItem|OpeningHoursSpecification|Organization|PostalAddress|ProfessionalService|PropertyValue|Question|Service|WebSite","37","2","service_or_hub","industry_service","P1","INDEX","self-canonical, indexable and present in sitemap","TESTED_LOCAL_BUILD"
"https://reumlab.com/solution/printing/","200","https://reumlab.com/solution/printing/","index, follow","yes","yes","no","인쇄·간판 솔루션 어떻게 구축하나 | 기술 스택·연동·단계별 도입 | 름랩","인쇄·간판 솔루션은 수량·규격·재질별 주문 견적과 시안 확인·수정, 제작·설치 일정을 고객 앱과 주문·제작 관리자 웹으로 잇는 것이 핵심입니다. 모듈: 고객 앱·수량·규격 견적 산출 모듈·시안 업로드·확인·수정 모듈. 연동: 시안 파일 업로드·저장 스토리지·알림톡·문자.","인쇄·간판 솔루션 구축","Answer|BreadcrumbList|ContactPoint|Country|FAQPage|ListItem|OpeningHoursSpecification|Organization|PostalAddress|ProfessionalService|PropertyValue|Question|Service|WebSite","37","2","service_or_hub","industry_service","P1","INDEX","self-canonical, indexable and present in sitemap","TESTED_LOCAL_BUILD"
"https://reumlab.com/solution/property-mgmt/","200","https://reumlab.com/solution/property-mgmt/","index, follow","yes","yes","no","임대·건물관리 솔루션 구축 | 기존 업무 흐름에 맞춘 설계·이관 | 름랩","임대·건물관리 솔루션은 임대료·관리비 청구·수납과 민원 처리를 입주자 앱과 관리소 웹으로 잇는 것이 핵심입니다. 모듈: 입주자 앱·임대료·관리비 청구·미납 관리·민원 접수·처리 상태 관리. 연동: PG·가상계좌·자동이체·알림톡·문자.","임대·건물관리 솔루션 구축","Answer|BreadcrumbList|ContactPoint|Country|FAQPage|ListItem|OpeningHoursSpecification|Organization|PostalAddress|ProfessionalService|PropertyValue|Question|Service|WebSite","37","2","service_or_hub","industry_service","P1","INDEX","self-canonical, indexable and present in sitemap","TESTED_LOCAL_BUILD"
"https://reumlab.com/solution/psychology/","200","https://reumlab.com/solution/psychology/","index, follow","yes","yes","no","심리상담센터 솔루션 어떻게 구축하나 | 기술 스택·연동·단계별 도입 | 름랩","심리상담 솔루션은 상담사별 예약과 여러 회기에 걸친 진행 기록, 사전 심리검사를 내담자 앱과 센터 관리자 웹으로 연결하는 것이 핵심입니다. 모듈: 내담자 앱·회기 진행·상담 기록 관리·회기권·비용 안내 모듈. 연동: 알림톡·문자·PG·회기권 결제.","심리상담센터 솔루션 구축","Answer|BreadcrumbList|ContactPoint|Country|FAQPage|ListItem|OpeningHoursSpecification|Organization|PostalAddress|ProfessionalService|PropertyValue|Question|Service|WebSite","37","2","service_or_hub","industry_service","P1","INDEX","self-canonical, indexable and present in sitemap","TESTED_LOCAL_BUILD"
"https://reumlab.com/solution/realestate/","200","https://reumlab.com/solution/realestate/","index, follow","yes","yes","no","부동산·중개 솔루션 구축 | 고객 앱·웹 모듈 구성과 도입 단계 | 름랩","부동산 중개 솔루션은 매물·지도·문의·중개사 관리를 하나의 시스템으로 묶습니다. 모듈: 고객 앱·웹·중개사 관리자·지도 검색·필터 엔진. 연동: 지도 API·외부 매물 데이터. 단계별 도입 · 소스코드 이관 · 월 관리비 없음.","부동산·중개 솔루션 구축","Answer|BreadcrumbList|ContactPoint|Country|FAQPage|ListItem|OpeningHoursSpecification|Organization|PostalAddress|ProfessionalService|PropertyValue|Question|Service|WebSite","38","2","service_or_hub","industry_service","P1","INDEX","self-canonical, indexable and present in sitemap","TESTED_LOCAL_BUILD"
"https://reumlab.com/solution/recruiting/","200","https://reumlab.com/solution/recruiting/","index, follow","yes","yes","no","채용·헤드헌팅 솔루션 시스템 개발 | 채용 공고 등록·노출 모듈 연동까지 한 번에 | 름랩","채용·헤드헌팅 솔루션은 흩어진 지원자 이력과 진행 단계 관리, 후보-포지션 매칭, 면접 일정을 리크루터 관리자 웹과 지원자 앱으로 잇는 것이 핵심입니다. 모듈: 채용 공고 등록·노출 모듈·지원자 접수·이력 관리 모듈·후보-포지션 매칭 모듈.","채용·헤드헌팅 솔루션 구축","Answer|BreadcrumbList|ContactPoint|Country|FAQPage|ListItem|OpeningHoursSpecification|Organization|PostalAddress|ProfessionalService|PropertyValue|Question|Service|WebSite","38","2","service_or_hub","industry_service","P1","INDEX","self-canonical, indexable and present in sitemap","TESTED_LOCAL_BUILD"
"https://reumlab.com/solution/rental/","200","https://reumlab.com/solution/rental/","index, follow","yes","yes","no","렌탈·대여 솔루션 시스템 개발 | 이용자 앱 연동까지 한 번에 | 름랩","렌탈·대여 솔루션은 같은 물건을 시차로 쓰는 특성상 품목별 예약 캘린더로 중복을 막는 재고 관리가 핵심입니다. 모듈: 이용자 앱·재고·예약 관리자 웹. 연동: PG 결제·보증금 예치/환급·예약 캘린더. 단계별 도입 · 소스코드 이관 · 월 관리비 없음.","렌탈·대여 솔루션 구축","Answer|BreadcrumbList|ContactPoint|Country|FAQPage|ListItem|OpeningHoursSpecification|Organization|PostalAddress|ProfessionalService|PropertyValue|Question|Service|WebSite","38","2","service_or_hub","industry_service","P1","INDEX","self-canonical, indexable and present in sitemap","TESTED_LOCAL_BUILD"
"https://reumlab.com/solution/rental-car/","200","https://reumlab.com/solution/rental-car/","index, follow","yes","yes","no","렌터카·차량대여 솔루션 어떻게 구축하나 | 기술 스택·연동·단계별 도입 | 름랩","렌터카 솔루션은 차량별 예약 중복 방지와 인수·반납 상태 점검, 보험·요금 정산을 고객 앱과 차량·예약 관리자 웹으로 잇는 것이 핵심입니다. 모듈: 고객 앱·차량별 예약 캘린더·인수·반납 상태 점검. 연동: PG 결제·보증금·연장 결제·알림톡·문자.","렌터카·차량대여 솔루션 구축","Answer|BreadcrumbList|ContactPoint|Country|FAQPage|ListItem|OpeningHoursSpecification|Organization|PostalAddress|ProfessionalService|PropertyValue|Question|Service|WebSite","37","2","service_or_hub","industry_service","P1","INDEX","self-canonical, indexable and present in sitemap","TESTED_LOCAL_BUILD"
"https://reumlab.com/solution/resort/","200","https://reumlab.com/solution/resort/","index, follow","yes","yes","no","리조트·워터파크 솔루션 어떻게 구축하나 | 기술 스택·연동·단계별 도입 | 름랩","리조트·워터파크 솔루션은 성수기에 몰리는 입장·시설 예약과 시즌별 차등 요금을 하나로 잇는 것이 핵심입니다. 모듈: 입장권·이용권 예매 모듈·객실·부대시설 예약·시즌·요일 차등 요금 엔진. 연동: PG·모바일 입장권·시즌·요일 요금 자동 적용 연동.","리조트·워터파크 솔루션 구축","Answer|BreadcrumbList|ContactPoint|Country|FAQPage|ListItem|OpeningHoursSpecification|Organization|PostalAddress|ProfessionalService|PropertyValue|Question|Service|WebSite","37","2","service_or_hub","industry_service","P1","INDEX","self-canonical, indexable and present in sitemap","TESTED_LOCAL_BUILD"
"https://reumlab.com/solution/restaurant/","200","https://reumlab.com/solution/restaurant/","index, follow","yes","yes","no","식당·외식 솔루션 구축 | 기존 업무 흐름에 맞춘 설계·이관 | 름랩","외식 솔루션은 테이블 오더·웨이팅·예약·단골을 통합해 홀 인건비를 줄이고 회전을 높입니다. 모듈: QR 테이블 오더·원격 웨이팅·순번 알림·예약·인원 관리. 연동: 포스·주문 실시간 전달. 단계별 도입 · 소스코드 이관 · 월 관리비 없음.","식당·외식 솔루션 구축","Answer|BreadcrumbList|ContactPoint|Country|FAQPage|ListItem|OpeningHoursSpecification|Organization|PostalAddress|ProfessionalService|PropertyValue|Question|Service|WebSite","39","2","service_or_hub","industry_service","P1","INDEX","self-canonical, indexable and present in sitemap","TESTED_LOCAL_BUILD"
"https://reumlab.com/solution/screen-golf/","200","https://reumlab.com/solution/screen-golf/","index, follow","yes","yes","no","스크린골프 솔루션 어떻게 구축하나 | 기술 스택·연동·단계별 도입 | 름랩","스크린골프 솔루션은 한정된 타석을 시간대별로 예약받고 이용 시간에 맞춰 정산하는 흐름을 앱과 관리자 웹으로 묶는 것이 핵심입니다. 모듈: 타석·시간대 예약·이용 시간·요금 정산·리그·모임 운영. 연동: PG·정산 결제·알림톡·문자.","스크린골프 솔루션 구축","Answer|BreadcrumbList|ContactPoint|Country|FAQPage|ListItem|OpeningHoursSpecification|Organization|PostalAddress|ProfessionalService|PropertyValue|Question|Service|WebSite","37","2","service_or_hub","industry_service","P1","INDEX","self-canonical, indexable and present in sitemap","TESTED_LOCAL_BUILD"
"https://reumlab.com/solution/security/","200","https://reumlab.com/solution/security/","index, follow","yes","yes","no","보안·경비 솔루션 시스템 개발 | 경비원 앱 연동까지 한 번에 | 름랩","보안·경비 솔루션은 순찰·출동·근태·현장 보고를 경비원 앱과 관제 관리자 웹으로 통합하는 것이 핵심입니다. 모듈: 경비원 앱·관제 관리자 웹·NFC·QR 순찰 점검 엔진. 연동: 지도·위치 API. 단계별 도입 · 소스코드 이관 · 월 관리비 없음.","보안·경비 솔루션 구축","Answer|BreadcrumbList|ContactPoint|Country|FAQPage|ListItem|OpeningHoursSpecification|Organization|PostalAddress|ProfessionalService|PropertyValue|Question|Service|WebSite","38","2","service_or_hub","industry_service","P1","INDEX","self-canonical, indexable and present in sitemap","TESTED_LOCAL_BUILD"
"https://reumlab.com/solution/senior/","200","https://reumlab.com/solution/senior/","index, follow","yes","yes","no","요양·주간보호 솔루션 구축 | 보호자 앱 모듈 구성과 도입 단계 | 름랩","요양·주간보호 솔루션은 어르신의 하루를 담는 케어 기록과 보호자 사진 공유, 차량 등하원 확인을 앱과 센터 관리자 웹으로 잇는 것이 핵심입니다. 모듈: 보호자 앱·차량 이용·등하원 확인 모듈·이용·프로그램 예약 모듈. 연동: 알림톡·문자·사진 공유 스토리지.","요양·주간보호 솔루션 구축","Answer|BreadcrumbList|ContactPoint|Country|FAQPage|ListItem|OpeningHoursSpecification|Organization|PostalAddress|ProfessionalService|PropertyValue|Question|Service|WebSite","37","2","service_or_hub","industry_service","P1","INDEX","self-canonical, indexable and present in sitemap","TESTED_LOCAL_BUILD"
"https://reumlab.com/solution/shopping/","200","https://reumlab.com/solution/shopping/","index, follow","yes","yes","no","쇼핑몰·커머스 솔루션 구축 | 고객 앱·웹 모듈 구성과 도입 단계 | 름랩","커머스 솔루션은 상품·주문·결제·배송·정산을 자사몰 앱과 관리자 웹으로 통합합니다. 모듈: 고객 앱·웹·상품·주문 관리자·장바구니·옵션·재고 모듈. 연동: PG·간편결제·물류·배송 추적. 단계별 도입 · 소스코드 이관 · 월 관리비 없음.","쇼핑몰·커머스 솔루션 구축","Answer|BreadcrumbList|ContactPoint|Country|FAQPage|ListItem|OpeningHoursSpecification|Organization|PostalAddress|ProfessionalService|PropertyValue|Question|Service|WebSite","37","2","service_or_hub","industry_service","P1","INDEX","self-canonical, indexable and present in sitemap","TESTED_LOCAL_BUILD"
"https://reumlab.com/solution/sidedish/","200","https://reumlab.com/solution/sidedish/","index, follow","yes","yes","no","반찬·밀키트 솔루션 구축 | 기존 업무 흐름에 맞춘 설계·이관 | 름랩","반찬·밀키트 솔루션은 반복 매출의 축인 정기 구독과 신선 상품의 픽업·배송 지정을 하나로 잇는 것이 핵심입니다. 모듈: 반찬·밀키트 주문 모듈·정기 반찬 구독 관리·픽업·당일 배송 시간 지정. 연동: PG·정기결제·픽업·배송 시간대 슬롯 연동.","반찬·밀키트 솔루션 구축","Answer|BreadcrumbList|ContactPoint|Country|FAQPage|ListItem|OpeningHoursSpecification|Organization|PostalAddress|ProfessionalService|PropertyValue|Question|Service|WebSite","38","2","service_or_hub","industry_service","P1","INDEX","self-canonical, indexable and present in sitemap","TESTED_LOCAL_BUILD"
"https://reumlab.com/solution/skin-clinic/","200","https://reumlab.com/solution/skin-clinic/","index, follow","yes","yes","no","피부과·성형외과 솔루션 시스템 개발 | 고객 앱 연동까지 한 번에 | 름랩","피부과·성형외과 솔루션은 패키지 시술의 잔여 회차와 전후 경과 기록을 예약·리콜과 묶어 재시술로 이어 가는 것이 구축의 핵심입니다. 모듈: 고객 앱·관리자 웹·전후 사진·경과 기록 모듈. 연동: 전자차트·고객 관리·알림톡·문자.","피부과·성형외과 솔루션 구축","Answer|BreadcrumbList|ContactPoint|Country|FAQPage|ListItem|OpeningHoursSpecification|Organization|PostalAddress|ProfessionalService|PropertyValue|Question|Service|WebSite","37","2","service_or_hub","industry_service","P1","INDEX","self-canonical, indexable and present in sitemap","TESTED_LOCAL_BUILD"
"https://reumlab.com/solution/solar/","200","https://reumlab.com/solution/solar/","index, follow","yes","yes","no","태양광·에너지 솔루션 구축 | 기존 업무 흐름에 맞춘 설계·이관 | 름랩","태양광 솔루션은 상담·시공·A/S·발전량을 고객 앱과 관리자 웹으로 통합하는 것이 핵심입니다. 모듈: 고객 앱·관리자 웹·시공 일정·진행 단계 관리. 연동: 인버터·모니터링 장비 데이터 수집·지도·현장 위치 API. 단계별 도입 · 소스코드 이관 · 월 관리비 없음.","태양광·에너지 솔루션 구축","Answer|BreadcrumbList|ContactPoint|Country|FAQPage|ListItem|OpeningHoursSpecification|Organization|PostalAddress|ProfessionalService|PropertyValue|Question|Service|WebSite","37","2","service_or_hub","industry_service","P1","INDEX","self-canonical, indexable and present in sitemap","TESTED_LOCAL_BUILD"
"https://reumlab.com/solution/speech/","200","https://reumlab.com/solution/speech/","index, follow","yes","yes","no","언어·발달치료 솔루션 시스템 개발 | 부모 앱 연동까지 한 번에 | 름랩","언어·발달치료 솔루션은 아동별로 같은 치료사와 이어지는 회기 예약과 발달 경과 기록, 부모 공유를 앱과 관리자 웹으로 잇는 것이 핵심입니다. 모듈: 부모 앱·회기권·비용 관리 모듈·치료사·센터 관리자 웹. 연동: 알림톡·문자·PG·회기권 결제.","언어·발달치료 솔루션 구축","Answer|BreadcrumbList|ContactPoint|Country|FAQPage|ListItem|OpeningHoursSpecification|Organization|PostalAddress|ProfessionalService|PropertyValue|Question|Service|WebSite","37","2","service_or_hub","industry_service","P1","INDEX","self-canonical, indexable and present in sitemap","TESTED_LOCAL_BUILD"
"https://reumlab.com/solution/storage/","200","https://reumlab.com/solution/storage/","index, follow","yes","yes","no","셀프스토리지 솔루션 구축 | 기존 업무 흐름에 맞춘 설계·이관 | 름랩","셀프스토리지 솔루션은 유닛별 계약과 월 이용료, 무인 출입을 하나로 잇는 것이 핵심입니다. 모듈: 유닛 조회·예약 모듈·이용 계약·연장 관리·월 이용료 정기결제. 연동: 무인 출입·PG·정기결제. 단계별 도입 · 소스코드 이관 · 월 관리비 없음.","셀프스토리지 솔루션 구축","Answer|BreadcrumbList|ContactPoint|Country|FAQPage|ListItem|OpeningHoursSpecification|Organization|PostalAddress|ProfessionalService|PropertyValue|Question|Service|WebSite","37","2","service_or_hub","industry_service","P1","INDEX","self-canonical, indexable and present in sitemap","TESTED_LOCAL_BUILD"
"https://reumlab.com/solution/studycafe/","200","https://reumlab.com/solution/studycafe/","index, follow","yes","yes","no","스터디카페·독서실 솔루션 시스템 개발 | 이용자 앱 연동까지 한 번에 | 름랩","스터디카페 무인 솔루션은 좌석 예약·시간권·무인 출입·정산을 통합합니다. 모듈: 이용자 앱·무인 매장 관리자·실시간 좌석 예약 엔진. 연동: 출입 하드웨어·PG·자동 정산. 단계별 도입 · 소스코드 이관 · 월 관리비 없음.","스터디카페·독서실 솔루션 구축","Answer|BreadcrumbList|ContactPoint|Country|FAQPage|ListItem|OpeningHoursSpecification|Organization|PostalAddress|ProfessionalService|PropertyValue|Question|Service|WebSite","38","2","service_or_hub","industry_service","P1","INDEX","self-canonical, indexable and present in sitemap","TESTED_LOCAL_BUILD"
"https://reumlab.com/solution/subscription/","200","https://reumlab.com/solution/subscription/","index, follow","yes","yes","no","구독 서비스 솔루션 어떻게 구축하나 | 기술 스택·연동·단계별 도입 | 름랩","구독 솔루션은 구독 상품·회원·정기결제·갱신 관리를 통합합니다. 모듈: 고객 앱·웹·구독·매출 관리자·구독 상태·갱신 모듈. 연동: PG·정기결제·결제 실패 재시도. 단계별 도입 · 소스코드 이관 · 월 관리비 없음.","구독 서비스 솔루션 구축","Answer|BreadcrumbList|ContactPoint|Country|FAQPage|ListItem|OpeningHoursSpecification|Organization|PostalAddress|ProfessionalService|PropertyValue|Question|Service|WebSite","38","2","service_or_hub","industry_service","P1","INDEX","self-canonical, indexable and present in sitemap","TESTED_LOCAL_BUILD"
"https://reumlab.com/solution/swimming/","200","https://reumlab.com/solution/swimming/","index, follow","yes","yes","no","수영장·스포츠센터 솔루션 어떻게 구축하나 | 기술 스택·연동·단계별 도입 | 름랩","수영장·스포츠센터 솔루션은 레벨·정원에 맞춰 강습반을 등록받고 대기자를 자동 배정하며 회원권과 자유 수영 이용을 함께 관리하는 것이 핵심입니다. 모듈: 강습반 등록·자유 수영·시설 이용 관리·회원권·이용권 관리. 연동: PG·회원권 결제·알림톡·문자.","수영장·스포츠센터 솔루션 구축","Answer|BreadcrumbList|ContactPoint|Country|FAQPage|ListItem|OpeningHoursSpecification|Organization|PostalAddress|ProfessionalService|PropertyValue|Question|Service|WebSite","37","2","service_or_hub","industry_service","P1","INDEX","self-canonical, indexable and present in sitemap","TESTED_LOCAL_BUILD"
"https://reumlab.com/solution/taekwondo/","200","https://reumlab.com/solution/taekwondo/","index, follow","yes","yes","no","태권도·체육관 솔루션 시스템 개발 | 학부모 앱 연동까지 한 번에 | 름랩","태권도·체육관 솔루션은 차량 탑승과 등하원을 실시간으로 확인해 학부모에게 알리는 안전 확인 흐름이 핵심입니다. 모듈: 학부모 앱·관장·사범 관리자 웹·관비 결제·미납 관리 모듈. 연동: 푸시·알림톡·문자·차량 노선·탑승 명단. 단계별 도입 · 소스코드 이관 · 월 관리비 없음.","태권도·체육관 솔루션 구축","Answer|BreadcrumbList|ContactPoint|Country|FAQPage|ListItem|OpeningHoursSpecification|Organization|PostalAddress|ProfessionalService|PropertyValue|Question|Service|WebSite","37","2","service_or_hub","industry_service","P1","INDEX","self-canonical, indexable and present in sitemap","TESTED_LOCAL_BUILD"
"https://reumlab.com/solution/tailor/","200","https://reumlab.com/solution/tailor/","index, follow","yes","yes","no","맞춤정장·수선 솔루션 구축 | 기존 업무 흐름에 맞춘 설계·이관 | 름랩","맞춤정장·수선 솔루션은 채촌 후 오래 걸리는 제작의 진행 상황과 재주문에 쓰이는 치수 기록을 하나로 잇는 것이 핵심입니다. 모듈: 채촌·상담 예약 모듈·제작 단계 진행 안내·치수·옵션 기록 보관. 연동: 제작 공정 상태 알림톡·문자 연동·치수·옵션 이력 저장 연동.","맞춤정장·수선 솔루션 구축","Answer|BreadcrumbList|ContactPoint|Country|FAQPage|ListItem|OpeningHoursSpecification|Organization|PostalAddress|ProfessionalService|PropertyValue|Question|Service|WebSite","37","2","service_or_hub","industry_service","P1","INDEX","self-canonical, indexable and present in sitemap","TESTED_LOCAL_BUILD"
"https://reumlab.com/solution/tax-accounting/","200","https://reumlab.com/solution/tax-accounting/","index, follow","yes","yes","no","세무·회계 솔루션 어떻게 구축하나 | 기술 스택·연동·단계별 도입 | 름랩","세무·회계 솔루션은 흩어진 증빙 자료를 한곳에 모으고 신고 일정을 자동으로 챙기는 자료 수집 파이프라인을 먼저 세우는 것이 핵심입니다. 모듈: 고객 앱·담당 세무사 관리자 웹·증빙 자료 요청·수집 엔진. 연동: 파일 업로드·문서 스토리지·알림톡·문자.","세무·회계 솔루션 구축","Answer|BreadcrumbList|ContactPoint|Country|FAQPage|ListItem|OpeningHoursSpecification|Organization|PostalAddress|ProfessionalService|PropertyValue|Question|Service|WebSite","37","2","service_or_hub","industry_service","P1","INDEX","self-canonical, indexable and present in sitemap","TESTED_LOCAL_BUILD"
"https://reumlab.com/solution/telemedicine/","200","https://reumlab.com/solution/telemedicine/","index, follow","yes","yes","no","비대면 진료 솔루션 구축 | 환자 앱 모듈 구성과 도입 단계 | 름랩","비대면 진료 솔루션은 예약·문진·화상 진료·처방 전달이라는 흐름을 환자 앱과 의료진용 관리자 웹으로 나눠 통합하고, 그 가운데 화상 연결과 진료 기록을 다루는 진료 엔진을 중심에 두는 구조입니다. 모듈: 환자 앱·의료진 관리자 웹·화상 진료 연결 모듈.","비대면 진료 솔루션 구축","Answer|BreadcrumbList|ContactPoint|Country|FAQPage|ListItem|OpeningHoursSpecification|Organization|PostalAddress|ProfessionalService|PropertyValue|Question|Service|WebSite","37","2","service_or_hub","industry_service","P1","INDEX","self-canonical, indexable and present in sitemap","TESTED_LOCAL_BUILD"
"https://reumlab.com/solution/translation/","200","https://reumlab.com/solution/translation/","index, follow","yes","yes","no","번역·통역 솔루션 어떻게 구축하나 | 기술 스택·연동·단계별 도입 | 름랩","번역·통역 솔루션은 견적·매칭·작업 관리·정산을 의뢰인 앱과 관리자 웹, 번역가 화면으로 역할을 나눠 구축하는 것이 핵심입니다. 모듈: 의뢰인 앱·번역가 앱·웹·관리자 웹. 연동: 결제 PG와 번역가 정산 이체. 단계별 도입 · 소스코드 이관 · 월 관리비 없음.","번역·통역 솔루션 구축","Answer|BreadcrumbList|ContactPoint|Country|FAQPage|ListItem|OpeningHoursSpecification|Organization|PostalAddress|ProfessionalService|PropertyValue|Question|Service|WebSite","37","2","service_or_hub","industry_service","P1","INDEX","self-canonical, indexable and present in sitemap","TESTED_LOCAL_BUILD"
"https://reumlab.com/solution/travel/","200","https://reumlab.com/solution/travel/","index, follow","yes","yes","no","여행·투어 솔루션 구축 | 여행자 앱 모듈 구성과 도입 단계 | 름랩","여행·투어 솔루션은 날짜·인원별 상품 예약과 일정·집합 안내를 여행자 앱과 관리자 웹으로 잇는 것이 핵심입니다. 모듈: 여행자 앱·관리자 웹·날짜·인원별 상품 예약 모듈. 연동: 알림톡·문자·PG 결제. 단계별 도입 · 소스코드 이관 · 월 관리비 없음.","여행·투어 솔루션 구축","Answer|BreadcrumbList|ContactPoint|Country|FAQPage|ListItem|OpeningHoursSpecification|Organization|PostalAddress|ProfessionalService|PropertyValue|Question|Service|WebSite","37","2","service_or_hub","industry_service","P1","INDEX","self-canonical, indexable and present in sitemap","TESTED_LOCAL_BUILD"
"https://reumlab.com/solution/tutoring/","200","https://reumlab.com/solution/tutoring/","index, follow","yes","yes","no","과외·교습 매칭 솔루션 구축 | 과목·지역별 선생님 매칭 모듈 구성과 도입 단계 | 름랩","과외·교습 매칭 솔루션은 과목·지역·시간 조건으로 학생과 선생님을 정확히 잇고 수업 일정·진도를 기록해 신뢰를 쌓는 것이 핵심입니다. 모듈: 과목·지역별 선생님 매칭·수업 일정·진도 기록·방문·화상 수업 지원. 연동: 화상 수업 도구·알림톡·문자.","과외·교습 매칭 솔루션 구축","Answer|BreadcrumbList|ContactPoint|Country|FAQPage|ListItem|OpeningHoursSpecification|Organization|PostalAddress|ProfessionalService|PropertyValue|Question|Service|WebSite","37","2","service_or_hub","industry_service","P1","INDEX","self-canonical, indexable and present in sitemap","TESTED_LOCAL_BUILD"
"https://reumlab.com/solution/university/","200","https://reumlab.com/solution/university/","index, follow","yes","yes","no","대학·평생교육 솔루션 구축 | 수강생 앱 모듈 구성과 도입 단계 | 름랩","대학·평생교육 솔루션은 여러 채널로 흩어진 수강신청과 학사 공지를 하나로 모으는 정보 허브를 세우는 것이 핵심입니다. 모듈: 수강생 앱·학사·강사 관리자 웹. 연동: PG 결제·알림톡·문자·푸시. 단계별 도입 · 소스코드 이관 · 월 관리비 없음.","대학·평생교육 솔루션 구축","Answer|BreadcrumbList|ContactPoint|Country|FAQPage|ListItem|OpeningHoursSpecification|Organization|PostalAddress|ProfessionalService|PropertyValue|Question|Service|WebSite","37","2","service_or_hub","industry_service","P1","INDEX","self-canonical, indexable and present in sitemap","TESTED_LOCAL_BUILD"
"https://reumlab.com/solution/unmanned-store/","200","https://reumlab.com/solution/unmanned-store/","index, follow","yes","yes","no","무인매장 솔루션 구축 | 고객 앱 모듈 구성과 도입 단계 | 름랩","무인매장 솔루션은 출입과 결제, 재고를 고객 앱과 점주 관리자 웹으로 통합하고 출입 하드웨어와 이어 무인 운영을 만드는 구조가 핵심입니다. 모듈: 고객 앱·점주 관리자 웹. 연동: 출입 게이트·스마트 잠금장치 제어. 단계별 도입 · 소스코드 이관 · 월 관리비 없음.","무인매장 솔루션 구축","Answer|BreadcrumbList|ContactPoint|Country|FAQPage|ListItem|OpeningHoursSpecification|Organization|PostalAddress|ProfessionalService|PropertyValue|Question|Service|WebSite","38","2","service_or_hub","industry_service","P1","INDEX","self-canonical, indexable and present in sitemap","TESTED_LOCAL_BUILD"
"https://reumlab.com/solution/used-car/","200","https://reumlab.com/solution/used-car/","index, follow","yes","yes","no","중고차 솔루션 시스템 개발 | 이용자 앱 연동까지 한 번에 | 름랩","중고차 솔루션은 진단·사고 이력 같은 신뢰 정보를 투명하게 보여 주고 관심 매물의 가격 변동으로 재방문을 만드는 것이 구축의 핵심입니다. 모듈: 이용자 앱·관리자 웹·상담·시승 예약 연결 모듈. 연동: 진단·사고 이력 데이터 연동·시세·중고차 가격 데이터 연동.","중고차 솔루션 구축","Answer|BreadcrumbList|ContactPoint|Country|FAQPage|ListItem|OpeningHoursSpecification|Organization|PostalAddress|ProfessionalService|PropertyValue|Question|Service|WebSite","38","2","service_or_hub","industry_service","P1","INDEX","self-canonical, indexable and present in sitemap","TESTED_LOCAL_BUILD"
"https://reumlab.com/solution/wedding/","200","https://reumlab.com/solution/wedding/","index, follow","yes","yes","no","웨딩·돌잔치 솔루션 시스템 개발 | 상담 앱 연동까지 한 번에 | 름랩","웨딩·돌잔치 솔루션은 홀·날짜 예약과 패키지 견적을 상담 앱과 플래너 관리자 웹으로 잇는 것이 핵심입니다. 모듈: 상담 앱·플래너 관리자 웹·홀·날짜 중복 방지 예약 모듈. 연동: 알림톡·문자·모바일 청첩장 링크. 단계별 도입 · 소스코드 이관 · 월 관리비 없음.","웨딩·돌잔치 솔루션 구축","Answer|BreadcrumbList|ContactPoint|Country|FAQPage|ListItem|OpeningHoursSpecification|Organization|PostalAddress|ProfessionalService|PropertyValue|Question|Service|WebSite","37","2","service_or_hub","industry_service","P1","INDEX","self-canonical, indexable and present in sitemap","TESTED_LOCAL_BUILD"
"https://reumlab.com/solution/wholesale/","200","https://reumlab.com/solution/wholesale/","index, follow","yes","yes","no","도소매·유통 솔루션 시스템 개발 | 거래처 주문 앱·웹 연동까지 한 번에 | 름랩","도소매 솔루션은 거래처 주문·차등 단가·미수·정산을 통합합니다. 모듈: 거래처 주문 앱·웹·영업·물류 관리자·거래처별 차등 단가 엔진. 연동: 세금계산서·회계 연동·재고 단말. 단계별 도입 · 소스코드 이관 · 월 관리비 없음.","도소매·유통 솔루션 구축","Answer|BreadcrumbList|ContactPoint|Country|FAQPage|ListItem|OpeningHoursSpecification|Organization|PostalAddress|ProfessionalService|PropertyValue|Question|Service|WebSite","38","2","service_or_hub","industry_service","P1","INDEX","self-canonical, indexable and present in sitemap","TESTED_LOCAL_BUILD"
"https://reumlab.com/solution/yoga/","200","https://reumlab.com/solution/yoga/","index, follow","yes","yes","no","요가원 솔루션 구축 | 회원 앱 모듈 구성과 도입 단계 | 름랩","요가원 솔루션은 시간표 예약·회원권·출석·결제를 회원 앱과 관리자 웹으로 통합하고, 정원·대기·취소를 처리하는 예약 엔진을 중심에 두는 것이 핵심입니다. 모듈: 회원 앱·관리자 웹·정기결제·이용권 결제 모듈. 연동: 알림톡·문자·PG·정기결제.","요가원 솔루션 구축","Answer|BreadcrumbList|ContactPoint|Country|FAQPage|ListItem|OpeningHoursSpecification|Organization|PostalAddress|ProfessionalService|PropertyValue|Question|Service|WebSite","37","2","service_or_hub","industry_service","P1","INDEX","self-canonical, indexable and present in sitemap","TESTED_LOCAL_BUILD"
"https://reumlab.com/source-handover/","200","https://reumlab.com/source-handover/","index, follow","yes","yes","no","소스코드 이관 외주 | 저장소·배포 권한 인수 조건 — 름랩 REUMLAB","앱·웹 외주의 계약 범위 소스코드·GitHub 저장소와 이전 가능한 배포·운영 권한을 인수할 조건을 안내합니다. 제3자 라이선스와 플랫폼 계정 정책은 별도로 확인합니다. 이미 외주사에서 소스코드를 못 받은 경우 현황 점검·이관 상담도 진행합니다.","소스코드 이관 — 외주에 묶이지 않게","Answer|BreadcrumbList|ContactPoint|Country|FAQPage|ListItem|OpeningHoursSpecification|Organization|PostalAddress|ProfessionalService|PropertyValue|Question|Service|WebSite","32","1","service_or_hub","service_or_hub","P1","INDEX","self-canonical, indexable and present in sitemap","TESTED_LOCAL_BUILD"
"https://reumlab.com/system/","200","https://reumlab.com/system/","index, follow","yes","yes","no","기능·시스템별 개발 | QR 주문·웨이팅·정기배송·업무관리 | 름랩","업종이 아니라 기능 이름으로 찾는 분들을 위한 인덱스입니다. QR 주문, 웨이팅·대기번호, 공간대여 예약, 정기배송 구독, 인력·근태 관리, 무역·통관 업무, 차량 랩핑 시뮬레이션까지 필요한 기능과 예상 비용·기간을 정리했습니다.","기능 이름으로 찾는 개발","BreadcrumbList|CollectionPage|ContactPoint|Country|ItemList|ListItem|OpeningHoursSpecification|Organization|PostalAddress|ProfessionalService|PropertyValue|WebSite","36","2","service_or_hub","service_or_hub","P1","INDEX","self-canonical, indexable and present in sitemap","TESTED_LOCAL_BUILD"
"https://reumlab.com/system/qr-order/","200","https://reumlab.com/system/qr-order/","index, follow","yes","yes","no","QR 주문 시스템 개발 | 기능·비용·개발기간 정리 | 름랩","QR 주문은 손님 휴대폰을 주문 단말로 쓰는 구조입니다. 필요한 기능과 예상 비용·기간을 정리했습니다. VAT 포함 정액 · 소스코드 이관 · 월 관리비 없음.","QR 주문 시스템 개발","Answer|BreadcrumbList|ContactPoint|Country|FAQPage|ListItem|OpeningHoursSpecification|Organization|PostalAddress|ProfessionalService|PropertyValue|Question|Service|WebSite","35","3","service_or_hub","system_service","P1","INDEX","self-canonical, indexable and present in sitemap","TESTED_LOCAL_BUILD"
"https://reumlab.com/system/space-rental/","200","https://reumlab.com/system/space-rental/","index, follow","yes","yes","no","공간대여 앱 개발 | 기능·비용·개발기간 정리 | 름랩","공간대여는 &quot;시간 단위 재고&quot;를 파는 사업입니다. 필요한 기능과 예상 비용·기간을 정리했습니다. VAT 포함 정액 · 소스코드 이관 · 월 관리비 없음.","공간대여 예약·정산 시스템 개발","Answer|BreadcrumbList|ContactPoint|Country|FAQPage|ListItem|OpeningHoursSpecification|Organization|PostalAddress|ProfessionalService|PropertyValue|Question|Service|WebSite","35","3","service_or_hub","system_service","P1","INDEX","self-canonical, indexable and present in sitemap","TESTED_LOCAL_BUILD"
"https://reumlab.com/system/subscription-delivery/","200","https://reumlab.com/system/subscription-delivery/","index, follow","yes","yes","no","정기배송 시스템 개발 | 기능·비용·개발기간 정리 | 름랩","정기배송은 한 번 파는 게 아니라 &quot;다음 회차를 계속 만들어 내는&quot; 구조입니다. 필요한 기능과 예상 비용·기간을 정리했습니다. VAT 포함 정액 · 소스코드 이관 · 월 관리비 없음.","정기배송·구독 관리 시스템 개발","Answer|BreadcrumbList|ContactPoint|Country|FAQPage|ListItem|OpeningHoursSpecification|Organization|PostalAddress|ProfessionalService|PropertyValue|Question|Service|WebSite","35","3","service_or_hub","system_service","P1","INDEX","self-canonical, indexable and present in sitemap","TESTED_LOCAL_BUILD"
"https://reumlab.com/system/trade-ops/","200","https://reumlab.com/system/trade-ops/","index, follow","yes","yes","no","무역 업무 시스템 개발 | 기능·비용·개발기간 정리 | 름랩","무역·통관 업무는 서류와 상태 문의가 일의 대부분입니다. 필요한 기능과 예상 비용·기간을 정리했습니다. VAT 포함 정액 · 소스코드 이관 · 월 관리비 없음.","무역·통관 업무 시스템 개발","Answer|BreadcrumbList|ContactPoint|Country|FAQPage|ListItem|OpeningHoursSpecification|Organization|PostalAddress|ProfessionalService|PropertyValue|Question|Service|WebSite","35","3","service_or_hub","system_service","P1","INDEX","self-canonical, indexable and present in sitemap","TESTED_LOCAL_BUILD"
"https://reumlab.com/system/vehicle-visualizer/","200","https://reumlab.com/system/vehicle-visualizer/","index, follow","yes","yes","no","자동차 랩핑 시뮬레이션 개발 | 기능·비용·개발기간 정리 | 름랩","랩핑·튜닝은 &quot;해 보기 전에는 모르겠다&quot;가 가장 큰 계약 장벽입니다. 필요한 기능과 예상 비용·기간을 정리했습니다. VAT 포함 정액 · 소스코드 이관 · 월 관리비 없음.","차량 랩핑 시뮬레이션·견적 시스템 개발","Answer|BreadcrumbList|ContactPoint|Country|FAQPage|ListItem|OpeningHoursSpecification|Organization|PostalAddress|ProfessionalService|PropertyValue|Question|Service|WebSite","35","3","service_or_hub","system_service","P1","INDEX","self-canonical, indexable and present in sitemap","TESTED_LOCAL_BUILD"
"https://reumlab.com/system/waiting/","200","https://reumlab.com/system/waiting/","index, follow","yes","yes","no","웨이팅 시스템 개발 | 기능·비용·개발기간 정리 | 름랩","웨이팅 시스템은 줄을 없애는 게 아니라 &quot;줄을 서지 않고 기다리게&quot; 만드는 장치입니다. 필요한 기능과 예상 비용·기간을 정리했습니다. VAT 포함 정액 · 소스코드 이관 · 월 관리비 없음.","웨이팅·대기번호 시스템 개발","Answer|BreadcrumbList|ContactPoint|Country|FAQPage|ListItem|OpeningHoursSpecification|Organization|PostalAddress|ProfessionalService|PropertyValue|Question|Service|WebSite","35","3","service_or_hub","system_service","P1","INDEX","self-canonical, indexable and present in sitemap","TESTED_LOCAL_BUILD"
"https://reumlab.com/system/workforce/","200","https://reumlab.com/system/workforce/","index, follow","yes","yes","no","업무관리 앱 개발 | 기능·비용·개발기간 정리 | 름랩","현장이 있는 회사의 관리 업무는 대부분 &quot;누가 어디서 무엇을 했는가&quot;를 모으는 일입니다. 필요한 기능과 예상 비용·기간을 정리했습니다. VAT 포함 정액 · 소스코드 이관 · 월 관리비 없음.","인력·근태·업무관리 시스템 개발","Answer|BreadcrumbList|ContactPoint|Country|FAQPage|ListItem|OpeningHoursSpecification|Organization|PostalAddress|ProfessionalService|PropertyValue|Question|Service|WebSite","35","3","service_or_hub","system_service","P1","INDEX","self-canonical, indexable and present in sitemap","TESTED_LOCAL_BUILD"
"https://reumlab.com/terms/","200","https://reumlab.com/terms/","index,follow","yes","yes","no","이용약관 | 름랩 REUMLAB","름랩(REUMLAB) 웹사이트와 개발 서비스 이용에 적용되는 약관입니다. 계약 성립, 이용자·회사의 의무, 책임 범위를 안내합니다.","이용약관","","3","1","service_or_hub","legal","P1","INDEX","self-canonical, indexable and present in sitemap","TESTED_LOCAL_BUILD"
"https://reumlab.com/web-development/ansan/","200","https://reumlab.com/web-development/ansan/","noindex, follow","no","no","no","안산 웹사이트 제작 | 반응형·검색 노출 설계 — 름랩","검색에 잡히고 문의로 이어지는 웹사이트가 필요하신가요. 안산 웹사이트 제작 — 안산의 제조·유통·로컬 수요에 맞춰 주문·재고·예약 같은 실무 기능을 핵심부터 추려 제작합니다. 반응형 웹 · VAT 포함 98만 원부터 · 약 5~14일.","안산 웹사이트 제작","Answer|BreadcrumbList|ContactPoint|Country|FAQPage|ListItem|OpeningHoursSpecification|Organization|Place|PostalAddress|ProfessionalService|PropertyValue|Question|Service|WebSite","41","2","region_service","region_service","P3","NOINDEX","robots noindex in initial HTML","TESTED_LOCAL_BUILD"
"https://reumlab.com/web-development/anyang/","200","https://reumlab.com/web-development/anyang/","noindex, follow","no","no","no","안양 웹사이트 제작 | 반응형·검색 노출 설계 — 름랩","검색에 잡히고 문의로 이어지는 웹사이트가 필요하신가요. 안양 웹사이트 제작 — 안양 평촌 학원가와 구도심 상권에 맞춰 수강신청·예약·결제 같은 운영 기능 중심으로 제작합니다. 반응형 웹 · VAT 포함 98만 원부터 · 약 5~14일.","안양 웹사이트 제작","Answer|BreadcrumbList|ContactPoint|Country|FAQPage|ListItem|OpeningHoursSpecification|Organization|Place|PostalAddress|ProfessionalService|PropertyValue|Question|Service|WebSite","41","3","region_service","region_service","P3","NOINDEX","robots noindex in initial HTML","TESTED_LOCAL_BUILD"
"https://reumlab.com/web-development/asan/","200","https://reumlab.com/web-development/asan/","noindex, follow","no","no","no","아산 웹사이트 제작 | 반응형·검색 노출 설계 — 름랩","검색에 잡히고 문의로 이어지는 웹사이트가 필요하신가요. 아산 웹사이트 제작 — 아산의 산업단지와 온양·배방 신도시 상권 수요에 맞춰 실무 자동화·예약·주문 앱·웹을 비대면으로 제작합니다. 반응형 웹 · VAT 포함 98만 원부터 · 약 5~14일.","아산 웹사이트 제작","Answer|BreadcrumbList|ContactPoint|Country|FAQPage|ListItem|OpeningHoursSpecification|Organization|Place|PostalAddress|ProfessionalService|PropertyValue|Question|Service|WebSite","41","","region_service","region_service","P3","NOINDEX","robots noindex in initial HTML","TESTED_LOCAL_BUILD"
"https://reumlab.com/web-development/bucheon/","200","https://reumlab.com/web-development/bucheon/","noindex, follow","no","no","no","부천 웹사이트 제작 | 반응형·검색 노출 설계 — 름랩","검색에 잡히고 문의로 이어지는 웹사이트가 필요하신가요. 부천 웹사이트 제작 — 부천의 촘촘한 자영업 상권에 맞춰 예약·주문·회원 중심의 앱·웹을 빠르게 만들고 소스코드를 이관합니다. 반응형 웹 · VAT 포함 98만 원부터 · 약 5~14일.","부천 웹사이트 제작","Answer|BreadcrumbList|ContactPoint|Country|FAQPage|ListItem|OpeningHoursSpecification|Organization|Place|PostalAddress|ProfessionalService|PropertyValue|Question|Service|WebSite","41","3","region_service","region_service","P3","NOINDEX","robots noindex in initial HTML","TESTED_LOCAL_BUILD"
"https://reumlab.com/web-development/bundang/","200","https://reumlab.com/web-development/bundang/","noindex, follow","no","no","no","분당 웹사이트 제작 | 반응형·검색 노출 설계 — 름랩","검색에 잡히고 문의로 이어지는 웹사이트가 필요하신가요. 분당 웹사이트 제작 — 분당은 IT 종사자·예비창업자 비중이 높아, 빠른 검증과 소스코드 이관을 중시하는 프로젝트에 잘 맞습니다. 반응형 웹 · VAT 포함 98만 원부터 · 약 5~14일.","분당 웹사이트 제작","Answer|BreadcrumbList|ContactPoint|Country|FAQPage|ListItem|OpeningHoursSpecification|Organization|Place|PostalAddress|ProfessionalService|PropertyValue|Question|Service|WebSite","41","3","region_service","region_service","P3","NOINDEX","robots noindex in initial HTML","TESTED_LOCAL_BUILD"
"https://reumlab.com/web-development/busan/","200","https://reumlab.com/web-development/busan/","noindex, follow","no","no","no","부산 웹사이트 제작 | 반응형·검색 노출 설계 — 름랩","검색에 잡히고 문의로 이어지는 웹사이트가 필요하신가요. 부산 웹사이트 제작 — 름랩은 소스코드 이관·비대면 협업 구조라 부산 사업자와도 화상 상담으로 전국 동일 조건으로 진행합니다. 반응형 웹 · VAT 포함 98만 원부터 · 약 5~14일.","부산 웹사이트 제작","Answer|BreadcrumbList|ContactPoint|Country|FAQPage|ListItem|OpeningHoursSpecification|Organization|Place|PostalAddress|ProfessionalService|PropertyValue|Question|Service|WebSite","41","","region_service","region_service","P3","NOINDEX","robots noindex in initial HTML","TESTED_LOCAL_BUILD"
"https://reumlab.com/web-development/changwon/","200","https://reumlab.com/web-development/changwon/","noindex, follow","no","no","no","창원 웹사이트 제작 | 반응형·검색 노출 설계 — 름랩","검색에 잡히고 문의로 이어지는 웹사이트가 필요하신가요. 창원 웹사이트 제작 — 창원의 기계·제조 산업과 상남동 상권 수요에 맞춰 실무 자동화·예약·주문 앱·웹을 비대면으로 제작합니다. 반응형 웹 · VAT 포함 98만 원부터 · 약 5~14일.","창원 웹사이트 제작","Answer|BreadcrumbList|ContactPoint|Country|FAQPage|ListItem|OpeningHoursSpecification|Organization|Place|PostalAddress|ProfessionalService|PropertyValue|Question|Service|WebSite","41","","region_service","region_service","P3","NOINDEX","robots noindex in initial HTML","TESTED_LOCAL_BUILD"
"https://reumlab.com/web-development/cheonan/","200","https://reumlab.com/web-development/cheonan/","noindex, follow","no","no","no","천안 웹사이트 제작 | 반응형·검색 노출 설계 — 름랩","검색에 잡히고 문의로 이어지는 웹사이트가 필요하신가요. 천안 웹사이트 제작 — 천안의 대학가 상권과 산업단지 수요에 맞춰 예약·주문·실무 자동화 앱·웹을 비대면으로 제작합니다. 반응형 웹 · VAT 포함 98만 원부터 · 약 5~14일.","천안 웹사이트 제작","Answer|BreadcrumbList|ContactPoint|Country|FAQPage|ListItem|OpeningHoursSpecification|Organization|Place|PostalAddress|ProfessionalService|PropertyValue|Question|Service|WebSite","41","","region_service","region_service","P3","NOINDEX","robots noindex in initial HTML","TESTED_LOCAL_BUILD"
"https://reumlab.com/web-development/cheongju/","200","https://reumlab.com/web-development/cheongju/","noindex, follow","no","no","no","청주 웹사이트 제작 | 반응형·검색 노출 설계 — 름랩","검색에 잡히고 문의로 이어지는 웹사이트가 필요하신가요. 청주 웹사이트 제작 — 청주의 성안길 상권과 오창·오송 산업단지 수요에 맞춰 예약·주문·실무 자동화 앱·웹을 비대면으로 제작합니다. 반응형 웹 · VAT 포함 98만 원부터 · 약 5~14일.","청주 웹사이트 제작","Answer|BreadcrumbList|ContactPoint|Country|FAQPage|ListItem|OpeningHoursSpecification|Organization|Place|PostalAddress|ProfessionalService|PropertyValue|Question|Service|WebSite","41","","region_service","region_service","P3","NOINDEX","robots noindex in initial HTML","TESTED_LOCAL_BUILD"
"https://reumlab.com/web-development/chuncheon/","200","https://reumlab.com/web-development/chuncheon/","noindex, follow","no","no","no","춘천 웹사이트 제작 | 반응형·검색 노출 설계 — 름랩","검색에 잡히고 문의로 이어지는 웹사이트가 필요하신가요. 춘천 웹사이트 제작 — 춘천의 관광·대학 상권 수요에 맞춰 예약·커머스·회원 중심 앱·웹을 비대면으로 제작합니다. 반응형 웹 · VAT 포함 98만 원부터 · 약 5~14일.","춘천 웹사이트 제작","Answer|BreadcrumbList|ContactPoint|Country|FAQPage|ListItem|OpeningHoursSpecification|Organization|Place|PostalAddress|ProfessionalService|PropertyValue|Question|Service|WebSite","41","","region_service","region_service","P3","NOINDEX","robots noindex in initial HTML","TESTED_LOCAL_BUILD"
"https://reumlab.com/web-development/chungju/","200","https://reumlab.com/web-development/chungju/","noindex, follow","no","no","no","충주 웹사이트 제작 | 반응형·검색 노출 설계 — 름랩","검색에 잡히고 문의로 이어지는 웹사이트가 필요하신가요. 충주 웹사이트 제작 — 충주 산업단지와 호수 관광 상권 수요에 맞춰 실무 자동화·예약·주문 앱·웹을 비대면으로 제작합니다. 반응형 웹 · VAT 포함 98만 원부터 · 약 5~14일.","충주 웹사이트 제작","Answer|BreadcrumbList|ContactPoint|Country|FAQPage|ListItem|OpeningHoursSpecification|Organization|Place|PostalAddress|ProfessionalService|PropertyValue|Question|Service|WebSite","41","","region_service","region_service","P3","NOINDEX","robots noindex in initial HTML","TESTED_LOCAL_BUILD"
"https://reumlab.com/web-development/daegu/","200","https://reumlab.com/web-development/daegu/","noindex, follow","no","no","no","대구 웹사이트 제작 | 반응형·검색 노출 설계 — 름랩","검색에 잡히고 문의로 이어지는 웹사이트가 필요하신가요. 대구 웹사이트 제작 — 대구의 동성로 상권·섬유/제조 수요에 맞춰 예약·주문·실무 자동화 앱·웹을 비대면으로 제작합니다. 반응형 웹 · VAT 포함 98만 원부터 · 약 5~14일.","대구 웹사이트 제작","Answer|BreadcrumbList|ContactPoint|Country|FAQPage|ListItem|OpeningHoursSpecification|Organization|Place|PostalAddress|ProfessionalService|PropertyValue|Question|Service|WebSite","41","","region_service","region_service","P3","NOINDEX","robots noindex in initial HTML","TESTED_LOCAL_BUILD"
"https://reumlab.com/web-development/daejeon/","200","https://reumlab.com/web-development/daejeon/","noindex, follow","no","no","no","대전 웹사이트 제작 | 반응형·검색 노출 설계 — 름랩","검색에 잡히고 문의로 이어지는 웹사이트가 필요하신가요. 대전 웹사이트 제작 — 대전 둔산 상권과 대덕연구단지 기반 기술 수요에 맞춰 플랫폼·실무 자동화·예약 앱·웹을 비대면으로 제작합니다. 반응형 웹 · VAT 포함 98만 원부터 · 약 5~14일.","대전 웹사이트 제작","Answer|BreadcrumbList|ContactPoint|Country|FAQPage|ListItem|OpeningHoursSpecification|Organization|Place|PostalAddress|ProfessionalService|PropertyValue|Question|Service|WebSite","41","","region_service","region_service","P3","NOINDEX","robots noindex in initial HTML","TESTED_LOCAL_BUILD"
"https://reumlab.com/web-development/dongtan/","200","https://reumlab.com/web-development/dongtan/","index, follow","yes","yes","no","동탄 웹사이트 제작 | 반응형·검색 노출 설계 — 름랩","검색에 잡히고 문의로 이어지는 웹사이트가 필요하신가요. 동탄 웹사이트 제작 — 동탄의 신축 상권·젊은 인구에 맞춰 예약·주문·구독 중심의 실사용 기능부터 빠르게 출시합니다. 반응형 웹 · VAT 포함 98만 원부터 · 약 5~14일.","동탄 웹사이트 제작","Answer|BreadcrumbList|ContactPoint|Country|FAQPage|ListItem|OpeningHoursSpecification|Organization|Place|PostalAddress|ProfessionalService|PropertyValue|Question|Service|WebSite","40","1","region_service","region_service","P3","INDEX","self-canonical, indexable and present in sitemap","TESTED_LOCAL_BUILD"
"https://reumlab.com/web-development/gangdong/","200","https://reumlab.com/web-development/gangdong/","noindex, follow","no","no","no","서울 강동 웹사이트 제작 | 반응형·검색 노출 설계 — 름랩","검색에 잡히고 문의로 이어지는 웹사이트가 필요하신가요. 서울 강동 웹사이트 제작 — 강동 천호·고덕 상권과 재건축 주거 수요에 맞춰 예약·주문·회원 중심의 앱·웹을 제작합니다. 반응형 웹 · VAT 포함 98만 원부터 · 약 5~14일.","서울 강동 웹사이트 제작","Answer|BreadcrumbList|ContactPoint|Country|FAQPage|ListItem|OpeningHoursSpecification|Organization|Place|PostalAddress|ProfessionalService|PropertyValue|Question|Service|WebSite","41","4","region_service","region_service","P3","NOINDEX","robots noindex in initial HTML","TESTED_LOCAL_BUILD"
"https://reumlab.com/web-development/gangnam/","200","https://reumlab.com/web-development/gangnam/","noindex, follow","no","no","no","서울 강남 웹사이트 제작 | 반응형·검색 노출 설계 — 름랩","검색에 잡히고 문의로 이어지는 웹사이트가 필요하신가요. 서울 강남 웹사이트 제작 — 강남 테헤란로의 SaaS·플랫폼·전문서비스 수요에 맞춰 검증용 MVP부터 운영 서비스까지 진행합니다. 반응형 웹 · VAT 포함 98만 원부터 · 약 5~14일.","서울 강남 웹사이트 제작","Answer|BreadcrumbList|ContactPoint|Country|FAQPage|ListItem|OpeningHoursSpecification|Organization|Place|PostalAddress|ProfessionalService|PropertyValue|Question|Service|WebSite","41","3","region_service","region_service","P3","NOINDEX","robots noindex in initial HTML","TESTED_LOCAL_BUILD"
"https://reumlab.com/web-development/gangneung/","200","https://reumlab.com/web-development/gangneung/","noindex, follow","no","no","no","강릉 웹사이트 제작 | 반응형·검색 노출 설계 — 름랩","검색에 잡히고 문의로 이어지는 웹사이트가 필요하신가요. 강릉 웹사이트 제작 — 강릉의 관광·해양 상권 수요에 맞춰 예약·숙박·커머스 중심 앱·웹을 비대면으로 제작합니다. 반응형 웹 · VAT 포함 98만 원부터 · 약 5~14일.","강릉 웹사이트 제작","Answer|BreadcrumbList|ContactPoint|Country|FAQPage|ListItem|OpeningHoursSpecification|Organization|Place|PostalAddress|ProfessionalService|PropertyValue|Question|Service|WebSite","41","","region_service","region_service","P3","NOINDEX","robots noindex in initial HTML","TESTED_LOCAL_BUILD"
"https://reumlab.com/web-development/geoje/","200","https://reumlab.com/web-development/geoje/","noindex, follow","no","no","no","거제 웹사이트 제작 | 반응형·검색 노출 설계 — 름랩","검색에 잡히고 문의로 이어지는 웹사이트가 필요하신가요. 거제 웹사이트 제작 — 거제 조선 산업과 관광 상권 수요에 맞춰 실무 자동화·예약·숙박 앱·웹을 비대면으로 제작합니다. 반응형 웹 · VAT 포함 98만 원부터 · 약 5~14일.","거제 웹사이트 제작","Answer|BreadcrumbList|ContactPoint|Country|FAQPage|ListItem|OpeningHoursSpecification|Organization|Place|PostalAddress|ProfessionalService|PropertyValue|Question|Service|WebSite","41","","region_service","region_service","P3","NOINDEX","robots noindex in initial HTML","TESTED_LOCAL_BUILD"
"https://reumlab.com/web-development/gimhae/","200","https://reumlab.com/web-development/gimhae/","noindex, follow","no","no","no","김해 웹사이트 제작 | 반응형·검색 노출 설계 — 름랩","검색에 잡히고 문의로 이어지는 웹사이트가 필요하신가요. 김해 웹사이트 제작 — 김해의 산업·물류와 신도시 상권 수요에 맞춰 주문·예약·회원 중심 앱·웹을 비대면으로 제작합니다. 반응형 웹 · VAT 포함 98만 원부터 · 약 5~14일.","김해 웹사이트 제작","Answer|BreadcrumbList|ContactPoint|Country|FAQPage|ListItem|OpeningHoursSpecification|Organization|Place|PostalAddress|ProfessionalService|PropertyValue|Question|Service|WebSite","41","","region_service","region_service","P3","NOINDEX","robots noindex in initial HTML","TESTED_LOCAL_BUILD"
"https://reumlab.com/web-development/gimpo/","200","https://reumlab.com/web-development/gimpo/","noindex, follow","no","no","no","김포 웹사이트 제작 | 반응형·검색 노출 설계 — 름랩","검색에 잡히고 문의로 이어지는 웹사이트가 필요하신가요. 김포 웹사이트 제작 — 김포 한강신도시 상권과 물류 수요에 맞춰 예약·주문·회원 중심 앱·웹을 제작합니다. 반응형 웹 · VAT 포함 98만 원부터 · 약 5~14일.","김포 웹사이트 제작","Answer|BreadcrumbList|ContactPoint|Country|FAQPage|ListItem|OpeningHoursSpecification|Organization|Place|PostalAddress|ProfessionalService|PropertyValue|Question|Service|WebSite","41","","region_service","region_service","P3","NOINDEX","robots noindex in initial HTML","TESTED_LOCAL_BUILD"
"https://reumlab.com/web-development/goyang/","200","https://reumlab.com/web-development/goyang/","noindex, follow","no","no","no","고양 일산 웹사이트 제작 | 반응형·검색 노출 설계 — 름랩","검색에 잡히고 문의로 이어지는 웹사이트가 필요하신가요. 고양 일산 웹사이트 제작 — 고양 일산 신도시 상권과 방송·전시 수요에 맞춰 예약·커머스·회원 중심 앱·웹을 제작합니다. 반응형 웹 · VAT 포함 98만 원부터 · 약 5~14일.","고양 일산 웹사이트 제작","Answer|BreadcrumbList|ContactPoint|Country|FAQPage|ListItem|OpeningHoursSpecification|Organization|Place|PostalAddress|ProfessionalService|PropertyValue|Question|Service|WebSite","41","","region_service","region_service","P3","NOINDEX","robots noindex in initial HTML","TESTED_LOCAL_BUILD"
"https://reumlab.com/web-development/gumi/","200","https://reumlab.com/web-development/gumi/","noindex, follow","no","no","no","구미 웹사이트 제작 | 반응형·검색 노출 설계 — 름랩","검색에 잡히고 문의로 이어지는 웹사이트가 필요하신가요. 구미 웹사이트 제작 — 구미의 전자·제조 산업단지 수요에 맞춰 실무 자동화·주문·재고 앱·웹을 비대면으로 제작합니다. 반응형 웹 · VAT 포함 98만 원부터 · 약 5~14일.","구미 웹사이트 제작","Answer|BreadcrumbList|ContactPoint|Country|FAQPage|ListItem|OpeningHoursSpecification|Organization|Place|PostalAddress|ProfessionalService|PropertyValue|Question|Service|WebSite","41","","region_service","region_service","P3","NOINDEX","robots noindex in initial HTML","TESTED_LOCAL_BUILD"
"https://reumlab.com/web-development/gunpo/","200","https://reumlab.com/web-development/gunpo/","noindex, follow","no","no","no","군포 웹사이트 제작 | 반응형·검색 노출 설계 — 름랩","검색에 잡히고 문의로 이어지는 웹사이트가 필요하신가요. 군포 웹사이트 제작 — 군포 산본 상권의 예약 중심 업종에 맞춰 예약·노쇼 방지·결제 기능부터 MVP로 제작합니다. 반응형 웹 · VAT 포함 98만 원부터 · 약 5~14일.","군포 웹사이트 제작","Answer|BreadcrumbList|ContactPoint|Country|FAQPage|ListItem|OpeningHoursSpecification|Organization|Place|PostalAddress|ProfessionalService|PropertyValue|Question|Service|WebSite","41","2","region_service","region_service","P3","NOINDEX","robots noindex in initial HTML","TESTED_LOCAL_BUILD"
"https://reumlab.com/web-development/gunsan/","200","https://reumlab.com/web-development/gunsan/","noindex, follow","no","no","no","군산 웹사이트 제작 | 반응형·검색 노출 설계 — 름랩","검색에 잡히고 문의로 이어지는 웹사이트가 필요하신가요. 군산 웹사이트 제작 — 군산 근대문화 관광 상권과 산업단지 수요에 맞춰 예약·커머스·실무 자동화 앱·웹을 비대면으로 제작합니다. 반응형 웹 · VAT 포함 98만 원부터 · 약 5~14일.","군산 웹사이트 제작","Answer|BreadcrumbList|ContactPoint|Country|FAQPage|ListItem|OpeningHoursSpecification|Organization|Place|PostalAddress|ProfessionalService|PropertyValue|Question|Service|WebSite","41","","region_service","region_service","P3","NOINDEX","robots noindex in initial HTML","TESTED_LOCAL_BUILD"
"https://reumlab.com/web-development/gwacheon/","200","https://reumlab.com/web-development/gwacheon/","noindex, follow","no","no","no","과천 웹사이트 제작 | 반응형·검색 노출 설계 — 름랩","검색에 잡히고 문의로 이어지는 웹사이트가 필요하신가요. 과천 웹사이트 제작 — 과천 정부청사·주거 상권의 소규모 사업장에 맞춰 예약·회원·문의 중심 앱·웹을 제작합니다. 반응형 웹 · VAT 포함 98만 원부터 · 약 5~14일.","과천 웹사이트 제작","Answer|BreadcrumbList|ContactPoint|Country|FAQPage|ListItem|OpeningHoursSpecification|Organization|Place|PostalAddress|ProfessionalService|PropertyValue|Question|Service|WebSite","41","","region_service","region_service","P3","NOINDEX","robots noindex in initial HTML","TESTED_LOCAL_BUILD"
"https://reumlab.com/web-development/gwangjin/","200","https://reumlab.com/web-development/gwangjin/","noindex, follow","no","no","no","서울 광진 웹사이트 제작 | 반응형·검색 노출 설계 — 름랩","검색에 잡히고 문의로 이어지는 웹사이트가 필요하신가요. 서울 광진 웹사이트 제작 — 광진 건대입구 대학 상권의 젊은 유동인구에 맞춰 예약·커머스·커뮤니티 중심의 앱·웹을 제작합니다. 반응형 웹 · VAT 포함 98만 원부터 · 약 5~14일.","서울 광진 웹사이트 제작","Answer|BreadcrumbList|ContactPoint|Country|FAQPage|ListItem|OpeningHoursSpecification|Organization|Place|PostalAddress|ProfessionalService|PropertyValue|Question|Service|WebSite","41","4","region_service","region_service","P3","NOINDEX","robots noindex in initial HTML","TESTED_LOCAL_BUILD"
"https://reumlab.com/web-development/gwangju/","200","https://reumlab.com/web-development/gwangju/","noindex, follow","no","no","no","광주 웹사이트 제작 | 반응형·검색 노출 설계 — 름랩","검색에 잡히고 문의로 이어지는 웹사이트가 필요하신가요. 광주 웹사이트 제작 — 광주 충장로·상무지구 상권과 AI·모빌리티 산업 수요에 맞춰 예약·주문·플랫폼 앱·웹을 비대면으로 제작합니다. 반응형 웹 · VAT 포함 98만 원부터 · 약 5~14일.","광주 웹사이트 제작","Answer|BreadcrumbList|ContactPoint|Country|FAQPage|ListItem|OpeningHoursSpecification|Organization|Place|PostalAddress|ProfessionalService|PropertyValue|Question|Service|WebSite","41","","region_service","region_service","P3","NOINDEX","robots noindex in initial HTML","TESTED_LOCAL_BUILD"
"https://reumlab.com/web-development/gwangmyeong/","200","https://reumlab.com/web-development/gwangmyeong/","noindex, follow","no","no","no","광명 웹사이트 제작 | 반응형·검색 노출 설계 — 름랩","검색에 잡히고 문의로 이어지는 웹사이트가 필요하신가요. 광명 웹사이트 제작 — 광명 역세권·철산·하안 상권에 맞춰 예약·주문·문의 중심의 앱·웹을 정액 패키지로 제작합니다. 반응형 웹 · VAT 포함 98만 원부터 · 약 5~14일.","광명 웹사이트 제작","Answer|BreadcrumbList|ContactPoint|Country|FAQPage|ListItem|OpeningHoursSpecification|Organization|Place|PostalAddress|ProfessionalService|PropertyValue|Question|Service|WebSite","41","","region_service","region_service","P3","NOINDEX","robots noindex in initial HTML","TESTED_LOCAL_BUILD"
"https://reumlab.com/web-development/gwangyang/","200","https://reumlab.com/web-development/gwangyang/","noindex, follow","no","no","no","광양 웹사이트 제작 | 반응형·검색 노출 설계 — 름랩","검색에 잡히고 문의로 이어지는 웹사이트가 필요하신가요. 광양 웹사이트 제작 — 광양 철강·항만 산업 수요에 맞춰 실무 자동화·주문·재고 앱·웹을 비대면으로 제작합니다. 반응형 웹 · VAT 포함 98만 원부터 · 약 5~14일.","광양 웹사이트 제작","Answer|BreadcrumbList|ContactPoint|Country|FAQPage|ListItem|OpeningHoursSpecification|Organization|Place|PostalAddress|ProfessionalService|PropertyValue|Question|Service|WebSite","41","","region_service","region_service","P3","NOINDEX","robots noindex in initial HTML","TESTED_LOCAL_BUILD"
"https://reumlab.com/web-development/gyeongju/","200","https://reumlab.com/web-development/gyeongju/","noindex, follow","no","no","no","경주 웹사이트 제작 | 반응형·검색 노출 설계 — 름랩","검색에 잡히고 문의로 이어지는 웹사이트가 필요하신가요. 경주 웹사이트 제작 — 경주의 관광·숙박 상권 수요에 맞춰 예약·다국어 안내·커머스 중심 앱·웹을 비대면으로 제작합니다. 반응형 웹 · VAT 포함 98만 원부터 · 약 5~14일.","경주 웹사이트 제작","Answer|BreadcrumbList|ContactPoint|Country|FAQPage|ListItem|OpeningHoursSpecification|Organization|Place|PostalAddress|ProfessionalService|PropertyValue|Question|Service|WebSite","41","","region_service","region_service","P3","NOINDEX","robots noindex in initial HTML","TESTED_LOCAL_BUILD"
"https://reumlab.com/web-development/gyeongsan/","200","https://reumlab.com/web-development/gyeongsan/","noindex, follow","no","no","no","경산 웹사이트 제작 | 반응형·검색 노출 설계 — 름랩","검색에 잡히고 문의로 이어지는 웹사이트가 필요하신가요. 경산 웹사이트 제작 — 경산 대학가 상권과 산업단지 수요에 맞춰 예약·주문·실무 자동화 앱·웹을 비대면으로 제작합니다. 반응형 웹 · VAT 포함 98만 원부터 · 약 5~14일.","경산 웹사이트 제작","Answer|BreadcrumbList|ContactPoint|Country|FAQPage|ListItem|OpeningHoursSpecification|Organization|Place|PostalAddress|ProfessionalService|PropertyValue|Question|Service|WebSite","41","","region_service","region_service","P3","NOINDEX","robots noindex in initial HTML","TESTED_LOCAL_BUILD"
"https://reumlab.com/web-development/haeundae/","200","https://reumlab.com/web-development/haeundae/","noindex, follow","no","no","no","부산 해운대 웹사이트 제작 | 반응형·검색 노출 설계 — 름랩","검색에 잡히고 문의로 이어지는 웹사이트가 필요하신가요. 부산 해운대 웹사이트 제작 — 해운대의 관광·리조트·고급 주거 상권에 맞춰 예약·멤버십·커머스 중심의 앱·웹을 비대면으로 제작합니다. 반응형 웹 · VAT 포함 98만 원부터 · 약 5~14일.","부산 해운대 웹사이트 제작","Answer|BreadcrumbList|ContactPoint|Country|FAQPage|ListItem|OpeningHoursSpecification|Organization|Place|PostalAddress|ProfessionalService|PropertyValue|Question|Service|WebSite","41","","region_service","region_service","P3","NOINDEX","robots noindex in initial HTML","TESTED_LOCAL_BUILD"
"https://reumlab.com/web-development/hanam/","200","https://reumlab.com/web-development/hanam/","noindex, follow","no","no","no","하남 웹사이트 제작 | 반응형·검색 노출 설계 — 름랩","검색에 잡히고 문의로 이어지는 웹사이트가 필요하신가요. 하남 웹사이트 제작 — 하남 미사·위례 신도시 상권과 대형 상업시설 수요에 맞춰 예약·커머스·회원 앱·웹을 제작합니다. 반응형 웹 · VAT 포함 98만 원부터 · 약 5~14일.","하남 웹사이트 제작","Answer|BreadcrumbList|ContactPoint|Country|FAQPage|ListItem|OpeningHoursSpecification|Organization|Place|PostalAddress|ProfessionalService|PropertyValue|Question|Service|WebSite","41","","region_service","region_service","P3","NOINDEX","robots noindex in initial HTML","TESTED_LOCAL_BUILD"
"https://reumlab.com/web-development/hwaseong/","200","https://reumlab.com/web-development/hwaseong/","index, follow","yes","yes","no","화성 웹사이트 제작 | 반응형·검색 노출 설계 — 름랩","검색에 잡히고 문의로 이어지는 웹사이트가 필요하신가요. 화성 웹사이트 제작 — 화성·동탄 신도시 상권에 맞춰 예약·주문·멤버십 앱과 반응형 웹을 정액 패키지로 제작합니다. 반응형 웹 · VAT 포함 98만 원부터 · 약 5~14일.","화성 웹사이트 제작","Answer|BreadcrumbList|ContactPoint|Country|FAQPage|ListItem|OpeningHoursSpecification|Organization|Place|PostalAddress|ProfessionalService|PropertyValue|Question|Service|WebSite","40","1","region_service","region_service","P3","INDEX","self-canonical, indexable and present in sitemap","TESTED_LOCAL_BUILD"
"https://reumlab.com/web-development/icheon/","200","https://reumlab.com/web-development/icheon/","noindex, follow","no","no","no","이천 웹사이트 제작 | 반응형·검색 노출 설계 — 름랩","검색에 잡히고 문의로 이어지는 웹사이트가 필요하신가요. 이천 웹사이트 제작 — 이천 물류·제조와 도자 관광 상권 수요에 맞춰 주문·재고·예약 중심 앱·웹을 비대면으로 제작합니다. 반응형 웹 · VAT 포함 98만 원부터 · 약 5~14일.","이천 웹사이트 제작","Answer|BreadcrumbList|ContactPoint|Country|FAQPage|ListItem|OpeningHoursSpecification|Organization|Place|PostalAddress|ProfessionalService|PropertyValue|Question|Service|WebSite","41","3","region_service","region_service","P3","NOINDEX","robots noindex in initial HTML","TESTED_LOCAL_BUILD"
"https://reumlab.com/web-development/iksan/","200","https://reumlab.com/web-development/iksan/","noindex, follow","no","no","no","익산 웹사이트 제작 | 반응형·검색 노출 설계 — 름랩","검색에 잡히고 문의로 이어지는 웹사이트가 필요하신가요. 익산 웹사이트 제작 — 익산 교통 요지 상권과 산업단지 수요에 맞춰 예약·주문·실무 자동화 앱·웹을 비대면으로 제작합니다. 반응형 웹 · VAT 포함 98만 원부터 · 약 5~14일.","익산 웹사이트 제작","Answer|BreadcrumbList|ContactPoint|Country|FAQPage|ListItem|OpeningHoursSpecification|Organization|Place|PostalAddress|ProfessionalService|PropertyValue|Question|Service|WebSite","41","","region_service","region_service","P3","NOINDEX","robots noindex in initial HTML","TESTED_LOCAL_BUILD"
"https://reumlab.com/web-development/incheon/","200","https://reumlab.com/web-development/incheon/","noindex, follow","no","no","no","인천 웹사이트 제작 | 반응형·검색 노출 설계 — 름랩","검색에 잡히고 문의로 이어지는 웹사이트가 필요하신가요. 인천 웹사이트 제작 — 인천 송도·구도심·산단의 다양한 수요에 맞춰 물류·예약·주문·플랫폼 MVP를 빠르게 만들고 소스코드를 이관합니다. 반응형 웹 · VAT 포함 98만 원부터 · 약 5~14일.","인천 웹사이트 제작","Answer|BreadcrumbList|ContactPoint|Country|FAQPage|ListItem|OpeningHoursSpecification|Organization|Place|PostalAddress|ProfessionalService|PropertyValue|Question|Service|WebSite","41","","region_service","region_service","P3","NOINDEX","robots noindex in initial HTML","TESTED_LOCAL_BUILD"
"https://reumlab.com/web-development/","200","https://reumlab.com/web-development/","index, follow","yes","yes","no","Web Development &amp; Landing Page Korea | 름랩 REUMLAB","Custom website and landing page development in Korea. SEO-ready, source code included, no monthly fees. From ₩980,000 VAT incl. Hwaseong (Dongtan) studio.","웹사이트·랜딩페이지 제작 · Web Development","Answer|BreadcrumbList|ContactPoint|Country|FAQPage|ListItem|OpeningHoursSpecification|Organization|PostalAddress|ProfessionalService|PropertyValue|Question|Service|WebSite","44","1","service_or_hub","service_or_hub","P1","INDEX","self-canonical, indexable and present in sitemap","TESTED_LOCAL_BUILD"
"https://reumlab.com/web-development/jeju/","200","https://reumlab.com/web-development/jeju/","noindex, follow","no","no","no","제주 웹사이트 제작 | 반응형·검색 노출 설계 — 름랩","검색에 잡히고 문의로 이어지는 웹사이트가 필요하신가요. 제주 웹사이트 제작 — 제주의 관광·숙박·로컬 상권 수요에 맞춰 예약·다국어·커머스 중심 앱·웹을 비대면으로 제작합니다. 반응형 웹 · VAT 포함 98만 원부터 · 약 5~14일.","제주 웹사이트 제작","Answer|BreadcrumbList|ContactPoint|Country|FAQPage|ListItem|OpeningHoursSpecification|Organization|Place|PostalAddress|ProfessionalService|PropertyValue|Question|Service|WebSite","41","","region_service","region_service","P3","NOINDEX","robots noindex in initial HTML","TESTED_LOCAL_BUILD"
"https://reumlab.com/web-development/jeonju/","200","https://reumlab.com/web-development/jeonju/","noindex, follow","no","no","no","전주 웹사이트 제작 | 반응형·검색 노출 설계 — 름랩","검색에 잡히고 문의로 이어지는 웹사이트가 필요하신가요. 전주 웹사이트 제작 — 전주의 한옥마을 관광 상권과 교육 수요에 맞춰 예약·커머스·회원 중심 앱·웹을 비대면으로 제작합니다. 반응형 웹 · VAT 포함 98만 원부터 · 약 5~14일.","전주 웹사이트 제작","Answer|BreadcrumbList|ContactPoint|Country|FAQPage|ListItem|OpeningHoursSpecification|Organization|Place|PostalAddress|ProfessionalService|PropertyValue|Question|Service|WebSite","41","","region_service","region_service","P3","NOINDEX","robots noindex in initial HTML","TESTED_LOCAL_BUILD"
"https://reumlab.com/web-development/jinju/","200","https://reumlab.com/web-development/jinju/","noindex, follow","no","no","no","진주 웹사이트 제작 | 반응형·검색 노출 설계 — 름랩","검색에 잡히고 문의로 이어지는 웹사이트가 필요하신가요. 진주 웹사이트 제작 — 진주의 교육·행정 중심 상권과 혁신도시 수요에 맞춰 예약·상담·회원 앱·웹을 비대면으로 제작합니다. 반응형 웹 · VAT 포함 98만 원부터 · 약 5~14일.","진주 웹사이트 제작","Answer|BreadcrumbList|ContactPoint|Country|FAQPage|ListItem|OpeningHoursSpecification|Organization|Place|PostalAddress|ProfessionalService|PropertyValue|Question|Service|WebSite","41","","region_service","region_service","P3","NOINDEX","robots noindex in initial HTML","TESTED_LOCAL_BUILD"
"https://reumlab.com/web-development/jongno/","200","https://reumlab.com/web-development/jongno/","noindex, follow","no","no","no","서울 종로 웹사이트 제작 | 반응형·검색 노출 설계 — 름랩","검색에 잡히고 문의로 이어지는 웹사이트가 필요하신가요. 서울 종로 웹사이트 제작 — 종로·광화문 도심 업무와 관광 상권 수요에 맞춰 예약·업무 자동화·커머스 앱·웹을 제작합니다. 반응형 웹 · VAT 포함 98만 원부터 · 약 5~14일.","서울 종로 웹사이트 제작","Answer|BreadcrumbList|ContactPoint|Country|FAQPage|ListItem|OpeningHoursSpecification|Organization|Place|PostalAddress|ProfessionalService|PropertyValue|Question|Service|WebSite","41","","region_service","region_service","P3","NOINDEX","robots noindex in initial HTML","TESTED_LOCAL_BUILD"
"https://reumlab.com/web-development/mapo/","200","https://reumlab.com/web-development/mapo/","noindex, follow","no","no","no","서울 마포 웹사이트 제작 | 반응형·검색 노출 설계 — 름랩","검색에 잡히고 문의로 이어지는 웹사이트가 필요하신가요. 서울 마포 웹사이트 제작 — 마포 홍대·합정·상암의 콘텐츠·창작 수요에 맞춰 예약·커뮤니티·구독 중심의 앱·웹을 제작합니다. 반응형 웹 · VAT 포함 98만 원부터 · 약 5~14일.","서울 마포 웹사이트 제작","Answer|BreadcrumbList|ContactPoint|Country|FAQPage|ListItem|OpeningHoursSpecification|Organization|Place|PostalAddress|ProfessionalService|PropertyValue|Question|Service|WebSite","41","4","region_service","region_service","P3","NOINDEX","robots noindex in initial HTML","TESTED_LOCAL_BUILD"
"https://reumlab.com/web-development/mokpo/","200","https://reumlab.com/web-development/mokpo/","noindex, follow","no","no","no","목포 웹사이트 제작 | 반응형·검색 노출 설계 — 름랩","검색에 잡히고 문의로 이어지는 웹사이트가 필요하신가요. 목포 웹사이트 제작 — 목포의 항만·관광 상권과 로컬 자영업 수요에 맞춰 예약·주문·회원 앱·웹을 비대면으로 제작합니다. 반응형 웹 · VAT 포함 98만 원부터 · 약 5~14일.","목포 웹사이트 제작","Answer|BreadcrumbList|ContactPoint|Country|FAQPage|ListItem|OpeningHoursSpecification|Organization|Place|PostalAddress|ProfessionalService|PropertyValue|Question|Service|WebSite","41","","region_service","region_service","P3","NOINDEX","robots noindex in initial HTML","TESTED_LOCAL_BUILD"
"https://reumlab.com/web-development/namyangju/","200","https://reumlab.com/web-development/namyangju/","noindex, follow","no","no","no","남양주 웹사이트 제작 | 반응형·검색 노출 설계 — 름랩","검색에 잡히고 문의로 이어지는 웹사이트가 필요하신가요. 남양주 웹사이트 제작 — 남양주 다산·별내 신도시 상권에 맞춰 예약·주문·멤버십 중심 앱·웹을 제작합니다. 반응형 웹 · VAT 포함 98만 원부터 · 약 5~14일.","남양주 웹사이트 제작","Answer|BreadcrumbList|ContactPoint|Country|FAQPage|ListItem|OpeningHoursSpecification|Organization|Place|PostalAddress|ProfessionalService|PropertyValue|Question|Service|WebSite","41","","region_service","region_service","P3","NOINDEX","robots noindex in initial HTML","TESTED_LOCAL_BUILD"
"https://reumlab.com/web-development/nowon/","200","https://reumlab.com/web-development/nowon/","noindex, follow","no","no","no","서울 노원 웹사이트 제작 | 반응형·검색 노출 설계 — 름랩","검색에 잡히고 문의로 이어지는 웹사이트가 필요하신가요. 서울 노원 웹사이트 제작 — 노원·중계 학원가의 교육 수요에 맞춰 수강신청·출결·결제 중심의 앱·웹을 제작합니다. 반응형 웹 · VAT 포함 98만 원부터 · 약 5~14일.","서울 노원 웹사이트 제작","Answer|BreadcrumbList|ContactPoint|Country|FAQPage|ListItem|OpeningHoursSpecification|Organization|Place|PostalAddress|ProfessionalService|PropertyValue|Question|Service|WebSite","41","","region_service","region_service","P3","NOINDEX","robots noindex in initial HTML","TESTED_LOCAL_BUILD"
"https://reumlab.com/web-development/osan/","200","https://reumlab.com/web-development/osan/","noindex, follow","no","no","no","오산 웹사이트 제작 | 반응형·검색 노출 설계 — 름랩","검색에 잡히고 문의로 이어지는 웹사이트가 필요하신가요. 오산 웹사이트 제작 — 오산 역세권·산단 인근 수요에 맞춰 예약·주문·회원 중심의 앱·웹을 핵심 기능부터 제작합니다. 반응형 웹 · VAT 포함 98만 원부터 · 약 5~14일.","오산 웹사이트 제작","Answer|BreadcrumbList|ContactPoint|Country|FAQPage|ListItem|OpeningHoursSpecification|Organization|Place|PostalAddress|ProfessionalService|PropertyValue|Question|Service|WebSite","41","2","region_service","region_service","P3","NOINDEX","robots noindex in initial HTML","TESTED_LOCAL_BUILD"
"https://reumlab.com/web-development/paju/","200","https://reumlab.com/web-development/paju/","noindex, follow","no","no","no","파주 웹사이트 제작 | 반응형·검색 노출 설계 — 름랩","검색에 잡히고 문의로 이어지는 웹사이트가 필요하신가요. 파주 웹사이트 제작 — 파주 운정 신도시 상권과 출판·산업단지 수요에 맞춰 예약·커머스·실무 자동화 앱·웹을 제작합니다. 반응형 웹 · VAT 포함 98만 원부터 · 약 5~14일.","파주 웹사이트 제작","Answer|BreadcrumbList|ContactPoint|Country|FAQPage|ListItem|OpeningHoursSpecification|Organization|Place|PostalAddress|ProfessionalService|PropertyValue|Question|Service|WebSite","41","","region_service","region_service","P3","NOINDEX","robots noindex in initial HTML","TESTED_LOCAL_BUILD"
"https://reumlab.com/web-development/pangyo/","200","https://reumlab.com/web-development/pangyo/","noindex, follow","no","no","no","판교 웹사이트 제작 | 반응형·검색 노출 설계 — 름랩","검색에 잡히고 문의로 이어지는 웹사이트가 필요하신가요. 판교 웹사이트 제작 — 판교는 데모데이·IR 일정에 맞춘 속도와 추후 확장 구조가 동시에 중요한 지역이라, 그에 맞춰 범위를 설계합니다. 반응형 웹 · VAT 포함 98만 원부터 · 약 5~14일.","판교 웹사이트 제작","Answer|BreadcrumbList|ContactPoint|Country|FAQPage|ListItem|OpeningHoursSpecification|Organization|Place|PostalAddress|ProfessionalService|PropertyValue|Question|Service|WebSite","41","3","region_service","region_service","P3","NOINDEX","robots noindex in initial HTML","TESTED_LOCAL_BUILD"
"https://reumlab.com/web-development/pohang/","200","https://reumlab.com/web-development/pohang/","noindex, follow","no","no","no","포항 웹사이트 제작 | 반응형·검색 노출 설계 — 름랩","검색에 잡히고 문의로 이어지는 웹사이트가 필요하신가요. 포항 웹사이트 제작 — 포항의 철강 산업과 죽도·영일대 상권 수요에 맞춰 실무 자동화·예약·주문 앱·웹을 비대면으로 제작합니다. 반응형 웹 · VAT 포함 98만 원부터 · 약 5~14일.","포항 웹사이트 제작","Answer|BreadcrumbList|ContactPoint|Country|FAQPage|ListItem|OpeningHoursSpecification|Organization|Place|PostalAddress|ProfessionalService|PropertyValue|Question|Service|WebSite","41","","region_service","region_service","P3","NOINDEX","robots noindex in initial HTML","TESTED_LOCAL_BUILD"
"https://reumlab.com/web-development/pyeongtaek/","200","https://reumlab.com/web-development/pyeongtaek/","noindex, follow","no","no","no","평택 웹사이트 제작 | 반응형·검색 노출 설계 — 름랩","검색에 잡히고 문의로 이어지는 웹사이트가 필요하신가요. 평택 웹사이트 제작 — 평택의 산업·물류·신도시 수요에 맞춰 주문·예약·회원 중심의 앱·웹을 정액으로 빠르게 만듭니다. 반응형 웹 · VAT 포함 98만 원부터 · 약 5~14일.","평택 웹사이트 제작","Answer|BreadcrumbList|ContactPoint|Country|FAQPage|ListItem|OpeningHoursSpecification|Organization|Place|PostalAddress|ProfessionalService|PropertyValue|Question|Service|WebSite","41","2","region_service","region_service","P3","NOINDEX","robots noindex in initial HTML","TESTED_LOCAL_BUILD"
"https://reumlab.com/web-development/sejong/","200","https://reumlab.com/web-development/sejong/","noindex, follow","no","no","no","세종 웹사이트 제작 | 반응형·검색 노출 설계 — 름랩","검색에 잡히고 문의로 이어지는 웹사이트가 필요하신가요. 세종 웹사이트 제작 — 세종의 행정·신도시 주거 상권 수요에 맞춰 예약·회원·실무 자동화 앱·웹을 비대면으로 제작합니다. 반응형 웹 · VAT 포함 98만 원부터 · 약 5~14일.","세종 웹사이트 제작","Answer|BreadcrumbList|ContactPoint|Country|FAQPage|ListItem|OpeningHoursSpecification|Organization|Place|PostalAddress|ProfessionalService|PropertyValue|Question|Service|WebSite","41","","region_service","region_service","P3","NOINDEX","robots noindex in initial HTML","TESTED_LOCAL_BUILD"
"https://reumlab.com/web-development/seocho/","200","https://reumlab.com/web-development/seocho/","noindex, follow","no","no","no","서울 서초 웹사이트 제작 | 반응형·검색 노출 설계 — 름랩","검색에 잡히고 문의로 이어지는 웹사이트가 필요하신가요. 서울 서초 웹사이트 제작 — 서초·양재의 전문서비스·스타트업 수요에 맞춰 예약·상담·회원·자동화 기능 중심으로 제작합니다. 반응형 웹 · VAT 포함 98만 원부터 · 약 5~14일.","서울 서초 웹사이트 제작","Answer|BreadcrumbList|ContactPoint|Country|FAQPage|ListItem|OpeningHoursSpecification|Organization|Place|PostalAddress|ProfessionalService|PropertyValue|Question|Service|WebSite","41","4","region_service","region_service","P3","NOINDEX","robots noindex in initial HTML","TESTED_LOCAL_BUILD"
"https://reumlab.com/web-development/seogwipo/","200","https://reumlab.com/web-development/seogwipo/","noindex, follow","no","no","no","제주 서귀포 웹사이트 제작 | 반응형·검색 노출 설계 — 름랩","검색에 잡히고 문의로 이어지는 웹사이트가 필요하신가요. 제주 서귀포 웹사이트 제작 — 서귀포 관광·감귤 산지 상권 수요에 맞춰 예약·직거래 커머스·다국어 앱·웹을 비대면으로 제작합니다. 반응형 웹 · VAT 포함 98만 원부터 · 약 5~14일.","제주 서귀포 웹사이트 제작","Answer|BreadcrumbList|ContactPoint|Country|FAQPage|ListItem|OpeningHoursSpecification|Organization|Place|PostalAddress|ProfessionalService|PropertyValue|Question|Service|WebSite","41","","region_service","region_service","P3","NOINDEX","robots noindex in initial HTML","TESTED_LOCAL_BUILD"
"https://reumlab.com/web-development/seongnam/","200","https://reumlab.com/web-development/seongnam/","noindex, follow","no","no","no","성남 웹사이트 제작 | 반응형·검색 노출 설계 — 름랩","검색에 잡히고 문의로 이어지는 웹사이트가 필요하신가요. 성남 웹사이트 제작 — 성남은 분당·판교 IT 벨트를 끼고 있어, 검증 위주의 빠른 MVP와 확장 가능한 구조를 함께 고려해 진행합니다. 반응형 웹 · VAT 포함 98만 원부터 · 약 5~14일.","성남 웹사이트 제작","Answer|BreadcrumbList|ContactPoint|Country|FAQPage|ListItem|OpeningHoursSpecification|Organization|Place|PostalAddress|ProfessionalService|PropertyValue|Question|Service|WebSite","41","3","region_service","region_service","P3","NOINDEX","robots noindex in initial HTML","TESTED_LOCAL_BUILD"
"https://reumlab.com/web-development/seongsu/","200","https://reumlab.com/web-development/seongsu/","noindex, follow","no","no","no","성수 웹사이트 제작 | 반응형·검색 노출 설계 — 름랩","검색에 잡히고 문의로 이어지는 웹사이트가 필요하신가요. 성수 웹사이트 제작 — 성수 브랜드·소셜벤처의 수요에 맞춰 커머스·예약·구독·커뮤니티 중심의 앱·웹을 빠르게 제작합니다. 반응형 웹 · VAT 포함 98만 원부터 · 약 5~14일.","성수 웹사이트 제작","Answer|BreadcrumbList|ContactPoint|Country|FAQPage|ListItem|OpeningHoursSpecification|Organization|Place|PostalAddress|ProfessionalService|PropertyValue|Question|Service|WebSite","41","","region_service","region_service","P3","NOINDEX","robots noindex in initial HTML","TESTED_LOCAL_BUILD"
"https://reumlab.com/web-development/seosan/","200","https://reumlab.com/web-development/seosan/","noindex, follow","no","no","no","서산 웹사이트 제작 | 반응형·검색 노출 설계 — 름랩","검색에 잡히고 문의로 이어지는 웹사이트가 필요하신가요. 서산 웹사이트 제작 — 서산 석유화학·자동차 산업 수요에 맞춰 실무 자동화·주문·예약 앱·웹을 비대면으로 제작합니다. 반응형 웹 · VAT 포함 98만 원부터 · 약 5~14일.","서산 웹사이트 제작","Answer|BreadcrumbList|ContactPoint|Country|FAQPage|ListItem|OpeningHoursSpecification|Organization|Place|PostalAddress|ProfessionalService|PropertyValue|Question|Service|WebSite","41","","region_service","region_service","P3","NOINDEX","robots noindex in initial HTML","TESTED_LOCAL_BUILD"
"https://reumlab.com/web-development/sokcho/","200","https://reumlab.com/web-development/sokcho/","noindex, follow","no","no","no","속초 웹사이트 제작 | 반응형·검색 노출 설계 — 름랩","검색에 잡히고 문의로 이어지는 웹사이트가 필요하신가요. 속초 웹사이트 제작 — 속초 해양 관광 상권 수요에 맞춰 예약·숙박·커머스 중심 앱·웹을 비대면으로 제작합니다. 반응형 웹 · VAT 포함 98만 원부터 · 약 5~14일.","속초 웹사이트 제작","Answer|BreadcrumbList|ContactPoint|Country|FAQPage|ListItem|OpeningHoursSpecification|Organization|Place|PostalAddress|ProfessionalService|PropertyValue|Question|Service|WebSite","41","","region_service","region_service","P3","NOINDEX","robots noindex in initial HTML","TESTED_LOCAL_BUILD"
"https://reumlab.com/web-development/songpa/","200","https://reumlab.com/web-development/songpa/","noindex, follow","no","no","no","서울 송파 웹사이트 제작 | 반응형·검색 노출 설계 — 름랩","검색에 잡히고 문의로 이어지는 웹사이트가 필요하신가요. 서울 송파 웹사이트 제작 — 송파 잠실·문정의 로컬·B2B 수요에 맞춰 예약·주문·멤버십·플랫폼 중심의 앱·웹을 제작합니다. 반응형 웹 · VAT 포함 98만 원부터 · 약 5~14일.","서울 송파 웹사이트 제작","Answer|BreadcrumbList|ContactPoint|Country|FAQPage|ListItem|OpeningHoursSpecification|Organization|Place|PostalAddress|ProfessionalService|PropertyValue|Question|Service|WebSite","41","4","region_service","region_service","P3","NOINDEX","robots noindex in initial HTML","TESTED_LOCAL_BUILD"
"https://reumlab.com/web-development/suncheon/","200","https://reumlab.com/web-development/suncheon/","noindex, follow","no","no","no","순천 웹사이트 제작 | 반응형·검색 노출 설계 — 름랩","검색에 잡히고 문의로 이어지는 웹사이트가 필요하신가요. 순천 웹사이트 제작 — 순천의 생태 관광 상권과 로컬 자영업 수요에 맞춰 예약·주문·회원 앱·웹을 비대면으로 제작합니다. 반응형 웹 · VAT 포함 98만 원부터 · 약 5~14일.","순천 웹사이트 제작","Answer|BreadcrumbList|ContactPoint|Country|FAQPage|ListItem|OpeningHoursSpecification|Organization|Place|PostalAddress|ProfessionalService|PropertyValue|Question|Service|WebSite","41","","region_service","region_service","P3","NOINDEX","robots noindex in initial HTML","TESTED_LOCAL_BUILD"
"https://reumlab.com/web-development/suwon/","200","https://reumlab.com/web-development/suwon/","index, follow","yes","yes","no","수원 웹사이트 제작 | 반응형·검색 노출 설계 — 름랩","검색에 잡히고 문의로 이어지는 웹사이트가 필요하신가요. 수원 웹사이트 제작 — 수원은 대기업·중소기업·자영업·스타트업 수요가 두루 섞여, 로컬 예약 앱부터 스타트업 MVP까지 폭넓게 진행합니다. 반응형 웹 · VAT 포함 98만 원부터 · 약 5~14일.","수원 웹사이트 제작","Answer|BreadcrumbList|ContactPoint|Country|FAQPage|ListItem|OpeningHoursSpecification|Organization|Place|PostalAddress|ProfessionalService|PropertyValue|Question|Service|WebSite","40","1","region_service","region_service","P3","INDEX","self-canonical, indexable and present in sitemap","TESTED_LOCAL_BUILD"
"https://reumlab.com/web-development/tongyeong/","200","https://reumlab.com/web-development/tongyeong/","noindex, follow","no","no","no","통영 웹사이트 제작 | 반응형·검색 노출 설계 — 름랩","검색에 잡히고 문의로 이어지는 웹사이트가 필요하신가요. 통영 웹사이트 제작 — 통영 해양 관광·수산 상권 수요에 맞춰 예약·숙박·커머스 중심 앱·웹을 비대면으로 제작합니다. 반응형 웹 · VAT 포함 98만 원부터 · 약 5~14일.","통영 웹사이트 제작","Answer|BreadcrumbList|ContactPoint|Country|FAQPage|ListItem|OpeningHoursSpecification|Organization|Place|PostalAddress|ProfessionalService|PropertyValue|Question|Service|WebSite","41","","region_service","region_service","P3","NOINDEX","robots noindex in initial HTML","TESTED_LOCAL_BUILD"
"https://reumlab.com/web-development/uijeongbu/","200","https://reumlab.com/web-development/uijeongbu/","noindex, follow","no","no","no","의정부 웹사이트 제작 | 반응형·검색 노출 설계 — 름랩","검색에 잡히고 문의로 이어지는 웹사이트가 필요하신가요. 의정부 웹사이트 제작 — 의정부 구도심·신곡 상권의 로컬 사업자에 맞춰 예약·주문·회원 중심 앱·웹을 제작합니다. 반응형 웹 · VAT 포함 98만 원부터 · 약 5~14일.","의정부 웹사이트 제작","Answer|BreadcrumbList|ContactPoint|Country|FAQPage|ListItem|OpeningHoursSpecification|Organization|Place|PostalAddress|ProfessionalService|PropertyValue|Question|Service|WebSite","41","","region_service","region_service","P3","NOINDEX","robots noindex in initial HTML","TESTED_LOCAL_BUILD"
"https://reumlab.com/web-development/uiwang/","200","https://reumlab.com/web-development/uiwang/","noindex, follow","no","no","no","의왕 웹사이트 제작 | 반응형·검색 노출 설계 — 름랩","검색에 잡히고 문의로 이어지는 웹사이트가 필요하신가요. 의왕 웹사이트 제작 — 의왕 내손·포일 주거 상권의 소규모 사업장에 맞춰 예약·주문·문의 중심으로 합리적으로 제작합니다. 반응형 웹 · VAT 포함 98만 원부터 · 약 5~14일.","의왕 웹사이트 제작","Answer|BreadcrumbList|ContactPoint|Country|FAQPage|ListItem|OpeningHoursSpecification|Organization|Place|PostalAddress|ProfessionalService|PropertyValue|Question|Service|WebSite","41","2","region_service","region_service","P3","NOINDEX","robots noindex in initial HTML","TESTED_LOCAL_BUILD"
"https://reumlab.com/web-development/ulsan/","200","https://reumlab.com/web-development/ulsan/","noindex, follow","no","no","no","울산 웹사이트 제작 | 반응형·검색 노출 설계 — 름랩","검색에 잡히고 문의로 이어지는 웹사이트가 필요하신가요. 울산 웹사이트 제작 — 울산의 산업·제조 기반 실무 자동화와 로컬 상권 수요에 맞춰 앱·웹 MVP를 비대면으로 제작합니다. 반응형 웹 · VAT 포함 98만 원부터 · 약 5~14일.","울산 웹사이트 제작","Answer|BreadcrumbList|ContactPoint|Country|FAQPage|ListItem|OpeningHoursSpecification|Organization|Place|PostalAddress|ProfessionalService|PropertyValue|Question|Service|WebSite","41","","region_service","region_service","P3","NOINDEX","robots noindex in initial HTML","TESTED_LOCAL_BUILD"
"https://reumlab.com/web-development/wonju/","200","https://reumlab.com/web-development/wonju/","noindex, follow","no","no","no","원주 웹사이트 제작 | 반응형·검색 노출 설계 — 름랩","검색에 잡히고 문의로 이어지는 웹사이트가 필요하신가요. 원주 웹사이트 제작 — 원주의 혁신도시·의료기기 산업과 상권 수요에 맞춰 실무 자동화·예약·주문 앱·웹을 비대면으로 제작합니다. 반응형 웹 · VAT 포함 98만 원부터 · 약 5~14일.","원주 웹사이트 제작","Answer|BreadcrumbList|ContactPoint|Country|FAQPage|ListItem|OpeningHoursSpecification|Organization|Place|PostalAddress|ProfessionalService|PropertyValue|Question|Service|WebSite","41","","region_service","region_service","P3","NOINDEX","robots noindex in initial HTML","TESTED_LOCAL_BUILD"
"https://reumlab.com/web-development/yangsan/","200","https://reumlab.com/web-development/yangsan/","noindex, follow","no","no","no","양산 웹사이트 제작 | 반응형·검색 노출 설계 — 름랩","검색에 잡히고 문의로 이어지는 웹사이트가 필요하신가요. 양산 웹사이트 제작 — 양산 신도시 주거 상권의 로컬 사업자에 맞춰 예약·주문·회원 중심 앱·웹을 비대면으로 제작합니다. 반응형 웹 · VAT 포함 98만 원부터 · 약 5~14일.","양산 웹사이트 제작","Answer|BreadcrumbList|ContactPoint|Country|FAQPage|ListItem|OpeningHoursSpecification|Organization|Place|PostalAddress|ProfessionalService|PropertyValue|Question|Service|WebSite","41","","region_service","region_service","P3","NOINDEX","robots noindex in initial HTML","TESTED_LOCAL_BUILD"
"https://reumlab.com/web-development/yeosu/","200","https://reumlab.com/web-development/yeosu/","noindex, follow","no","no","no","여수 웹사이트 제작 | 반응형·검색 노출 설계 — 름랩","검색에 잡히고 문의로 이어지는 웹사이트가 필요하신가요. 여수 웹사이트 제작 — 여수의 관광·해양 상권 수요에 맞춰 예약·숙박·커머스 중심 앱·웹을 비대면으로 제작합니다. 반응형 웹 · VAT 포함 98만 원부터 · 약 5~14일.","여수 웹사이트 제작","Answer|BreadcrumbList|ContactPoint|Country|FAQPage|ListItem|OpeningHoursSpecification|Organization|Place|PostalAddress|ProfessionalService|PropertyValue|Question|Service|WebSite","41","","region_service","region_service","P3","NOINDEX","robots noindex in initial HTML","TESTED_LOCAL_BUILD"
"https://reumlab.com/web-development/yeouido/","200","https://reumlab.com/web-development/yeouido/","noindex, follow","no","no","no","여의도 웹사이트 제작 | 반응형·검색 노출 설계 — 름랩","검색에 잡히고 문의로 이어지는 웹사이트가 필요하신가요. 여의도 웹사이트 제작 — 여의도 금융·전문서비스의 사내 수요에 맞춰 업무 자동화·관리자 웹·고객 응대 MVP를 제작합니다. 반응형 웹 · VAT 포함 98만 원부터 · 약 5~14일.","여의도 웹사이트 제작","Answer|BreadcrumbList|ContactPoint|Country|FAQPage|ListItem|OpeningHoursSpecification|Organization|Place|PostalAddress|ProfessionalService|PropertyValue|Question|Service|WebSite","41","4","region_service","region_service","P3","NOINDEX","robots noindex in initial HTML","TESTED_LOCAL_BUILD"
"https://reumlab.com/web-development/yongin/","200","https://reumlab.com/web-development/yongin/","noindex, follow","no","no","no","용인 웹사이트 제작 | 반응형·검색 노출 설계 — 름랩","검색에 잡히고 문의로 이어지는 웹사이트가 필요하신가요. 용인 웹사이트 제작 — 용인 수지·기흥·처인의 로컬 사업자·초기 창업자에 맞춰 예약·주문·회원 중심의 앱·웹을 빠르게 만듭니다. 반응형 웹 · VAT 포함 98만 원부터 · 약 5~14일.","용인 웹사이트 제작","Answer|BreadcrumbList|ContactPoint|Country|FAQPage|ListItem|OpeningHoursSpecification|Organization|Place|PostalAddress|ProfessionalService|PropertyValue|Question|Service|WebSite","41","2","region_service","region_service","P3","NOINDEX","robots noindex in initial HTML","TESTED_LOCAL_BUILD"
"https://reumlab.com/web-development/yongsan/","200","https://reumlab.com/web-development/yongsan/","noindex, follow","no","no","no","서울 용산 웹사이트 제작 | 반응형·검색 노출 설계 — 름랩","검색에 잡히고 문의로 이어지는 웹사이트가 필요하신가요. 서울 용산 웹사이트 제작 — 용산 업무·관광·전자상가 수요에 맞춰 예약·커머스·플랫폼 중심의 앱·웹을 제작합니다. 반응형 웹 · VAT 포함 98만 원부터 · 약 5~14일.","서울 용산 웹사이트 제작","Answer|BreadcrumbList|ContactPoint|Country|FAQPage|ListItem|OpeningHoursSpecification|Organization|Place|PostalAddress|ProfessionalService|PropertyValue|Question|Service|WebSite","41","","region_service","region_service","P3","NOINDEX","robots noindex in initial HTML","TESTED_LOCAL_BUILD"
"https://reumlab.com/website/adongsangdamsenteo/","200","https://reumlab.com/website/adongsangdamsenteo/","index, follow","yes","yes","no","아동상담센터 홈페이지 만들기 | 프로그램·케어 안내·상담·입소 문의 어디까지 필요한가 | 름랩","아동상담센터 홈페이지에 실제로 필요한 페이지 — 시설 소개·시설 안내·프로그램·케어 안내·이용 요금·입소 절차. 아동상담센터 사장님이 가장 아쉬워하는 건 &#x27;검색에 안 나온다&#x27;입니다. 98만원부터 정액 · 소스코드 이관 · 월 관리비 없음.","아동상담센터 홈페이지 제작","Answer|BreadcrumbList|ContactPoint|Country|FAQPage|ListItem|OpeningHoursSpecification|Organization|PostalAddress|ProfessionalService|PropertyValue|Question|Service|WebSite","35","3","service_or_hub","industry_service","P1","INDEX","self-canonical, indexable and present in sitemap","TESTED_LOCAL_BUILD"
"https://reumlab.com/website/aebgaebaleobche/","200","https://reumlab.com/website/aebgaebaleobche/","index, follow","yes","yes","no","앱개발업체 홈페이지 제작 | 회사 소개·팀·서비스·솔루션 구성과 검색 노출 | 름랩","앱개발업체 홈페이지에 실제로 필요한 페이지 — 회사 소개·팀·서비스·솔루션·포트폴리오·사례·기술·역량. 앱개발업체는 신규 고객의 첫 접점이 대부분 모바일 검색입니다. 98만원부터 정액 · 소스코드 이관 · 월 관리비 없음.","앱개발업체 홈페이지 제작","Answer|BreadcrumbList|ContactPoint|Country|FAQPage|ListItem|OpeningHoursSpecification|Organization|PostalAddress|ProfessionalService|PropertyValue|Question|Service|WebSite","35","3","service_or_hub","industry_service","P1","INDEX","self-canonical, indexable and present in sitemap","TESTED_LOCAL_BUILD"
"https://reumlab.com/website/aggijeom/","200","https://reumlab.com/website/aggijeom/","index, follow","yes","yes","no","악기점 홈페이지 제작 비용 | 98만원부터 정액 견적 | 름랩","악기점 홈페이지에 실제로 필요한 페이지 — 매장·브랜드 소개·상품·카테고리·가격·구매 안내·매장 위치·영업시간. 름랩은 악기점 동선을 구매 문의·매장 방문 한 흐름으로 묶어 이탈을 줄입니다. 98만원부터 정액 · 소스코드 이관 · 월 관리비 없음.","악기점 홈페이지 제작","Answer|BreadcrumbList|ContactPoint|Country|FAQPage|ListItem|OpeningHoursSpecification|Organization|PostalAddress|ProfessionalService|PropertyValue|Question|Service|WebSite","35","3","service_or_hub","industry_service","P1","INDEX","self-canonical, indexable and present in sitemap","TESTED_LOCAL_BUILD"
"https://reumlab.com/website/angwa/","200","https://reumlab.com/website/angwa/","index, follow","yes","yes","no","안과 홈페이지 만들기 | 병원 소개·의료진·진료과목·진료 안내 어디까지 필요한가 | 름랩","안과 홈페이지에 실제로 필요한 페이지 — 병원 소개·의료진·진료과목·진료 안내·진료시간·오시는 길·예약·상담 문의. 환자는 방문 전 진료시간과 위치, 의료진을 검색으로 먼저 확인합니다. 98만원부터 정액 · 소스코드 이관 · 월 관리비 없음.","안과 홈페이지 제작","Answer|BreadcrumbList|ContactPoint|Country|FAQPage|ListItem|OpeningHoursSpecification|Organization|PostalAddress|ProfessionalService|PropertyValue|Question|Service|WebSite","35","7","service_or_hub","industry_service","P1","INDEX","self-canonical, indexable and present in sitemap","TESTED_LOCAL_BUILD"
"https://reumlab.com/website/angyeongjeom/","200","https://reumlab.com/website/angyeongjeom/","index, follow","yes","yes","no","안경점 홈페이지 제작 비용 | 98만원부터 정액 견적 | 름랩","안경점 홈페이지에 실제로 필요한 페이지 — 브랜드·매장 소개·제품·컬렉션·룩북·착용컷·매장 위치·영업시간. 안경점은 신규 고객의 첫 접점이 대부분 모바일 검색입니다. 98만원부터 정액 · 소스코드 이관 · 월 관리비 없음.","안경점 홈페이지 제작","Answer|BreadcrumbList|ContactPoint|Country|FAQPage|ListItem|OpeningHoursSpecification|Organization|PostalAddress|ProfessionalService|PropertyValue|Question|Service|WebSite","35","4","service_or_hub","industry_service","P1","INDEX","self-canonical, indexable and present in sitemap","TESTED_LOCAL_BUILD"
"https://reumlab.com/website/baedeuminteonjang/","200","https://reumlab.com/website/baedeuminteonjang/","index, follow","yes","yes","no","배드민턴장 홈페이지 제작 | 시설 소개·둘러보기·프로그램·수업 안내 구성과 검색 노출 | 름랩","배드민턴장 홈페이지에 실제로 필요한 페이지 — 시설 소개·둘러보기·프로그램·수업 안내·이용권·요금·체험·등록 문의. 회원은 시설 사진과 이용권, 위치를 보고 등록을 결정합니다. 98만원부터 정액 · 소스코드 이관 · 월 관리비 없음.","배드민턴장 홈페이지 제작","Answer|BreadcrumbList|ContactPoint|Country|FAQPage|ListItem|OpeningHoursSpecification|Organization|PostalAddress|ProfessionalService|PropertyValue|Question|Service|WebSite","35","3","service_or_hub","industry_service","P1","INDEX","self-canonical, indexable and present in sitemap","TESTED_LOCAL_BUILD"
"https://reumlab.com/website/baldalsenteo/","200","https://reumlab.com/website/baldalsenteo/","index, follow","yes","yes","no","발달센터 홈페이지 만들기 | 프로그램·케어 안내·상담·입소 문의 어디까지 필요한가 | 름랩","발달센터 홈페이지에 실제로 필요한 페이지 — 시설 소개·시설 안내·프로그램·케어 안내·이용 요금·입소 절차. 발달센터는 홈페이지가 곧 첫인상입니다. 98만원부터 정액 · 소스코드 이관 · 월 관리비 없음.","발달센터 홈페이지 제작","Answer|BreadcrumbList|ContactPoint|Country|FAQPage|ListItem|OpeningHoursSpecification|Organization|PostalAddress|ProfessionalService|PropertyValue|Question|Service|WebSite","35","3","service_or_hub","industry_service","P1","INDEX","self-canonical, indexable and present in sitemap","TESTED_LOCAL_BUILD"
"https://reumlab.com/website/banchangage/","200","https://reumlab.com/website/banchangage/","index, follow","yes","yes","no","반찬가게 홈페이지 제작 업체 | 직접 기획·개발·이관 | 름랩","반찬가게 홈페이지에 실제로 필요한 페이지 — 매장 소개·분위기·메뉴·가격·예약·단체 문의·오시는 길·주차. 반찬가게는 홈페이지가 곧 첫인상입니다. 98만원부터 정액 · 소스코드 이관 · 월 관리비 없음.","반찬가게 홈페이지 제작","Answer|BreadcrumbList|ContactPoint|Country|FAQPage|ListItem|OpeningHoursSpecification|Organization|PostalAddress|ProfessionalService|PropertyValue|Question|Service|WebSite","35","3","service_or_hub","industry_service","P1","INDEX","self-canonical, indexable and present in sitemap","TESTED_LOCAL_BUILD"
"https://reumlab.com/website/bangmunhagseub/","200","https://reumlab.com/website/bangmunhagseub/","index, follow","yes","yes","no","방문학습 홈페이지 제작 비용 | 98만원부터 정액 견적 | 름랩","방문학습 홈페이지에 실제로 필요한 페이지 — 학원 소개·강사진·커리큘럼·수업 안내·시간표·반 편성·수강료·상담 신청. 름랩은 방문학습 동선을 상담 신청·레벨테스트 예약 한 흐름으로 묶어 이탈을 줄입니다. 98만원부터 정액 · 소스코드 이관 · 월 관리비 없음.","방문학습 홈페이지 제작","Answer|BreadcrumbList|ContactPoint|Country|FAQPage|ListItem|OpeningHoursSpecification|Organization|PostalAddress|ProfessionalService|PropertyValue|Question|Service|WebSite","36","5","service_or_hub","industry_service","P1","INDEX","self-canonical, indexable and present in sitemap","TESTED_LOCAL_BUILD"
"https://reumlab.com/website/bangmunyoyangsenteo/","200","https://reumlab.com/website/bangmunyoyangsenteo/","index, follow","yes","yes","no","방문요양센터 홈페이지 제작 업체 | 직접 기획·개발·이관 | 름랩","방문요양센터 홈페이지에 실제로 필요한 페이지 — 시설 소개·시설 안내·프로그램·케어 안내·이용 요금·입소 절차. 방문요양센터는 신규 고객의 첫 접점이 대부분 모바일 검색입니다. 98만원부터 정액 · 소스코드 이관 · 월 관리비 없음.","방문요양센터 홈페이지 제작","Answer|BreadcrumbList|ContactPoint|Country|FAQPage|ListItem|OpeningHoursSpecification|Organization|PostalAddress|ProfessionalService|PropertyValue|Question|Service|WebSite","35","3","service_or_hub","industry_service","P1","INDEX","self-canonical, indexable and present in sitemap","TESTED_LOCAL_BUILD"
"https://reumlab.com/website/bangsueobche/","200","https://reumlab.com/website/bangsueobche/","index, follow","yes","yes","no","방수업체 홈페이지 만들기 | 회사 소개·이력·공정·시공 안내 어디까지 필요한가 | 름랩","방수업체 홈페이지에 실제로 필요한 페이지 — 회사 소개·이력·시공 사례·포트폴리오·공정·시공 안내·견적·상담 문의. 고객은 시공 사례와 견적, 후기를 비교해 업체를 고릅니다. 98만원부터 정액 · 소스코드 이관 · 월 관리비 없음.","방수업체 홈페이지 제작","Answer|BreadcrumbList|ContactPoint|Country|FAQPage|ListItem|OpeningHoursSpecification|Organization|PostalAddress|ProfessionalService|PropertyValue|Question|Service|WebSite","35","9","service_or_hub","industry_service","P1","INDEX","self-canonical, indexable and present in sitemap","TESTED_LOCAL_BUILD"
"https://reumlab.com/website/bangyeogeobche/","200","https://reumlab.com/website/bangyeogeobche/","index, follow","yes","yes","no","방역업체 홈페이지 만들기 | 업체 소개·서비스·작업 안내 어디까지 필요한가 | 름랩","방역업체 홈페이지에 실제로 필요한 페이지 — 업체 소개·서비스·작업 안내·요금·견적·예약·문의. 방역업체 방문자는 검색으로 먼저 방역업체를 찾습니다. 98만원부터 정액 · 소스코드 이관 · 월 관리비 없음.","방역업체 홈페이지 제작","Answer|BreadcrumbList|ContactPoint|Country|FAQPage|ListItem|OpeningHoursSpecification|Organization|PostalAddress|ProfessionalService|PropertyValue|Question|Service|WebSite","35","8","service_or_hub","industry_service","P1","INDEX","self-canonical, indexable and present in sitemap","TESTED_LOCAL_BUILD"
"https://reumlab.com/website/banyeonggusyab/","200","https://reumlab.com/website/banyeonggusyab/","index, follow","yes","yes","no","반영구샵 홈페이지 제작 | 샵 소개·둘러보기·시술 메뉴·가격표 구성과 검색 노출 | 름랩","반영구샵 홈페이지에 실제로 필요한 페이지 — 샵 소개·둘러보기·시술 메뉴·가격표·시술 전후·후기·예약·상담. 반영구샵 사장님이 가장 아쉬워하는 건 &#x27;검색에 안 나온다&#x27;입니다. 98만원부터 정액 · 소스코드 이관 · 월 관리비 없음.","반영구샵 홈페이지 제작","Answer|BreadcrumbList|ContactPoint|Country|FAQPage|ListItem|OpeningHoursSpecification|Organization|PostalAddress|ProfessionalService|PropertyValue|Question|Service|WebSite","35","9","service_or_hub","industry_service","P1","INDEX","self-canonical, indexable and present in sitemap","TESTED_LOCAL_BUILD"
"https://reumlab.com/website/beibisiteo/","200","https://reumlab.com/website/beibisiteo/","index, follow","yes","yes","no","베이비시터 홈페이지 제작 업체 | 직접 기획·개발·이관 | 름랩","베이비시터 홈페이지에 실제로 필요한 페이지 — 시설 소개·시설 안내·프로그램·케어 안내·이용 요금·입소 절차. 베이비시터 사장님이 가장 아쉬워하는 건 &#x27;검색에 안 나온다&#x27;입니다. 98만원부터 정액 · 소스코드 이관 · 월 관리비 없음.","베이비시터 홈페이지 제작","Answer|BreadcrumbList|ContactPoint|Country|FAQPage|ListItem|OpeningHoursSpecification|Organization|PostalAddress|ProfessionalService|PropertyValue|Question|Service|WebSite","35","9","service_or_hub","industry_service","P1","INDEX","self-canonical, indexable and present in sitemap","TESTED_LOCAL_BUILD"
"https://reumlab.com/website/beikeori/","200","https://reumlab.com/website/beikeori/","index, follow","yes","yes","no","베이커리 홈페이지 제작 | 매장 소개·분위기·메뉴·가격 구성과 검색 노출 | 름랩","베이커리 홈페이지에 실제로 필요한 페이지 — 매장 소개·분위기·메뉴·가격·예약·단체 문의·오시는 길·주차. 베이커리 손님이 예약 전화·주문·오시는 길까지 한 화면에서 끝내도록 동선을 짜면 전화 문의가 줄고 문의 전환이 늘어납니다.","베이커리 홈페이지 제작","Answer|BreadcrumbList|ContactPoint|Country|FAQPage|ListItem|OpeningHoursSpecification|Organization|PostalAddress|ProfessionalService|PropertyValue|Question|Service|WebSite","35","6","service_or_hub","industry_service","P1","INDEX","self-canonical, indexable and present in sitemap","TESTED_LOCAL_BUILD"
"https://reumlab.com/website/beobmubeobin/","200","https://reumlab.com/website/beobmubeobin/","index, follow","yes","yes","no","법무법인 홈페이지 제작 비용 | 98만원부터 정액 견적 | 름랩","법무법인 홈페이지에 실제로 필요한 페이지 — 대표·전문가 소개·업무 분야·서비스·상담 절차·비용·상담 예약·문의. 법무법인 손님이 상담 예약·전화 문의까지 한 화면에서 끝내도록 동선을 짜면 전화 문의가 줄고 문의 전환이 늘어납니다.","법무법인 홈페이지 제작","Answer|BreadcrumbList|ContactPoint|Country|FAQPage|ListItem|OpeningHoursSpecification|Organization|PostalAddress|ProfessionalService|PropertyValue|Question|Service|WebSite","35","2","service_or_hub","industry_service","P1","INDEX","self-canonical, indexable and present in sitemap","TESTED_LOCAL_BUILD"
"https://reumlab.com/website/beobmusa/","200","https://reumlab.com/website/beobmusa/","index, follow","yes","yes","no","법무사 홈페이지 만들기 | 대표·전문가 소개·업무 분야·서비스 어디까지 필요한가 | 름랩","법무사 홈페이지에 실제로 필요한 페이지 — 대표·전문가 소개·업무 분야·서비스·상담 절차·비용·상담 예약·문의. 법무사 사장님이 가장 아쉬워하는 건 &#x27;검색에 안 나온다&#x27;입니다. 98만원부터 정액 · 소스코드 이관 · 월 관리비 없음.","법무사 홈페이지 제작","Answer|BreadcrumbList|ContactPoint|Country|FAQPage|ListItem|OpeningHoursSpecification|Organization|PostalAddress|ProfessionalService|PropertyValue|Question|Service|WebSite","35","3","service_or_hub","industry_service","P1","INDEX","self-canonical, indexable and present in sitemap","TESTED_LOCAL_BUILD"
"https://reumlab.com/website/beobryulsamuso/","200","https://reumlab.com/website/beobryulsamuso/","index, follow","yes","yes","no","법률사무소 홈페이지 제작 | 대표·전문가 소개·업무 분야·서비스 구성과 검색 노출 | 름랩","법률사무소 홈페이지에 실제로 필요한 페이지 — 대표·전문가 소개·업무 분야·서비스·상담 절차·비용·상담 예약·문의. 름랩은 법률사무소 동선을 상담 예약·전화 문의 한 흐름으로 묶어 이탈을 줄입니다. 98만원부터 정액 · 소스코드 이관 · 월 관리비 없음.","법률사무소 홈페이지 제작","Answer|BreadcrumbList|ContactPoint|Country|FAQPage|ListItem|OpeningHoursSpecification|Organization|PostalAddress|ProfessionalService|PropertyValue|Question|Service|WebSite","35","7","service_or_hub","industry_service","P1","INDEX","self-canonical, indexable and present in sitemap","TESTED_LOCAL_BUILD"
"https://reumlab.com/website/beonyeogsamuso/","200","https://reumlab.com/website/beonyeogsamuso/","index, follow","yes","yes","no","번역사무소 홈페이지 제작 | 대표·전문가 소개·업무 분야·서비스 구성과 검색 노출 | 름랩","번역사무소 홈페이지에 실제로 필요한 페이지 — 대표·전문가 소개·업무 분야·서비스·상담 절차·비용·상담 예약·문의. 번역사무소 신규 고객의 첫 접점은 대부분 모바일 검색입니다. 98만원부터 정액 · 소스코드 이관 · 월 관리비 없음.","번역사무소 홈페이지 제작","Answer|BreadcrumbList|ContactPoint|Country|FAQPage|ListItem|OpeningHoursSpecification|Organization|PostalAddress|ProfessionalService|PropertyValue|Question|Service|WebSite","35","3","service_or_hub","industry_service","P1","INDEX","self-canonical, indexable and present in sitemap","TESTED_LOCAL_BUILD"
"https://reumlab.com/website/beoseuhoesa/","200","https://reumlab.com/website/beoseuhoesa/","index, follow","yes","yes","no","버스회사 홈페이지 제작 비용 | 98만원부터 정액 견적 | 름랩","버스회사 홈페이지에 실제로 필요한 페이지 — 업체 소개·시설·서비스·정비 항목·요금·견적·예약·문의. 름랩은 버스회사 동선을 예약·견적 문의 한 흐름으로 묶어 이탈을 줄입니다. 98만원부터 정액 · 소스코드 이관 · 월 관리비 없음.","버스회사 홈페이지 제작","Answer|BreadcrumbList|ContactPoint|Country|FAQPage|ListItem|OpeningHoursSpecification|Organization|PostalAddress|ProfessionalService|PropertyValue|Question|Service|WebSite","35","3","service_or_hub","industry_service","P1","INDEX","self-canonical, indexable and present in sitemap","TESTED_LOCAL_BUILD"
"https://reumlab.com/website/beulraegbagseumaejang/","200","https://reumlab.com/website/beulraegbagseumaejang/","index, follow","yes","yes","no","블랙박스매장 홈페이지 제작 비용 | 98만원부터 정액 견적 | 름랩","블랙박스매장 홈페이지에 실제로 필요한 페이지 — 업체 소개·시설·서비스·정비 항목·요금·견적·예약·문의. 름랩은 블랙박스매장 동선을 예약·견적 문의 한 흐름으로 묶어 이탈을 줄입니다. 98만원부터 정액 · 소스코드 이관 · 월 관리비 없음.","블랙박스매장 홈페이지 제작","Answer|BreadcrumbList|ContactPoint|Country|FAQPage|ListItem|OpeningHoursSpecification|Organization|PostalAddress|ProfessionalService|PropertyValue|Question|Service|WebSite","35","9","service_or_hub","industry_service","P1","INDEX","self-canonical, indexable and present in sitemap","TESTED_LOCAL_BUILD"
"https://reumlab.com/website/beuraendinghoesa/","200","https://reumlab.com/website/beuraendinghoesa/","index, follow","yes","yes","no","브랜딩회사 홈페이지 만들기 | 회사 소개·팀·서비스·솔루션 어디까지 필요한가 | 름랩","브랜딩회사 홈페이지에 실제로 필요한 페이지 — 회사 소개·팀·서비스·솔루션·포트폴리오·사례·기술·역량. 고객은 포트폴리오와 기술 역량, 사례를 보고 파트너를 고릅니다. 98만원부터 정액 · 소스코드 이관 · 월 관리비 없음.","브랜딩회사 홈페이지 제작","Answer|BreadcrumbList|ContactPoint|Country|FAQPage|ListItem|OpeningHoursSpecification|Organization|PostalAddress|ProfessionalService|PropertyValue|Question|Service|WebSite","35","3","service_or_hub","industry_service","P1","INDEX","self-canonical, indexable and present in sitemap","TESTED_LOCAL_BUILD"
"https://reumlab.com/website/bideeobche/","200","https://reumlab.com/website/bideeobche/","index, follow","yes","yes","no","비데업체 홈페이지 만들기 | 업체 소개·서비스·작업 안내 어디까지 필요한가 | 름랩","비데업체 홈페이지에 실제로 필요한 페이지 — 업체 소개·서비스·작업 안내·요금·견적·예약·문의. 비데업체는 신규 고객의 첫 접점이 대부분 모바일 검색입니다. 98만원부터 정액 · 소스코드 이관 · 월 관리비 없음.","비데업체 홈페이지 제작","Answer|BreadcrumbList|ContactPoint|Country|FAQPage|ListItem|OpeningHoursSpecification|Organization|PostalAddress|ProfessionalService|PropertyValue|Question|Service|WebSite","35","3","service_or_hub","industry_service","P1","INDEX","self-canonical, indexable and present in sitemap","TESTED_LOCAL_BUILD"
"https://reumlab.com/website/binyogigwa/","200","https://reumlab.com/website/binyogigwa/","index, follow","yes","yes","no","비뇨기과 홈페이지 만들기 | 병원 소개·의료진·진료과목·진료 안내 어디까지 필요한가 | 름랩","비뇨기과 홈페이지에 실제로 필요한 페이지 — 병원 소개·의료진·진료과목·진료 안내·진료시간·오시는 길·예약·상담 문의. 비뇨기과 사장님이 가장 아쉬워하는 건 &#x27;검색에 안 나온다&#x27;입니다. 98만원부터 정액 · 소스코드 이관 · 월 관리비 없음.","비뇨기과 홈페이지 제작","Answer|BreadcrumbList|ContactPoint|Country|FAQPage|ListItem|OpeningHoursSpecification|Organization|PostalAddress|ProfessionalService|PropertyValue|Question|Service|WebSite","35","8","service_or_hub","industry_service","P1","INDEX","self-canonical, indexable and present in sitemap","TESTED_LOCAL_BUILD"
"https://reumlab.com/website/boaneobche/","200","https://reumlab.com/website/boaneobche/","index, follow","yes","yes","no","보안업체 홈페이지 제작 | 업체 소개·서비스·작업 안내 구성과 검색 노출 | 름랩","보안업체 홈페이지에 실제로 필요한 페이지 — 업체 소개·서비스·작업 안내·요금·견적·예약·문의. 보안업체 사장님이 가장 아쉬워하는 건 &#x27;검색에 안 나온다&#x27;입니다. 98만원부터 정액 · 소스코드 이관 · 월 관리비 없음.","보안업체 홈페이지 제작","Answer|BreadcrumbList|ContactPoint|Country|FAQPage|ListItem|OpeningHoursSpecification|Organization|PostalAddress|ProfessionalService|PropertyValue|Question|Service|WebSite","35","7","service_or_hub","industry_service","P1","INDEX","self-canonical, indexable and present in sitemap","TESTED_LOCAL_BUILD"
"https://reumlab.com/website/bogsingjang/","200","https://reumlab.com/website/bogsingjang/","index, follow","yes","yes","no","복싱장 홈페이지 제작 업체 | 직접 기획·개발·이관 | 름랩","복싱장 홈페이지에 실제로 필요한 페이지 — 시설 소개·둘러보기·프로그램·수업 안내·이용권·요금·체험·등록 문의. 름랩은 복싱장 동선을 체험·등록 상담 신청 한 흐름으로 묶어 이탈을 줄입니다. 98만원부터 정액 · 소스코드 이관 · 월 관리비 없음.","복싱장 홈페이지 제작","Answer|BreadcrumbList|ContactPoint|Country|FAQPage|ListItem|OpeningHoursSpecification|Organization|PostalAddress|ProfessionalService|PropertyValue|Question|Service|WebSite","35","4","service_or_hub","industry_service","P1","INDEX","self-canonical, indexable and present in sitemap","TESTED_LOCAL_BUILD"
"https://reumlab.com/website/boheomdaerijeom/","200","https://reumlab.com/website/boheomdaerijeom/","index, follow","yes","yes","no","보험대리점 홈페이지 제작 | 대표·전문가 소개·업무 분야·서비스 구성과 검색 노출 | 름랩","보험대리점 홈페이지에 실제로 필요한 페이지 — 대표·전문가 소개·업무 분야·서비스·상담 절차·비용·상담 예약·문의. 름랩은 보험대리점 동선을 상담 예약·전화 문의 한 흐름으로 묶어 이탈을 줄입니다. 98만원부터 정액 · 소스코드 이관 · 월 관리비 없음.","보험대리점 홈페이지 제작","Answer|BreadcrumbList|ContactPoint|Country|FAQPage|ListItem|OpeningHoursSpecification|Organization|PostalAddress|ProfessionalService|PropertyValue|Question|Service|WebSite","35","9","service_or_hub","industry_service","P1","INDEX","self-canonical, indexable and present in sitemap","TESTED_LOCAL_BUILD"
"https://reumlab.com/website/boilreoeobche/","200","https://reumlab.com/website/boilreoeobche/","index, follow","yes","yes","no","보일러업체 홈페이지 만들기 | 업체 소개·서비스·작업 안내 어디까지 필요한가 | 름랩","보일러업체 홈페이지에 실제로 필요한 페이지 — 업체 소개·서비스·작업 안내·요금·견적·예약·문의. 보일러업체는 신규 고객의 첫 접점이 대부분 모바일 검색입니다. 98만원부터 정액 · 소스코드 이관 · 월 관리비 없음.","보일러업체 홈페이지 제작","Answer|BreadcrumbList|ContactPoint|Country|FAQPage|ListItem|OpeningHoursSpecification|Organization|PostalAddress|ProfessionalService|PropertyValue|Question|Service|WebSite","35","10","service_or_hub","industry_service","P1","INDEX","self-canonical, indexable and present in sitemap","TESTED_LOCAL_BUILD"
"https://reumlab.com/website/bolringjang/","200","https://reumlab.com/website/bolringjang/","index, follow","yes","yes","no","볼링장 홈페이지 제작 업체 | 직접 기획·개발·이관 | 름랩","볼링장 홈페이지에 실제로 필요한 페이지 — 시설 소개·둘러보기·프로그램·수업 안내·이용권·요금·체험·등록 문의. 볼링장 사장님이 가장 아쉬워하는 건 &#x27;검색에 안 나온다&#x27;입니다. 98만원부터 정액 · 소스코드 이관 · 월 관리비 없음.","볼링장 홈페이지 제작","Answer|BreadcrumbList|ContactPoint|Country|FAQPage|ListItem|OpeningHoursSpecification|Organization|PostalAddress|ProfessionalService|PropertyValue|Question|Service|WebSite","35","8","service_or_hub","industry_service","P1","INDEX","self-canonical, indexable and present in sitemap","TESTED_LOCAL_BUILD"
"https://reumlab.com/website/budongsan/","200","https://reumlab.com/website/budongsan/","index, follow","yes","yes","no","부동산 홈페이지 제작 비용 | 98만원부터 정액 견적 | 름랩","부동산 홈페이지에 실제로 필요한 페이지 — 사무소 소개·매물·물건 정보·지역·시세 안내·상담·문의. 부동산 손님이 매물 상담·방문 예약까지 한 화면에서 끝내도록 동선을 짜면 전화 문의가 줄고 문의 전환이 늘어납니다. 98만원부터 정액 · 소스코드 이관 · 월 관리비 없음.","부동산 홈페이지 제작","Answer|BreadcrumbList|ContactPoint|Country|FAQPage|ListItem|OpeningHoursSpecification|Organization|PostalAddress|ProfessionalService|PropertyValue|Question|Service|WebSite","36","2","service_or_hub","industry_service","P1","INDEX","self-canonical, indexable and present in sitemap","TESTED_LOCAL_BUILD"
"https://reumlab.com/website/budongsankeonseolting/","200","https://reumlab.com/website/budongsankeonseolting/","index, follow","yes","yes","no","부동산컨설팅 홈페이지 제작 업체 | 직접 기획·개발·이관 | 름랩","부동산컨설팅 홈페이지에 실제로 필요한 페이지 — 사무소 소개·매물·물건 정보·지역·시세 안내·상담·문의. 부동산컨설팅 사장님이 가장 아쉬워하는 건 &#x27;검색에 안 나온다&#x27;입니다. 98만원부터 정액 · 소스코드 이관 · 월 관리비 없음.","부동산컨설팅 홈페이지 제작","Answer|BreadcrumbList|ContactPoint|Country|FAQPage|ListItem|OpeningHoursSpecification|Organization|PostalAddress|ProfessionalService|PropertyValue|Question|Service|WebSite","36","3","service_or_hub","industry_service","P1","INDEX","self-canonical, indexable and present in sitemap","TESTED_LOCAL_BUILD"
"https://reumlab.com/website/bunsigjib/","200","https://reumlab.com/website/bunsigjib/","index, follow","yes","yes","no","분식집 홈페이지 제작 비용 | 98만원부터 정액 견적 | 름랩","분식집 홈페이지에 실제로 필요한 페이지 — 매장 소개·분위기·메뉴·가격·예약·단체 문의·오시는 길·주차. 름랩은 분식집 동선을 예약 전화·주문·오시는 길 한 흐름으로 묶어 이탈을 줄입니다. 98만원부터 정액 · 소스코드 이관 · 월 관리비 없음.","분식집 홈페이지 제작","Answer|BreadcrumbList|ContactPoint|Country|FAQPage|ListItem|OpeningHoursSpecification|Organization|PostalAddress|ProfessionalService|PropertyValue|Question|Service|WebSite","35","3","service_or_hub","industry_service","P1","INDEX","self-canonical, indexable and present in sitemap","TESTED_LOCAL_BUILD"
"https://reumlab.com/website/bunyangdaehaengsa/","200","https://reumlab.com/website/bunyangdaehaengsa/","index, follow","yes","yes","no","분양대행사 홈페이지 제작 비용 | 98만원부터 정액 견적 | 름랩","분양대행사 홈페이지에 실제로 필요한 페이지 — 사무소 소개·매물·물건 정보·지역·시세 안내·상담·문의. 분양대행사는 신규 고객의 첫 접점이 대부분 모바일 검색입니다. 98만원부터 정액 · 소스코드 이관 · 월 관리비 없음.","분양대행사 홈페이지 제작","Answer|BreadcrumbList|ContactPoint|Country|FAQPage|ListItem|OpeningHoursSpecification|Organization|PostalAddress|ProfessionalService|PropertyValue|Question|Service|WebSite","36","6","service_or_hub","industry_service","P1","INDEX","self-canonical, indexable and present in sitemap","TESTED_LOCAL_BUILD"
"https://reumlab.com/website/byeongwon/","200","https://reumlab.com/website/byeongwon/","index, follow","yes","yes","no","병원 홈페이지 제작 | 병원 소개·의료진·진료과목·진료 안내 구성과 검색 노출 | 름랩","병원 홈페이지에 실제로 필요한 페이지 — 병원 소개·의료진·진료과목·진료 안내·진료시간·오시는 길·예약·상담 문의. 병원 특성상 환자는 방문 전 진료시간과 위치, 의료진을 검색으로 먼저 확인합니다. 98만원부터 정액 · 소스코드 이관 · 월 관리비 없음.","병원 홈페이지 제작","Answer|BreadcrumbList|ContactPoint|Country|FAQPage|ListItem|OpeningHoursSpecification|Organization|PostalAddress|ProfessionalService|PropertyValue|Question|Service|WebSite","35","2","service_or_hub","industry_service","P1","INDEX","self-canonical, indexable and present in sitemap","TESTED_LOCAL_BUILD"
"https://reumlab.com/website/byeonhosa/","200","https://reumlab.com/website/byeonhosa/","index, follow","yes","yes","no","변호사 홈페이지 만들기 | 대표·전문가 소개·업무 분야·서비스 어디까지 필요한가 | 름랩","변호사 홈페이지에 실제로 필요한 페이지 — 대표·전문가 소개·업무 분야·서비스·상담 절차·비용·상담 예약·문의. 의뢰인은 전문 분야와 사례, 상담 절차를 보고 신뢰를 판단합니다. 98만원부터 정액 · 소스코드 이관 · 월 관리비 없음.","변호사 홈페이지 제작","Answer|BreadcrumbList|ContactPoint|Country|FAQPage|ListItem|OpeningHoursSpecification|Organization|PostalAddress|ProfessionalService|PropertyValue|Question|Service|WebSite","35","5","service_or_hub","industry_service","P1","INDEX","self-canonical, indexable and present in sitemap","TESTED_LOCAL_BUILD"
"https://reumlab.com/website/byeonrisa/","200","https://reumlab.com/website/byeonrisa/","index, follow","yes","yes","no","변리사 홈페이지 만들기 | 대표·전문가 소개·업무 분야·서비스 어디까지 필요한가 | 름랩","변리사 홈페이지에 실제로 필요한 페이지 — 대표·전문가 소개·업무 분야·서비스·상담 절차·비용·상담 예약·문의. 변리사는 신규 고객의 첫 접점이 대부분 모바일 검색입니다. 98만원부터 정액 · 소스코드 이관 · 월 관리비 없음.","변리사 홈페이지 제작","Answer|BreadcrumbList|ContactPoint|Country|FAQPage|ListItem|OpeningHoursSpecification|Organization|PostalAddress|ProfessionalService|PropertyValue|Question|Service|WebSite","35","12","service_or_hub","industry_service","P1","INDEX","self-canonical, indexable and present in sitemap","TESTED_LOCAL_BUILD"
"https://reumlab.com/website/chaegwonchusimeobche/","200","https://reumlab.com/website/chaegwonchusimeobche/","index, follow","yes","yes","no","채권추심업체 홈페이지 제작 업체 | 직접 기획·개발·이관 | 름랩","채권추심업체 홈페이지에 실제로 필요한 페이지 — 대표·전문가 소개·업무 분야·서비스·상담 절차·비용·상담 예약·문의. 채권추심업체 손님이 상담 예약·전화 문의까지 한 화면에서 끝내도록 동선을 짜면 전화 문의가 줄고 문의 전환이 늘어납니다.","채권추심업체 홈페이지 제작","Answer|BreadcrumbList|ContactPoint|Country|FAQPage|ListItem|OpeningHoursSpecification|Organization|PostalAddress|ProfessionalService|PropertyValue|Question|Service|WebSite","35","4","service_or_hub","industry_service","P1","INDEX","self-canonical, indexable and present in sitemap","TESTED_LOCAL_BUILD"
"https://reumlab.com/website/changeobkeonseolting/","200","https://reumlab.com/website/changeobkeonseolting/","index, follow","yes","yes","no","창업컨설팅 홈페이지 제작 업체 | 직접 기획·개발·이관 | 름랩","창업컨설팅 홈페이지에 실제로 필요한 페이지 — 대표·전문가 소개·업무 분야·서비스·상담 절차·비용·상담 예약·문의. 창업컨설팅은 신규 고객의 첫 접점이 대부분 모바일 검색입니다. 98만원부터 정액 · 소스코드 이관 · 월 관리비 없음.","창업컨설팅 홈페이지 제작","Answer|BreadcrumbList|ContactPoint|Country|FAQPage|ListItem|OpeningHoursSpecification|Organization|PostalAddress|ProfessionalService|PropertyValue|Question|Service|WebSite","35","3","service_or_hub","industry_service","P1","INDEX","self-canonical, indexable and present in sitemap","TESTED_LOCAL_BUILD"
"https://reumlab.com/website/changhoeobche/","200","https://reumlab.com/website/changhoeobche/","index, follow","yes","yes","no","창호업체 홈페이지 만들기 | 회사 소개·이력·공정·시공 안내 어디까지 필요한가 | 름랩","창호업체 홈페이지에 실제로 필요한 페이지 — 회사 소개·이력·시공 사례·포트폴리오·공정·시공 안내·견적·상담 문의. 창호업체는 신규 고객의 첫 접점이 대부분 모바일 검색입니다. 98만원부터 정액 · 소스코드 이관 · 월 관리비 없음.","창호업체 홈페이지 제작","Answer|BreadcrumbList|ContactPoint|Country|FAQPage|ListItem|OpeningHoursSpecification|Organization|PostalAddress|ProfessionalService|PropertyValue|Question|Service|WebSite","35","3","service_or_hub","industry_service","P1","INDEX","self-canonical, indexable and present in sitemap","TESTED_LOCAL_BUILD"
"https://reumlab.com/website/cheheommaeul/","200","https://reumlab.com/website/cheheommaeul/","index, follow","yes","yes","no","체험마을 홈페이지 제작 업체 | 직접 기획·개발·이관 | 름랩","체험마을 홈페이지에 실제로 필요한 페이지 — 숙소 소개·객실·객실 요금·예약·부대시설·주변 관광·예약·문의. 체험마을 손님이 실시간 예약·전화 예약까지 한 화면에서 끝내도록 동선을 짜면 전화 문의가 줄고 문의 전환이 늘어납니다.","체험마을 홈페이지 제작","Answer|BreadcrumbList|ContactPoint|Country|FAQPage|ListItem|OpeningHoursSpecification|Organization|PostalAddress|ProfessionalService|PropertyValue|Question|Service|WebSite","35","8","service_or_hub","industry_service","P1","INDEX","self-canonical, indexable and present in sitemap","TESTED_LOCAL_BUILD"
"https://reumlab.com/website/cheolgeoeobche/","200","https://reumlab.com/website/cheolgeoeobche/","index, follow","yes","yes","no","철거업체 홈페이지 만들기 | 회사 소개·이력·공정·시공 안내 어디까지 필요한가 | 름랩","철거업체 홈페이지에 실제로 필요한 페이지 — 회사 소개·이력·시공 사례·포트폴리오·공정·시공 안내·견적·상담 문의. 철거업체는 홈페이지가 곧 첫인상입니다. 98만원부터 정액 · 소스코드 이관 · 월 관리비 없음.","철거업체 홈페이지 제작","Answer|BreadcrumbList|ContactPoint|Country|FAQPage|ListItem|OpeningHoursSpecification|Organization|PostalAddress|ProfessionalService|PropertyValue|Question|Service|WebSite","35","12","service_or_hub","industry_service","P1","INDEX","self-canonical, indexable and present in sitemap","TESTED_LOCAL_BUILD"
"https://reumlab.com/website/cheongcheobjangeobche/","200","https://reumlab.com/website/cheongcheobjangeobche/","index, follow","yes","yes","no","청첩장업체 홈페이지 제작 업체 | 직접 기획·개발·이관 | 름랩","청첩장업체 홈페이지에 실제로 필요한 페이지 — 업체·스튜디오 소개·포트폴리오·갤러리·상품·패키지·예약·상담 문의. 청첩장업체 방문자는 검색으로 먼저 청첩장업체를 찾습니다. 98만원부터 정액 · 소스코드 이관 · 월 관리비 없음.","청첩장업체 홈페이지 제작","Answer|BreadcrumbList|ContactPoint|Country|FAQPage|ListItem|OpeningHoursSpecification|Organization|PostalAddress|ProfessionalService|PropertyValue|Question|Service|WebSite","35","3","service_or_hub","industry_service","P1","INDEX","self-canonical, indexable and present in sitemap","TESTED_LOCAL_BUILD"
"https://reumlab.com/website/cheongsoeobche/","200","https://reumlab.com/website/cheongsoeobche/","index, follow","yes","yes","no","청소업체 홈페이지 만들기 | 업체 소개·서비스·작업 안내 어디까지 필요한가 | 름랩","청소업체 홈페이지에 실제로 필요한 페이지 — 업체 소개·서비스·작업 안내·요금·견적·예약·문의. 청소업체 손님이 출장·방문 견적 문의까지 한 화면에서 끝내도록 동선을 짜면 전화 문의가 줄고 문의 전환이 늘어납니다. 98만원부터 정액 · 소스코드 이관 · 월 관리비 없음.","청소업체 홈페이지 제작","Answer|BreadcrumbList|ContactPoint|Country|FAQPage|ListItem|OpeningHoursSpecification|Organization|PostalAddress|ProfessionalService|PropertyValue|Question|Service|WebSite","35","2","service_or_hub","industry_service","P1","INDEX","self-canonical, indexable and present in sitemap","TESTED_LOCAL_BUILD"
"https://reumlab.com/website/cheongsonyeonsangdamsenteo/","200","https://reumlab.com/website/cheongsonyeonsangdamsenteo/","index, follow","yes","yes","no","청소년상담센터 홈페이지 제작 | 프로그램·케어 안내·상담·입소 문의 구성과 검색 노출 | 름랩","청소년상담센터 홈페이지에 실제로 필요한 페이지 — 시설 소개·시설 안내·프로그램·케어 안내·이용 요금·입소 절차. 보호자는 신뢰할 시설을 찾아 프로그램과 비용을 꼼꼼히 비교합니다. 98만원부터 정액 · 소스코드 이관 · 월 관리비 없음.","청소년상담센터 홈페이지 제작","Answer|BreadcrumbList|ContactPoint|Country|FAQPage|ListItem|OpeningHoursSpecification|Organization|PostalAddress|ProfessionalService|PropertyValue|Question|Service|WebSite","35","3","service_or_hub","industry_service","P1","INDEX","self-canonical, indexable and present in sitemap","TESTED_LOCAL_BUILD"
"https://reumlab.com/website/chigwa/","200","https://reumlab.com/website/chigwa/","index, follow","yes","yes","no","치과 홈페이지 제작 업체 | 직접 기획·개발·이관 | 름랩","치과 홈페이지에 실제로 필요한 페이지 — 병원 소개·의료진·진료과목·진료 안내·진료시간·오시는 길·예약·상담 문의. 치과 방문자는 검색으로 먼저 치과를 찾습니다. 98만원부터 정액 · 소스코드 이관 · 월 관리비 없음.","치과 홈페이지 제작","Answer|BreadcrumbList|ContactPoint|Country|FAQPage|ListItem|OpeningHoursSpecification|Organization|PostalAddress|ProfessionalService|PropertyValue|Question|Service|WebSite","35","2","service_or_hub","industry_service","P1","INDEX","self-canonical, indexable and present in sitemap","TESTED_LOCAL_BUILD"
"https://reumlab.com/website/chikinjib/","200","https://reumlab.com/website/chikinjib/","index, follow","yes","yes","no","치킨집 홈페이지 제작 업체 | 직접 기획·개발·이관 | 름랩","치킨집 홈페이지에 실제로 필요한 페이지 — 매장 소개·분위기·메뉴·가격·예약·단체 문의·오시는 길·주차. 손님은 메뉴 사진과 위치, 영업시간을 검색으로 먼저 확인합니다. 98만원부터 정액 · 소스코드 이관 · 월 관리비 없음.","치킨집 홈페이지 제작","Answer|BreadcrumbList|ContactPoint|Country|FAQPage|ListItem|OpeningHoursSpecification|Organization|PostalAddress|ProfessionalService|PropertyValue|Question|Service|WebSite","35","3","service_or_hub","industry_service","P1","INDEX","self-canonical, indexable and present in sitemap","TESTED_LOCAL_BUILD"
"https://reumlab.com/website/chuljangbwipe/","200","https://reumlab.com/website/chuljangbwipe/","index, follow","yes","yes","no","출장뷔페 홈페이지 제작 업체 | 직접 기획·개발·이관 | 름랩","출장뷔페 홈페이지에 실제로 필요한 페이지 — 업체·스튜디오 소개·포트폴리오·갤러리·상품·패키지·예약·상담 문의. 출장뷔페 특성상 고객은 포트폴리오와 패키지, 후기를 보고 업체를 예약합니다. 98만원부터 정액 · 소스코드 이관 · 월 관리비 없음.","출장뷔페 홈페이지 제작","Answer|BreadcrumbList|ContactPoint|Country|FAQPage|ListItem|OpeningHoursSpecification|Organization|PostalAddress|ProfessionalService|PropertyValue|Question|Service|WebSite","35","3","service_or_hub","industry_service","P1","INDEX","self-canonical, indexable and present in sitemap","TESTED_LOCAL_BUILD"
"https://reumlab.com/website/chulpansa/","200","https://reumlab.com/website/chulpansa/","index, follow","yes","yes","no","출판사 홈페이지 제작 업체 | 직접 기획·개발·이관 | 름랩","출판사 홈페이지에 실제로 필요한 페이지 — 회사 소개·팀·서비스·솔루션·포트폴리오·사례·기술·역량. 출판사 사장님이 가장 아쉬워하는 건 &#x27;검색에 안 나온다&#x27;입니다. 98만원부터 정액 · 소스코드 이관 · 월 관리비 없음.","출판사 홈페이지 제작","Answer|BreadcrumbList|ContactPoint|Country|FAQPage|ListItem|OpeningHoursSpecification|Organization|PostalAddress|ProfessionalService|PropertyValue|Question|Service|WebSite","35","3","service_or_hub","industry_service","P1","INDEX","self-canonical, indexable and present in sitemap","TESTED_LOCAL_BUILD"
"https://reumlab.com/website/dabryepumeobche/","200","https://reumlab.com/website/dabryepumeobche/","index, follow","yes","yes","no","답례품업체 홈페이지 제작 업체 | 직접 기획·개발·이관 | 름랩","답례품업체 홈페이지에 실제로 필요한 페이지 — 업체·스튜디오 소개·포트폴리오·갤러리·상품·패키지·예약·상담 문의. 름랩은 답례품업체 동선을 상담 예약·견적 문의 한 흐름으로 묶어 이탈을 줄입니다. 98만원부터 정액 · 소스코드 이관 · 월 관리비 없음.","답례품업체 홈페이지 제작","Answer|BreadcrumbList|ContactPoint|Country|FAQPage|ListItem|OpeningHoursSpecification|Organization|PostalAddress|ProfessionalService|PropertyValue|Question|Service|WebSite","35","3","service_or_hub","industry_service","P1","INDEX","self-canonical, indexable and present in sitemap","TESTED_LOCAL_BUILD"
"https://reumlab.com/website/danggujang/","200","https://reumlab.com/website/danggujang/","index, follow","yes","yes","no","당구장 홈페이지 만들기 | 시설 소개·둘러보기·프로그램·수업 안내 어디까지 필요한가 | 름랩","당구장 홈페이지에 실제로 필요한 페이지 — 시설 소개·둘러보기·프로그램·수업 안내·이용권·요금·체험·등록 문의. 당구장 손님이 체험·등록 상담 신청까지 한 화면에서 끝내도록 동선을 짜면 전화 문의가 줄고 문의 전환이 늘어납니다.","당구장 홈페이지 제작","Answer|BreadcrumbList|ContactPoint|Country|FAQPage|ListItem|OpeningHoursSpecification|Organization|PostalAddress|ProfessionalService|PropertyValue|Question|Service|WebSite","35","6","service_or_hub","industry_service","P1","INDEX","self-canonical, indexable and present in sitemap","TESTED_LOCAL_BUILD"
"https://reumlab.com/website/deiteoboggueobche/","200","https://reumlab.com/website/deiteoboggueobche/","index, follow","yes","yes","no","데이터복구업체 홈페이지 제작 | 회사 소개·팀·서비스·솔루션 구성과 검색 노출 | 름랩","데이터복구업체 홈페이지에 실제로 필요한 페이지 — 회사 소개·팀·서비스·솔루션·포트폴리오·사례·기술·역량. 름랩은 데이터복구업체 동선을 프로젝트 상담·견적 문의 한 흐름으로 묶어 이탈을 줄입니다. 98만원부터 정액 · 소스코드 이관 · 월 관리비 없음.","데이터복구업체 홈페이지 제작","Answer|BreadcrumbList|ContactPoint|Country|FAQPage|ListItem|OpeningHoursSpecification|Organization|PostalAddress|ProfessionalService|PropertyValue|Question|Service|WebSite","35","10","service_or_hub","industry_service","P1","INDEX","self-canonical, indexable and present in sitemap","TESTED_LOCAL_BUILD"
"https://reumlab.com/website/deuronchwalyeongeobche/","200","https://reumlab.com/website/deuronchwalyeongeobche/","index, follow","yes","yes","no","드론촬영업체 홈페이지 만들기 | 업체·스튜디오 소개·포트폴리오·갤러리 어디까지 필요한가 | 름랩","드론촬영업체 홈페이지에 실제로 필요한 페이지 — 업체·스튜디오 소개·포트폴리오·갤러리·상품·패키지·예약·상담 문의. 드론촬영업체 사장님이 가장 아쉬워하는 건 &#x27;검색에 안 나온다&#x27;입니다. 98만원부터 정액 · 소스코드 이관 · 월 관리비 없음.","드론촬영업체 홈페이지 제작","Answer|BreadcrumbList|ContactPoint|Country|FAQPage|ListItem|OpeningHoursSpecification|Organization|PostalAddress|ProfessionalService|PropertyValue|Question|Service|WebSite","35","8","service_or_hub","industry_service","P1","INDEX","self-canonical, indexable and present in sitemap","TESTED_LOCAL_BUILD"
"https://reumlab.com/website/dijainhoesa/","200","https://reumlab.com/website/dijainhoesa/","index, follow","yes","yes","no","디자인회사 홈페이지 제작 비용 | 98만원부터 정액 견적 | 름랩","디자인회사 홈페이지에 실제로 필요한 페이지 — 회사 소개·팀·서비스·솔루션·포트폴리오·사례·기술·역량. 름랩은 디자인회사 동선을 프로젝트 상담·견적 문의 한 흐름으로 묶어 이탈을 줄입니다. 98만원부터 정액 · 소스코드 이관 · 월 관리비 없음.","디자인회사 홈페이지 제작","Answer|BreadcrumbList|ContactPoint|Country|FAQPage|ListItem|OpeningHoursSpecification|Organization|PostalAddress|ProfessionalService|PropertyValue|Question|Service|WebSite","35","4","service_or_hub","industry_service","P1","INDEX","self-canonical, indexable and present in sitemap","TESTED_LOCAL_BUILD"
"https://reumlab.com/website/dobaeeobche/","200","https://reumlab.com/website/dobaeeobche/","index, follow","yes","yes","no","도배업체 홈페이지 제작 비용 | 98만원부터 정액 견적 | 름랩","도배업체 홈페이지에 실제로 필요한 페이지 — 회사 소개·이력·시공 사례·포트폴리오·공정·시공 안내·견적·상담 문의. 도배업체 사장님이 가장 아쉬워하는 건 &#x27;검색에 안 나온다&#x27;입니다. 98만원부터 정액 · 소스코드 이관 · 월 관리비 없음.","도배업체 홈페이지 제작","Answer|BreadcrumbList|ContactPoint|Country|FAQPage|ListItem|OpeningHoursSpecification|Organization|PostalAddress|ProfessionalService|PropertyValue|Question|Service|WebSite","35","7","service_or_hub","industry_service","P1","INDEX","self-canonical, indexable and present in sitemap","TESTED_LOCAL_BUILD"
"https://reumlab.com/website/doeorageobche/","200","https://reumlab.com/website/doeorageobche/","index, follow","yes","yes","no","도어락업체 홈페이지 제작 업체 | 직접 기획·개발·이관 | 름랩","도어락업체 홈페이지에 실제로 필요한 페이지 — 업체 소개·서비스·작업 안내·요금·견적·예약·문의. 도어락업체 특성상 고객은 서비스 범위와 요금, 출장 여부를 보고 업체를 부릅니다. 98만원부터 정액 · 소스코드 이관 · 월 관리비 없음.","도어락업체 홈페이지 제작","Answer|BreadcrumbList|ContactPoint|Country|FAQPage|ListItem|OpeningHoursSpecification|Organization|PostalAddress|ProfessionalService|PropertyValue|Question|Service|WebSite","35","3","service_or_hub","industry_service","P1","INDEX","self-canonical, indexable and present in sitemap","TESTED_LOCAL_BUILD"
"https://reumlab.com/website/dogseosil/","200","https://reumlab.com/website/dogseosil/","index, follow","yes","yes","no","독서실 홈페이지 제작 업체 | 직접 기획·개발·이관 | 름랩","독서실 홈페이지에 실제로 필요한 페이지 — 학원 소개·강사진·커리큘럼·수업 안내·시간표·반 편성·수강료·상담 신청. 름랩은 독서실 동선을 상담 신청·레벨테스트 예약 한 흐름으로 묶어 이탈을 줄입니다. 98만원부터 정액 · 소스코드 이관 · 월 관리비 없음.","독서실 홈페이지 제작","Answer|BreadcrumbList|ContactPoint|Country|FAQPage|ListItem|OpeningHoursSpecification|Organization|PostalAddress|ProfessionalService|PropertyValue|Question|Service|WebSite","36","4","service_or_hub","industry_service","P1","INDEX","self-canonical, indexable and present in sitemap","TESTED_LOCAL_BUILD"
"https://reumlab.com/website/doljanchieobche/","200","https://reumlab.com/website/doljanchieobche/","index, follow","yes","yes","no","돌잔치업체 홈페이지 제작 | 업체·스튜디오 소개·포트폴리오·갤러리 구성과 검색 노출 | 름랩","돌잔치업체 홈페이지에 실제로 필요한 페이지 — 업체·스튜디오 소개·포트폴리오·갤러리·상품·패키지·예약·상담 문의. 돌잔치업체 사장님이 가장 아쉬워하는 건 &#x27;검색에 안 나온다&#x27;입니다. 98만원부터 정액 · 소스코드 이관 · 월 관리비 없음.","돌잔치업체 홈페이지 제작","Answer|BreadcrumbList|ContactPoint|Country|FAQPage|ListItem|OpeningHoursSpecification|Organization|PostalAddress|ProfessionalService|PropertyValue|Question|Service|WebSite","35","3","service_or_hub","industry_service","P1","INDEX","self-canonical, indexable and present in sitemap","TESTED_LOCAL_BUILD"
"https://reumlab.com/website/domaeeob/","200","https://reumlab.com/website/domaeeob/","index, follow","yes","yes","no","도매업 홈페이지 제작 | 매장·브랜드 소개·상품·카테고리 구성과 검색 노출 | 름랩","도매업 홈페이지에 실제로 필요한 페이지 — 매장·브랜드 소개·상품·카테고리·가격·구매 안내·매장 위치·영업시간. 름랩은 도매업 동선을 구매 문의·매장 방문 한 흐름으로 묶어 이탈을 줄입니다. 98만원부터 정액 · 소스코드 이관 · 월 관리비 없음.","도매업 홈페이지 제작","Answer|BreadcrumbList|ContactPoint|Country|FAQPage|ListItem|OpeningHoursSpecification|Organization|PostalAddress|ProfessionalService|PropertyValue|Question|Service|WebSite","35","7","service_or_hub","industry_service","P1","INDEX","self-canonical, indexable and present in sitemap","TESTED_LOCAL_BUILD"
"https://reumlab.com/website/dongmulbyeongwon/","200","https://reumlab.com/website/dongmulbyeongwon/","index, follow","yes","yes","no","동물병원 홈페이지 만들기 | 병원 소개·의료진·진료과목·진료 안내 어디까지 필요한가 | 름랩","동물병원 홈페이지에 실제로 필요한 페이지 — 병원 소개·의료진·진료과목·진료 안내·진료시간·오시는 길·예약·상담 문의. 환자는 방문 전 진료시간과 위치, 의료진을 검색으로 먼저 확인합니다. 98만원부터 정액 · 소스코드 이관 · 월 관리비 없음.","동물병원 홈페이지 제작","Answer|BreadcrumbList|ContactPoint|Country|FAQPage|ListItem|OpeningHoursSpecification|Organization|PostalAddress|ProfessionalService|PropertyValue|Question|Service|WebSite","35","3","service_or_hub","industry_service","P1","INDEX","self-canonical, indexable and present in sitemap","TESTED_LOCAL_BUILD"
"https://reumlab.com/website/dosirageobche/","200","https://reumlab.com/website/dosirageobche/","index, follow","yes","yes","no","도시락업체 홈페이지 제작 업체 | 직접 기획·개발·이관 | 름랩","도시락업체 홈페이지에 실제로 필요한 페이지 — 매장 소개·분위기·메뉴·가격·예약·단체 문의·오시는 길·주차. 름랩은 도시락업체 동선을 예약 전화·주문·오시는 길 한 흐름으로 묶어 이탈을 줄입니다. 98만원부터 정액 · 소스코드 이관 · 월 관리비 없음.","도시락업체 홈페이지 제작","Answer|BreadcrumbList|ContactPoint|Country|FAQPage|ListItem|OpeningHoursSpecification|Organization|PostalAddress|ProfessionalService|PropertyValue|Question|Service|WebSite","35","3","service_or_hub","industry_service","P1","INDEX","self-canonical, indexable and present in sitemap","TESTED_LOCAL_BUILD"
"https://reumlab.com/website/dupigwanrisenteo/","200","https://reumlab.com/website/dupigwanrisenteo/","index, follow","yes","yes","no","두피관리센터 홈페이지 만들기 | 샵 소개·둘러보기·시술 메뉴·가격표 어디까지 필요한가 | 름랩","두피관리센터 홈페이지에 실제로 필요한 페이지 — 샵 소개·둘러보기·시술 메뉴·가격표·시술 전후·후기·예약·상담. 두피관리센터는 신규 고객의 첫 접점이 대부분 모바일 검색입니다. 98만원부터 정액 · 소스코드 이관 · 월 관리비 없음.","두피관리센터 홈페이지 제작","Answer|BreadcrumbList|ContactPoint|Country|FAQPage|ListItem|OpeningHoursSpecification|Organization|PostalAddress|ProfessionalService|PropertyValue|Question|Service|WebSite","35","4","service_or_hub","industry_service","P1","INDEX","self-canonical, indexable and present in sitemap","TESTED_LOCAL_BUILD"
"https://reumlab.com/website/eeokeoneobche/","200","https://reumlab.com/website/eeokeoneobche/","index, follow","yes","yes","no","에어컨업체 홈페이지 제작 | 업체 소개·서비스·작업 안내 구성과 검색 노출 | 름랩","에어컨업체 홈페이지에 실제로 필요한 페이지 — 업체 소개·서비스·작업 안내·요금·견적·예약·문의. 름랩은 에어컨업체 동선을 출장·방문 견적 문의 한 흐름으로 묶어 이탈을 줄입니다. 98만원부터 정액 · 소스코드 이관 · 월 관리비 없음.","에어컨업체 홈페이지 제작","Answer|BreadcrumbList|ContactPoint|Country|FAQPage|ListItem|OpeningHoursSpecification|Organization|PostalAddress|ProfessionalService|PropertyValue|Question|Service|WebSite","35","8","service_or_hub","industry_service","P1","INDEX","self-canonical, indexable and present in sitemap","TESTED_LOCAL_BUILD"
"https://reumlab.com/website/eoneochiryosenteo/","200","https://reumlab.com/website/eoneochiryosenteo/","index, follow","yes","yes","no","언어치료센터 홈페이지 만들기 | 프로그램·케어 안내·상담·입소 문의 어디까지 필요한가 | 름랩","언어치료센터 홈페이지에 실제로 필요한 페이지 — 시설 소개·시설 안내·프로그램·케어 안내·이용 요금·입소 절차. 름랩은 언어치료센터 동선을 상담 전화·방문 상담 예약 한 흐름으로 묶어 이탈을 줄입니다. 98만원부터 정액 · 소스코드 이관 · 월 관리비 없음.","언어치료센터 홈페이지 제작","Answer|BreadcrumbList|ContactPoint|Country|FAQPage|ListItem|OpeningHoursSpecification|Organization|PostalAddress|ProfessionalService|PropertyValue|Question|Service|WebSite","35","3","service_or_hub","industry_service","P1","INDEX","self-canonical, indexable and present in sitemap","TESTED_LOCAL_BUILD"
"https://reumlab.com/website/eonronsa/","200","https://reumlab.com/website/eonronsa/","index, follow","yes","yes","no","언론사 홈페이지 제작 비용 | 98만원부터 정액 견적 | 름랩","언론사 홈페이지에 실제로 필요한 페이지 — 회사 소개·팀·서비스·솔루션·포트폴리오·사례·기술·역량. 언론사는 신규 고객의 첫 접점이 대부분 모바일 검색입니다. 98만원부터 정액 · 소스코드 이관 · 월 관리비 없음.","언론사 홈페이지 제작","Answer|BreadcrumbList|ContactPoint|Country|FAQPage|ListItem|OpeningHoursSpecification|Organization|PostalAddress|ProfessionalService|PropertyValue|Question|Service|WebSite","35","8","service_or_hub","industry_service","P1","INDEX","self-canonical, indexable and present in sitemap","TESTED_LOCAL_BUILD"
"https://reumlab.com/website/eorinijib/","200","https://reumlab.com/website/eorinijib/","index, follow","yes","yes","no","어린이집 홈페이지 제작 업체 | 직접 기획·개발·이관 | 름랩","어린이집 홈페이지에 실제로 필요한 페이지 — 학원 소개·강사진·커리큘럼·수업 안내·시간표·반 편성·수강료·상담 신청. 어린이집 방문자는 검색으로 먼저 어린이집을 찾습니다. 98만원부터 정액 · 소스코드 이관 · 월 관리비 없음.","어린이집 홈페이지 제작","Answer|BreadcrumbList|ContactPoint|Country|FAQPage|ListItem|OpeningHoursSpecification|Organization|PostalAddress|ProfessionalService|PropertyValue|Question|Service|WebSite","36","3","service_or_hub","industry_service","P1","INDEX","self-canonical, indexable and present in sitemap","TESTED_LOCAL_BUILD"
"https://reumlab.com/website/eseutetig/","200","https://reumlab.com/website/eseutetig/","index, follow","yes","yes","no","에스테틱 홈페이지 제작 비용 | 98만원부터 정액 견적 | 름랩","에스테틱 홈페이지에 실제로 필요한 페이지 — 샵 소개·둘러보기·시술 메뉴·가격표·시술 전후·후기·예약·상담. 름랩은 에스테틱 동선을 온라인 예약·전화 예약 한 흐름으로 묶어 이탈을 줄입니다. 98만원부터 정액 · 소스코드 이관 · 월 관리비 없음.","에스테틱 홈페이지 제작","Answer|BreadcrumbList|ContactPoint|Country|FAQPage|ListItem|OpeningHoursSpecification|Organization|PostalAddress|ProfessionalService|PropertyValue|Question|Service|WebSite","35","3","service_or_hub","industry_service","P1","INDEX","self-canonical, indexable and present in sitemap","TESTED_LOCAL_BUILD"
"https://reumlab.com/website/eumaghagwon/","200","https://reumlab.com/website/eumaghagwon/","index, follow","yes","yes","no","음악학원 홈페이지 제작 업체 | 직접 기획·개발·이관 | 름랩","음악학원 홈페이지에 실제로 필요한 페이지 — 학원 소개·강사진·커리큘럼·수업 안내·시간표·반 편성·수강료·상담 신청. 음악학원은 신규 고객의 첫 접점이 대부분 모바일 검색입니다. 98만원부터 정액 · 소스코드 이관 · 월 관리비 없음.","음악학원 홈페이지 제작","Answer|BreadcrumbList|ContactPoint|Country|FAQPage|ListItem|OpeningHoursSpecification|Organization|PostalAddress|ProfessionalService|PropertyValue|Question|Service|WebSite","36","3","service_or_hub","industry_service","P1","INDEX","self-canonical, indexable and present in sitemap","TESTED_LOCAL_BUILD"
"https://reumlab.com/website/eumhyangeobche/","200","https://reumlab.com/website/eumhyangeobche/","index, follow","yes","yes","no","음향업체 홈페이지 만들기 | 업체·스튜디오 소개·포트폴리오·갤러리 어디까지 필요한가 | 름랩","음향업체 홈페이지에 실제로 필요한 페이지 — 업체·스튜디오 소개·포트폴리오·갤러리·상품·패키지·예약·상담 문의. 음향업체는 신규 고객의 첫 접점이 대부분 모바일 검색입니다. 98만원부터 정액 · 소스코드 이관 · 월 관리비 없음.","음향업체 홈페이지 제작","Answer|BreadcrumbList|ContactPoint|Country|FAQPage|ListItem|OpeningHoursSpecification|Organization|PostalAddress|ProfessionalService|PropertyValue|Question|Service|WebSite","35","3","service_or_hub","industry_service","P1","INDEX","self-canonical, indexable and present in sitemap","TESTED_LOCAL_BUILD"
"https://reumlab.com/website/gabangmaejang/","200","https://reumlab.com/website/gabangmaejang/","index, follow","yes","yes","no","가방매장 홈페이지 제작 업체 | 직접 기획·개발·이관 | 름랩","가방매장 홈페이지에 실제로 필요한 페이지 — 브랜드·매장 소개·제품·컬렉션·룩북·착용컷·매장 위치·영업시간. 가방매장 사장님이 가장 아쉬워하는 건 &#x27;검색에 안 나온다&#x27;입니다. 98만원부터 정액 · 소스코드 이관 · 월 관리비 없음.","가방매장 홈페이지 제작","Answer|BreadcrumbList|ContactPoint|Country|FAQPage|ListItem|OpeningHoursSpecification|Organization|PostalAddress|ProfessionalService|PropertyValue|Question|Service|WebSite","35","8","service_or_hub","industry_service","P1","INDEX","self-canonical, indexable and present in sitemap","TESTED_LOCAL_BUILD"
"https://reumlab.com/website/gagujeom/","200","https://reumlab.com/website/gagujeom/","index, follow","yes","yes","no","가구점 홈페이지 제작 비용 | 98만원부터 정액 견적 | 름랩","가구점 홈페이지에 실제로 필요한 페이지 — 매장·브랜드 소개·상품·카테고리·가격·구매 안내·매장 위치·영업시간. 름랩은 가구점 동선을 구매 문의·매장 방문 한 흐름으로 묶어 이탈을 줄입니다. 98만원부터 정액 · 소스코드 이관 · 월 관리비 없음.","가구점 홈페이지 제작","Answer|BreadcrumbList|ContactPoint|Country|FAQPage|ListItem|OpeningHoursSpecification|Organization|PostalAddress|ProfessionalService|PropertyValue|Question|Service|WebSite","35","4","service_or_hub","industry_service","P1","INDEX","self-canonical, indexable and present in sitemap","TESTED_LOCAL_BUILD"
"https://reumlab.com/website/gajeongsangdamso/","200","https://reumlab.com/website/gajeongsangdamso/","index, follow","yes","yes","no","가정상담소 홈페이지 만들기 | 프로그램·케어 안내·상담·입소 문의 어디까지 필요한가 | 름랩","가정상담소 홈페이지에 실제로 필요한 페이지 — 시설 소개·시설 안내·프로그램·케어 안내·이용 요금·입소 절차. 가정상담소 신규 고객의 첫 접점은 대부분 모바일 검색입니다. 98만원부터 정액 · 소스코드 이관 · 월 관리비 없음.","가정상담소 홈페이지 제작","Answer|BreadcrumbList|ContactPoint|Country|FAQPage|ListItem|OpeningHoursSpecification|Organization|PostalAddress|ProfessionalService|PropertyValue|Question|Service|WebSite","35","8","service_or_hub","industry_service","P1","INDEX","self-canonical, indexable and present in sitemap","TESTED_LOCAL_BUILD"
"https://reumlab.com/website/gamjeongpyeonggasa/","200","https://reumlab.com/website/gamjeongpyeonggasa/","index, follow","yes","yes","no","감정평가사 홈페이지 제작 | 대표·전문가 소개·업무 분야·서비스 구성과 검색 노출 | 름랩","감정평가사 홈페이지에 실제로 필요한 페이지 — 대표·전문가 소개·업무 분야·서비스·상담 절차·비용·상담 예약·문의. 감정평가사 사장님이 가장 아쉬워하는 건 &#x27;검색에 안 나온다&#x27;입니다. 98만원부터 정액 · 소스코드 이관 · 월 관리비 없음.","감정평가사 홈페이지 제작","Answer|BreadcrumbList|ContactPoint|Country|FAQPage|ListItem|OpeningHoursSpecification|Organization|PostalAddress|ProfessionalService|PropertyValue|Question|Service|WebSite","35","6","service_or_hub","industry_service","P1","INDEX","self-canonical, indexable and present in sitemap","TESTED_LOCAL_BUILD"
"https://reumlab.com/website/ganbyeongin/","200","https://reumlab.com/website/ganbyeongin/","index, follow","yes","yes","no","간병인 홈페이지 제작 비용 | 98만원부터 정액 견적 | 름랩","간병인 홈페이지에 실제로 필요한 페이지 — 시설 소개·시설 안내·프로그램·케어 안내·이용 요금·입소 절차. 간병인 손님이 상담 전화·방문 상담 예약까지 한 화면에서 끝내도록 동선을 짜면 전화 문의가 줄고 문의 전환이 늘어납니다.","간병인 홈페이지 제작","Answer|BreadcrumbList|ContactPoint|Country|FAQPage|ListItem|OpeningHoursSpecification|Organization|PostalAddress|ProfessionalService|PropertyValue|Question|Service|WebSite","35","6","service_or_hub","industry_service","P1","INDEX","self-canonical, indexable and present in sitemap","TESTED_LOCAL_BUILD"
"https://reumlab.com/website/geimhoesa/","200","https://reumlab.com/website/geimhoesa/","index, follow","yes","yes","no","게임회사 홈페이지 제작 | 회사 소개·팀·서비스·솔루션 구성과 검색 노출 | 름랩","게임회사 홈페이지에 실제로 필요한 페이지 — 회사 소개·팀·서비스·솔루션·포트폴리오·사례·기술·역량. 게임회사 사장님이 가장 아쉬워하는 건 &#x27;검색에 안 나온다&#x27;입니다. 98만원부터 정액 · 소스코드 이관 · 월 관리비 없음.","게임회사 홈페이지 제작","Answer|BreadcrumbList|ContactPoint|Country|FAQPage|ListItem|OpeningHoursSpecification|Organization|PostalAddress|ProfessionalService|PropertyValue|Question|Service|WebSite","35","3","service_or_hub","industry_service","P1","INDEX","self-canonical, indexable and present in sitemap","TESTED_LOCAL_BUILD"
"https://reumlab.com/website/geonchugsasamuso/","200","https://reumlab.com/website/geonchugsasamuso/","index, follow","yes","yes","no","건축사사무소 홈페이지 만들기 | 회사 소개·이력·공정·시공 안내 어디까지 필요한가 | 름랩","건축사사무소 홈페이지에 실제로 필요한 페이지 — 회사 소개·이력·시공 사례·포트폴리오·공정·시공 안내·견적·상담 문의. 건축사사무소 사장님이 가장 아쉬워하는 건 &#x27;검색에 안 나온다&#x27;입니다. 98만원부터 정액 · 소스코드 이관 · 월 관리비 없음.","건축사사무소 홈페이지 제작","Answer|BreadcrumbList|ContactPoint|Country|FAQPage|ListItem|OpeningHoursSpecification|Organization|PostalAddress|ProfessionalService|PropertyValue|Question|Service|WebSite","35","4","service_or_hub","industry_service","P1","INDEX","self-canonical, indexable and present in sitemap","TESTED_LOCAL_BUILD"
"https://reumlab.com/website/geonganggeomjinsenteo/","200","https://reumlab.com/website/geonganggeomjinsenteo/","index, follow","yes","yes","no","건강검진센터 홈페이지 제작 업체 | 직접 기획·개발·이관 | 름랩","건강검진센터 홈페이지에 실제로 필요한 페이지 — 병원 소개·의료진·진료과목·진료 안내·진료시간·오시는 길·예약·상담 문의. 름랩은 건강검진센터 동선을 전화 예약·온라인 예약·오시는 길 확인 한 흐름으로 묶어 이탈을 줄입니다.","건강검진센터 홈페이지 제작","Answer|BreadcrumbList|ContactPoint|Country|FAQPage|ListItem|OpeningHoursSpecification|Organization|PostalAddress|ProfessionalService|PropertyValue|Question|Service|WebSite","35","5","service_or_hub","industry_service","P1","INDEX","self-canonical, indexable and present in sitemap","TESTED_LOCAL_BUILD"
"https://reumlab.com/website/geongangsigpum/","200","https://reumlab.com/website/geongangsigpum/","index, follow","yes","yes","no","건강식품 홈페이지 제작 업체 | 직접 기획·개발·이관 | 름랩","건강식품 홈페이지에 실제로 필요한 페이지 — 매장 소개·분위기·메뉴·가격·예약·단체 문의·오시는 길·주차. 건강식품 신규 고객의 첫 접점은 대부분 모바일 검색입니다. 98만원부터 정액 · 소스코드 이관 · 월 관리비 없음.","건강식품 홈페이지 제작","Answer|BreadcrumbList|ContactPoint|Country|FAQPage|ListItem|OpeningHoursSpecification|Organization|PostalAddress|ProfessionalService|PropertyValue|Question|Service|WebSite","35","7","service_or_hub","industry_service","P1","INDEX","self-canonical, indexable and present in sitemap","TESTED_LOCAL_BUILD"
"https://reumlab.com/website/geonseolhoesa/","200","https://reumlab.com/website/geonseolhoesa/","index, follow","yes","yes","no","건설회사 홈페이지 제작 | 회사 소개·이력·공정·시공 안내 구성과 검색 노출 | 름랩","건설회사 홈페이지에 실제로 필요한 페이지 — 회사 소개·이력·시공 사례·포트폴리오·공정·시공 안내·견적·상담 문의. 건설회사 손님이 현장 방문·견적 상담까지 한 화면에서 끝내도록 동선을 짜면 전화 문의가 줄고 문의 전환이 늘어납니다.","건설회사 홈페이지 제작","Answer|BreadcrumbList|ContactPoint|Country|FAQPage|ListItem|OpeningHoursSpecification|Organization|PostalAddress|ProfessionalService|PropertyValue|Question|Service|WebSite","35","2","service_or_hub","industry_service","P1","INDEX","self-canonical, indexable and present in sitemap","TESTED_LOCAL_BUILD"
"https://reumlab.com/website/geseuteuhauseu/","200","https://reumlab.com/website/geseuteuhauseu/","index, follow","yes","yes","no","게스트하우스 홈페이지 만들기 | 숙소 소개·객실·객실 요금·예약 어디까지 필요한가 | 름랩","게스트하우스 홈페이지에 실제로 필요한 페이지 — 숙소 소개·객실·객실 요금·예약·부대시설·주변 관광·예약·문의. 여행객은 객실 사진과 요금, 예약 가능 여부를 보고 결정합니다. 98만원부터 정액 · 소스코드 이관 · 월 관리비 없음.","게스트하우스 홈페이지 제작","Answer|BreadcrumbList|ContactPoint|Country|FAQPage|ListItem|OpeningHoursSpecification|Organization|PostalAddress|ProfessionalService|PropertyValue|Question|Service|WebSite","35","6","service_or_hub","industry_service","P1","INDEX","self-canonical, indexable and present in sitemap","TESTED_LOCAL_BUILD"
"https://reumlab.com/website/geulraempingjang/","200","https://reumlab.com/website/geulraempingjang/","index, follow","yes","yes","no","글램핑장 홈페이지 제작 | 숙소 소개·객실·객실 요금·예약 구성과 검색 노출 | 름랩","글램핑장 홈페이지에 실제로 필요한 페이지 — 숙소 소개·객실·객실 요금·예약·부대시설·주변 관광·예약·문의. 름랩은 글램핑장 동선을 실시간 예약·전화 예약 한 흐름으로 묶어 이탈을 줄입니다. 98만원부터 정액 · 소스코드 이관 · 월 관리비 없음.","글램핑장 홈페이지 제작","Answer|BreadcrumbList|ContactPoint|Country|FAQPage|ListItem|OpeningHoursSpecification|Organization|PostalAddress|ProfessionalService|PropertyValue|Question|Service|WebSite","35","11","service_or_hub","industry_service","P1","INDEX","self-canonical, indexable and present in sitemap","TESTED_LOCAL_BUILD"
"https://reumlab.com/website/geumhyeongeobche/","200","https://reumlab.com/website/geumhyeongeobche/","index, follow","yes","yes","no","금형업체 홈페이지 만들기 | 회사 소개·연혁·제품·생산 품목 어디까지 필요한가 | 름랩","금형업체 홈페이지에 실제로 필요한 페이지 — 회사 소개·연혁·제품·생산 품목·설비·생산능력·인증·품질. 금형업체는 신규 고객의 첫 접점이 대부분 모바일 검색입니다. 98만원부터 정액 · 소스코드 이관 · 월 관리비 없음.","금형업체 홈페이지 제작","Answer|BreadcrumbList|ContactPoint|Country|FAQPage|ListItem|OpeningHoursSpecification|Organization|PostalAddress|ProfessionalService|PropertyValue|Question|Service|WebSite","35","3","service_or_hub","industry_service","P1","INDEX","self-canonical, indexable and present in sitemap","TESTED_LOCAL_BUILD"
"https://reumlab.com/website/geumsoggagongeob/","200","https://reumlab.com/website/geumsoggagongeob/","index, follow","yes","yes","no","금속가공업 홈페이지 만들기 | 회사 소개·연혁·제품·생산 품목 어디까지 필요한가 | 름랩","금속가공업 홈페이지에 실제로 필요한 페이지 — 회사 소개·연혁·제품·생산 품목·설비·생산능력·인증·품질. 금속가공업 사장님이 가장 아쉬워하는 건 &#x27;검색에 안 나온다&#x27;입니다. 98만원부터 정액 · 소스코드 이관 · 월 관리비 없음.","금속가공업 홈페이지 제작","Answer|BreadcrumbList|ContactPoint|Country|FAQPage|ListItem|OpeningHoursSpecification|Organization|PostalAddress|ProfessionalService|PropertyValue|Question|Service|WebSite","35","3","service_or_hub","industry_service","P1","INDEX","self-canonical, indexable and present in sitemap","TESTED_LOCAL_BUILD"
"https://reumlab.com/website/gieob/","200","https://reumlab.com/website/gieob/","index, follow","yes","yes","no","기업 홈페이지 제작 | 회사 소개·연혁·사업·서비스 안내 구성과 검색 노출 | 름랩","기업 홈페이지에 실제로 필요한 페이지 — 회사 소개·연혁·사업·서비스 안내·실적·사례·인재·채용. 기업 손님이 사업 문의·제휴 상담까지 한 화면에서 끝내도록 동선을 짜면 전화 문의가 줄고 문의 전환이 늘어납니다. 98만원부터 정액 · 소스코드 이관 · 월 관리비 없음.","기업 홈페이지 제작","Answer|BreadcrumbList|ContactPoint|Country|FAQPage|ListItem|OpeningHoursSpecification|Organization|PostalAddress|ProfessionalService|PropertyValue|Question|Service|WebSite","35","2","service_or_hub","industry_service","P1","INDEX","self-canonical, indexable and present in sitemap","TESTED_LOCAL_BUILD"
"https://reumlab.com/website/gigyejejoeob/","200","https://reumlab.com/website/gigyejejoeob/","index, follow","yes","yes","no","기계제조업 홈페이지 제작 비용 | 98만원부터 정액 견적 | 름랩","기계제조업 홈페이지에 실제로 필요한 페이지 — 회사 소개·연혁·제품·생산 품목·설비·생산능력·인증·품질. 기계제조업은 신규 고객의 첫 접점이 대부분 모바일 검색입니다. 98만원부터 정액 · 소스코드 이관 · 월 관리비 없음.","기계제조업 홈페이지 제작","Answer|BreadcrumbList|ContactPoint|Country|FAQPage|ListItem|OpeningHoursSpecification|Organization|PostalAddress|ProfessionalService|PropertyValue|Question|Service|WebSite","35","9","service_or_hub","industry_service","P1","INDEX","self-canonical, indexable and present in sitemap","TESTED_LOCAL_BUILD"
"https://reumlab.com/website/gogisjib/","200","https://reumlab.com/website/gogisjib/","index, follow","yes","yes","no","고깃집 홈페이지 제작 | 매장 소개·분위기·메뉴·가격 구성과 검색 노출 | 름랩","고깃집 홈페이지에 실제로 필요한 페이지 — 매장 소개·분위기·메뉴·가격·예약·단체 문의·오시는 길·주차. 고깃집 특성상 손님은 메뉴 사진과 위치, 영업시간을 검색으로 먼저 확인합니다. 98만원부터 정액 · 소스코드 이관 · 월 관리비 없음.","고깃집 홈페이지 제작","Answer|BreadcrumbList|ContactPoint|Country|FAQPage|ListItem|OpeningHoursSpecification|Organization|PostalAddress|ProfessionalService|PropertyValue|Question|Service|WebSite","35","3","service_or_hub","industry_service","P1","INDEX","self-canonical, indexable and present in sitemap","TESTED_LOCAL_BUILD"
"https://reumlab.com/website/golpeuyeonseubjang/","200","https://reumlab.com/website/golpeuyeonseubjang/","index, follow","yes","yes","no","골프연습장 홈페이지 만들기 | 시설 소개·둘러보기·프로그램·수업 안내 어디까지 필요한가 | 름랩","골프연습장 홈페이지에 실제로 필요한 페이지 — 시설 소개·둘러보기·프로그램·수업 안내·이용권·요금·체험·등록 문의. 골프연습장 사장님이 가장 아쉬워하는 건 &#x27;검색에 안 나온다&#x27;입니다. 98만원부터 정액 · 소스코드 이관 · 월 관리비 없음.","골프연습장 홈페이지 제작","Answer|BreadcrumbList|ContactPoint|Country|FAQPage|ListItem|OpeningHoursSpecification|Organization|PostalAddress|ProfessionalService|PropertyValue|Question|Service|WebSite","35","5","service_or_hub","industry_service","P1","INDEX","self-canonical, indexable and present in sitemap","TESTED_LOCAL_BUILD"
"https://reumlab.com/website/gonghangpigeob/","200","https://reumlab.com/website/gonghangpigeob/","index, follow","yes","yes","no","공항픽업 홈페이지 제작 업체 | 직접 기획·개발·이관 | 름랩","공항픽업 홈페이지에 실제로 필요한 페이지 — 숙소 소개·객실·객실 요금·예약·부대시설·주변 관광·예약·문의. 름랩은 공항픽업 동선을 실시간 예약·전화 예약 한 흐름으로 묶어 이탈을 줄입니다. 98만원부터 정액 · 소스코드 이관 · 월 관리비 없음.","공항픽업 홈페이지 제작","Answer|BreadcrumbList|ContactPoint|Country|FAQPage|ListItem|OpeningHoursSpecification|Organization|PostalAddress|ProfessionalService|PropertyValue|Question|Service|WebSite","35","3","service_or_hub","industry_service","P1","INDEX","self-canonical, indexable and present in sitemap","TESTED_LOCAL_BUILD"
"https://reumlab.com/website/gonginjunggaesa/","200","https://reumlab.com/website/gonginjunggaesa/","index, follow","yes","yes","no","공인중개사 홈페이지 제작 비용 | 98만원부터 정액 견적 | 름랩","공인중개사 홈페이지에 실제로 필요한 페이지 — 사무소 소개·매물·물건 정보·지역·시세 안내·상담·문의. 공인중개사 방문자는 검색으로 먼저 공인중개사를 찾습니다. 98만원부터 정액 · 소스코드 이관 · 월 관리비 없음.","공인중개사 홈페이지 제작","Answer|BreadcrumbList|ContactPoint|Country|FAQPage|ListItem|OpeningHoursSpecification|Organization|PostalAddress|ProfessionalService|PropertyValue|Question|Service|WebSite","36","7","service_or_hub","industry_service","P1","INDEX","self-canonical, indexable and present in sitemap","TESTED_LOCAL_BUILD"
"https://reumlab.com/website/gongjang/","200","https://reumlab.com/website/gongjang/","index, follow","yes","yes","no","공장 홈페이지 제작 업체 | 직접 기획·개발·이관 | 름랩","공장 홈페이지에 실제로 필요한 페이지 — 회사 소개·연혁·제품·생산 품목·설비·생산능력·인증·품질. 공장 방문자는 검색으로 먼저 공장을 찾습니다. 98만원부터 정액 · 소스코드 이관 · 월 관리비 없음.","공장 홈페이지 제작","Answer|BreadcrumbList|ContactPoint|Country|FAQPage|ListItem|OpeningHoursSpecification|Organization|PostalAddress|ProfessionalService|PropertyValue|Question|Service|WebSite","35","4","service_or_hub","industry_service","P1","INDEX","self-canonical, indexable and present in sitemap","TESTED_LOCAL_BUILD"
"https://reumlab.com/website/gongyeongihoegsa/","200","https://reumlab.com/website/gongyeongihoegsa/","index, follow","yes","yes","no","공연기획사 홈페이지 제작 업체 | 직접 기획·개발·이관 | 름랩","공연기획사 홈페이지에 실제로 필요한 페이지 — 업체·스튜디오 소개·포트폴리오·갤러리·상품·패키지·예약·상담 문의. 공연기획사 손님이 상담 예약·견적 문의까지 한 화면에서 끝내도록 동선을 짜면 전화 문의가 줄고 문의 전환이 늘어납니다.","공연기획사 홈페이지 제작","Answer|BreadcrumbList|ContactPoint|Country|FAQPage|ListItem|OpeningHoursSpecification|Organization|PostalAddress|ProfessionalService|PropertyValue|Question|Service|WebSite","35","3","service_or_hub","industry_service","P1","INDEX","self-canonical, indexable and present in sitemap","TESTED_LOCAL_BUILD"
"https://reumlab.com/website/gwanggodaehaengsa/","200","https://reumlab.com/website/gwanggodaehaengsa/","index, follow","yes","yes","no","광고대행사 홈페이지 제작 비용 | 98만원부터 정액 견적 | 름랩","광고대행사 홈페이지에 실제로 필요한 페이지 — 업체·스튜디오 소개·포트폴리오·갤러리·상품·패키지·예약·상담 문의. 광고대행사 손님이 상담 예약·견적 문의까지 한 화면에서 끝내도록 동선을 짜면 전화 문의가 줄고 문의 전환이 늘어납니다.","광고대행사 홈페이지 제작","Answer|BreadcrumbList|ContactPoint|Country|FAQPage|ListItem|OpeningHoursSpecification|Organization|PostalAddress|ProfessionalService|PropertyValue|Question|Service|WebSite","35","8","service_or_hub","industry_service","P1","INDEX","self-canonical, indexable and present in sitemap","TESTED_LOCAL_BUILD"
"https://reumlab.com/website/gwangwangbeoseu/","200","https://reumlab.com/website/gwangwangbeoseu/","index, follow","yes","yes","no","관광버스 홈페이지 만들기 | 숙소 소개·객실·객실 요금·예약 어디까지 필요한가 | 름랩","관광버스 홈페이지에 실제로 필요한 페이지 — 숙소 소개·객실·객실 요금·예약·부대시설·주변 관광·예약·문의. 관광버스 손님이 실시간 예약·전화 예약까지 한 화면에서 끝내도록 동선을 짜면 전화 문의가 줄고 문의 전환이 늘어납니다.","관광버스 홈페이지 제작","Answer|BreadcrumbList|ContactPoint|Country|FAQPage|ListItem|OpeningHoursSpecification|Organization|PostalAddress|ProfessionalService|PropertyValue|Question|Service|WebSite","35","6","service_or_hub","industry_service","P1","INDEX","self-canonical, indexable and present in sitemap","TESTED_LOCAL_BUILD"
"https://reumlab.com/website/gwangwangnongwon/","200","https://reumlab.com/website/gwangwangnongwon/","index, follow","yes","yes","no","관광농원 홈페이지 제작 업체 | 직접 기획·개발·이관 | 름랩","관광농원 홈페이지에 실제로 필요한 페이지 — 숙소 소개·객실·객실 요금·예약·부대시설·주변 관광·예약·문의. 관광농원 사장님이 가장 아쉬워하는 건 &#x27;검색에 안 나온다&#x27;입니다. 98만원부터 정액 · 소스코드 이관 · 월 관리비 없음.","관광농원 홈페이지 제작","Answer|BreadcrumbList|ContactPoint|Country|FAQPage|ListItem|OpeningHoursSpecification|Organization|PostalAddress|ProfessionalService|PropertyValue|Question|Service|WebSite","35","4","service_or_hub","industry_service","P1","INDEX","self-canonical, indexable and present in sitemap","TESTED_LOCAL_BUILD"
"https://reumlab.com/website/gwansesa/","200","https://reumlab.com/website/gwansesa/","index, follow","yes","yes","no","관세사 홈페이지 제작 비용 | 98만원부터 정액 견적 | 름랩","관세사 홈페이지에 실제로 필요한 페이지 — 대표·전문가 소개·업무 분야·서비스·상담 절차·비용·상담 예약·문의. 의뢰인은 전문 분야와 사례, 상담 절차를 보고 신뢰를 판단합니다. 98만원부터 정액 · 소스코드 이관 · 월 관리비 없음.","관세사 홈페이지 제작","Answer|BreadcrumbList|ContactPoint|Country|FAQPage|ListItem|OpeningHoursSpecification|Organization|PostalAddress|ProfessionalService|PropertyValue|Question|Service|WebSite","35","7","service_or_hub","industry_service","P1","INDEX","self-canonical, indexable and present in sitemap","TESTED_LOCAL_BUILD"
"https://reumlab.com/website/gwaoe/","200","https://reumlab.com/website/gwaoe/","index, follow","yes","yes","no","과외 홈페이지 제작 업체 | 직접 기획·개발·이관 | 름랩","과외 홈페이지에 실제로 필요한 페이지 — 학원 소개·강사진·커리큘럼·수업 안내·시간표·반 편성·수강료·상담 신청. 과외 신규 고객의 첫 접점은 대부분 모바일 검색입니다. 98만원부터 정액 · 소스코드 이관 · 월 관리비 없음.","과외 홈페이지 제작","Answer|BreadcrumbList|ContactPoint|Country|FAQPage|ListItem|OpeningHoursSpecification|Organization|PostalAddress|ProfessionalService|PropertyValue|Question|Service|WebSite","36","6","service_or_hub","industry_service","P1","INDEX","self-canonical, indexable and present in sitemap","TESTED_LOCAL_BUILD"
"https://reumlab.com/website/gyeongbieobche/","200","https://reumlab.com/website/gyeongbieobche/","index, follow","yes","yes","no","경비업체 홈페이지 만들기 | 업체 소개·서비스·작업 안내 어디까지 필요한가 | 름랩","경비업체 홈페이지에 실제로 필요한 페이지 — 업체 소개·서비스·작업 안내·요금·견적·예약·문의. 경비업체 손님이 출장·방문 견적 문의까지 한 화면에서 끝내도록 동선을 짜면 전화 문의가 줄고 문의 전환이 늘어납니다. 98만원부터 정액 · 소스코드 이관 · 월 관리비 없음.","경비업체 홈페이지 제작","Answer|BreadcrumbList|ContactPoint|Country|FAQPage|ListItem|OpeningHoursSpecification|Organization|PostalAddress|ProfessionalService|PropertyValue|Question|Service|WebSite","35","5","service_or_hub","industry_service","P1","INDEX","self-canonical, indexable and present in sitemap","TESTED_LOCAL_BUILD"
"https://reumlab.com/website/gyeongyeongkeonseolting/","200","https://reumlab.com/website/gyeongyeongkeonseolting/","index, follow","yes","yes","no","경영컨설팅 홈페이지 제작 비용 | 98만원부터 정액 견적 | 름랩","경영컨설팅 홈페이지에 실제로 필요한 페이지 — 대표·전문가 소개·업무 분야·서비스·상담 절차·비용·상담 예약·문의. 경영컨설팅 손님이 상담 예약·전화 문의까지 한 화면에서 끝내도록 동선을 짜면 전화 문의가 줄고 문의 전환이 늘어납니다.","경영컨설팅 홈페이지 제작","Answer|BreadcrumbList|ContactPoint|Country|FAQPage|ListItem|OpeningHoursSpecification|Organization|PostalAddress|ProfessionalService|PropertyValue|Question|Service|WebSite","35","4","service_or_hub","industry_service","P1","INDEX","self-canonical, indexable and present in sitemap","TESTED_LOCAL_BUILD"
"https://reumlab.com/website/haengjeongsa/","200","https://reumlab.com/website/haengjeongsa/","index, follow","yes","yes","no","행정사 홈페이지 만들기 | 대표·전문가 소개·업무 분야·서비스 어디까지 필요한가 | 름랩","행정사 홈페이지에 실제로 필요한 페이지 — 대표·전문가 소개·업무 분야·서비스·상담 절차·비용·상담 예약·문의. 름랩은 행정사 동선을 상담 예약·전화 문의 한 흐름으로 묶어 이탈을 줄입니다. 98만원부터 정액 · 소스코드 이관 · 월 관리비 없음.","행정사 홈페이지 제작","Answer|BreadcrumbList|ContactPoint|Country|FAQPage|ListItem|OpeningHoursSpecification|Organization|PostalAddress|ProfessionalService|PropertyValue|Question|Service|WebSite","35","3","service_or_hub","industry_service","P1","INDEX","self-canonical, indexable and present in sitemap","TESTED_LOCAL_BUILD"
"https://reumlab.com/website/haengsadaehaengsa/","200","https://reumlab.com/website/haengsadaehaengsa/","index, follow","yes","yes","no","행사대행사 홈페이지 제작 | 업체·스튜디오 소개·포트폴리오·갤러리 구성과 검색 노출 | 름랩","행사대행사 홈페이지에 실제로 필요한 페이지 — 업체·스튜디오 소개·포트폴리오·갤러리·상품·패키지·예약·상담 문의. 고객은 포트폴리오와 패키지, 후기를 보고 업체를 예약합니다. 98만원부터 정액 · 소스코드 이관 · 월 관리비 없음.","행사대행사 홈페이지 제작","Answer|BreadcrumbList|ContactPoint|Country|FAQPage|ListItem|OpeningHoursSpecification|Organization|PostalAddress|ProfessionalService|PropertyValue|Question|Service|WebSite","35","7","service_or_hub","industry_service","P1","INDEX","self-canonical, indexable and present in sitemap","TESTED_LOCAL_BUILD"
"https://reumlab.com/website/hagwon/","200","https://reumlab.com/website/hagwon/","index, follow","yes","yes","no","학원 홈페이지 제작 | 학원 소개·강사진·커리큘럼·수업 안내 구성과 검색 노출 | 름랩","학원 홈페이지에 실제로 필요한 페이지 — 학원 소개·강사진·커리큘럼·수업 안내·시간표·반 편성·수강료·상담 신청. 학원 손님이 상담 신청·레벨테스트 예약까지 한 화면에서 끝내도록 동선을 짜면 전화 문의가 줄고 문의 전환이 늘어납니다.","학원 홈페이지 제작","Answer|BreadcrumbList|ContactPoint|Country|FAQPage|ListItem|OpeningHoursSpecification|Organization|PostalAddress|ProfessionalService|PropertyValue|Question|Service|WebSite","36","4","service_or_hub","industry_service","P1","INDEX","self-canonical, indexable and present in sitemap","TESTED_LOCAL_BUILD"
"https://reumlab.com/website/hanbogjib/","200","https://reumlab.com/website/hanbogjib/","index, follow","yes","yes","no","한복집 홈페이지 제작 | 브랜드·매장 소개·제품·컬렉션 구성과 검색 노출 | 름랩","한복집 홈페이지에 실제로 필요한 페이지 — 브랜드·매장 소개·제품·컬렉션·룩북·착용컷·매장 위치·영업시간. 한복집 방문자는 검색으로 먼저 한복집을 찾습니다. 98만원부터 정액 · 소스코드 이관 · 월 관리비 없음.","한복집 홈페이지 제작","Answer|BreadcrumbList|ContactPoint|Country|FAQPage|ListItem|OpeningHoursSpecification|Organization|PostalAddress|ProfessionalService|PropertyValue|Question|Service|WebSite","35","3","service_or_hub","industry_service","P1","INDEX","self-canonical, indexable and present in sitemap","TESTED_LOCAL_BUILD"
"https://reumlab.com/website/hanogseutei/","200","https://reumlab.com/website/hanogseutei/","index, follow","yes","yes","no","한옥스테이 홈페이지 제작 | 숙소 소개·객실·객실 요금·예약 구성과 검색 노출 | 름랩","한옥스테이 홈페이지에 실제로 필요한 페이지 — 숙소 소개·객실·객실 요금·예약·부대시설·주변 관광·예약·문의. 한옥스테이 특성상 여행객은 객실 사진과 요금, 예약 가능 여부를 보고 결정합니다. 98만원부터 정액 · 소스코드 이관 · 월 관리비 없음.","한옥스테이 홈페이지 제작","Answer|BreadcrumbList|ContactPoint|Country|FAQPage|ListItem|OpeningHoursSpecification|Organization|PostalAddress|ProfessionalService|PropertyValue|Question|Service|WebSite","35","3","service_or_hub","industry_service","P1","INDEX","self-canonical, indexable and present in sitemap","TESTED_LOCAL_BUILD"
"https://reumlab.com/website/hansigdang/","200","https://reumlab.com/website/hansigdang/","index, follow","yes","yes","no","한식당 홈페이지 제작 | 매장 소개·분위기·메뉴·가격 구성과 검색 노출 | 름랩","한식당 홈페이지에 실제로 필요한 페이지 — 매장 소개·분위기·메뉴·가격·예약·단체 문의·오시는 길·주차. 한식당은 신규 고객의 첫 접점이 대부분 모바일 검색입니다. 98만원부터 정액 · 소스코드 이관 · 월 관리비 없음.","한식당 홈페이지 제작","Answer|BreadcrumbList|ContactPoint|Country|FAQPage|ListItem|OpeningHoursSpecification|Organization|PostalAddress|ProfessionalService|PropertyValue|Question|Service|WebSite","35","11","service_or_hub","industry_service","P1","INDEX","self-canonical, indexable and present in sitemap","TESTED_LOCAL_BUILD"
"https://reumlab.com/website/hanuiwon/","200","https://reumlab.com/website/hanuiwon/","index, follow","yes","yes","no","한의원 홈페이지 제작 업체 | 직접 기획·개발·이관 | 름랩","한의원 홈페이지에 실제로 필요한 페이지 — 병원 소개·의료진·진료과목·진료 안내·진료시간·오시는 길·예약·상담 문의. 한의원은 신규 고객의 첫 접점이 대부분 모바일 검색입니다. 98만원부터 정액 · 소스코드 이관 · 월 관리비 없음.","한의원 홈페이지 제작","Answer|BreadcrumbList|ContactPoint|Country|FAQPage|ListItem|OpeningHoursSpecification|Organization|PostalAddress|ProfessionalService|PropertyValue|Question|Service|WebSite","35","2","service_or_hub","industry_service","P1","INDEX","self-canonical, indexable and present in sitemap","TESTED_LOCAL_BUILD"
"https://reumlab.com/website/hasugueobche/","200","https://reumlab.com/website/hasugueobche/","index, follow","yes","yes","no","하수구업체 홈페이지 제작 업체 | 직접 기획·개발·이관 | 름랩","하수구업체 홈페이지에 실제로 필요한 페이지 — 업체 소개·서비스·작업 안내·요금·견적·예약·문의. 하수구업체 사장님이 가장 아쉬워하는 건 &#x27;검색에 안 나온다&#x27;입니다. 98만원부터 정액 · 소스코드 이관 · 월 관리비 없음.","하수구업체 홈페이지 제작","Answer|BreadcrumbList|ContactPoint|Country|FAQPage|ListItem|OpeningHoursSpecification|Organization|PostalAddress|ProfessionalService|PropertyValue|Question|Service|WebSite","35","4","service_or_hub","industry_service","P1","INDEX","self-canonical, indexable and present in sitemap","TESTED_LOCAL_BUILD"
"https://reumlab.com/website/helseujang/","200","https://reumlab.com/website/helseujang/","index, follow","yes","yes","no","헬스장 홈페이지 만들기 | 시설 소개·둘러보기·프로그램·수업 안내 어디까지 필요한가 | 름랩","헬스장 홈페이지에 실제로 필요한 페이지 — 시설 소개·둘러보기·프로그램·수업 안내·이용권·요금·체험·등록 문의. 헬스장 손님이 체험·등록 상담 신청까지 한 화면에서 끝내도록 동선을 짜면 전화 문의가 줄고 문의 전환이 늘어납니다.","헬스장 홈페이지 제작","Answer|BreadcrumbList|ContactPoint|Country|FAQPage|ListItem|OpeningHoursSpecification|Organization|PostalAddress|ProfessionalService|PropertyValue|Question|Service|WebSite","35","4","service_or_hub","industry_service","P1","INDEX","self-canonical, indexable and present in sitemap","TESTED_LOCAL_BUILD"
"https://reumlab.com/website/hoegyesa/","200","https://reumlab.com/website/hoegyesa/","index, follow","yes","yes","no","회계사 홈페이지 제작 업체 | 직접 기획·개발·이관 | 름랩","회계사 홈페이지에 실제로 필요한 페이지 — 대표·전문가 소개·업무 분야·서비스·상담 절차·비용·상담 예약·문의. 회계사는 신규 고객의 첫 접점이 대부분 모바일 검색입니다. 98만원부터 정액 · 소스코드 이관 · 월 관리비 없음.","회계사 홈페이지 제작","Answer|BreadcrumbList|ContactPoint|Country|FAQPage|ListItem|OpeningHoursSpecification|Organization|PostalAddress|ProfessionalService|PropertyValue|Question|Service|WebSite","35","9","service_or_hub","industry_service","P1","INDEX","self-canonical, indexable and present in sitemap","TESTED_LOCAL_BUILD"
"https://reumlab.com/website/hoesjib/","200","https://reumlab.com/website/hoesjib/","index, follow","yes","yes","no","횟집 홈페이지 제작 | 매장 소개·분위기·메뉴·가격 구성과 검색 노출 | 름랩","횟집 홈페이지에 실제로 필요한 페이지 — 매장 소개·분위기·메뉴·가격·예약·단체 문의·오시는 길·주차. 횟집은 신규 고객의 첫 접점이 대부분 모바일 검색입니다. 98만원부터 정액 · 소스코드 이관 · 월 관리비 없음.","횟집 홈페이지 제작","Answer|BreadcrumbList|ContactPoint|Country|FAQPage|ListItem|OpeningHoursSpecification|Organization|PostalAddress|ProfessionalService|PropertyValue|Question|Service|WebSite","35","3","service_or_hub","industry_service","P1","INDEX","self-canonical, indexable and present in sitemap","TESTED_LOCAL_BUILD"
"https://reumlab.com/website/hoseutingeobche/","200","https://reumlab.com/website/hoseutingeobche/","index, follow","yes","yes","no","호스팅업체 홈페이지 만들기 | 회사 소개·팀·서비스·솔루션 어디까지 필요한가 | 름랩","호스팅업체 홈페이지에 실제로 필요한 페이지 — 회사 소개·팀·서비스·솔루션·포트폴리오·사례·기술·역량. 호스팅업체는 신규 고객의 첫 접점이 대부분 모바일 검색입니다. 98만원부터 정액 · 소스코드 이관 · 월 관리비 없음.","호스팅업체 홈페이지 제작","Answer|BreadcrumbList|ContactPoint|Country|FAQPage|ListItem|OpeningHoursSpecification|Organization|PostalAddress|ProfessionalService|PropertyValue|Question|Service|WebSite","35","3","service_or_hub","industry_service","P1","INDEX","self-canonical, indexable and present in sitemap","TESTED_LOCAL_BUILD"
"https://reumlab.com/website/hotel/","200","https://reumlab.com/website/hotel/","index, follow","yes","yes","no","호텔 홈페이지 제작 | 숙소 소개·객실·객실 요금·예약 구성과 검색 노출 | 름랩","호텔 홈페이지에 실제로 필요한 페이지 — 숙소 소개·객실·객실 요금·예약·부대시설·주변 관광·예약·문의. 호텔 방문자는 검색으로 먼저 호텔을 찾습니다. 98만원부터 정액 · 소스코드 이관 · 월 관리비 없음.","호텔 홈페이지 제작","Answer|BreadcrumbList|ContactPoint|Country|FAQPage|ListItem|OpeningHoursSpecification|Organization|PostalAddress|ProfessionalService|PropertyValue|Question|Service|WebSite","35","4","service_or_hub","industry_service","P1","INDEX","self-canonical, indexable and present in sitemap","TESTED_LOCAL_BUILD"
"https://reumlab.com/website/hwajangpumjejoeob/","200","https://reumlab.com/website/hwajangpumjejoeob/","index, follow","yes","yes","no","화장품제조업 홈페이지 만들기 | 회사 소개·연혁·제품·생산 품목 어디까지 필요한가 | 름랩","화장품제조업 홈페이지에 실제로 필요한 페이지 — 회사 소개·연혁·제품·생산 품목·설비·생산능력·인증·품질. 름랩은 화장품제조업 동선을 견적·거래 문의 한 흐름으로 묶어 이탈을 줄입니다. 98만원부터 정액 · 소스코드 이관 · 월 관리비 없음.","화장품제조업 홈페이지 제작","Answer|BreadcrumbList|ContactPoint|Country|FAQPage|ListItem|OpeningHoursSpecification|Organization|PostalAddress|ProfessionalService|PropertyValue|Question|Service|WebSite","35","10","service_or_hub","industry_service","P1","INDEX","self-canonical, indexable and present in sitemap","TESTED_LOCAL_BUILD"
"https://reumlab.com/website/hwamulunsongeobche/","200","https://reumlab.com/website/hwamulunsongeobche/","index, follow","yes","yes","no","화물운송업체 홈페이지 제작 | 업체 소개·시설·서비스·정비 항목 구성과 검색 노출 | 름랩","화물운송업체 홈페이지에 실제로 필요한 페이지 — 업체 소개·시설·서비스·정비 항목·요금·견적·예약·문의. 화물운송업체는 홈페이지가 곧 첫인상입니다. 98만원부터 정액 · 소스코드 이관 · 월 관리비 없음.","화물운송업체 홈페이지 제작","Answer|BreadcrumbList|ContactPoint|Country|FAQPage|ListItem|OpeningHoursSpecification|Organization|PostalAddress|ProfessionalService|PropertyValue|Question|Service|WebSite","35","3","service_or_hub","industry_service","P1","INDEX","self-canonical, indexable and present in sitemap","TESTED_LOCAL_BUILD"
"https://reumlab.com/website/hyudaeponmaejang/","200","https://reumlab.com/website/hyudaeponmaejang/","index, follow","yes","yes","no","휴대폰매장 홈페이지 제작 | 매장·브랜드 소개·상품·카테고리 구성과 검색 노출 | 름랩","휴대폰매장 홈페이지에 실제로 필요한 페이지 — 매장·브랜드 소개·상품·카테고리·가격·구매 안내·매장 위치·영업시간. 휴대폰매장 사장님이 가장 아쉬워하는 건 &#x27;검색에 안 나온다&#x27;입니다. 98만원부터 정액 · 소스코드 이관 · 월 관리비 없음.","휴대폰매장 홈페이지 제작","Answer|BreadcrumbList|ContactPoint|Country|FAQPage|ListItem|OpeningHoursSpecification|Organization|PostalAddress|ProfessionalService|PropertyValue|Question|Service|WebSite","35","10","service_or_hub","industry_service","P1","INDEX","self-canonical, indexable and present in sitemap","TESTED_LOCAL_BUILD"
"https://reumlab.com/website/hyuyangrim/","200","https://reumlab.com/website/hyuyangrim/","index, follow","yes","yes","no","휴양림 홈페이지 제작 비용 | 98만원부터 정액 견적 | 름랩","휴양림 홈페이지에 실제로 필요한 페이지 — 숙소 소개·객실·객실 요금·예약·부대시설·주변 관광·예약·문의. 휴양림 방문자는 검색으로 먼저 휴양림을 찾습니다. 98만원부터 정액 · 소스코드 이관 · 월 관리비 없음.","휴양림 홈페이지 제작","Answer|BreadcrumbList|ContactPoint|Country|FAQPage|ListItem|OpeningHoursSpecification|Organization|PostalAddress|ProfessionalService|PropertyValue|Question|Service|WebSite","35","3","service_or_hub","industry_service","P1","INDEX","self-canonical, indexable and present in sitemap","TESTED_LOCAL_BUILD"
"https://reumlab.com/website/ibenteueobche/","200","https://reumlab.com/website/ibenteueobche/","index, follow","yes","yes","no","이벤트업체 홈페이지 제작 | 업체·스튜디오 소개·포트폴리오·갤러리 구성과 검색 노출 | 름랩","이벤트업체 홈페이지에 실제로 필요한 페이지 — 업체·스튜디오 소개·포트폴리오·갤러리·상품·패키지·예약·상담 문의. 름랩은 이벤트업체 동선을 상담 예약·견적 문의 한 흐름으로 묶어 이탈을 줄입니다. 98만원부터 정액 · 소스코드 이관 · 월 관리비 없음.","이벤트업체 홈페이지 제작","Answer|BreadcrumbList|ContactPoint|Country|FAQPage|ListItem|OpeningHoursSpecification|Organization|PostalAddress|ProfessionalService|PropertyValue|Question|Service|WebSite","35","8","service_or_hub","industry_service","P1","INDEX","self-canonical, indexable and present in sitemap","TESTED_LOCAL_BUILD"
"https://reumlab.com/website/ibiinhugwa/","200","https://reumlab.com/website/ibiinhugwa/","index, follow","yes","yes","no","이비인후과 홈페이지 제작 업체 | 직접 기획·개발·이관 | 름랩","이비인후과 홈페이지에 실제로 필요한 페이지 — 병원 소개·의료진·진료과목·진료 안내·진료시간·오시는 길·예약·상담 문의. 이비인후과 사장님이 가장 아쉬워하는 건 &#x27;검색에 안 나온다&#x27;입니다. 98만원부터 정액 · 소스코드 이관 · 월 관리비 없음.","이비인후과 홈페이지 제작","Answer|BreadcrumbList|ContactPoint|Country|FAQPage|ListItem|OpeningHoursSpecification|Organization|PostalAddress|ProfessionalService|PropertyValue|Question|Service|WebSite","35","5","service_or_hub","industry_service","P1","INDEX","self-canonical, indexable and present in sitemap","TESTED_LOCAL_BUILD"
"https://reumlab.com/website/ibjucheongsoeobche/","200","https://reumlab.com/website/ibjucheongsoeobche/","index, follow","yes","yes","no","입주청소업체 홈페이지 제작 | 사무소 소개·매물·물건 정보 구성과 검색 노출 | 름랩","입주청소업체 홈페이지에 실제로 필요한 페이지 — 사무소 소개·매물·물건 정보·지역·시세 안내·상담·문의. 고객은 매물과 지역 시세를 확인하고 중개사를 찾습니다. 98만원부터 정액 · 소스코드 이관 · 월 관리비 없음.","입주청소업체 홈페이지 제작","Answer|BreadcrumbList|ContactPoint|Country|FAQPage|ListItem|OpeningHoursSpecification|Organization|PostalAddress|ProfessionalService|PropertyValue|Question|Service|WebSite","36","3","service_or_hub","industry_service","P1","INDEX","self-canonical, indexable and present in sitemap","TESTED_LOCAL_BUILD"
"https://reumlab.com/website/ibsihagwon/","200","https://reumlab.com/website/ibsihagwon/","index, follow","yes","yes","no","입시학원 홈페이지 제작 업체 | 직접 기획·개발·이관 | 름랩","입시학원 홈페이지에 실제로 필요한 페이지 — 학원 소개·강사진·커리큘럼·수업 안내·시간표·반 편성·수강료·상담 신청. 입시학원 사장님이 가장 아쉬워하는 건 &#x27;검색에 안 나온다&#x27;입니다. 98만원부터 정액 · 소스코드 이관 · 월 관리비 없음.","입시학원 홈페이지 제작","Answer|BreadcrumbList|ContactPoint|Country|FAQPage|ListItem|OpeningHoursSpecification|Organization|PostalAddress|ProfessionalService|PropertyValue|Question|Service|WebSite","36","5","service_or_hub","industry_service","P1","INDEX","self-canonical, indexable and present in sitemap","TESTED_LOCAL_BUILD"
"https://reumlab.com/website/ilsigdang/","200","https://reumlab.com/website/ilsigdang/","index, follow","yes","yes","no","일식당 홈페이지 제작 | 매장 소개·분위기·메뉴·가격 구성과 검색 노출 | 름랩","일식당 홈페이지에 실제로 필요한 페이지 — 매장 소개·분위기·메뉴·가격·예약·단체 문의·오시는 길·주차. 손님은 메뉴 사진과 위치, 영업시간을 검색으로 먼저 확인합니다. 98만원부터 정액 · 소스코드 이관 · 월 관리비 없음.","일식당 홈페이지 제작","Answer|BreadcrumbList|ContactPoint|Country|FAQPage|ListItem|OpeningHoursSpecification|Organization|PostalAddress|ProfessionalService|PropertyValue|Question|Service|WebSite","35","6","service_or_hub","industry_service","P1","INDEX","self-canonical, indexable and present in sitemap","TESTED_LOCAL_BUILD"
"https://reumlab.com/website/","200","https://reumlab.com/website/","index,follow","yes","yes","no","홈페이지·랜딩페이지 제작 — 문의가 들어오는 구조 | 름랩 REUMLAB","예쁜 홈페이지를 넘어, 고객이 상담·예약·구매로 이동하도록 전환 구조로 설계합니다. 반응형·기본 SEO·관리자 수정·소스코드 이관 포함. 름랩.","홈페이지·랜딩페이지 제작 예쁜 사이트를 넘어 문의가 들어오는 구조로","Answer|BreadcrumbList|ContactPoint|Country|FAQPage|ListItem|OpeningHoursSpecification|Organization|PostalAddress|ProfessionalService|PropertyValue|Question|Service|WebSite","39","1","service_or_hub","service_or_hub","P1","INDEX","self-canonical, indexable and present in sitemap","TESTED_LOCAL_BUILD"
"https://reumlab.com/website/inswaeeobche/","200","https://reumlab.com/website/inswaeeobche/","index, follow","yes","yes","no","인쇄업체 홈페이지 제작 업체 | 직접 기획·개발·이관 | 름랩","인쇄업체 홈페이지에 실제로 필요한 페이지 — 회사 소개·연혁·제품·생산 품목·설비·생산능력·인증·품질. 인쇄업체 사장님이 가장 아쉬워하는 건 &#x27;검색에 안 나온다&#x27;입니다. 98만원부터 정액 · 소스코드 이관 · 월 관리비 없음.","인쇄업체 홈페이지 제작","Answer|BreadcrumbList|ContactPoint|Country|FAQPage|ListItem|OpeningHoursSpecification|Organization|PostalAddress|ProfessionalService|PropertyValue|Question|Service|WebSite","35","9","service_or_hub","industry_service","P1","INDEX","self-canonical, indexable and present in sitemap","TESTED_LOCAL_BUILD"
"https://reumlab.com/website/inswaeso/","200","https://reumlab.com/website/inswaeso/","index, follow","yes","yes","no","인쇄소 홈페이지 제작 비용 | 98만원부터 정액 견적 | 름랩","인쇄소 홈페이지에 실제로 필요한 페이지 — 회사 소개·팀·서비스·솔루션·포트폴리오·사례·기술·역량. 인쇄소 특성상 고객은 포트폴리오와 기술 역량, 사례를 보고 파트너를 고릅니다. 98만원부터 정액 · 소스코드 이관 · 월 관리비 없음.","인쇄소 홈페이지 제작","Answer|BreadcrumbList|ContactPoint|Country|FAQPage|ListItem|OpeningHoursSpecification|Organization|PostalAddress|ProfessionalService|PropertyValue|Question|Service|WebSite","35","3","service_or_hub","industry_service","P1","INDEX","self-canonical, indexable and present in sitemap","TESTED_LOCAL_BUILD"
"https://reumlab.com/website/interieoeobche/","200","https://reumlab.com/website/interieoeobche/","index, follow","yes","yes","no","인테리어업체 홈페이지 제작 비용 | 98만원부터 정액 견적 | 름랩","인테리어업체 홈페이지에 실제로 필요한 페이지 — 회사 소개·이력·시공 사례·포트폴리오·공정·시공 안내·견적·상담 문의. 름랩은 인테리어업체 동선을 현장 방문·견적 상담 한 흐름으로 묶어 이탈을 줄입니다. 98만원부터 정액 · 소스코드 이관 · 월 관리비 없음.","인테리어업체 홈페이지 제작","Answer|BreadcrumbList|ContactPoint|Country|FAQPage|ListItem|OpeningHoursSpecification|Organization|PostalAddress|ProfessionalService|PropertyValue|Question|Service|WebSite","35","7","service_or_hub","industry_service","P1","INDEX","self-canonical, indexable and present in sitemap","TESTED_LOCAL_BUILD"
"https://reumlab.com/website/interieosopumsyab/","200","https://reumlab.com/website/interieosopumsyab/","index, follow","yes","yes","no","인테리어소품샵 홈페이지 만들기 | 매장·브랜드 소개·상품·카테고리 어디까지 필요한가 | 름랩","인테리어소품샵 홈페이지에 실제로 필요한 페이지 — 매장·브랜드 소개·상품·카테고리·가격·구매 안내·매장 위치·영업시간. 고객은 취급 상품과 가격, 매장 위치를 확인하고 방문합니다. 98만원부터 정액 · 소스코드 이관 · 월 관리비 없음.","인테리어소품샵 홈페이지 제작","Answer|BreadcrumbList|ContactPoint|Country|FAQPage|ListItem|OpeningHoursSpecification|Organization|PostalAddress|ProfessionalService|PropertyValue|Question|Service|WebSite","35","9","service_or_hub","industry_service","P1","INDEX","self-canonical, indexable and present in sitemap","TESTED_LOCAL_BUILD"
"https://reumlab.com/website/isaeobche/","200","https://reumlab.com/website/isaeobche/","index, follow","yes","yes","no","이사업체 홈페이지 제작 비용 | 98만원부터 정액 견적 | 름랩","이사업체 홈페이지에 실제로 필요한 페이지 — 사무소 소개·매물·물건 정보·지역·시세 안내·상담·문의. 름랩은 이사업체 동선을 매물 상담·방문 예약 한 흐름으로 묶어 이탈을 줄입니다. 98만원부터 정액 · 소스코드 이관 · 월 관리비 없음.","이사업체 홈페이지 제작","Answer|BreadcrumbList|ContactPoint|Country|FAQPage|ListItem|OpeningHoursSpecification|Organization|PostalAddress|ProfessionalService|PropertyValue|Question|Service|WebSite","36","4","service_or_hub","industry_service","P1","INDEX","self-canonical, indexable and present in sitemap","TESTED_LOCAL_BUILD"
"https://reumlab.com/website/it-company/","200","https://reumlab.com/website/it-company/","index, follow","yes","yes","no","IT기업 홈페이지 제작 업체 | 직접 기획·개발·이관 | 름랩","IT기업 홈페이지에 실제로 필요한 페이지 — 회사 소개·팀·서비스·솔루션·포트폴리오·사례·기술·역량. IT기업 손님이 프로젝트 상담·견적 문의까지 한 화면에서 끝내도록 동선을 짜면 전화 문의가 줄고 문의 전환이 늘어납니다.","IT기업 홈페이지 제작","Answer|BreadcrumbList|ContactPoint|Country|FAQPage|ListItem|OpeningHoursSpecification|Organization|PostalAddress|ProfessionalService|PropertyValue|Question|Service|WebSite","35","2","service_or_hub","industry_service","P1","INDEX","self-canonical, indexable and present in sitemap","TESTED_LOCAL_BUILD"
"https://reumlab.com/website/jadongcha-jeongbiso/","200","https://reumlab.com/website/jadongcha-jeongbiso/","index, follow","yes","yes","no","자동차 정비소 홈페이지 만들기 | 업체 소개·시설·서비스·정비 항목 어디까지 필요한가 | 름랩","자동차 정비소 홈페이지에 실제로 필요한 페이지 — 업체 소개·시설·서비스·정비 항목·요금·견적·예약·문의. 자동차 정비소 손님이 예약·견적 문의까지 한 화면에서 끝내도록 동선을 짜면 전화 문의가 줄고 문의 전환이 늘어납니다.","자동차 정비소 홈페이지 제작","Answer|BreadcrumbList|ContactPoint|Country|FAQPage|ListItem|OpeningHoursSpecification|Organization|PostalAddress|ProfessionalService|PropertyValue|Question|Service|WebSite","35","2","service_or_hub","industry_service","P1","INDEX","self-canonical, indexable and present in sitemap","TESTED_LOCAL_BUILD"
"https://reumlab.com/website/jadongchabupumjejoeob/","200","https://reumlab.com/website/jadongchabupumjejoeob/","index, follow","yes","yes","no","자동차부품제조업 홈페이지 만들기 | 회사 소개·연혁·제품·생산 품목 어디까지 필요한가 | 름랩","자동차부품제조업 홈페이지에 실제로 필요한 페이지 — 회사 소개·연혁·제품·생산 품목·설비·생산능력·인증·품질. 거래처는 생산 품목과 설비, 인증을 보고 거래처를 검토합니다. 98만원부터 정액 · 소스코드 이관 · 월 관리비 없음.","자동차부품제조업 홈페이지 제작","Answer|BreadcrumbList|ContactPoint|Country|FAQPage|ListItem|OpeningHoursSpecification|Organization|PostalAddress|ProfessionalService|PropertyValue|Question|Service|WebSite","35","4","service_or_hub","industry_service","P1","INDEX","self-canonical, indexable and present in sitemap","TESTED_LOCAL_BUILD"
"https://reumlab.com/website/jadongchagongeobsa/","200","https://reumlab.com/website/jadongchagongeobsa/","index, follow","yes","yes","no","자동차공업사 홈페이지 제작 | 업체 소개·시설·서비스·정비 항목 구성과 검색 노출 | 름랩","자동차공업사 홈페이지에 실제로 필요한 페이지 — 업체 소개·시설·서비스·정비 항목·요금·견적·예약·문의. 자동차공업사 방문자는 검색으로 먼저 자동차공업사를 찾습니다. 98만원부터 정액 · 소스코드 이관 · 월 관리비 없음.","자동차공업사 홈페이지 제작","Answer|BreadcrumbList|ContactPoint|Country|FAQPage|ListItem|OpeningHoursSpecification|Organization|PostalAddress|ProfessionalService|PropertyValue|Question|Service|WebSite","35","3","service_or_hub","industry_service","P1","INDEX","self-canonical, indexable and present in sitemap","TESTED_LOCAL_BUILD"
"https://reumlab.com/website/jadongchagwangtaegeobche/","200","https://reumlab.com/website/jadongchagwangtaegeobche/","index, follow","yes","yes","no","자동차광택업체 홈페이지 제작 | 업체 소개·시설·서비스·정비 항목 구성과 검색 노출 | 름랩","자동차광택업체 홈페이지에 실제로 필요한 페이지 — 업체 소개·시설·서비스·정비 항목·요금·견적·예약·문의. 자동차광택업체 특성상 고객은 서비스 항목과 요금, 위치를 확인하고 예약합니다. 98만원부터 정액 · 소스코드 이관 · 월 관리비 없음.","자동차광택업체 홈페이지 제작","Answer|BreadcrumbList|ContactPoint|Country|FAQPage|ListItem|OpeningHoursSpecification|Organization|PostalAddress|ProfessionalService|PropertyValue|Question|Service|WebSite","35","3","service_or_hub","industry_service","P1","INDEX","self-canonical, indexable and present in sitemap","TESTED_LOCAL_BUILD"
"https://reumlab.com/website/jadongchatyuningsyab/","200","https://reumlab.com/website/jadongchatyuningsyab/","index, follow","yes","yes","no","자동차튜닝샵 홈페이지 만들기 | 업체 소개·시설·서비스·정비 항목 어디까지 필요한가 | 름랩","자동차튜닝샵 홈페이지에 실제로 필요한 페이지 — 업체 소개·시설·서비스·정비 항목·요금·견적·예약·문의. 자동차튜닝샵은 신규 고객의 첫 접점이 대부분 모바일 검색입니다. 98만원부터 정액 · 소스코드 이관 · 월 관리비 없음.","자동차튜닝샵 홈페이지 제작","Answer|BreadcrumbList|ContactPoint|Country|FAQPage|ListItem|OpeningHoursSpecification|Organization|PostalAddress|ProfessionalService|PropertyValue|Question|Service|WebSite","35","3","service_or_hub","industry_service","P1","INDEX","self-canonical, indexable and present in sitemap","TESTED_LOCAL_BUILD"
"https://reumlab.com/website/jadongchayurieobche/","200","https://reumlab.com/website/jadongchayurieobche/","index, follow","yes","yes","no","자동차유리업체 홈페이지 만들기 | 업체 소개·시설·서비스·정비 항목 어디까지 필요한가 | 름랩","자동차유리업체 홈페이지에 실제로 필요한 페이지 — 업체 소개·시설·서비스·정비 항목·요금·견적·예약·문의. 고객은 서비스 항목과 요금, 위치를 확인하고 예약합니다. 98만원부터 정액 · 소스코드 이관 · 월 관리비 없음.","자동차유리업체 홈페이지 제작","Answer|BreadcrumbList|ContactPoint|Country|FAQPage|ListItem|OpeningHoursSpecification|Organization|PostalAddress|ProfessionalService|PropertyValue|Question|Service|WebSite","35","7","service_or_hub","industry_service","P1","INDEX","self-canonical, indexable and present in sitemap","TESTED_LOCAL_BUILD"
"https://reumlab.com/website/jaegabogjisenteo/","200","https://reumlab.com/website/jaegabogjisenteo/","index, follow","yes","yes","no","재가복지센터 홈페이지 제작 업체 | 직접 기획·개발·이관 | 름랩","재가복지센터 홈페이지에 실제로 필요한 페이지 — 시설 소개·시설 안내·프로그램·케어 안내·이용 요금·입소 절차. 름랩은 재가복지센터 동선을 상담 전화·방문 상담 예약 한 흐름으로 묶어 이탈을 줄입니다. 98만원부터 정액 · 소스코드 이관 · 월 관리비 없음.","재가복지센터 홈페이지 제작","Answer|BreadcrumbList|ContactPoint|Country|FAQPage|ListItem|OpeningHoursSpecification|Organization|PostalAddress|ProfessionalService|PropertyValue|Question|Service|WebSite","35","3","service_or_hub","industry_service","P1","INDEX","self-canonical, indexable and present in sitemap","TESTED_LOCAL_BUILD"
"https://reumlab.com/website/jaehwaluihaggwa/","200","https://reumlab.com/website/jaehwaluihaggwa/","index, follow","yes","yes","no","재활의학과 홈페이지 제작 비용 | 98만원부터 정액 견적 | 름랩","재활의학과 홈페이지에 실제로 필요한 페이지 — 병원 소개·의료진·진료과목·진료 안내·진료시간·오시는 길·예약·상담 문의. 재활의학과는 신규 고객의 첫 접점이 대부분 모바일 검색입니다. 98만원부터 정액 · 소스코드 이관 · 월 관리비 없음.","재활의학과 홈페이지 제작","Answer|BreadcrumbList|ContactPoint|Country|FAQPage|ListItem|OpeningHoursSpecification|Organization|PostalAddress|ProfessionalService|PropertyValue|Question|Service|WebSite","35","4","service_or_hub","industry_service","P1","INDEX","self-canonical, indexable and present in sitemap","TESTED_LOCAL_BUILD"
"https://reumlab.com/website/jajeongeomaejang/","200","https://reumlab.com/website/jajeongeomaejang/","index, follow","yes","yes","no","자전거매장 홈페이지 제작 비용 | 98만원부터 정액 견적 | 름랩","자전거매장 홈페이지에 실제로 필요한 페이지 — 업체 소개·시설·서비스·정비 항목·요금·견적·예약·문의. 름랩은 자전거매장 동선을 예약·견적 문의 한 흐름으로 묶어 이탈을 줄입니다. 98만원부터 정액 · 소스코드 이관 · 월 관리비 없음.","자전거매장 홈페이지 제작","Answer|BreadcrumbList|ContactPoint|Country|FAQPage|ListItem|OpeningHoursSpecification|Organization|PostalAddress|ProfessionalService|PropertyValue|Question|Service|WebSite","35","3","service_or_hub","industry_service","P1","INDEX","self-canonical, indexable and present in sitemap","TESTED_LOCAL_BUILD"
"https://reumlab.com/website/jangaeinbogjigwan/","200","https://reumlab.com/website/jangaeinbogjigwan/","index, follow","yes","yes","no","장애인복지관 홈페이지 제작 업체 | 직접 기획·개발·이관 | 름랩","장애인복지관 홈페이지에 실제로 필요한 페이지 — 시설 소개·시설 안내·프로그램·케어 안내·이용 요금·입소 절차. 장애인복지관 사장님이 가장 아쉬워하는 건 &#x27;검색에 안 나온다&#x27;입니다. 98만원부터 정액 · 소스코드 이관 · 월 관리비 없음.","장애인복지관 홈페이지 제작","Answer|BreadcrumbList|ContactPoint|Country|FAQPage|ListItem|OpeningHoursSpecification|Organization|PostalAddress|ProfessionalService|PropertyValue|Question|Service|WebSite","35","6","service_or_hub","industry_service","P1","INDEX","self-canonical, indexable and present in sitemap","TESTED_LOCAL_BUILD"
"https://reumlab.com/website/jangryesigjang/","200","https://reumlab.com/website/jangryesigjang/","index, follow","yes","yes","no","장례식장 홈페이지 제작 비용 | 98만원부터 정액 견적 | 름랩","장례식장 홈페이지에 실제로 필요한 페이지 — 시설·빈소 안내·장례 절차 안내·비용·패키지·24시간 상담. 장례식장 손님이 24시간 긴급 상담 전화까지 한 화면에서 끝내도록 동선을 짜면 전화 문의가 줄고 문의 전환이 늘어납니다.","장례식장 홈페이지 제작","Answer|BreadcrumbList|ContactPoint|Country|FAQPage|ListItem|OpeningHoursSpecification|Organization|PostalAddress|ProfessionalService|PropertyValue|Question|Service|WebSite","35","6","service_or_hub","industry_service","P1","INDEX","self-canonical, indexable and present in sitemap","TESTED_LOCAL_BUILD"
"https://reumlab.com/website/jejoeob/","200","https://reumlab.com/website/jejoeob/","index, follow","yes","yes","no","제조업 홈페이지 만들기 | 회사 소개·연혁·제품·생산 품목 어디까지 필요한가 | 름랩","제조업 홈페이지에 실제로 필요한 페이지 — 회사 소개·연혁·제품·생산 품목·설비·생산능력·인증·품질. 제조업 손님이 견적·거래 문의까지 한 화면에서 끝내도록 동선을 짜면 전화 문의가 줄고 문의 전환이 늘어납니다. 98만원부터 정액 · 소스코드 이관 · 월 관리비 없음.","제조업 홈페이지 제작","Answer|BreadcrumbList|ContactPoint|Country|FAQPage|ListItem|OpeningHoursSpecification|Organization|PostalAddress|ProfessionalService|PropertyValue|Question|Service|WebSite","35","2","service_or_hub","industry_service","P1","INDEX","self-canonical, indexable and present in sitemap","TESTED_LOCAL_BUILD"
"https://reumlab.com/website/jeonghyeongoegwa/","200","https://reumlab.com/website/jeonghyeongoegwa/","index, follow","yes","yes","no","정형외과 홈페이지 만들기 | 병원 소개·의료진·진료과목·진료 안내 어디까지 필요한가 | 름랩","정형외과 홈페이지에 실제로 필요한 페이지 — 병원 소개·의료진·진료과목·진료 안내·진료시간·오시는 길·예약·상담 문의. 정형외과 특성상 환자는 방문 전 진료시간과 위치, 의료진을 검색으로 먼저 확인합니다. 98만원부터 정액 · 소스코드 이관 · 월 관리비 없음.","정형외과 홈페이지 제작","Answer|BreadcrumbList|ContactPoint|Country|FAQPage|ListItem|OpeningHoursSpecification|Organization|PostalAddress|ProfessionalService|PropertyValue|Question|Service|WebSite","35","3","service_or_hub","industry_service","P1","INDEX","self-canonical, indexable and present in sitemap","TESTED_LOCAL_BUILD"
"https://reumlab.com/website/jeongigongsaeobche/","200","https://reumlab.com/website/jeongigongsaeobche/","index, follow","yes","yes","no","전기공사업체 홈페이지 제작 비용 | 98만원부터 정액 견적 | 름랩","전기공사업체 홈페이지에 실제로 필요한 페이지 — 회사 소개·이력·시공 사례·포트폴리오·공정·시공 안내·견적·상담 문의. 전기공사업체는 신규 고객의 첫 접점이 대부분 모바일 검색입니다. 98만원부터 정액 · 소스코드 이관 · 월 관리비 없음.","전기공사업체 홈페이지 제작","Answer|BreadcrumbList|ContactPoint|Country|FAQPage|ListItem|OpeningHoursSpecification|Organization|PostalAddress|ProfessionalService|PropertyValue|Question|Service|WebSite","35","3","service_or_hub","industry_service","P1","INDEX","self-canonical, indexable and present in sitemap","TESTED_LOCAL_BUILD"
"https://reumlab.com/website/jeongsingeonganguihaggwa/","200","https://reumlab.com/website/jeongsingeonganguihaggwa/","index, follow","yes","yes","no","정신건강의학과 홈페이지 제작 | 병원 소개·의료진·진료과목·진료 안내 구성과 검색 노출 | 름랩","정신건강의학과 홈페이지에 실제로 필요한 페이지 — 병원 소개·의료진·진료과목·진료 안내·진료시간·오시는 길·예약·상담 문의. 정신건강의학과 신규 고객의 첫 접점은 대부분 모바일 검색입니다. 98만원부터 정액 · 소스코드 이관 · 월 관리비 없음.","정신건강의학과 홈페이지 제작","Answer|BreadcrumbList|ContactPoint|Country|FAQPage|ListItem|OpeningHoursSpecification|Organization|PostalAddress|ProfessionalService|PropertyValue|Question|Service|WebSite","35","6","service_or_hub","industry_service","P1","INDEX","self-canonical, indexable and present in sitemap","TESTED_LOCAL_BUILD"
"https://reumlab.com/website/jeongsugieobche/","200","https://reumlab.com/website/jeongsugieobche/","index, follow","yes","yes","no","정수기업체 홈페이지 제작 업체 | 직접 기획·개발·이관 | 름랩","정수기업체 홈페이지에 실제로 필요한 페이지 — 업체 소개·서비스·작업 안내·요금·견적·예약·문의. 정수기업체 손님이 출장·방문 견적 문의까지 한 화면에서 끝내도록 동선을 짜면 전화 문의가 줄고 문의 전환이 늘어납니다. 98만원부터 정액 · 소스코드 이관 · 월 관리비 없음.","정수기업체 홈페이지 제작","Answer|BreadcrumbList|ContactPoint|Country|FAQPage|ListItem|OpeningHoursSpecification|Organization|PostalAddress|ProfessionalService|PropertyValue|Question|Service|WebSite","35","3","service_or_hub","industry_service","P1","INDEX","self-canonical, indexable and present in sitemap","TESTED_LOCAL_BUILD"
"https://reumlab.com/website/jeonjabupumjejoeob/","200","https://reumlab.com/website/jeonjabupumjejoeob/","index, follow","yes","yes","no","전자부품제조업 홈페이지 만들기 | 회사 소개·연혁·제품·생산 품목 어디까지 필요한가 | 름랩","전자부품제조업 홈페이지에 실제로 필요한 페이지 — 회사 소개·연혁·제품·생산 품목·설비·생산능력·인증·품질. 름랩은 전자부품제조업 동선을 견적·거래 문의 한 흐름으로 묶어 이탈을 줄입니다. 98만원부터 정액 · 소스코드 이관 · 월 관리비 없음.","전자부품제조업 홈페이지 제작","Answer|BreadcrumbList|ContactPoint|Country|FAQPage|ListItem|OpeningHoursSpecification|Organization|PostalAddress|ProfessionalService|PropertyValue|Question|Service|WebSite","35","7","service_or_hub","industry_service","P1","INDEX","self-canonical, indexable and present in sitemap","TESTED_LOCAL_BUILD"
"https://reumlab.com/website/jeonjajepummaejang/","200","https://reumlab.com/website/jeonjajepummaejang/","index, follow","yes","yes","no","전자제품매장 홈페이지 제작 비용 | 98만원부터 정액 견적 | 름랩","전자제품매장 홈페이지에 실제로 필요한 페이지 — 매장·브랜드 소개·상품·카테고리·가격·구매 안내·매장 위치·영업시간. 전자제품매장은 홈페이지가 곧 첫인상입니다. 98만원부터 정액 · 소스코드 이관 · 월 관리비 없음.","전자제품매장 홈페이지 제작","Answer|BreadcrumbList|ContactPoint|Country|FAQPage|ListItem|OpeningHoursSpecification|Organization|PostalAddress|ProfessionalService|PropertyValue|Question|Service|WebSite","35","11","service_or_hub","industry_service","P1","INDEX","self-canonical, indexable and present in sitemap","TESTED_LOCAL_BUILD"
"https://reumlab.com/website/jeonmungeonseoleob/","200","https://reumlab.com/website/jeonmungeonseoleob/","index, follow","yes","yes","no","전문건설업 홈페이지 제작 | 회사 소개·이력·공정·시공 안내 구성과 검색 노출 | 름랩","전문건설업 홈페이지에 실제로 필요한 페이지 — 회사 소개·이력·시공 사례·포트폴리오·공정·시공 안내·견적·상담 문의. 전문건설업은 신규 고객의 첫 접점이 대부분 모바일 검색입니다. 98만원부터 정액 · 소스코드 이관 · 월 관리비 없음.","전문건설업 홈페이지 제작","Answer|BreadcrumbList|ContactPoint|Country|FAQPage|ListItem|OpeningHoursSpecification|Organization|PostalAddress|ProfessionalService|PropertyValue|Question|Service|WebSite","35","10","service_or_hub","industry_service","P1","INDEX","self-canonical, indexable and present in sitemap","TESTED_LOCAL_BUILD"
"https://reumlab.com/website/jeonsigihoegsa/","200","https://reumlab.com/website/jeonsigihoegsa/","index, follow","yes","yes","no","전시기획사 홈페이지 제작 비용 | 98만원부터 정액 견적 | 름랩","전시기획사 홈페이지에 실제로 필요한 페이지 — 업체·스튜디오 소개·포트폴리오·갤러리·상품·패키지·예약·상담 문의. 전시기획사 사장님이 가장 아쉬워하는 건 &#x27;검색에 안 나온다&#x27;입니다. 98만원부터 정액 · 소스코드 이관 · 월 관리비 없음.","전시기획사 홈페이지 제작","Answer|BreadcrumbList|ContactPoint|Country|FAQPage|ListItem|OpeningHoursSpecification|Organization|PostalAddress|ProfessionalService|PropertyValue|Question|Service|WebSite","35","5","service_or_hub","industry_service","P1","INDEX","self-canonical, indexable and present in sitemap","TESTED_LOCAL_BUILD"
"https://reumlab.com/website/jeontongsijang/","200","https://reumlab.com/website/jeontongsijang/","index, follow","yes","yes","no","전통시장 홈페이지 제작 | 매장·브랜드 소개·상품·카테고리 구성과 검색 노출 | 름랩","전통시장 홈페이지에 실제로 필요한 페이지 — 매장·브랜드 소개·상품·카테고리·가격·구매 안내·매장 위치·영업시간. 전통시장은 신규 고객의 첫 접점이 대부분 모바일 검색입니다. 98만원부터 정액 · 소스코드 이관 · 월 관리비 없음.","전통시장 홈페이지 제작","Answer|BreadcrumbList|ContactPoint|Country|FAQPage|ListItem|OpeningHoursSpecification|Organization|PostalAddress|ProfessionalService|PropertyValue|Question|Service|WebSite","35","4","service_or_hub","industry_service","P1","INDEX","self-canonical, indexable and present in sitemap","TESTED_LOCAL_BUILD"
"https://reumlab.com/website/jigeobjeonmunhaggyo/","200","https://reumlab.com/website/jigeobjeonmunhaggyo/","index, follow","yes","yes","no","직업전문학교 홈페이지 제작 업체 | 직접 기획·개발·이관 | 름랩","직업전문학교 홈페이지에 실제로 필요한 페이지 — 학원 소개·강사진·커리큘럼·수업 안내·시간표·반 편성·수강료·상담 신청. 직업전문학교 사장님이 가장 아쉬워하는 건 &#x27;검색에 안 나온다&#x27;입니다. 98만원부터 정액 · 소스코드 이관 · 월 관리비 없음.","직업전문학교 홈페이지 제작","Answer|BreadcrumbList|ContactPoint|Country|FAQPage|ListItem|OpeningHoursSpecification|Organization|PostalAddress|ProfessionalService|PropertyValue|Question|Service|WebSite","36","10","service_or_hub","industry_service","P1","INDEX","self-canonical, indexable and present in sitemap","TESTED_LOCAL_BUILD"
"https://reumlab.com/website/jogyeongeobche/","200","https://reumlab.com/website/jogyeongeobche/","index, follow","yes","yes","no","조경업체 홈페이지 제작 | 회사 소개·이력·공정·시공 안내 구성과 검색 노출 | 름랩","조경업체 홈페이지에 실제로 필요한 페이지 — 회사 소개·이력·시공 사례·포트폴리오·공정·시공 안내·견적·상담 문의. 름랩은 조경업체 동선을 현장 방문·견적 상담 한 흐름으로 묶어 이탈을 줄입니다. 98만원부터 정액 · 소스코드 이관 · 월 관리비 없음.","조경업체 홈페이지 제작","Answer|BreadcrumbList|ContactPoint|Country|FAQPage|ListItem|OpeningHoursSpecification|Organization|PostalAddress|ProfessionalService|PropertyValue|Question|Service|WebSite","35","3","service_or_hub","industry_service","P1","INDEX","self-canonical, indexable and present in sitemap","TESTED_LOCAL_BUILD"
"https://reumlab.com/website/jomyeongeobche/","200","https://reumlab.com/website/jomyeongeobche/","index, follow","yes","yes","no","조명업체 홈페이지 만들기 | 업체·스튜디오 소개·포트폴리오·갤러리 어디까지 필요한가 | 름랩","조명업체 홈페이지에 실제로 필요한 페이지 — 업체·스튜디오 소개·포트폴리오·갤러리·상품·패키지·예약·상담 문의. 름랩은 조명업체 동선을 상담 예약·견적 문의 한 흐름으로 묶어 이탈을 줄입니다. 98만원부터 정액 · 소스코드 이관 · 월 관리비 없음.","조명업체 홈페이지 제작","Answer|BreadcrumbList|ContactPoint|Country|FAQPage|ListItem|OpeningHoursSpecification|Organization|PostalAddress|ProfessionalService|PropertyValue|Question|Service|WebSite","35","3","service_or_hub","industry_service","P1","INDEX","self-canonical, indexable and present in sitemap","TESTED_LOCAL_BUILD"
"https://reumlab.com/website/jonghabgeonseoleob/","200","https://reumlab.com/website/jonghabgeonseoleob/","index, follow","yes","yes","no","종합건설업 홈페이지 제작 비용 | 98만원부터 정액 견적 | 름랩","종합건설업 홈페이지에 실제로 필요한 페이지 — 회사 소개·이력·시공 사례·포트폴리오·공정·시공 안내·견적·상담 문의. 종합건설업 방문자는 검색으로 먼저 종합건설업을 찾습니다. 98만원부터 정액 · 소스코드 이관 · 월 관리비 없음.","종합건설업 홈페이지 제작","Answer|BreadcrumbList|ContactPoint|Country|FAQPage|ListItem|OpeningHoursSpecification|Organization|PostalAddress|ProfessionalService|PropertyValue|Question|Service|WebSite","35","12","service_or_hub","industry_service","P1","INDEX","self-canonical, indexable and present in sitemap","TESTED_LOCAL_BUILD"
"https://reumlab.com/website/jonghabyutongeob/","200","https://reumlab.com/website/jonghabyutongeob/","index, follow","yes","yes","no","종합유통업 홈페이지 제작 업체 | 직접 기획·개발·이관 | 름랩","종합유통업 홈페이지에 실제로 필요한 페이지 — 매장·브랜드 소개·상품·카테고리·가격·구매 안내·매장 위치·영업시간. 종합유통업은 신규 고객의 첫 접점이 대부분 모바일 검색입니다. 98만원부터 정액 · 소스코드 이관 · 월 관리비 없음.","종합유통업 홈페이지 제작","Answer|BreadcrumbList|ContactPoint|Country|FAQPage|ListItem|OpeningHoursSpecification|Organization|PostalAddress|ProfessionalService|PropertyValue|Question|Service|WebSite","35","9","service_or_hub","industry_service","P1","INDEX","self-canonical, indexable and present in sitemap","TESTED_LOCAL_BUILD"
"https://reumlab.com/website/juchajang/","200","https://reumlab.com/website/juchajang/","index, follow","yes","yes","no","주차장 홈페이지 제작 비용 | 98만원부터 정액 견적 | 름랩","주차장 홈페이지에 실제로 필요한 페이지 — 업체 소개·시설·서비스·정비 항목·요금·견적·예약·문의. 주차장 방문자는 검색으로 먼저 주차장을 찾습니다. 98만원부터 정액 · 소스코드 이관 · 월 관리비 없음.","주차장 홈페이지 제작","Answer|BreadcrumbList|ContactPoint|Country|FAQPage|ListItem|OpeningHoursSpecification|Organization|PostalAddress|ProfessionalService|PropertyValue|Question|Service|WebSite","35","3","service_or_hub","industry_service","P1","INDEX","self-canonical, indexable and present in sitemap","TESTED_LOCAL_BUILD"
"https://reumlab.com/website/jueolrisyab/","200","https://reumlab.com/website/jueolrisyab/","index, follow","yes","yes","no","주얼리샵 홈페이지 제작 업체 | 직접 기획·개발·이관 | 름랩","주얼리샵 홈페이지에 실제로 필요한 페이지 — 브랜드·매장 소개·제품·컬렉션·룩북·착용컷·매장 위치·영업시간. 주얼리샵 특성상 고객은 제품 이미지와 매장 위치를 확인하고 방문합니다. 98만원부터 정액 · 소스코드 이관 · 월 관리비 없음.","주얼리샵 홈페이지 제작","Answer|BreadcrumbList|ContactPoint|Country|FAQPage|ListItem|OpeningHoursSpecification|Organization|PostalAddress|ProfessionalService|PropertyValue|Question|Service|WebSite","35","6","service_or_hub","industry_service","P1","INDEX","self-canonical, indexable and present in sitemap","TESTED_LOCAL_BUILD"
"https://reumlab.com/website/juganbohosenteo/","200","https://reumlab.com/website/juganbohosenteo/","index, follow","yes","yes","no","주간보호센터 홈페이지 제작 업체 | 직접 기획·개발·이관 | 름랩","주간보호센터 홈페이지에 실제로 필요한 페이지 — 시설 소개·시설 안내·프로그램·케어 안내·이용 요금·입소 절차. 주간보호센터 방문자는 검색으로 먼저 주간보호센터를 찾습니다. 98만원부터 정액 · 소스코드 이관 · 월 관리비 없음.","주간보호센터 홈페이지 제작","Answer|BreadcrumbList|ContactPoint|Country|FAQPage|ListItem|OpeningHoursSpecification|Organization|PostalAddress|ProfessionalService|PropertyValue|Question|Service|WebSite","35","3","service_or_hub","industry_service","P1","INDEX","self-canonical, indexable and present in sitemap","TESTED_LOCAL_BUILD"
"https://reumlab.com/website/jujissudojang/","200","https://reumlab.com/website/jujissudojang/","index, follow","yes","yes","no","주짓수도장 홈페이지 제작 | 학원 소개·강사진·커리큘럼·수업 안내 구성과 검색 노출 | 름랩","주짓수도장 홈페이지에 실제로 필요한 페이지 — 학원 소개·강사진·커리큘럼·수업 안내·시간표·반 편성·수강료·상담 신청. 주짓수도장 방문자는 검색으로 먼저 주짓수도장을 찾습니다. 98만원부터 정액 · 소스코드 이관 · 월 관리비 없음.","주짓수도장 홈페이지 제작","Answer|BreadcrumbList|ContactPoint|Country|FAQPage|ListItem|OpeningHoursSpecification|Organization|PostalAddress|ProfessionalService|PropertyValue|Question|Service|WebSite","36","4","service_or_hub","industry_service","P1","INDEX","self-canonical, indexable and present in sitemap","TESTED_LOCAL_BUILD"
"https://reumlab.com/website/junggochamaemaeeobche/","200","https://reumlab.com/website/junggochamaemaeeobche/","index, follow","yes","yes","no","중고차매매업체 홈페이지 만들기 | 업체 소개·시설·서비스·정비 항목 어디까지 필요한가 | 름랩","중고차매매업체 홈페이지에 실제로 필요한 페이지 — 업체 소개·시설·서비스·정비 항목·요금·견적·예약·문의. 중고차매매업체 사장님이 가장 아쉬워하는 건 &#x27;검색에 안 나온다&#x27;입니다. 98만원부터 정액 · 소스코드 이관 · 월 관리비 없음.","중고차매매업체 홈페이지 제작","Answer|BreadcrumbList|ContactPoint|Country|FAQPage|ListItem|OpeningHoursSpecification|Organization|PostalAddress|ProfessionalService|PropertyValue|Question|Service|WebSite","35","5","service_or_hub","industry_service","P1","INDEX","self-canonical, indexable and present in sitemap","TESTED_LOCAL_BUILD"
"https://reumlab.com/website/junggomaejang/","200","https://reumlab.com/website/junggomaejang/","index, follow","yes","yes","no","중고매장 홈페이지 제작 비용 | 98만원부터 정액 견적 | 름랩","중고매장 홈페이지에 실제로 필요한 페이지 — 매장·브랜드 소개·상품·카테고리·가격·구매 안내·매장 위치·영업시간. 중고매장 손님이 구매 문의·매장 방문까지 한 화면에서 끝내도록 동선을 짜면 전화 문의가 줄고 문의 전환이 늘어납니다.","중고매장 홈페이지 제작","Answer|BreadcrumbList|ContactPoint|Country|FAQPage|ListItem|OpeningHoursSpecification|Organization|PostalAddress|ProfessionalService|PropertyValue|Question|Service|WebSite","35","7","service_or_hub","industry_service","P1","INDEX","self-canonical, indexable and present in sitemap","TESTED_LOCAL_BUILD"
"https://reumlab.com/website/jungsigdang/","200","https://reumlab.com/website/jungsigdang/","index, follow","yes","yes","no","중식당 홈페이지 제작 비용 | 98만원부터 정액 견적 | 름랩","중식당 홈페이지에 실제로 필요한 페이지 — 매장 소개·분위기·메뉴·가격·예약·단체 문의·오시는 길·주차. 름랩은 중식당 동선을 예약 전화·주문·오시는 길 한 흐름으로 묶어 이탈을 줄입니다. 98만원부터 정액 · 소스코드 이관 · 월 관리비 없음.","중식당 홈페이지 제작","Answer|BreadcrumbList|ContactPoint|Country|FAQPage|ListItem|OpeningHoursSpecification|Organization|PostalAddress|ProfessionalService|PropertyValue|Question|Service|WebSite","35","9","service_or_hub","industry_service","P1","INDEX","self-canonical, indexable and present in sitemap","TESTED_LOCAL_BUILD"
"https://reumlab.com/website/kaempingjang/","200","https://reumlab.com/website/kaempingjang/","index, follow","yes","yes","no","캠핑장 홈페이지 제작 | 시설 소개·둘러보기·프로그램·수업 안내 구성과 검색 노출 | 름랩","캠핑장 홈페이지에 실제로 필요한 페이지 — 시설 소개·둘러보기·프로그램·수업 안내·이용권·요금·체험·등록 문의. 캠핑장 사장님이 가장 아쉬워하는 건 &#x27;검색에 안 나온다&#x27;입니다. 98만원부터 정액 · 소스코드 이관 · 월 관리비 없음.","캠핑장 홈페이지 제작","Answer|BreadcrumbList|ContactPoint|Country|FAQPage|ListItem|OpeningHoursSpecification|Organization|PostalAddress|ProfessionalService|PropertyValue|Question|Service|WebSite","35","9","service_or_hub","industry_service","P1","INDEX","self-canonical, indexable and present in sitemap","TESTED_LOCAL_BUILD"
"https://reumlab.com/website/kaempingpensyeon/","200","https://reumlab.com/website/kaempingpensyeon/","index, follow","yes","yes","no","캠핑펜션 홈페이지 제작 비용 | 98만원부터 정액 견적 | 름랩","캠핑펜션 홈페이지에 실제로 필요한 페이지 — 숙소 소개·객실·객실 요금·예약·부대시설·주변 관광·예약·문의. 캠핑펜션은 신규 고객의 첫 접점이 대부분 모바일 검색입니다. 98만원부터 정액 · 소스코드 이관 · 월 관리비 없음.","캠핑펜션 홈페이지 제작","Answer|BreadcrumbList|ContactPoint|Country|FAQPage|ListItem|OpeningHoursSpecification|Organization|PostalAddress|ProfessionalService|PropertyValue|Question|Service|WebSite","35","3","service_or_hub","industry_service","P1","INDEX","self-canonical, indexable and present in sitemap","TESTED_LOCAL_BUILD"
"https://reumlab.com/website/kape/","200","https://reumlab.com/website/kape/","index, follow","yes","yes","no","카페 홈페이지 제작 업체 | 직접 기획·개발·이관 | 름랩","카페 홈페이지에 실제로 필요한 페이지 — 매장 소개·분위기·메뉴·가격·예약·단체 문의·오시는 길·주차. 카페 손님이 예약 전화·주문·오시는 길까지 한 화면에서 끝내도록 동선을 짜면 전화 문의가 줄고 문의 전환이 늘어납니다.","카페 홈페이지 제작","Answer|BreadcrumbList|ContactPoint|Country|FAQPage|ListItem|OpeningHoursSpecification|Organization|PostalAddress|ProfessionalService|PropertyValue|Question|Service|WebSite","35","2","service_or_hub","industry_service","P1","INDEX","self-canonical, indexable and present in sitemap","TESTED_LOCAL_BUILD"
"https://reumlab.com/website/kasenteo/","200","https://reumlab.com/website/kasenteo/","index, follow","yes","yes","no","카센터 홈페이지 만들기 | 업체 소개·시설·서비스·정비 항목 어디까지 필요한가 | 름랩","카센터 홈페이지에 실제로 필요한 페이지 — 업체 소개·시설·서비스·정비 항목·요금·견적·예약·문의. 카센터는 신규 고객의 첫 접점이 대부분 모바일 검색입니다. 98만원부터 정액 · 소스코드 이관 · 월 관리비 없음.","카센터 홈페이지 제작","Answer|BreadcrumbList|ContactPoint|Country|FAQPage|ListItem|OpeningHoursSpecification|Organization|PostalAddress|ProfessionalService|PropertyValue|Question|Service|WebSite","35","8","service_or_hub","industry_service","P1","INDEX","self-canonical, indexable and present in sitemap","TESTED_LOCAL_BUILD"
"https://reumlab.com/website/keiteoring/","200","https://reumlab.com/website/keiteoring/","index, follow","yes","yes","no","케이터링 홈페이지 제작 업체 | 직접 기획·개발·이관 | 름랩","케이터링 홈페이지에 실제로 필요한 페이지 — 매장 소개·분위기·메뉴·가격·예약·단체 문의·오시는 길·주차. 케이터링 사장님이 가장 아쉬워하는 건 &#x27;검색에 안 나온다&#x27;입니다. 98만원부터 정액 · 소스코드 이관 · 월 관리비 없음.","케이터링 홈페이지 제작","Answer|BreadcrumbList|ContactPoint|Country|FAQPage|ListItem|OpeningHoursSpecification|Organization|PostalAddress|ProfessionalService|PropertyValue|Question|Service|WebSite","35","11","service_or_hub","industry_service","P1","INDEX","self-canonical, indexable and present in sitemap","TESTED_LOCAL_BUILD"
"https://reumlab.com/website/keompyuteosurieobche/","200","https://reumlab.com/website/keompyuteosurieobche/","index, follow","yes","yes","no","컴퓨터수리업체 홈페이지 제작 업체 | 직접 기획·개발·이관 | 름랩","컴퓨터수리업체 홈페이지에 실제로 필요한 페이지 — 회사 소개·팀·서비스·솔루션·포트폴리오·사례·기술·역량. 컴퓨터수리업체는 홈페이지가 곧 첫인상입니다. 98만원부터 정액 · 소스코드 이관 · 월 관리비 없음.","컴퓨터수리업체 홈페이지 제작","Answer|BreadcrumbList|ContactPoint|Country|FAQPage|ListItem|OpeningHoursSpecification|Organization|PostalAddress|ProfessionalService|PropertyValue|Question|Service|WebSite","35","8","service_or_hub","industry_service","P1","INDEX","self-canonical, indexable and present in sitemap","TESTED_LOCAL_BUILD"
"https://reumlab.com/website/keulraimingjim/","200","https://reumlab.com/website/keulraimingjim/","index, follow","yes","yes","no","클라이밍짐 홈페이지 만들기 | 시설 소개·둘러보기·프로그램·수업 안내 어디까지 필요한가 | 름랩","클라이밍짐 홈페이지에 실제로 필요한 페이지 — 시설 소개·둘러보기·프로그램·수업 안내·이용권·요금·체험·등록 문의. 클라이밍짐은 신규 고객의 첫 접점이 대부분 모바일 검색입니다. 98만원부터 정액 · 소스코드 이관 · 월 관리비 없음.","클라이밍짐 홈페이지 제작","Answer|BreadcrumbList|ContactPoint|Country|FAQPage|ListItem|OpeningHoursSpecification|Organization|PostalAddress|ProfessionalService|PropertyValue|Question|Service|WebSite","35","3","service_or_hub","industry_service","P1","INDEX","self-canonical, indexable and present in sitemap","TESTED_LOCAL_BUILD"
"https://reumlab.com/website/keuroseupis/","200","https://reumlab.com/website/keuroseupis/","index, follow","yes","yes","no","크로스핏 홈페이지 제작 업체 | 직접 기획·개발·이관 | 름랩","크로스핏 홈페이지에 실제로 필요한 페이지 — 시설 소개·둘러보기·프로그램·수업 안내·이용권·요금·체험·등록 문의. 회원은 시설 사진과 이용권, 위치를 보고 등록을 결정합니다. 98만원부터 정액 · 소스코드 이관 · 월 관리비 없음.","크로스핏 홈페이지 제작","Answer|BreadcrumbList|ContactPoint|Country|FAQPage|ListItem|OpeningHoursSpecification|Organization|PostalAddress|ProfessionalService|PropertyValue|Question|Service|WebSite","35","6","service_or_hub","industry_service","P1","INDEX","self-canonical, indexable and present in sitemap","TESTED_LOCAL_BUILD"
"https://reumlab.com/website/kkochjib/","200","https://reumlab.com/website/kkochjib/","index, follow","yes","yes","no","꽃집 홈페이지 제작 비용 | 98만원부터 정액 견적 | 름랩","꽃집 홈페이지에 실제로 필요한 페이지 — 매장·브랜드 소개·상품·카테고리·가격·구매 안내·매장 위치·영업시간. 꽃집 사장님이 가장 아쉬워하는 건 &#x27;검색에 안 나온다&#x27;입니다. 98만원부터 정액 · 소스코드 이관 · 월 관리비 없음.","꽃집 홈페이지 제작","Answer|BreadcrumbList|ContactPoint|Country|FAQPage|ListItem|OpeningHoursSpecification|Organization|PostalAddress|ProfessionalService|PropertyValue|Question|Service|WebSite","35","7","service_or_hub","industry_service","P1","INDEX","self-canonical, indexable and present in sitemap","TESTED_LOCAL_BUILD"
"https://reumlab.com/website/kodinghagwon/","200","https://reumlab.com/website/kodinghagwon/","index, follow","yes","yes","no","코딩학원 홈페이지 만들기 | 학원 소개·강사진·커리큘럼·수업 안내 어디까지 필요한가 | 름랩","코딩학원 홈페이지에 실제로 필요한 페이지 — 학원 소개·강사진·커리큘럼·수업 안내·시간표·반 편성·수강료·상담 신청. 코딩학원 사장님이 가장 아쉬워하는 건 &#x27;검색에 안 나온다&#x27;입니다. 98만원부터 정액 · 소스코드 이관 · 월 관리비 없음.","코딩학원 홈페이지 제작","Answer|BreadcrumbList|ContactPoint|Country|FAQPage|ListItem|OpeningHoursSpecification|Organization|PostalAddress|ProfessionalService|PropertyValue|Question|Service|WebSite","36","7","service_or_hub","industry_service","P1","INDEX","self-canonical, indexable and present in sitemap","TESTED_LOCAL_BUILD"
"https://reumlab.com/website/koinsetagso/","200","https://reumlab.com/website/koinsetagso/","index, follow","yes","yes","no","코인세탁소 홈페이지 제작 업체 | 직접 기획·개발·이관 | 름랩","코인세탁소 홈페이지에 실제로 필요한 페이지 — 업체 소개·서비스·작업 안내·요금·견적·예약·문의. 고객은 서비스 범위와 요금, 출장 여부를 보고 업체를 부릅니다. 98만원부터 정액 · 소스코드 이관 · 월 관리비 없음.","코인세탁소 홈페이지 제작","Answer|BreadcrumbList|ContactPoint|Country|FAQPage|ListItem|OpeningHoursSpecification|Organization|PostalAddress|ProfessionalService|PropertyValue|Question|Service|WebSite","35","3","service_or_hub","industry_service","P1","INDEX","self-canonical, indexable and present in sitemap","TESTED_LOCAL_BUILD"
"https://reumlab.com/website/kwigseobiseu/","200","https://reumlab.com/website/kwigseobiseu/","index, follow","yes","yes","no","퀵서비스 홈페이지 제작 비용 | 98만원부터 정액 견적 | 름랩","퀵서비스 홈페이지에 실제로 필요한 페이지 — 업체 소개·시설·서비스·정비 항목·요금·견적·예약·문의. 퀵서비스 손님이 예약·견적 문의까지 한 화면에서 끝내도록 동선을 짜면 전화 문의가 줄고 문의 전환이 늘어납니다. 98만원부터 정액 · 소스코드 이관 · 월 관리비 없음.","퀵서비스 홈페이지 제작","Answer|BreadcrumbList|ContactPoint|Country|FAQPage|ListItem|OpeningHoursSpecification|Organization|PostalAddress|ProfessionalService|PropertyValue|Question|Service|WebSite","35","7","service_or_hub","industry_service","P1","INDEX","self-canonical, indexable and present in sitemap","TESTED_LOCAL_BUILD"
"https://reumlab.com/website/majchumjeongjang/","200","https://reumlab.com/website/majchumjeongjang/","index, follow","yes","yes","no","맞춤정장 홈페이지 제작 | 브랜드·매장 소개·제품·컬렉션 구성과 검색 노출 | 름랩","맞춤정장 홈페이지에 실제로 필요한 페이지 — 브랜드·매장 소개·제품·컬렉션·룩북·착용컷·매장 위치·영업시간. 맞춤정장 손님이 매장 방문 예약·구매 문의까지 한 화면에서 끝내도록 동선을 짜면 전화 문의가 줄고 문의 전환이 늘어납니다.","맞춤정장 홈페이지 제작","Answer|BreadcrumbList|ContactPoint|Country|FAQPage|ListItem|OpeningHoursSpecification|Organization|PostalAddress|ProfessionalService|PropertyValue|Question|Service|WebSite","35","5","service_or_hub","industry_service","P1","INDEX","self-canonical, indexable and present in sitemap","TESTED_LOCAL_BUILD"
"https://reumlab.com/website/maketingdaehaengsa/","200","https://reumlab.com/website/maketingdaehaengsa/","index, follow","yes","yes","no","마케팅대행사 홈페이지 제작 비용 | 98만원부터 정액 견적 | 름랩","마케팅대행사 홈페이지에 실제로 필요한 페이지 — 업체·스튜디오 소개·포트폴리오·갤러리·상품·패키지·예약·상담 문의. 고객은 포트폴리오와 패키지, 후기를 보고 업체를 예약합니다. 98만원부터 정액 · 소스코드 이관 · 월 관리비 없음.","마케팅대행사 홈페이지 제작","Answer|BreadcrumbList|ContactPoint|Country|FAQPage|ListItem|OpeningHoursSpecification|Organization|PostalAddress|ProfessionalService|PropertyValue|Question|Service|WebSite","35","5","service_or_hub","industry_service","P1","INDEX","self-canonical, indexable and present in sitemap","TESTED_LOCAL_BUILD"
"https://reumlab.com/website/masajisyab/","200","https://reumlab.com/website/masajisyab/","index, follow","yes","yes","no","마사지샵 홈페이지 제작 | 샵 소개·둘러보기·시술 메뉴·가격표 구성과 검색 노출 | 름랩","마사지샵 홈페이지에 실제로 필요한 페이지 — 샵 소개·둘러보기·시술 메뉴·가격표·시술 전후·후기·예약·상담. 름랩은 마사지샵 동선을 온라인 예약·전화 예약 한 흐름으로 묶어 이탈을 줄입니다. 98만원부터 정액 · 소스코드 이관 · 월 관리비 없음.","마사지샵 홈페이지 제작","Answer|BreadcrumbList|ContactPoint|Country|FAQPage|ListItem|OpeningHoursSpecification|Organization|PostalAddress|ProfessionalService|PropertyValue|Question|Service|WebSite","35","4","service_or_hub","industry_service","P1","INDEX","self-canonical, indexable and present in sitemap","TESTED_LOCAL_BUILD"
"https://reumlab.com/website/mateu/","200","https://reumlab.com/website/mateu/","index, follow","yes","yes","no","마트 홈페이지 만들기 | 매장·브랜드 소개·상품·카테고리 어디까지 필요한가 | 름랩","마트 홈페이지에 실제로 필요한 페이지 — 매장·브랜드 소개·상품·카테고리·가격·구매 안내·매장 위치·영업시간. 마트 특성상 고객은 취급 상품과 가격, 매장 위치를 확인하고 방문합니다. 98만원부터 정액 · 소스코드 이관 · 월 관리비 없음.","마트 홈페이지 제작","Answer|BreadcrumbList|ContactPoint|Country|FAQPage|ListItem|OpeningHoursSpecification|Organization|PostalAddress|ProfessionalService|PropertyValue|Question|Service|WebSite","35","3","service_or_hub","industry_service","P1","INDEX","self-canonical, indexable and present in sitemap","TESTED_LOCAL_BUILD"
"https://reumlab.com/website/mcn-agency/","200","https://reumlab.com/website/mcn-agency/","index, follow","yes","yes","no","MCN회사 홈페이지 만들기 | 회사 소개·팀·서비스·솔루션 어디까지 필요한가 | 름랩","MCN회사 홈페이지에 실제로 필요한 페이지 — 회사 소개·팀·서비스·솔루션·포트폴리오·사례·기술·역량. 고객은 포트폴리오와 기술 역량, 사례를 보고 파트너를 고릅니다. 98만원부터 정액 · 소스코드 이관 · 월 관리비 없음.","MCN회사 홈페이지 제작","Answer|BreadcrumbList|ContactPoint|Country|FAQPage|ListItem|OpeningHoursSpecification|Organization|PostalAddress|ProfessionalService|PropertyValue|Question|Service|WebSite","35","5","service_or_hub","industry_service","P1","INDEX","self-canonical, indexable and present in sitemap","TESTED_LOCAL_BUILD"
"https://reumlab.com/website/meikeueobsyab/","200","https://reumlab.com/website/meikeueobsyab/","index, follow","yes","yes","no","메이크업샵 홈페이지 제작 업체 | 직접 기획·개발·이관 | 름랩","메이크업샵 홈페이지에 실제로 필요한 페이지 — 샵 소개·둘러보기·시술 메뉴·가격표·시술 전후·후기·예약·상담. 메이크업샵 특성상 고객은 시술 사진과 가격, 후기를 보고 예약할 곳을 정합니다. 98만원부터 정액 · 소스코드 이관 · 월 관리비 없음.","메이크업샵 홈페이지 제작","Answer|BreadcrumbList|ContactPoint|Country|FAQPage|ListItem|OpeningHoursSpecification|Organization|PostalAddress|ProfessionalService|PropertyValue|Question|Service|WebSite","35","3","service_or_hub","industry_service","P1","INDEX","self-canonical, indexable and present in sitemap","TESTED_LOCAL_BUILD"
"https://reumlab.com/website/minbag/","200","https://reumlab.com/website/minbag/","index, follow","yes","yes","no","민박 홈페이지 만들기 | 숙소 소개·객실·객실 요금·예약 어디까지 필요한가 | 름랩","민박 홈페이지에 실제로 필요한 페이지 — 숙소 소개·객실·객실 요금·예약·부대시설·주변 관광·예약·문의. 여행객은 객실 사진과 요금, 예약 가능 여부를 보고 결정합니다. 98만원부터 정액 · 소스코드 이관 · 월 관리비 없음.","민박 홈페이지 제작","Answer|BreadcrumbList|ContactPoint|Country|FAQPage|ListItem|OpeningHoursSpecification|Organization|PostalAddress|ProfessionalService|PropertyValue|Question|Service|WebSite","35","9","service_or_hub","industry_service","P1","INDEX","self-canonical, indexable and present in sitemap","TESTED_LOCAL_BUILD"
"https://reumlab.com/website/misulhagwon/","200","https://reumlab.com/website/misulhagwon/","index, follow","yes","yes","no","미술학원 홈페이지 제작 | 학원 소개·강사진·커리큘럼·수업 안내 구성과 검색 노출 | 름랩","미술학원 홈페이지에 실제로 필요한 페이지 — 학원 소개·강사진·커리큘럼·수업 안내·시간표·반 편성·수강료·상담 신청. 미술학원 특성상 학부모는 커리큘럼과 강사, 실적을 비교해 학원을 고릅니다. 98만원부터 정액 · 소스코드 이관 · 월 관리비 없음.","미술학원 홈페이지 제작","Answer|BreadcrumbList|ContactPoint|Country|FAQPage|ListItem|OpeningHoursSpecification|Organization|PostalAddress|ProfessionalService|PropertyValue|Question|Service|WebSite","36","3","service_or_hub","industry_service","P1","INDEX","self-canonical, indexable and present in sitemap","TESTED_LOCAL_BUILD"
"https://reumlab.com/website/miyongsil/","200","https://reumlab.com/website/miyongsil/","index, follow","yes","yes","no","미용실 홈페이지 제작 비용 | 98만원부터 정액 견적 | 름랩","미용실 홈페이지에 실제로 필요한 페이지 — 샵 소개·둘러보기·시술 메뉴·가격표·시술 전후·후기·예약·상담. 미용실 손님이 온라인 예약·전화 예약까지 한 화면에서 끝내도록 동선을 짜면 전화 문의가 줄고 문의 전환이 늘어납니다.","미용실 홈페이지 제작","Answer|BreadcrumbList|ContactPoint|Country|FAQPage|ListItem|OpeningHoursSpecification|Organization|PostalAddress|ProfessionalService|PropertyValue|Question|Service|WebSite","35","3","service_or_hub","industry_service","P1","INDEX","self-canonical, indexable and present in sitemap","TESTED_LOCAL_BUILD"
"https://reumlab.com/website/motel/","200","https://reumlab.com/website/motel/","index, follow","yes","yes","no","모텔 홈페이지 제작 업체 | 직접 기획·개발·이관 | 름랩","모텔 홈페이지에 실제로 필요한 페이지 — 숙소 소개·객실·객실 요금·예약·부대시설·주변 관광·예약·문의. 모텔은 신규 고객의 첫 접점이 대부분 모바일 검색입니다. 98만원부터 정액 · 소스코드 이관 · 월 관리비 없음.","모텔 홈페이지 제작","Answer|BreadcrumbList|ContactPoint|Country|FAQPage|ListItem|OpeningHoursSpecification|Organization|PostalAddress|ProfessionalService|PropertyValue|Question|Service|WebSite","35","4","service_or_hub","industry_service","P1","INDEX","self-canonical, indexable and present in sitemap","TESTED_LOCAL_BUILD"
"https://reumlab.com/website/mulryuhoesa/","200","https://reumlab.com/website/mulryuhoesa/","index, follow","yes","yes","no","물류회사 홈페이지 제작 | 회사 소개·연혁·제품·생산 품목 구성과 검색 노출 | 름랩","물류회사 홈페이지에 실제로 필요한 페이지 — 회사 소개·연혁·제품·생산 품목·설비·생산능력·인증·품질. 물류회사 손님이 견적·거래 문의까지 한 화면에서 끝내도록 동선을 짜면 전화 문의가 줄고 문의 전환이 늘어납니다. 98만원부터 정액 · 소스코드 이관 · 월 관리비 없음.","물류회사 홈페이지 제작","Answer|BreadcrumbList|ContactPoint|Country|FAQPage|ListItem|OpeningHoursSpecification|Organization|PostalAddress|ProfessionalService|PropertyValue|Question|Service|WebSite","35","7","service_or_hub","industry_service","P1","INDEX","self-canonical, indexable and present in sitemap","TESTED_LOCAL_BUILD"
"https://reumlab.com/website/muyeoghoesa/","200","https://reumlab.com/website/muyeoghoesa/","index, follow","yes","yes","no","무역회사 홈페이지 제작 | 회사 소개·연혁·제품·생산 품목 구성과 검색 노출 | 름랩","무역회사 홈페이지에 실제로 필요한 페이지 — 회사 소개·연혁·제품·생산 품목·설비·생산능력·인증·품질. 무역회사 신규 고객의 첫 접점은 대부분 모바일 검색입니다. 98만원부터 정액 · 소스코드 이관 · 월 관리비 없음.","무역회사 홈페이지 제작","Answer|BreadcrumbList|ContactPoint|Country|FAQPage|ListItem|OpeningHoursSpecification|Organization|PostalAddress|ProfessionalService|PropertyValue|Question|Service|WebSite","35","4","service_or_hub","industry_service","P1","INDEX","self-canonical, indexable and present in sitemap","TESTED_LOCAL_BUILD"
"https://reumlab.com/website/naegwa/","200","https://reumlab.com/website/naegwa/","index, follow","yes","yes","no","내과 홈페이지 제작 비용 | 98만원부터 정액 견적 | 름랩","내과 홈페이지에 실제로 필요한 페이지 — 병원 소개·의료진·진료과목·진료 안내·진료시간·오시는 길·예약·상담 문의. 내과는 신규 고객의 첫 접점이 대부분 모바일 검색입니다. 98만원부터 정액 · 소스코드 이관 · 월 관리비 없음.","내과 홈페이지 제작","Answer|BreadcrumbList|ContactPoint|Country|FAQPage|ListItem|OpeningHoursSpecification|Organization|PostalAddress|ProfessionalService|PropertyValue|Question|Service|WebSite","35","3","service_or_hub","industry_service","P1","INDEX","self-canonical, indexable and present in sitemap","TESTED_LOCAL_BUILD"
"https://reumlab.com/website/nakksiteo/","200","https://reumlab.com/website/nakksiteo/","index, follow","yes","yes","no","낚시터 홈페이지 제작 업체 | 직접 기획·개발·이관 | 름랩","낚시터 홈페이지에 실제로 필요한 페이지 — 시설 소개·둘러보기·프로그램·수업 안내·이용권·요금·체험·등록 문의. 낚시터 손님이 체험·등록 상담 신청까지 한 화면에서 끝내도록 동선을 짜면 전화 문의가 줄고 문의 전환이 늘어납니다.","낚시터 홈페이지 제작","Answer|BreadcrumbList|ContactPoint|Country|FAQPage|ListItem|OpeningHoursSpecification|Organization|PostalAddress|ProfessionalService|PropertyValue|Question|Service|WebSite","35","6","service_or_hub","industry_service","P1","INDEX","self-canonical, indexable and present in sitemap","TESTED_LOCAL_BUILD"
"https://reumlab.com/website/neilsyab/","200","https://reumlab.com/website/neilsyab/","index, follow","yes","yes","no","네일샵 홈페이지 제작 업체 | 직접 기획·개발·이관 | 름랩","네일샵 홈페이지에 실제로 필요한 페이지 — 샵 소개·둘러보기·시술 메뉴·가격표·시술 전후·후기·예약·상담. 네일샵 방문자는 검색으로 먼저 네일샵을 찾습니다. 98만원부터 정액 · 소스코드 이관 · 월 관리비 없음.","네일샵 홈페이지 제작","Answer|BreadcrumbList|ContactPoint|Country|FAQPage|ListItem|OpeningHoursSpecification|Organization|PostalAddress|ProfessionalService|PropertyValue|Question|Service|WebSite","35","3","service_or_hub","industry_service","P1","INDEX","self-canonical, indexable and present in sitemap","TESTED_LOCAL_BUILD"
"https://reumlab.com/website/noinbogjigwan/","200","https://reumlab.com/website/noinbogjigwan/","index, follow","yes","yes","no","노인복지관 홈페이지 만들기 | 프로그램·케어 안내·상담·입소 문의 어디까지 필요한가 | 름랩","노인복지관 홈페이지에 실제로 필요한 페이지 — 시설 소개·시설 안내·프로그램·케어 안내·이용 요금·입소 절차. 보호자는 신뢰할 시설을 찾아 프로그램과 비용을 꼼꼼히 비교합니다. 98만원부터 정액 · 소스코드 이관 · 월 관리비 없음.","노인복지관 홈페이지 제작","Answer|BreadcrumbList|ContactPoint|Country|FAQPage|ListItem|OpeningHoursSpecification|Organization|PostalAddress|ProfessionalService|PropertyValue|Question|Service|WebSite","35","8","service_or_hub","industry_service","P1","INDEX","self-canonical, indexable and present in sitemap","TESTED_LOCAL_BUILD"
"https://reumlab.com/website/nomusa/","200","https://reumlab.com/website/nomusa/","index, follow","yes","yes","no","노무사 홈페이지 제작 비용 | 98만원부터 정액 견적 | 름랩","노무사 홈페이지에 실제로 필요한 페이지 — 대표·전문가 소개·업무 분야·서비스·상담 절차·비용·상담 예약·문의. 노무사 특성상 의뢰인은 전문 분야와 사례, 상담 절차를 보고 신뢰를 판단합니다. 98만원부터 정액 · 소스코드 이관 · 월 관리비 없음.","노무사 홈페이지 제작","Answer|BreadcrumbList|ContactPoint|Country|FAQPage|ListItem|OpeningHoursSpecification|Organization|PostalAddress|ProfessionalService|PropertyValue|Question|Service|WebSite","35","3","service_or_hub","industry_service","P1","INDEX","self-canonical, indexable and present in sitemap","TESTED_LOCAL_BUILD"
"https://reumlab.com/website/nongsanmulpanmae/","200","https://reumlab.com/website/nongsanmulpanmae/","index, follow","yes","yes","no","농산물판매 홈페이지 제작 | 매장 소개·분위기·메뉴·가격 구성과 검색 노출 | 름랩","농산물판매 홈페이지에 실제로 필요한 페이지 — 매장 소개·분위기·메뉴·가격·예약·단체 문의·오시는 길·주차. 농산물판매 방문자는 검색으로 먼저 농산물판매를 찾습니다. 98만원부터 정액 · 소스코드 이관 · 월 관리비 없음.","농산물판매 홈페이지 제작","Answer|BreadcrumbList|ContactPoint|Country|FAQPage|ListItem|OpeningHoursSpecification|Organization|PostalAddress|ProfessionalService|PropertyValue|Question|Service|WebSite","35","4","service_or_hub","industry_service","P1","INDEX","self-canonical, indexable and present in sitemap","TESTED_LOCAL_BUILD"
"https://reumlab.com/website/nusutamjieobche/","200","https://reumlab.com/website/nusutamjieobche/","index, follow","yes","yes","no","누수탐지업체 홈페이지 만들기 | 업체 소개·서비스·작업 안내 어디까지 필요한가 | 름랩","누수탐지업체 홈페이지에 실제로 필요한 페이지 — 업체 소개·서비스·작업 안내·요금·견적·예약·문의. 고객은 서비스 범위와 요금, 출장 여부를 보고 업체를 부릅니다. 98만원부터 정액 · 소스코드 이관 · 월 관리비 없음.","누수탐지업체 홈페이지 제작","Answer|BreadcrumbList|ContactPoint|Country|FAQPage|ListItem|OpeningHoursSpecification|Organization|PostalAddress|ProfessionalService|PropertyValue|Question|Service|WebSite","35","5","service_or_hub","industry_service","P1","INDEX","self-canonical, indexable and present in sitemap","TESTED_LOCAL_BUILD"
"https://reumlab.com/website/onrainsyopingmol/","200","https://reumlab.com/website/onrainsyopingmol/","index, follow","yes","yes","no","온라인쇼핑몰 홈페이지 제작 | 매장·브랜드 소개·상품·카테고리 구성과 검색 노출 | 름랩","온라인쇼핑몰 홈페이지에 실제로 필요한 페이지 — 매장·브랜드 소개·상품·카테고리·가격·구매 안내·매장 위치·영업시간. 온라인쇼핑몰 방문자는 검색으로 먼저 온라인쇼핑몰을 찾습니다. 98만원부터 정액 · 소스코드 이관 · 월 관리비 없음.","온라인쇼핑몰 홈페이지 제작","Answer|BreadcrumbList|ContactPoint|Country|FAQPage|ListItem|OpeningHoursSpecification|Organization|PostalAddress|ProfessionalService|PropertyValue|Question|Service|WebSite","35","11","service_or_hub","industry_service","P1","INDEX","self-canonical, indexable and present in sitemap","TESTED_LOCAL_BUILD"
"https://reumlab.com/website/otobaimaejang/","200","https://reumlab.com/website/otobaimaejang/","index, follow","yes","yes","no","오토바이매장 홈페이지 제작 비용 | 98만원부터 정액 견적 | 름랩","오토바이매장 홈페이지에 실제로 필요한 페이지 — 업체 소개·시설·서비스·정비 항목·요금·견적·예약·문의. 오토바이매장은 신규 고객의 첫 접점이 대부분 모바일 검색입니다. 98만원부터 정액 · 소스코드 이관 · 월 관리비 없음.","오토바이매장 홈페이지 제작","Answer|BreadcrumbList|ContactPoint|Country|FAQPage|ListItem|OpeningHoursSpecification|Organization|PostalAddress|ProfessionalService|PropertyValue|Question|Service|WebSite","35","3","service_or_hub","industry_service","P1","INDEX","self-canonical, indexable and present in sitemap","TESTED_LOCAL_BUILD"
"https://reumlab.com/website/panchogmuleobche/","200","https://reumlab.com/website/panchogmuleobche/","index, follow","yes","yes","no","판촉물업체 홈페이지 제작 | 매장·브랜드 소개·상품·카테고리 구성과 검색 노출 | 름랩","판촉물업체 홈페이지에 실제로 필요한 페이지 — 매장·브랜드 소개·상품·카테고리·가격·구매 안내·매장 위치·영업시간. 름랩은 판촉물업체 동선을 구매 문의·매장 방문 한 흐름으로 묶어 이탈을 줄입니다. 98만원부터 정액 · 소스코드 이관 · 월 관리비 없음.","판촉물업체 홈페이지 제작","Answer|BreadcrumbList|ContactPoint|Country|FAQPage|ListItem|OpeningHoursSpecification|Organization|PostalAddress|ProfessionalService|PropertyValue|Question|Service|WebSite","35","4","service_or_hub","industry_service","P1","INDEX","self-canonical, indexable and present in sitemap","TESTED_LOCAL_BUILD"
"https://reumlab.com/website/patirum/","200","https://reumlab.com/website/patirum/","index, follow","yes","yes","no","파티룸 홈페이지 만들기 | 업체·스튜디오 소개·포트폴리오·갤러리 어디까지 필요한가 | 름랩","파티룸 홈페이지에 실제로 필요한 페이지 — 업체·스튜디오 소개·포트폴리오·갤러리·상품·패키지·예약·상담 문의. 파티룸은 신규 고객의 첫 접점이 대부분 모바일 검색입니다. 98만원부터 정액 · 소스코드 이관 · 월 관리비 없음.","파티룸 홈페이지 제작","Answer|BreadcrumbList|ContactPoint|Country|FAQPage|ListItem|OpeningHoursSpecification|Organization|PostalAddress|ProfessionalService|PropertyValue|Question|Service|WebSite","35","3","service_or_hub","industry_service","P1","INDEX","self-canonical, indexable and present in sitemap","TESTED_LOCAL_BUILD"
"https://reumlab.com/website/pensyeon/","200","https://reumlab.com/website/pensyeon/","index, follow","yes","yes","no","펜션 홈페이지 제작 업체 | 직접 기획·개발·이관 | 름랩","펜션 홈페이지에 실제로 필요한 페이지 — 숙소 소개·객실·객실 요금·예약·부대시설·주변 관광·예약·문의. 펜션 손님이 실시간 예약·전화 예약까지 한 화면에서 끝내도록 동선을 짜면 전화 문의가 줄고 문의 전환이 늘어납니다. 98만원부터 정액 · 소스코드 이관 · 월 관리비 없음.","펜션 홈페이지 제작","Answer|BreadcrumbList|ContactPoint|Country|FAQPage|ListItem|OpeningHoursSpecification|Organization|PostalAddress|ProfessionalService|PropertyValue|Question|Service|WebSite","35","2","service_or_hub","industry_service","P1","INDEX","self-canonical, indexable and present in sitemap","TESTED_LOCAL_BUILD"
"https://reumlab.com/website/peoseuneolkeolreo/","200","https://reumlab.com/website/peoseuneolkeolreo/","index, follow","yes","yes","no","퍼스널컬러 홈페이지 만들기 | 샵 소개·둘러보기·시술 메뉴·가격표 어디까지 필요한가 | 름랩","퍼스널컬러 홈페이지에 실제로 필요한 페이지 — 샵 소개·둘러보기·시술 메뉴·가격표·시술 전후·후기·예약·상담. 퍼스널컬러 손님이 온라인 예약·전화 예약까지 한 화면에서 끝내도록 동선을 짜면 전화 문의가 줄고 문의 전환이 늘어납니다.","퍼스널컬러 홈페이지 제작","Answer|BreadcrumbList|ContactPoint|Country|FAQPage|ListItem|OpeningHoursSpecification|Organization|PostalAddress|ProfessionalService|PropertyValue|Question|Service|WebSite","35","6","service_or_hub","industry_service","P1","INDEX","self-canonical, indexable and present in sitemap","TESTED_LOCAL_BUILD"
"https://reumlab.com/website/peulraseutigjejoeob/","200","https://reumlab.com/website/peulraseutigjejoeob/","index, follow","yes","yes","no","플라스틱제조업 홈페이지 제작 | 회사 소개·연혁·제품·생산 품목 구성과 검색 노출 | 름랩","플라스틱제조업 홈페이지에 실제로 필요한 페이지 — 회사 소개·연혁·제품·생산 품목·설비·생산능력·인증·품질. 플라스틱제조업 특성상 거래처는 생산 품목과 설비, 인증을 보고 거래처를 검토합니다. 98만원부터 정액 · 소스코드 이관 · 월 관리비 없음.","플라스틱제조업 홈페이지 제작","Answer|BreadcrumbList|ContactPoint|Country|FAQPage|ListItem|OpeningHoursSpecification|Organization|PostalAddress|ProfessionalService|PropertyValue|Question|Service|WebSite","35","3","service_or_hub","industry_service","P1","INDEX","self-canonical, indexable and present in sitemap","TESTED_LOCAL_BUILD"
"https://reumlab.com/website/peulrawosyab/","200","https://reumlab.com/website/peulrawosyab/","index, follow","yes","yes","no","플라워샵 홈페이지 만들기 | 업체·스튜디오 소개·포트폴리오·갤러리 어디까지 필요한가 | 름랩","플라워샵 홈페이지에 실제로 필요한 페이지 — 업체·스튜디오 소개·포트폴리오·갤러리·상품·패키지·예약·상담 문의. 플라워샵 신규 고객의 첫 접점은 대부분 모바일 검색입니다. 98만원부터 정액 · 소스코드 이관 · 월 관리비 없음.","플라워샵 홈페이지 제작","Answer|BreadcrumbList|ContactPoint|Country|FAQPage|ListItem|OpeningHoursSpecification|Organization|PostalAddress|ProfessionalService|PropertyValue|Question|Service|WebSite","35","4","service_or_hub","industry_service","P1","INDEX","self-canonical, indexable and present in sitemap","TESTED_LOCAL_BUILD"
"https://reumlab.com/website/pianohagwon/","200","https://reumlab.com/website/pianohagwon/","index, follow","yes","yes","no","피아노학원 홈페이지 제작 업체 | 직접 기획·개발·이관 | 름랩","피아노학원 홈페이지에 실제로 필요한 페이지 — 학원 소개·강사진·커리큘럼·수업 안내·시간표·반 편성·수강료·상담 신청. 름랩은 피아노학원 동선을 상담 신청·레벨테스트 예약 한 흐름으로 묶어 이탈을 줄입니다. 98만원부터 정액 · 소스코드 이관 · 월 관리비 없음.","피아노학원 홈페이지 제작","Answer|BreadcrumbList|ContactPoint|Country|FAQPage|ListItem|OpeningHoursSpecification|Organization|PostalAddress|ProfessionalService|PropertyValue|Question|Service|WebSite","36","3","service_or_hub","industry_service","P1","INDEX","self-canonical, indexable and present in sitemap","TESTED_LOCAL_BUILD"
"https://reumlab.com/website/pibugwa/","200","https://reumlab.com/website/pibugwa/","index, follow","yes","yes","no","피부과 홈페이지 제작 비용 | 98만원부터 정액 견적 | 름랩","피부과 홈페이지에 실제로 필요한 페이지 — 병원 소개·의료진·진료과목·진료 안내·진료시간·오시는 길·예약·상담 문의. 름랩은 피부과 동선을 전화 예약·온라인 예약·오시는 길 확인 한 흐름으로 묶어 이탈을 줄입니다. 98만원부터 정액 · 소스코드 이관 · 월 관리비 없음.","피부과 홈페이지 제작","Answer|BreadcrumbList|ContactPoint|Country|FAQPage|ListItem|OpeningHoursSpecification|Organization|PostalAddress|ProfessionalService|PropertyValue|Question|Service|WebSite","35","2","service_or_hub","industry_service","P1","INDEX","self-canonical, indexable and present in sitemap","TESTED_LOCAL_BUILD"
"https://reumlab.com/website/pibugwanrisyab/","200","https://reumlab.com/website/pibugwanrisyab/","index, follow","yes","yes","no","피부관리샵 홈페이지 제작 비용 | 98만원부터 정액 견적 | 름랩","피부관리샵 홈페이지에 실제로 필요한 페이지 — 샵 소개·둘러보기·시술 메뉴·가격표·시술 전후·후기·예약·상담. 피부관리샵은 신규 고객의 첫 접점이 대부분 모바일 검색입니다. 98만원부터 정액 · 소스코드 이관 · 월 관리비 없음.","피부관리샵 홈페이지 제작","Answer|BreadcrumbList|ContactPoint|Country|FAQPage|ListItem|OpeningHoursSpecification|Organization|PostalAddress|ProfessionalService|PropertyValue|Question|Service|WebSite","35","3","service_or_hub","industry_service","P1","INDEX","self-canonical, indexable and present in sitemap","TESTED_LOCAL_BUILD"
"https://reumlab.com/website/pijajib/","200","https://reumlab.com/website/pijajib/","index, follow","yes","yes","no","피자집 홈페이지 제작 비용 | 98만원부터 정액 견적 | 름랩","피자집 홈페이지에 실제로 필요한 페이지 — 매장 소개·분위기·메뉴·가격·예약·단체 문의·오시는 길·주차. 피자집 사장님이 가장 아쉬워하는 건 &#x27;검색에 안 나온다&#x27;입니다. 98만원부터 정액 · 소스코드 이관 · 월 관리비 없음.","피자집 홈페이지 제작","Answer|BreadcrumbList|ContactPoint|Country|FAQPage|ListItem|OpeningHoursSpecification|Organization|PostalAddress|ProfessionalService|PropertyValue|Question|Service|WebSite","35","8","service_or_hub","industry_service","P1","INDEX","self-canonical, indexable and present in sitemap","TESTED_LOCAL_BUILD"
"https://reumlab.com/website/pilrateseu/","200","https://reumlab.com/website/pilrateseu/","index, follow","yes","yes","no","필라테스 홈페이지 만들기 | 시설 소개·둘러보기·프로그램·수업 안내 어디까지 필요한가 | 름랩","필라테스 홈페이지에 실제로 필요한 페이지 — 시설 소개·둘러보기·프로그램·수업 안내·이용권·요금·체험·등록 문의. 필라테스는 신규 고객의 첫 접점이 대부분 모바일 검색입니다. 98만원부터 정액 · 소스코드 이관 · 월 관리비 없음.","필라테스 홈페이지 제작","Answer|BreadcrumbList|ContactPoint|Country|FAQPage|ListItem|OpeningHoursSpecification|Organization|PostalAddress|ProfessionalService|PropertyValue|Question|Service|WebSite","35","11","service_or_hub","industry_service","P1","INDEX","self-canonical, indexable and present in sitemap","TESTED_LOCAL_BUILD"
"https://reumlab.com/website/pojangjaejejoeob/","200","https://reumlab.com/website/pojangjaejejoeob/","index, follow","yes","yes","no","포장재제조업 홈페이지 제작 업체 | 직접 기획·개발·이관 | 름랩","포장재제조업 홈페이지에 실제로 필요한 페이지 — 회사 소개·연혁·제품·생산 품목·설비·생산능력·인증·품질. 포장재제조업은 신규 고객의 첫 접점이 대부분 모바일 검색입니다. 98만원부터 정액 · 소스코드 이관 · 월 관리비 없음.","포장재제조업 홈페이지 제작","Answer|BreadcrumbList|ContactPoint|Country|FAQPage|ListItem|OpeningHoursSpecification|Organization|PostalAddress|ProfessionalService|PropertyValue|Question|Service|WebSite","35","12","service_or_hub","industry_service","P1","INDEX","self-canonical, indexable and present in sitemap","TESTED_LOCAL_BUILD"
"https://reumlab.com/website/potobuseueobche/","200","https://reumlab.com/website/potobuseueobche/","index, follow","yes","yes","no","포토부스업체 홈페이지 만들기 | 업체·스튜디오 소개·포트폴리오·갤러리 어디까지 필요한가 | 름랩","포토부스업체 홈페이지에 실제로 필요한 페이지 — 업체·스튜디오 소개·포트폴리오·갤러리·상품·패키지·예약·상담 문의. 포토부스업체 손님이 상담 예약·견적 문의까지 한 화면에서 끝내도록 동선을 짜면 전화 문의가 줄고 문의 전환이 늘어납니다.","포토부스업체 홈페이지 제작","Answer|BreadcrumbList|ContactPoint|Country|FAQPage|ListItem|OpeningHoursSpecification|Organization|PostalAddress|ProfessionalService|PropertyValue|Question|Service|WebSite","35","5","service_or_hub","industry_service","P1","INDEX","self-canonical, indexable and present in sitemap","TESTED_LOCAL_BUILD"
"https://reumlab.com/website/pt-shop/","200","https://reumlab.com/website/pt-shop/","index, follow","yes","yes","no","PT샵 홈페이지 제작 비용 | 98만원부터 정액 견적 | 름랩","PT샵 홈페이지에 실제로 필요한 페이지 — 시설 소개·둘러보기·프로그램·수업 안내·이용권·요금·체험·등록 문의. PT샵 방문자는 검색으로 먼저 PT샵을 찾습니다. 98만원부터 정액 · 소스코드 이관 · 월 관리비 없음.","PT샵 홈페이지 제작","Answer|BreadcrumbList|ContactPoint|Country|FAQPage|ListItem|OpeningHoursSpecification|Organization|PostalAddress|ProfessionalService|PropertyValue|Question|Service|WebSite","35","4","service_or_hub","industry_service","P1","INDEX","self-canonical, indexable and present in sitemap","TESTED_LOCAL_BUILD"
"https://reumlab.com/website/pudeuteureog/","200","https://reumlab.com/website/pudeuteureog/","index, follow","yes","yes","no","푸드트럭 홈페이지 제작 | 매장 소개·분위기·메뉴·가격 구성과 검색 노출 | 름랩","푸드트럭 홈페이지에 실제로 필요한 페이지 — 매장 소개·분위기·메뉴·가격·예약·단체 문의·오시는 길·주차. 푸드트럭 손님이 예약 전화·주문·오시는 길까지 한 화면에서 끝내도록 동선을 짜면 전화 문의가 줄고 문의 전환이 늘어납니다.","푸드트럭 홈페이지 제작","Answer|BreadcrumbList|ContactPoint|Country|FAQPage|ListItem|OpeningHoursSpecification|Organization|PostalAddress|ProfessionalService|PropertyValue|Question|Service|WebSite","35","9","service_or_hub","industry_service","P1","INDEX","self-canonical, indexable and present in sitemap","TESTED_LOCAL_BUILD"
"https://reumlab.com/website/pulbilra/","200","https://reumlab.com/website/pulbilra/","index, follow","yes","yes","no","풀빌라 홈페이지 제작 비용 | 98만원부터 정액 견적 | 름랩","풀빌라 홈페이지에 실제로 필요한 페이지 — 숙소 소개·객실·객실 요금·예약·부대시설·주변 관광·예약·문의. 풀빌라 사장님이 가장 아쉬워하는 건 &#x27;검색에 안 나온다&#x27;입니다. 98만원부터 정액 · 소스코드 이관 · 월 관리비 없음.","풀빌라 홈페이지 제작","Answer|BreadcrumbList|ContactPoint|Country|FAQPage|ListItem|OpeningHoursSpecification|Organization|PostalAddress|ProfessionalService|PropertyValue|Question|Service|WebSite","35","4","service_or_hub","industry_service","P1","INDEX","self-canonical, indexable and present in sitemap","TESTED_LOCAL_BUILD"
"https://reumlab.com/website/pyegimulcheorieobche/","200","https://reumlab.com/website/pyegimulcheorieobche/","index, follow","yes","yes","no","폐기물처리업체 홈페이지 만들기 | 업체 소개·서비스·작업 안내 어디까지 필요한가 | 름랩","폐기물처리업체 홈페이지에 실제로 필요한 페이지 — 업체 소개·서비스·작업 안내·요금·견적·예약·문의. 폐기물처리업체는 홈페이지가 곧 첫인상입니다. 98만원부터 정액 · 소스코드 이관 · 월 관리비 없음.","폐기물처리업체 홈페이지 제작","Answer|BreadcrumbList|ContactPoint|Country|FAQPage|ListItem|OpeningHoursSpecification|Organization|PostalAddress|ProfessionalService|PropertyValue|Question|Service|WebSite","35","8","service_or_hub","industry_service","P1","INDEX","self-canonical, indexable and present in sitemap","TESTED_LOCAL_BUILD"
"https://reumlab.com/website/pyeonuijeom/","200","https://reumlab.com/website/pyeonuijeom/","index, follow","yes","yes","no","편의점 홈페이지 만들기 | 매장·브랜드 소개·상품·카테고리 어디까지 필요한가 | 름랩","편의점 홈페이지에 실제로 필요한 페이지 — 매장·브랜드 소개·상품·카테고리·가격·구매 안내·매장 위치·영업시간. 편의점 사장님이 가장 아쉬워하는 건 &#x27;검색에 안 나온다&#x27;입니다. 98만원부터 정액 · 소스코드 이관 · 월 관리비 없음.","편의점 홈페이지 제작","Answer|BreadcrumbList|ContactPoint|Country|FAQPage|ListItem|OpeningHoursSpecification|Organization|PostalAddress|ProfessionalService|PropertyValue|Question|Service|WebSite","35","4","service_or_hub","industry_service","P1","INDEX","self-canonical, indexable and present in sitemap","TESTED_LOCAL_BUILD"
"https://reumlab.com/website/rejeoseupocheu/","200","https://reumlab.com/website/rejeoseupocheu/","index, follow","yes","yes","no","레저스포츠 홈페이지 제작 | 시설 소개·둘러보기·프로그램·수업 안내 구성과 검색 노출 | 름랩","레저스포츠 홈페이지에 실제로 필요한 페이지 — 시설 소개·둘러보기·프로그램·수업 안내·이용권·요금·체험·등록 문의. 레저스포츠 신규 고객의 첫 접점은 대부분 모바일 검색입니다. 98만원부터 정액 · 소스코드 이관 · 월 관리비 없음.","레저스포츠 홈페이지 제작","Answer|BreadcrumbList|ContactPoint|Country|FAQPage|ListItem|OpeningHoursSpecification|Organization|PostalAddress|ProfessionalService|PropertyValue|Question|Service|WebSite","35","5","service_or_hub","industry_service","P1","INDEX","self-canonical, indexable and present in sitemap","TESTED_LOCAL_BUILD"
"https://reumlab.com/website/rentaleobche/","200","https://reumlab.com/website/rentaleobche/","index, follow","yes","yes","no","렌탈업체 홈페이지 만들기 | 업체 소개·서비스·작업 안내 어디까지 필요한가 | 름랩","렌탈업체 홈페이지에 실제로 필요한 페이지 — 업체 소개·서비스·작업 안내·요금·견적·예약·문의. 름랩은 렌탈업체 동선을 출장·방문 견적 문의 한 흐름으로 묶어 이탈을 줄입니다. 98만원부터 정액 · 소스코드 이관 · 월 관리비 없음.","렌탈업체 홈페이지 제작","Answer|BreadcrumbList|ContactPoint|Country|FAQPage|ListItem|OpeningHoursSpecification|Organization|PostalAddress|ProfessionalService|PropertyValue|Question|Service|WebSite","35","3","service_or_hub","industry_service","P1","INDEX","self-canonical, indexable and present in sitemap","TESTED_LOCAL_BUILD"
"https://reumlab.com/website/renteoka/","200","https://reumlab.com/website/renteoka/","index, follow","yes","yes","no","렌터카 홈페이지 제작 업체 | 직접 기획·개발·이관 | 름랩","렌터카 홈페이지에 실제로 필요한 페이지 — 숙소 소개·객실·객실 요금·예약·부대시설·주변 관광·예약·문의. 렌터카는 신규 고객의 첫 접점이 대부분 모바일 검색입니다. 98만원부터 정액 · 소스코드 이관 · 월 관리비 없음.","렌터카 홈페이지 제작","Answer|BreadcrumbList|ContactPoint|Country|FAQPage|ListItem|OpeningHoursSpecification|Organization|PostalAddress|ProfessionalService|PropertyValue|Question|Service|WebSite","35","4","service_or_hub","industry_service","P1","INDEX","self-canonical, indexable and present in sitemap","TESTED_LOCAL_BUILD"
"https://reumlab.com/website/rijoteu/","200","https://reumlab.com/website/rijoteu/","index, follow","yes","yes","no","리조트 홈페이지 만들기 | 숙소 소개·객실·객실 요금·예약 어디까지 필요한가 | 름랩","리조트 홈페이지에 실제로 필요한 페이지 — 숙소 소개·객실·객실 요금·예약·부대시설·주변 관광·예약·문의. 름랩은 리조트 동선을 실시간 예약·전화 예약 한 흐름으로 묶어 이탈을 줄입니다. 98만원부터 정액 · 소스코드 이관 · 월 관리비 없음.","리조트 홈페이지 제작","Answer|BreadcrumbList|ContactPoint|Country|FAQPage|ListItem|OpeningHoursSpecification|Organization|PostalAddress|ProfessionalService|PropertyValue|Question|Service|WebSite","35","8","service_or_hub","industry_service","P1","INDEX","self-canonical, indexable and present in sitemap","TESTED_LOCAL_BUILD"
"https://reumlab.com/website/rimodelringeobche/","200","https://reumlab.com/website/rimodelringeobche/","index, follow","yes","yes","no","리모델링업체 홈페이지 만들기 | 회사 소개·이력·공정·시공 안내 어디까지 필요한가 | 름랩","리모델링업체 홈페이지에 실제로 필요한 페이지 — 회사 소개·이력·시공 사례·포트폴리오·공정·시공 안내·견적·상담 문의. 고객은 시공 사례와 견적, 후기를 비교해 업체를 고릅니다. 98만원부터 정액 · 소스코드 이관 · 월 관리비 없음.","리모델링업체 홈페이지 제작","Answer|BreadcrumbList|ContactPoint|Country|FAQPage|ListItem|OpeningHoursSpecification|Organization|PostalAddress|ProfessionalService|PropertyValue|Question|Service|WebSite","35","6","service_or_hub","industry_service","P1","INDEX","self-canonical, indexable and present in sitemap","TESTED_LOCAL_BUILD"
"https://reumlab.com/website/sahoebogjigwan/","200","https://reumlab.com/website/sahoebogjigwan/","index, follow","yes","yes","no","사회복지관 홈페이지 제작 | 프로그램·케어 안내·상담·입소 문의 구성과 검색 노출 | 름랩","사회복지관 홈페이지에 실제로 필요한 페이지 — 시설 소개·시설 안내·프로그램·케어 안내·이용 요금·입소 절차. 사회복지관 특성상 보호자는 신뢰할 시설을 찾아 프로그램과 비용을 꼼꼼히 비교합니다. 98만원부터 정액 · 소스코드 이관 · 월 관리비 없음.","사회복지관 홈페이지 제작","Answer|BreadcrumbList|ContactPoint|Country|FAQPage|ListItem|OpeningHoursSpecification|Organization|PostalAddress|ProfessionalService|PropertyValue|Question|Service|WebSite","35","3","service_or_hub","industry_service","P1","INDEX","self-canonical, indexable and present in sitemap","TESTED_LOCAL_BUILD"
"https://reumlab.com/website/sajingwan/","200","https://reumlab.com/website/sajingwan/","index, follow","yes","yes","no","사진관 홈페이지 만들기 | 업체·스튜디오 소개·포트폴리오·갤러리 어디까지 필요한가 | 름랩","사진관 홈페이지에 실제로 필요한 페이지 — 업체·스튜디오 소개·포트폴리오·갤러리·상품·패키지·예약·상담 문의. 고객은 포트폴리오와 패키지, 후기를 보고 업체를 예약합니다. 98만원부터 정액 · 소스코드 이관 · 월 관리비 없음.","사진관 홈페이지 제작","Answer|BreadcrumbList|ContactPoint|Country|FAQPage|ListItem|OpeningHoursSpecification|Organization|PostalAddress|ProfessionalService|PropertyValue|Question|Service|WebSite","35","4","service_or_hub","industry_service","P1","INDEX","self-canonical, indexable and present in sitemap","TESTED_LOCAL_BUILD"
"https://reumlab.com/website/sanbuingwa/","200","https://reumlab.com/website/sanbuingwa/","index, follow","yes","yes","no","산부인과 홈페이지 제작 비용 | 98만원부터 정액 견적 | 름랩","산부인과 홈페이지에 실제로 필요한 페이지 — 병원 소개·의료진·진료과목·진료 안내·진료시간·오시는 길·예약·상담 문의. 환자는 방문 전 진료시간과 위치, 의료진을 검색으로 먼저 확인합니다. 98만원부터 정액 · 소스코드 이관 · 월 관리비 없음.","산부인과 홈페이지 제작","Answer|BreadcrumbList|ContactPoint|Country|FAQPage|ListItem|OpeningHoursSpecification|Organization|PostalAddress|ProfessionalService|PropertyValue|Question|Service|WebSite","35","10","service_or_hub","industry_service","P1","INDEX","self-canonical, indexable and present in sitemap","TESTED_LOCAL_BUILD"
"https://reumlab.com/website/saneobjangbieobche/","200","https://reumlab.com/website/saneobjangbieobche/","index, follow","yes","yes","no","산업장비업체 홈페이지 제작 업체 | 직접 기획·개발·이관 | 름랩","산업장비업체 홈페이지에 실제로 필요한 페이지 — 회사 소개·연혁·제품·생산 품목·설비·생산능력·인증·품질. 산업장비업체 손님이 견적·거래 문의까지 한 화면에서 끝내도록 동선을 짜면 전화 문의가 줄고 문의 전환이 늘어납니다.","산업장비업체 홈페이지 제작","Answer|BreadcrumbList|ContactPoint|Country|FAQPage|ListItem|OpeningHoursSpecification|Organization|PostalAddress|ProfessionalService|PropertyValue|Question|Service|WebSite","35","4","service_or_hub","industry_service","P1","INDEX","self-canonical, indexable and present in sitemap","TESTED_LOCAL_BUILD"
"https://reumlab.com/website/sangjohoesa/","200","https://reumlab.com/website/sangjohoesa/","index, follow","yes","yes","no","상조회사 홈페이지 만들기 | 시설·빈소 안내·장례 절차 안내 어디까지 필요한가 | 름랩","상조회사 홈페이지에 실제로 필요한 페이지 — 시설·빈소 안내·장례 절차 안내·비용·패키지·24시간 상담. 상조회사 방문자는 검색으로 먼저 상조회사를 찾습니다. 98만원부터 정액 · 소스코드 이관 · 월 관리비 없음.","상조회사 홈페이지 제작","Answer|BreadcrumbList|ContactPoint|Country|FAQPage|ListItem|OpeningHoursSpecification|Organization|PostalAddress|ProfessionalService|PropertyValue|Question|Service|WebSite","35","3","service_or_hub","industry_service","P1","INDEX","self-canonical, indexable and present in sitemap","TESTED_LOCAL_BUILD"
"https://reumlab.com/website/sanhudoumi/","200","https://reumlab.com/website/sanhudoumi/","index, follow","yes","yes","no","산후도우미 홈페이지 제작 비용 | 98만원부터 정액 견적 | 름랩","산후도우미 홈페이지에 실제로 필요한 페이지 — 시설 소개·시설 안내·프로그램·케어 안내·이용 요금·입소 절차. 보호자는 신뢰할 시설을 찾아 프로그램과 비용을 꼼꼼히 비교합니다. 98만원부터 정액 · 소스코드 이관 · 월 관리비 없음.","산후도우미 홈페이지 제작","Answer|BreadcrumbList|ContactPoint|Country|FAQPage|ListItem|OpeningHoursSpecification|Organization|PostalAddress|ProfessionalService|PropertyValue|Question|Service|WebSite","35","10","service_or_hub","industry_service","P1","INDEX","self-canonical, indexable and present in sitemap","TESTED_LOCAL_BUILD"
"https://reumlab.com/website/sanhujoriwon/","200","https://reumlab.com/website/sanhujoriwon/","index, follow","yes","yes","no","산후조리원 홈페이지 제작 비용 | 98만원부터 정액 견적 | 름랩","산후조리원 홈페이지에 실제로 필요한 페이지 — 시설 소개·시설 안내·프로그램·케어 안내·이용 요금·입소 절차. 름랩은 산후조리원 동선을 상담 전화·방문 상담 예약 한 흐름으로 묶어 이탈을 줄입니다. 98만원부터 정액 · 소스코드 이관 · 월 관리비 없음.","산후조리원 홈페이지 제작","Answer|BreadcrumbList|ContactPoint|Country|FAQPage|ListItem|OpeningHoursSpecification|Organization|PostalAddress|ProfessionalService|PropertyValue|Question|Service|WebSite","35","3","service_or_hub","industry_service","P1","INDEX","self-canonical, indexable and present in sitemap","TESTED_LOCAL_BUILD"
"https://reumlab.com/website/sechajang/","200","https://reumlab.com/website/sechajang/","index, follow","yes","yes","no","세차장 홈페이지 만들기 | 업체 소개·시설·서비스·정비 항목 어디까지 필요한가 | 름랩","세차장 홈페이지에 실제로 필요한 페이지 — 업체 소개·시설·서비스·정비 항목·요금·견적·예약·문의. 고객은 서비스 항목과 요금, 위치를 확인하고 예약합니다. 98만원부터 정액 · 소스코드 이관 · 월 관리비 없음.","세차장 홈페이지 제작","Answer|BreadcrumbList|ContactPoint|Country|FAQPage|ListItem|OpeningHoursSpecification|Organization|PostalAddress|ProfessionalService|PropertyValue|Question|Service|WebSite","35","5","service_or_hub","industry_service","P1","INDEX","self-canonical, indexable and present in sitemap","TESTED_LOCAL_BUILD"
"https://reumlab.com/website/semusa/","200","https://reumlab.com/website/semusa/","index, follow","yes","yes","no","세무사 홈페이지 만들기 | 대표·전문가 소개·업무 분야·서비스 어디까지 필요한가 | 름랩","세무사 홈페이지에 실제로 필요한 페이지 — 대표·전문가 소개·업무 분야·서비스·상담 절차·비용·상담 예약·문의. 세무사 방문자는 검색으로 먼저 세무사를 찾습니다. 98만원부터 정액 · 소스코드 이관 · 월 관리비 없음.","세무사 홈페이지 제작","Answer|BreadcrumbList|ContactPoint|Country|FAQPage|ListItem|OpeningHoursSpecification|Organization|PostalAddress|ProfessionalService|PropertyValue|Question|Service|WebSite","35","2","service_or_hub","industry_service","P1","INDEX","self-canonical, indexable and present in sitemap","TESTED_LOCAL_BUILD"
"https://reumlab.com/website/seojeom/","200","https://reumlab.com/website/seojeom/","index, follow","yes","yes","no","서점 홈페이지 만들기 | 매장·브랜드 소개·상품·카테고리 어디까지 필요한가 | 름랩","서점 홈페이지에 실제로 필요한 페이지 — 매장·브랜드 소개·상품·카테고리·가격·구매 안내·매장 위치·영업시간. 서점 손님이 구매 문의·매장 방문까지 한 화면에서 끝내도록 동선을 짜면 전화 문의가 줄고 문의 전환이 늘어납니다.","서점 홈페이지 제작","Answer|BreadcrumbList|ContactPoint|Country|FAQPage|ListItem|OpeningHoursSpecification|Organization|PostalAddress|ProfessionalService|PropertyValue|Question|Service|WebSite","35","4","service_or_hub","industry_service","P1","INDEX","self-canonical, indexable and present in sitemap","TESTED_LOCAL_BUILD"
"https://reumlab.com/website/seolbieobche/","200","https://reumlab.com/website/seolbieobche/","index, follow","yes","yes","no","설비업체 홈페이지 만들기 | 회사 소개·이력·공정·시공 안내 어디까지 필요한가 | 름랩","설비업체 홈페이지에 실제로 필요한 페이지 — 회사 소개·이력·시공 사례·포트폴리오·공정·시공 안내·견적·상담 문의. 름랩은 설비업체 동선을 현장 방문·견적 상담 한 흐름으로 묶어 이탈을 줄입니다. 98만원부터 정액 · 소스코드 이관 · 월 관리비 없음.","설비업체 홈페이지 제작","Answer|BreadcrumbList|ContactPoint|Country|FAQPage|ListItem|OpeningHoursSpecification|Organization|PostalAddress|ProfessionalService|PropertyValue|Question|Service|WebSite","35","4","service_or_hub","industry_service","P1","INDEX","self-canonical, indexable and present in sitemap","TESTED_LOCAL_BUILD"
"https://reumlab.com/website/seomyujejoeob/","200","https://reumlab.com/website/seomyujejoeob/","index, follow","yes","yes","no","섬유제조업 홈페이지 제작 | 회사 소개·연혁·제품·생산 품목 구성과 검색 노출 | 름랩","섬유제조업 홈페이지에 실제로 필요한 페이지 — 회사 소개·연혁·제품·생산 품목·설비·생산능력·인증·품질. 섬유제조업은 홈페이지가 곧 첫인상입니다. 98만원부터 정액 · 소스코드 이관 · 월 관리비 없음.","섬유제조업 홈페이지 제작","Answer|BreadcrumbList|ContactPoint|Country|FAQPage|ListItem|OpeningHoursSpecification|Organization|PostalAddress|ProfessionalService|PropertyValue|Question|Service|WebSite","35","4","service_or_hub","industry_service","P1","INDEX","self-canonical, indexable and present in sitemap","TESTED_LOCAL_BUILD"
"https://reumlab.com/website/seonghyeongoegwa/","200","https://reumlab.com/website/seonghyeongoegwa/","index, follow","yes","yes","no","성형외과 홈페이지 제작 업체 | 직접 기획·개발·이관 | 름랩","성형외과 홈페이지에 실제로 필요한 페이지 — 병원 소개·의료진·진료과목·진료 안내·진료시간·오시는 길·예약·상담 문의. 성형외과는 홈페이지가 곧 첫인상입니다. 98만원부터 정액 · 소스코드 이관 · 월 관리비 없음.","성형외과 홈페이지 제작","Answer|BreadcrumbList|ContactPoint|Country|FAQPage|ListItem|OpeningHoursSpecification|Organization|PostalAddress|ProfessionalService|PropertyValue|Question|Service|WebSite","35","3","service_or_hub","industry_service","P1","INDEX","self-canonical, indexable and present in sitemap","TESTED_LOCAL_BUILD"
"https://reumlab.com/website/setagso/","200","https://reumlab.com/website/setagso/","index, follow","yes","yes","no","세탁소 홈페이지 제작 | 업체 소개·서비스·작업 안내 구성과 검색 노출 | 름랩","세탁소 홈페이지에 실제로 필요한 페이지 — 업체 소개·서비스·작업 안내·요금·견적·예약·문의. 름랩은 세탁소 동선을 출장·방문 견적 문의 한 흐름으로 묶어 이탈을 줄입니다. 98만원부터 정액 · 소스코드 이관 · 월 관리비 없음.","세탁소 홈페이지 제작","Answer|BreadcrumbList|ContactPoint|Country|FAQPage|ListItem|OpeningHoursSpecification|Organization|PostalAddress|ProfessionalService|PropertyValue|Question|Service|WebSite","35","5","service_or_hub","industry_service","P1","INDEX","self-canonical, indexable and present in sitemap","TESTED_LOCAL_BUILD"
"https://reumlab.com/website/seukeuringolpeu/","200","https://reumlab.com/website/seukeuringolpeu/","index, follow","yes","yes","no","스크린골프 홈페이지 제작 비용 | 98만원부터 정액 견적 | 름랩","스크린골프 홈페이지에 실제로 필요한 페이지 — 시설 소개·둘러보기·프로그램·수업 안내·이용권·요금·체험·등록 문의. 스크린골프 특성상 회원은 시설 사진과 이용권, 위치를 보고 등록을 결정합니다. 98만원부터 정액 · 소스코드 이관 · 월 관리비 없음.","스크린골프 홈페이지 제작","Answer|BreadcrumbList|ContactPoint|Country|FAQPage|ListItem|OpeningHoursSpecification|Organization|PostalAddress|ProfessionalService|PropertyValue|Question|Service|WebSite","35","3","service_or_hub","industry_service","P1","INDEX","self-canonical, indexable and present in sitemap","TESTED_LOCAL_BUILD"
"https://reumlab.com/website/seungmajang/","200","https://reumlab.com/website/seungmajang/","index, follow","yes","yes","no","승마장 홈페이지 만들기 | 시설 소개·둘러보기·프로그램·수업 안내 어디까지 필요한가 | 름랩","승마장 홈페이지에 실제로 필요한 페이지 — 시설 소개·둘러보기·프로그램·수업 안내·이용권·요금·체험·등록 문의. 승마장은 홈페이지가 곧 첫인상입니다. 98만원부터 정액 · 소스코드 이관 · 월 관리비 없음.","승마장 홈페이지 제작","Answer|BreadcrumbList|ContactPoint|Country|FAQPage|ListItem|OpeningHoursSpecification|Organization|PostalAddress|ProfessionalService|PropertyValue|Question|Service|WebSite","35","11","service_or_hub","industry_service","P1","INDEX","self-canonical, indexable and present in sitemap","TESTED_LOCAL_BUILD"
"https://reumlab.com/website/seupa/","200","https://reumlab.com/website/seupa/","index, follow","yes","yes","no","스파 홈페이지 만들기 | 샵 소개·둘러보기·시술 메뉴·가격표 어디까지 필요한가 | 름랩","스파 홈페이지에 실제로 필요한 페이지 — 샵 소개·둘러보기·시술 메뉴·가격표·시술 전후·후기·예약·상담. 고객은 시술 사진과 가격, 후기를 보고 예약할 곳을 정합니다. 98만원부터 정액 · 소스코드 이관 · 월 관리비 없음.","스파 홈페이지 제작","Answer|BreadcrumbList|ContactPoint|Country|FAQPage|ListItem|OpeningHoursSpecification|Organization|PostalAddress|ProfessionalService|PropertyValue|Question|Service|WebSite","35","11","service_or_hub","industry_service","P1","INDEX","self-canonical, indexable and present in sitemap","TESTED_LOCAL_BUILD"
"https://reumlab.com/website/seutateueob/","200","https://reumlab.com/website/seutateueob/","index, follow","yes","yes","no","스타트업 홈페이지 만들기 | 회사 소개·연혁·제품·생산 품목 어디까지 필요한가 | 름랩","스타트업 홈페이지에 실제로 필요한 페이지 — 회사 소개·연혁·제품·생산 품목·설비·생산능력·인증·품질. 름랩은 스타트업 동선을 견적·거래 문의 한 흐름으로 묶어 이탈을 줄입니다. 98만원부터 정액 · 소스코드 이관 · 월 관리비 없음.","스타트업 홈페이지 제작","Answer|BreadcrumbList|ContactPoint|Country|FAQPage|ListItem|OpeningHoursSpecification|Organization|PostalAddress|ProfessionalService|PropertyValue|Question|Service|WebSite","35","3","service_or_hub","industry_service","P1","INDEX","self-canonical, indexable and present in sitemap","TESTED_LOCAL_BUILD"
"https://reumlab.com/website/seuteodikape/","200","https://reumlab.com/website/seuteodikape/","index, follow","yes","yes","no","스터디카페 홈페이지 제작 비용 | 98만원부터 정액 견적 | 름랩","스터디카페 홈페이지에 실제로 필요한 페이지 — 학원 소개·강사진·커리큘럼·수업 안내·시간표·반 편성·수강료·상담 신청. 스터디카페는 홈페이지가 곧 첫인상입니다. 98만원부터 정액 · 소스코드 이관 · 월 관리비 없음.","스터디카페 홈페이지 제작","Answer|BreadcrumbList|ContactPoint|Country|FAQPage|ListItem|OpeningHoursSpecification|Organization|PostalAddress|ProfessionalService|PropertyValue|Question|Service|WebSite","36","3","service_or_hub","industry_service","P1","INDEX","self-canonical, indexable and present in sitemap","TESTED_LOCAL_BUILD"
"https://reumlab.com/website/seutyudio/","200","https://reumlab.com/website/seutyudio/","index, follow","yes","yes","no","스튜디오 홈페이지 제작 업체 | 직접 기획·개발·이관 | 름랩","스튜디오 홈페이지에 실제로 필요한 페이지 — 업체·스튜디오 소개·포트폴리오·갤러리·상품·패키지·예약·상담 문의. 름랩은 스튜디오 동선을 상담 예약·견적 문의 한 흐름으로 묶어 이탈을 줄입니다. 98만원부터 정액 · 소스코드 이관 · 월 관리비 없음.","스튜디오 홈페이지 제작","Answer|BreadcrumbList|ContactPoint|Country|FAQPage|ListItem|OpeningHoursSpecification|Organization|PostalAddress|ProfessionalService|PropertyValue|Question|Service|WebSite","35","5","service_or_hub","industry_service","P1","INDEX","self-canonical, indexable and present in sitemap","TESTED_LOCAL_BUILD"
"https://reumlab.com/website/sigdang/","200","https://reumlab.com/website/sigdang/","index, follow","yes","yes","no","식당 홈페이지 제작 업체 | 직접 기획·개발·이관 | 름랩","식당 홈페이지에 실제로 필요한 페이지 — 매장 소개·분위기·메뉴·가격·예약·단체 문의·오시는 길·주차. 식당 방문자는 검색으로 먼저 식당을 찾습니다. 98만원부터 정액 · 소스코드 이관 · 월 관리비 없음.","식당 홈페이지 제작","Answer|BreadcrumbList|ContactPoint|Country|FAQPage|ListItem|OpeningHoursSpecification|Organization|PostalAddress|ProfessionalService|PropertyValue|Question|Service|WebSite","35","2","service_or_hub","industry_service","P1","INDEX","self-canonical, indexable and present in sitemap","TESTED_LOCAL_BUILD"
"https://reumlab.com/website/sigpumgagongeob/","200","https://reumlab.com/website/sigpumgagongeob/","index, follow","yes","yes","no","식품가공업 홈페이지 제작 | 회사 소개·연혁·제품·생산 품목 구성과 검색 노출 | 름랩","식품가공업 홈페이지에 실제로 필요한 페이지 — 회사 소개·연혁·제품·생산 품목·설비·생산능력·인증·품질. 거래처는 생산 품목과 설비, 인증을 보고 거래처를 검토합니다. 98만원부터 정액 · 소스코드 이관 · 월 관리비 없음.","식품가공업 홈페이지 제작","Answer|BreadcrumbList|ContactPoint|Country|FAQPage|ListItem|OpeningHoursSpecification|Organization|PostalAddress|ProfessionalService|PropertyValue|Question|Service|WebSite","35","7","service_or_hub","industry_service","P1","INDEX","self-canonical, indexable and present in sitemap","TESTED_LOCAL_BUILD"
"https://reumlab.com/website/sigpumjejoeob/","200","https://reumlab.com/website/sigpumjejoeob/","index, follow","yes","yes","no","식품제조업 홈페이지 제작 비용 | 98만원부터 정액 견적 | 름랩","식품제조업 홈페이지에 실제로 필요한 페이지 — 매장 소개·분위기·메뉴·가격·예약·단체 문의·오시는 길·주차. 름랩은 식품제조업 동선을 예약 전화·주문·오시는 길 한 흐름으로 묶어 이탈을 줄입니다. 98만원부터 정액 · 소스코드 이관 · 월 관리비 없음.","식품제조업 홈페이지 제작","Answer|BreadcrumbList|ContactPoint|Country|FAQPage|ListItem|OpeningHoursSpecification|Organization|PostalAddress|ProfessionalService|PropertyValue|Question|Service|WebSite","35","5","service_or_hub","industry_service","P1","INDEX","self-canonical, indexable and present in sitemap","TESTED_LOCAL_BUILD"
"https://reumlab.com/website/silbeotaun/","200","https://reumlab.com/website/silbeotaun/","index, follow","yes","yes","no","실버타운 홈페이지 만들기 | 프로그램·케어 안내·상담·입소 문의 어디까지 필요한가 | 름랩","실버타운 홈페이지에 실제로 필요한 페이지 — 시설 소개·시설 안내·프로그램·케어 안내·이용 요금·입소 절차. 실버타운은 신규 고객의 첫 접점이 대부분 모바일 검색입니다. 98만원부터 정액 · 소스코드 이관 · 월 관리비 없음.","실버타운 홈페이지 제작","Answer|BreadcrumbList|ContactPoint|Country|FAQPage|ListItem|OpeningHoursSpecification|Organization|PostalAddress|ProfessionalService|PropertyValue|Question|Service|WebSite","35","4","service_or_hub","industry_service","P1","INDEX","self-canonical, indexable and present in sitemap","TESTED_LOCAL_BUILD"
"https://reumlab.com/website/simrisangdamsenteo/","200","https://reumlab.com/website/simrisangdamsenteo/","index, follow","yes","yes","no","심리상담센터 홈페이지 제작 업체 | 직접 기획·개발·이관 | 름랩","심리상담센터 홈페이지에 실제로 필요한 페이지 — 시설 소개·시설 안내·프로그램·케어 안내·이용 요금·입소 절차. 심리상담센터는 신규 고객의 첫 접점이 대부분 모바일 검색입니다. 98만원부터 정액 · 소스코드 이관 · 월 관리비 없음.","심리상담센터 홈페이지 제작","Answer|BreadcrumbList|ContactPoint|Country|FAQPage|ListItem|OpeningHoursSpecification|Organization|PostalAddress|ProfessionalService|PropertyValue|Question|Service|WebSite","35","5","service_or_hub","industry_service","P1","INDEX","self-canonical, indexable and present in sitemap","TESTED_LOCAL_BUILD"
"https://reumlab.com/website/sinbalmaejang/","200","https://reumlab.com/website/sinbalmaejang/","index, follow","yes","yes","no","신발매장 홈페이지 만들기 | 브랜드·매장 소개·제품·컬렉션 어디까지 필요한가 | 름랩","신발매장 홈페이지에 실제로 필요한 페이지 — 브랜드·매장 소개·제품·컬렉션·룩북·착용컷·매장 위치·영업시간. 고객은 제품 이미지와 매장 위치를 확인하고 방문합니다. 98만원부터 정액 · 소스코드 이관 · 월 관리비 없음.","신발매장 홈페이지 제작","Answer|BreadcrumbList|ContactPoint|Country|FAQPage|ListItem|OpeningHoursSpecification|Organization|PostalAddress|ProfessionalService|PropertyValue|Question|Service|WebSite","35","3","service_or_hub","industry_service","P1","INDEX","self-canonical, indexable and present in sitemap","TESTED_LOCAL_BUILD"
"https://reumlab.com/website/sinchadilreo/","200","https://reumlab.com/website/sinchadilreo/","index, follow","yes","yes","no","신차딜러 홈페이지 제작 비용 | 98만원부터 정액 견적 | 름랩","신차딜러 홈페이지에 실제로 필요한 페이지 — 업체 소개·시설·서비스·정비 항목·요금·견적·예약·문의. 신차딜러 손님이 예약·견적 문의까지 한 화면에서 끝내도록 동선을 짜면 전화 문의가 줄고 문의 전환이 늘어납니다. 98만원부터 정액 · 소스코드 이관 · 월 관리비 없음.","신차딜러 홈페이지 제작","Answer|BreadcrumbList|ContactPoint|Country|FAQPage|ListItem|OpeningHoursSpecification|Organization|PostalAddress|ProfessionalService|PropertyValue|Question|Service|WebSite","35","4","service_or_hub","industry_service","P1","INDEX","self-canonical, indexable and present in sitemap","TESTED_LOCAL_BUILD"
"https://reumlab.com/website/singyeongoegwa/","200","https://reumlab.com/website/singyeongoegwa/","index, follow","yes","yes","no","신경외과 홈페이지 만들기 | 병원 소개·의료진·진료과목·진료 안내 어디까지 필요한가 | 름랩","신경외과 홈페이지에 실제로 필요한 페이지 — 병원 소개·의료진·진료과목·진료 안내·진료시간·오시는 길·예약·상담 문의. 름랩은 신경외과 동선을 전화 예약·온라인 예약·오시는 길 확인 한 흐름으로 묶어 이탈을 줄입니다. 98만원부터 정액 · 소스코드 이관 · 월 관리비 없음.","신경외과 홈페이지 제작","Answer|BreadcrumbList|ContactPoint|Country|FAQPage|ListItem|OpeningHoursSpecification|Organization|PostalAddress|ProfessionalService|PropertyValue|Question|Service|WebSite","35","3","service_or_hub","industry_service","P1","INDEX","self-canonical, indexable and present in sitemap","TESTED_LOCAL_BUILD"
"https://reumlab.com/website/sinyongjeongbohoesa/","200","https://reumlab.com/website/sinyongjeongbohoesa/","index, follow","yes","yes","no","신용정보회사 홈페이지 제작 비용 | 98만원부터 정액 견적 | 름랩","신용정보회사 홈페이지에 실제로 필요한 페이지 — 대표·전문가 소개·업무 분야·서비스·상담 절차·비용·상담 예약·문의. 신용정보회사 사장님이 가장 아쉬워하는 건 &#x27;검색에 안 나온다&#x27;입니다. 98만원부터 정액 · 소스코드 이관 · 월 관리비 없음.","신용정보회사 홈페이지 제작","Answer|BreadcrumbList|ContactPoint|Country|FAQPage|ListItem|OpeningHoursSpecification|Organization|PostalAddress|ProfessionalService|PropertyValue|Question|Service|WebSite","35","5","service_or_hub","industry_service","P1","INDEX","self-canonical, indexable and present in sitemap","TESTED_LOCAL_BUILD"
"https://reumlab.com/website/soagwa/","200","https://reumlab.com/website/soagwa/","index, follow","yes","yes","no","소아과 홈페이지 만들기 | 병원 소개·의료진·진료과목·진료 안내 어디까지 필요한가 | 름랩","소아과 홈페이지에 실제로 필요한 페이지 — 병원 소개·의료진·진료과목·진료 안내·진료시간·오시는 길·예약·상담 문의. 름랩은 소아과 동선을 전화 예약·온라인 예약·오시는 길 확인 한 흐름으로 묶어 이탈을 줄입니다. 98만원부터 정액 · 소스코드 이관 · 월 관리비 없음.","소아과 홈페이지 제작","Answer|BreadcrumbList|ContactPoint|Country|FAQPage|ListItem|OpeningHoursSpecification|Organization|PostalAddress|ProfessionalService|PropertyValue|Question|Service|WebSite","35","3","service_or_hub","industry_service","P1","INDEX","self-canonical, indexable and present in sitemap","TESTED_LOCAL_BUILD"
"https://reumlab.com/website/sodogeobche/","200","https://reumlab.com/website/sodogeobche/","index, follow","yes","yes","no","소독업체 홈페이지 만들기 | 업체 소개·서비스·작업 안내 어디까지 필요한가 | 름랩","소독업체 홈페이지에 실제로 필요한 페이지 — 업체 소개·서비스·작업 안내·요금·견적·예약·문의. 소독업체는 신규 고객의 첫 접점이 대부분 모바일 검색입니다. 98만원부터 정액 · 소스코드 이관 · 월 관리비 없음.","소독업체 홈페이지 제작","Answer|BreadcrumbList|ContactPoint|Country|FAQPage|ListItem|OpeningHoursSpecification|Organization|PostalAddress|ProfessionalService|PropertyValue|Question|Service|WebSite","35","7","service_or_hub","industry_service","P1","INDEX","self-canonical, indexable and present in sitemap","TESTED_LOCAL_BUILD"
"https://reumlab.com/website/sognunsseobsyab/","200","https://reumlab.com/website/sognunsseobsyab/","index, follow","yes","yes","no","속눈썹샵 홈페이지 제작 비용 | 98만원부터 정액 견적 | 름랩","속눈썹샵 홈페이지에 실제로 필요한 페이지 — 샵 소개·둘러보기·시술 메뉴·가격표·시술 전후·후기·예약·상담. 속눈썹샵 사장님이 가장 아쉬워하는 건 &#x27;검색에 안 나온다&#x27;입니다. 98만원부터 정액 · 소스코드 이관 · 월 관리비 없음.","속눈썹샵 홈페이지 제작","Answer|BreadcrumbList|ContactPoint|Country|FAQPage|ListItem|OpeningHoursSpecification|Organization|PostalAddress|ProfessionalService|PropertyValue|Question|Service|WebSite","35","6","service_or_hub","industry_service","P1","INDEX","self-canonical, indexable and present in sitemap","TESTED_LOCAL_BUILD"
"https://reumlab.com/website/solrusyeoneobche/","200","https://reumlab.com/website/solrusyeoneobche/","index, follow","yes","yes","no","솔루션업체 홈페이지 제작 업체 | 직접 기획·개발·이관 | 름랩","솔루션업체 홈페이지에 실제로 필요한 페이지 — 회사 소개·팀·서비스·솔루션·포트폴리오·사례·기술·역량. 솔루션업체 손님이 프로젝트 상담·견적 문의까지 한 화면에서 끝내도록 동선을 짜면 전화 문의가 줄고 문의 전환이 늘어납니다.","솔루션업체 홈페이지 제작","Answer|BreadcrumbList|ContactPoint|Country|FAQPage|ListItem|OpeningHoursSpecification|Organization|PostalAddress|ProfessionalService|PropertyValue|Question|Service|WebSite","35","3","service_or_hub","industry_service","P1","INDEX","self-canonical, indexable and present in sitemap","TESTED_LOCAL_BUILD"
"https://reumlab.com/website/somaeeob/","200","https://reumlab.com/website/somaeeob/","index, follow","yes","yes","no","소매업 홈페이지 제작 업체 | 직접 기획·개발·이관 | 름랩","소매업 홈페이지에 실제로 필요한 페이지 — 매장·브랜드 소개·상품·카테고리·가격·구매 안내·매장 위치·영업시간. 고객은 취급 상품과 가격, 매장 위치를 확인하고 방문합니다. 98만원부터 정액 · 소스코드 이관 · 월 관리비 없음.","소매업 홈페이지 제작","Answer|BreadcrumbList|ContactPoint|Country|FAQPage|ListItem|OpeningHoursSpecification|Organization|PostalAddress|ProfessionalService|PropertyValue|Question|Service|WebSite","35","6","service_or_hub","industry_service","P1","INDEX","self-canonical, indexable and present in sitemap","TESTED_LOCAL_BUILD"
"https://reumlab.com/website/sonhaesajeongsa/","200","https://reumlab.com/website/sonhaesajeongsa/","index, follow","yes","yes","no","손해사정사 홈페이지 제작 비용 | 98만원부터 정액 견적 | 름랩","손해사정사 홈페이지에 실제로 필요한 페이지 — 대표·전문가 소개·업무 분야·서비스·상담 절차·비용·상담 예약·문의. 손해사정사는 홈페이지가 곧 첫인상입니다. 98만원부터 정액 · 소스코드 이관 · 월 관리비 없음.","손해사정사 홈페이지 제작","Answer|BreadcrumbList|ContactPoint|Country|FAQPage|ListItem|OpeningHoursSpecification|Organization|PostalAddress|ProfessionalService|PropertyValue|Question|Service|WebSite","35","7","service_or_hub","industry_service","P1","INDEX","self-canonical, indexable and present in sitemap","TESTED_LOCAL_BUILD"
"https://reumlab.com/website/sonsechajang/","200","https://reumlab.com/website/sonsechajang/","index, follow","yes","yes","no","손세차장 홈페이지 제작 | 업체 소개·시설·서비스·정비 항목 구성과 검색 노출 | 름랩","손세차장 홈페이지에 실제로 필요한 페이지 — 업체 소개·시설·서비스·정비 항목·요금·견적·예약·문의. 손세차장 사장님이 가장 아쉬워하는 건 &#x27;검색에 안 나온다&#x27;입니다. 98만원부터 정액 · 소스코드 이관 · 월 관리비 없음.","손세차장 홈페이지 제작","Answer|BreadcrumbList|ContactPoint|Country|FAQPage|ListItem|OpeningHoursSpecification|Organization|PostalAddress|ProfessionalService|PropertyValue|Question|Service|WebSite","35","3","service_or_hub","industry_service","P1","INDEX","self-canonical, indexable and present in sitemap","TESTED_LOCAL_BUILD"
"https://reumlab.com/website/sopeuteuweeogaebalsa/","200","https://reumlab.com/website/sopeuteuweeogaebalsa/","index, follow","yes","yes","no","소프트웨어개발사 홈페이지 제작 | 회사 소개·팀·서비스·솔루션 구성과 검색 노출 | 름랩","소프트웨어개발사 홈페이지에 실제로 필요한 페이지 — 회사 소개·팀·서비스·솔루션·포트폴리오·사례·기술·역량. 소프트웨어개발사 방문자는 검색으로 먼저 소프트웨어개발사를 찾습니다. 98만원부터 정액 · 소스코드 이관 · 월 관리비 없음.","소프트웨어개발사 홈페이지 제작","Answer|BreadcrumbList|ContactPoint|Country|FAQPage|ListItem|OpeningHoursSpecification|Organization|PostalAddress|ProfessionalService|PropertyValue|Question|Service|WebSite","35","3","service_or_hub","industry_service","P1","INDEX","self-canonical, indexable and present in sitemap","TESTED_LOCAL_BUILD"
"https://reumlab.com/website/suhaghagwon/","200","https://reumlab.com/website/suhaghagwon/","index, follow","yes","yes","no","수학학원 홈페이지 만들기 | 학원 소개·강사진·커리큘럼·수업 안내 어디까지 필요한가 | 름랩","수학학원 홈페이지에 실제로 필요한 페이지 — 학원 소개·강사진·커리큘럼·수업 안내·시간표·반 편성·수강료·상담 신청. 학부모는 커리큘럼과 강사, 실적을 비교해 학원을 고릅니다. 98만원부터 정액 · 소스코드 이관 · 월 관리비 없음.","수학학원 홈페이지 제작","Answer|BreadcrumbList|ContactPoint|Country|FAQPage|ListItem|OpeningHoursSpecification|Organization|PostalAddress|ProfessionalService|PropertyValue|Question|Service|WebSite","36","6","service_or_hub","industry_service","P1","INDEX","self-canonical, indexable and present in sitemap","TESTED_LOCAL_BUILD"
"https://reumlab.com/website/suibpanmaeeob/","200","https://reumlab.com/website/suibpanmaeeob/","index, follow","yes","yes","no","수입판매업 홈페이지 제작 비용 | 98만원부터 정액 견적 | 름랩","수입판매업 홈페이지에 실제로 필요한 페이지 — 매장·브랜드 소개·상품·카테고리·가격·구매 안내·매장 위치·영업시간. 수입판매업 신규 고객의 첫 접점은 대부분 모바일 검색입니다. 98만원부터 정액 · 소스코드 이관 · 월 관리비 없음.","수입판매업 홈페이지 제작","Answer|BreadcrumbList|ContactPoint|Country|FAQPage|ListItem|OpeningHoursSpecification|Organization|PostalAddress|ProfessionalService|PropertyValue|Question|Service|WebSite","35","6","service_or_hub","industry_service","P1","INDEX","self-canonical, indexable and present in sitemap","TESTED_LOCAL_BUILD"
"https://reumlab.com/website/suyeongjang/","200","https://reumlab.com/website/suyeongjang/","index, follow","yes","yes","no","수영장 홈페이지 제작 | 시설 소개·둘러보기·프로그램·수업 안내 구성과 검색 노출 | 름랩","수영장 홈페이지에 실제로 필요한 페이지 — 시설 소개·둘러보기·프로그램·수업 안내·이용권·요금·체험·등록 문의. 수영장은 신규 고객의 첫 접점이 대부분 모바일 검색입니다. 98만원부터 정액 · 소스코드 이관 · 월 관리비 없음.","수영장 홈페이지 제작","Answer|BreadcrumbList|ContactPoint|Country|FAQPage|ListItem|OpeningHoursSpecification|Organization|PostalAddress|ProfessionalService|PropertyValue|Question|Service|WebSite","35","3","service_or_hub","industry_service","P1","INDEX","self-canonical, indexable and present in sitemap","TESTED_LOCAL_BUILD"
"https://reumlab.com/website/syopingmol/","200","https://reumlab.com/website/syopingmol/","index, follow","yes","yes","no","쇼핑몰 홈페이지 제작 업체 | 직접 기획·개발·이관 | 름랩","쇼핑몰 홈페이지에 실제로 필요한 페이지 — 매장·브랜드 소개·상품·카테고리·가격·구매 안내·매장 위치·영업시간. 쇼핑몰 손님이 구매 문의·매장 방문까지 한 화면에서 끝내도록 동선을 짜면 전화 문의가 줄고 문의 전환이 늘어납니다.","쇼핑몰 홈페이지 제작","Answer|BreadcrumbList|ContactPoint|Country|FAQPage|ListItem|OpeningHoursSpecification|Organization|PostalAddress|ProfessionalService|PropertyValue|Question|Service|WebSite","35","2","service_or_hub","industry_service","P1","INDEX","self-canonical, indexable and present in sitemap","TESTED_LOCAL_BUILD"
"https://reumlab.com/website/taegbaeeobche/","200","https://reumlab.com/website/taegbaeeobche/","index, follow","yes","yes","no","택배업체 홈페이지 제작 업체 | 직접 기획·개발·이관 | 름랩","택배업체 홈페이지에 실제로 필요한 페이지 — 업체 소개·시설·서비스·정비 항목·요금·견적·예약·문의. 택배업체 사장님이 가장 아쉬워하는 건 &#x27;검색에 안 나온다&#x27;입니다. 98만원부터 정액 · 소스코드 이관 · 월 관리비 없음.","택배업체 홈페이지 제작","Answer|BreadcrumbList|ContactPoint|Country|FAQPage|ListItem|OpeningHoursSpecification|Organization|PostalAddress|ProfessionalService|PropertyValue|Question|Service|WebSite","35","8","service_or_hub","industry_service","P1","INDEX","self-canonical, indexable and present in sitemap","TESTED_LOCAL_BUILD"
"https://reumlab.com/website/taegwondojang/","200","https://reumlab.com/website/taegwondojang/","index, follow","yes","yes","no","태권도장 홈페이지 제작 | 학원 소개·강사진·커리큘럼·수업 안내 구성과 검색 노출 | 름랩","태권도장 홈페이지에 실제로 필요한 페이지 — 학원 소개·강사진·커리큘럼·수업 안내·시간표·반 편성·수강료·상담 신청. 학부모는 커리큘럼과 강사, 실적을 비교해 학원을 고릅니다. 98만원부터 정액 · 소스코드 이관 · 월 관리비 없음.","태권도장 홈페이지 제작","Answer|BreadcrumbList|ContactPoint|Country|FAQPage|ListItem|OpeningHoursSpecification|Organization|PostalAddress|ProfessionalService|PropertyValue|Question|Service|WebSite","36","3","service_or_hub","industry_service","P1","INDEX","self-canonical, indexable and present in sitemap","TESTED_LOCAL_BUILD"
"https://reumlab.com/website/taieomaejang/","200","https://reumlab.com/website/taieomaejang/","index, follow","yes","yes","no","타이어매장 홈페이지 제작 비용 | 98만원부터 정액 견적 | 름랩","타이어매장 홈페이지에 실제로 필요한 페이지 — 업체 소개·시설·서비스·정비 항목·요금·견적·예약·문의. 름랩은 타이어매장 동선을 예약·견적 문의 한 흐름으로 묶어 이탈을 줄입니다. 98만원부터 정액 · 소스코드 이관 · 월 관리비 없음.","타이어매장 홈페이지 제작","Answer|BreadcrumbList|ContactPoint|Country|FAQPage|ListItem|OpeningHoursSpecification|Organization|PostalAddress|ProfessionalService|PropertyValue|Question|Service|WebSite","35","6","service_or_hub","industry_service","P1","INDEX","self-canonical, indexable and present in sitemap","TESTED_LOCAL_BUILD"
"https://reumlab.com/website/taileobche/","200","https://reumlab.com/website/taileobche/","index, follow","yes","yes","no","타일업체 홈페이지 만들기 | 회사 소개·이력·공정·시공 안내 어디까지 필요한가 | 름랩","타일업체 홈페이지에 실제로 필요한 페이지 — 회사 소개·이력·시공 사례·포트폴리오·공정·시공 안내·견적·상담 문의. 타일업체 손님이 현장 방문·견적 상담까지 한 화면에서 끝내도록 동선을 짜면 전화 문의가 줄고 문의 전환이 늘어납니다.","타일업체 홈페이지 제작","Answer|BreadcrumbList|ContactPoint|Country|FAQPage|ListItem|OpeningHoursSpecification|Organization|PostalAddress|ProfessionalService|PropertyValue|Question|Service|WebSite","35","4","service_or_hub","industry_service","P1","INDEX","self-canonical, indexable and present in sitemap","TESTED_LOCAL_BUILD"
"https://reumlab.com/website/temapakeu/","200","https://reumlab.com/website/temapakeu/","index, follow","yes","yes","no","테마파크 홈페이지 제작 업체 | 직접 기획·개발·이관 | 름랩","테마파크 홈페이지에 실제로 필요한 페이지 — 숙소 소개·객실·객실 요금·예약·부대시설·주변 관광·예약·문의. 름랩은 테마파크 동선을 실시간 예약·전화 예약 한 흐름으로 묶어 이탈을 줄입니다. 98만원부터 정액 · 소스코드 이관 · 월 관리비 없음.","테마파크 홈페이지 제작","Answer|BreadcrumbList|ContactPoint|Country|FAQPage|ListItem|OpeningHoursSpecification|Organization|PostalAddress|ProfessionalService|PropertyValue|Question|Service|WebSite","35","4","service_or_hub","industry_service","P1","INDEX","self-canonical, indexable and present in sitemap","TESTED_LOCAL_BUILD"
"https://reumlab.com/website/teniseujang/","200","https://reumlab.com/website/teniseujang/","index, follow","yes","yes","no","테니스장 홈페이지 제작 비용 | 98만원부터 정액 견적 | 름랩","테니스장 홈페이지에 실제로 필요한 페이지 — 시설 소개·둘러보기·프로그램·수업 안내·이용권·요금·체험·등록 문의. 름랩은 테니스장 동선을 체험·등록 상담 신청 한 흐름으로 묶어 이탈을 줄입니다. 98만원부터 정액 · 소스코드 이관 · 월 관리비 없음.","테니스장 홈페이지 제작","Answer|BreadcrumbList|ContactPoint|Country|FAQPage|ListItem|OpeningHoursSpecification|Organization|PostalAddress|ProfessionalService|PropertyValue|Question|Service|WebSite","35","3","service_or_hub","industry_service","P1","INDEX","self-canonical, indexable and present in sitemap","TESTED_LOCAL_BUILD"
"https://reumlab.com/website/teugheosamuso/","200","https://reumlab.com/website/teugheosamuso/","index, follow","yes","yes","no","특허사무소 홈페이지 제작 업체 | 직접 기획·개발·이관 | 름랩","특허사무소 홈페이지에 실제로 필요한 페이지 — 회사 소개·팀·서비스·솔루션·포트폴리오·사례·기술·역량. 특허사무소 사장님이 가장 아쉬워하는 건 &#x27;검색에 안 나온다&#x27;입니다. 98만원부터 정액 · 소스코드 이관 · 월 관리비 없음.","특허사무소 홈페이지 제작","Answer|BreadcrumbList|ContactPoint|Country|FAQPage|ListItem|OpeningHoursSpecification|Organization|PostalAddress|ProfessionalService|PropertyValue|Question|Service|WebSite","35","5","service_or_hub","industry_service","P1","INDEX","self-canonical, indexable and present in sitemap","TESTED_LOCAL_BUILD"
"https://reumlab.com/website/tomoghoesa/","200","https://reumlab.com/website/tomoghoesa/","index, follow","yes","yes","no","토목회사 홈페이지 만들기 | 회사 소개·이력·공정·시공 안내 어디까지 필요한가 | 름랩","토목회사 홈페이지에 실제로 필요한 페이지 — 회사 소개·이력·시공 사례·포트폴리오·공정·시공 안내·견적·상담 문의. 토목회사 특성상 고객은 시공 사례와 견적, 후기를 비교해 업체를 고릅니다. 98만원부터 정액 · 소스코드 이관 · 월 관리비 없음.","토목회사 홈페이지 제작","Answer|BreadcrumbList|ContactPoint|Country|FAQPage|ListItem|OpeningHoursSpecification|Organization|PostalAddress|ProfessionalService|PropertyValue|Question|Service|WebSite","35","3","service_or_hub","industry_service","P1","INDEX","self-canonical, indexable and present in sitemap","TESTED_LOCAL_BUILD"
"https://reumlab.com/website/tongjeunguihaggwa/","200","https://reumlab.com/website/tongjeunguihaggwa/","index, follow","yes","yes","no","통증의학과 홈페이지 제작 | 병원 소개·의료진·진료과목·진료 안내 구성과 검색 노출 | 름랩","통증의학과 홈페이지에 실제로 필요한 페이지 — 병원 소개·의료진·진료과목·진료 안내·진료시간·오시는 길·예약·상담 문의. 통증의학과 사장님이 가장 아쉬워하는 건 &#x27;검색에 안 나온다&#x27;입니다. 98만원부터 정액 · 소스코드 이관 · 월 관리비 없음.","통증의학과 홈페이지 제작","Answer|BreadcrumbList|ContactPoint|Country|FAQPage|ListItem|OpeningHoursSpecification|Organization|PostalAddress|ProfessionalService|PropertyValue|Question|Service|WebSite","35","3","service_or_hub","industry_service","P1","INDEX","self-canonical, indexable and present in sitemap","TESTED_LOCAL_BUILD"
"https://reumlab.com/website/tteogjib/","200","https://reumlab.com/website/tteogjib/","index, follow","yes","yes","no","떡집 홈페이지 만들기 | 매장 소개·분위기·메뉴·가격 어디까지 필요한가 | 름랩","떡집 홈페이지에 실제로 필요한 페이지 — 매장 소개·분위기·메뉴·가격·예약·단체 문의·오시는 길·주차. 떡집은 신규 고객의 첫 접점이 대부분 모바일 검색입니다. 98만원부터 정액 · 소스코드 이관 · 월 관리비 없음.","떡집 홈페이지 제작","Answer|BreadcrumbList|ContactPoint|Country|FAQPage|ListItem|OpeningHoursSpecification|Organization|PostalAddress|ProfessionalService|PropertyValue|Question|Service|WebSite","35","4","service_or_hub","industry_service","P1","INDEX","self-canonical, indexable and present in sitemap","TESTED_LOCAL_BUILD"
"https://reumlab.com/website/uiryogigijejoeob/","200","https://reumlab.com/website/uiryogigijejoeob/","index, follow","yes","yes","no","의료기기제조업 홈페이지 제작 | 회사 소개·연혁·제품·생산 품목 구성과 검색 노출 | 름랩","의료기기제조업 홈페이지에 실제로 필요한 페이지 — 회사 소개·연혁·제품·생산 품목·설비·생산능력·인증·품질. 의료기기제조업 사장님이 가장 아쉬워하는 건 &#x27;검색에 안 나온다&#x27;입니다. 98만원부터 정액 · 소스코드 이관 · 월 관리비 없음.","의료기기제조업 홈페이지 제작","Answer|BreadcrumbList|ContactPoint|Country|FAQPage|ListItem|OpeningHoursSpecification|Organization|PostalAddress|ProfessionalService|PropertyValue|Question|Service|WebSite","35","6","service_or_hub","industry_service","P1","INDEX","self-canonical, indexable and present in sitemap","TESTED_LOCAL_BUILD"
"https://reumlab.com/website/uiryumaejang/","200","https://reumlab.com/website/uiryumaejang/","index, follow","yes","yes","no","의류매장 홈페이지 제작 비용 | 98만원부터 정액 견적 | 름랩","의류매장 홈페이지에 실제로 필요한 페이지 — 브랜드·매장 소개·제품·컬렉션·룩북·착용컷·매장 위치·영업시간. 름랩은 의류매장 동선을 매장 방문 예약·구매 문의 한 흐름으로 묶어 이탈을 줄입니다. 98만원부터 정액 · 소스코드 이관 · 월 관리비 없음.","의류매장 홈페이지 제작","Answer|BreadcrumbList|ContactPoint|Country|FAQPage|ListItem|OpeningHoursSpecification|Organization|PostalAddress|ProfessionalService|PropertyValue|Question|Service|WebSite","35","3","service_or_hub","industry_service","P1","INDEX","self-canonical, indexable and present in sitemap","TESTED_LOCAL_BUILD"
"https://reumlab.com/website/unjeonhagwon/","200","https://reumlab.com/website/unjeonhagwon/","index, follow","yes","yes","no","운전학원 홈페이지 제작 업체 | 직접 기획·개발·이관 | 름랩","운전학원 홈페이지에 실제로 필요한 페이지 — 학원 소개·강사진·커리큘럼·수업 안내·시간표·반 편성·수강료·상담 신청. 운전학원은 신규 고객의 첫 접점이 대부분 모바일 검색입니다. 98만원부터 정액 · 소스코드 이관 · 월 관리비 없음.","운전학원 홈페이지 제작","Answer|BreadcrumbList|ContactPoint|Country|FAQPage|ListItem|OpeningHoursSpecification|Organization|PostalAddress|ProfessionalService|PropertyValue|Question|Service|WebSite","36","3","service_or_hub","industry_service","P1","INDEX","self-canonical, indexable and present in sitemap","TESTED_LOCAL_BUILD"
"https://reumlab.com/website/wagsingsyab/","200","https://reumlab.com/website/wagsingsyab/","index, follow","yes","yes","no","왁싱샵 홈페이지 제작 업체 | 직접 기획·개발·이관 | 름랩","왁싱샵 홈페이지에 실제로 필요한 페이지 — 샵 소개·둘러보기·시술 메뉴·가격표·시술 전후·후기·예약·상담. 고객은 시술 사진과 가격, 후기를 보고 예약할 곳을 정합니다. 98만원부터 정액 · 소스코드 이관 · 월 관리비 없음.","왁싱샵 홈페이지 제작","Answer|BreadcrumbList|ContactPoint|Country|FAQPage|ListItem|OpeningHoursSpecification|Organization|PostalAddress|ProfessionalService|PropertyValue|Question|Service|WebSite","35","8","service_or_hub","industry_service","P1","INDEX","self-canonical, indexable and present in sitemap","TESTED_LOCAL_BUILD"
"https://reumlab.com/website/wangujeom/","200","https://reumlab.com/website/wangujeom/","index, follow","yes","yes","no","완구점 홈페이지 제작 비용 | 98만원부터 정액 견적 | 름랩","완구점 홈페이지에 실제로 필요한 페이지 — 매장·브랜드 소개·상품·카테고리·가격·구매 안내·매장 위치·영업시간. 완구점은 신규 고객의 첫 접점이 대부분 모바일 검색입니다. 98만원부터 정액 · 소스코드 이관 · 월 관리비 없음.","완구점 홈페이지 제작","Answer|BreadcrumbList|ContactPoint|Country|FAQPage|ListItem|OpeningHoursSpecification|Organization|PostalAddress|ProfessionalService|PropertyValue|Question|Service|WebSite","35","3","service_or_hub","industry_service","P1","INDEX","self-canonical, indexable and present in sitemap","TESTED_LOCAL_BUILD"
"https://reumlab.com/website/webeijeonsi/","200","https://reumlab.com/website/webeijeonsi/","index, follow","yes","yes","no","웹에이전시 홈페이지 만들기 | 업체·스튜디오 소개·포트폴리오·갤러리 어디까지 필요한가 | 름랩","웹에이전시 홈페이지에 실제로 필요한 페이지 — 업체·스튜디오 소개·포트폴리오·갤러리·상품·패키지·예약·상담 문의. 웹에이전시 사장님이 가장 아쉬워하는 건 &#x27;검색에 안 나온다&#x27;입니다. 98만원부터 정액 · 소스코드 이관 · 월 관리비 없음.","웹에이전시 홈페이지 제작","Answer|BreadcrumbList|ContactPoint|Country|FAQPage|ListItem|OpeningHoursSpecification|Organization|PostalAddress|ProfessionalService|PropertyValue|Question|Service|WebSite","35","10","service_or_hub","industry_service","P1","INDEX","self-canonical, indexable and present in sitemap","TESTED_LOCAL_BUILD"
"https://reumlab.com/website/wedingdeureseusyab/","200","https://reumlab.com/website/wedingdeureseusyab/","index, follow","yes","yes","no","웨딩드레스샵 홈페이지 제작 비용 | 98만원부터 정액 견적 | 름랩","웨딩드레스샵 홈페이지에 실제로 필요한 페이지 — 브랜드·매장 소개·제품·컬렉션·룩북·착용컷·매장 위치·영업시간. 웨딩드레스샵은 신규 고객의 첫 접점이 대부분 모바일 검색입니다. 98만원부터 정액 · 소스코드 이관 · 월 관리비 없음.","웨딩드레스샵 홈페이지 제작","Answer|BreadcrumbList|ContactPoint|Country|FAQPage|ListItem|OpeningHoursSpecification|Organization|PostalAddress|ProfessionalService|PropertyValue|Question|Service|WebSite","35","3","service_or_hub","industry_service","P1","INDEX","self-canonical, indexable and present in sitemap","TESTED_LOCAL_BUILD"
"https://reumlab.com/website/wedinghol/","200","https://reumlab.com/website/wedinghol/","index, follow","yes","yes","no","웨딩홀 홈페이지 제작 비용 | 98만원부터 정액 견적 | 름랩","웨딩홀 홈페이지에 실제로 필요한 페이지 — 업체·스튜디오 소개·포트폴리오·갤러리·상품·패키지·예약·상담 문의. 웨딩홀 손님이 상담 예약·견적 문의까지 한 화면에서 끝내도록 동선을 짜면 전화 문의가 줄고 문의 전환이 늘어납니다.","웨딩홀 홈페이지 제작","Answer|BreadcrumbList|ContactPoint|Country|FAQPage|ListItem|OpeningHoursSpecification|Organization|PostalAddress|ProfessionalService|PropertyValue|Question|Service|WebSite","35","2","service_or_hub","industry_service","P1","INDEX","self-canonical, indexable and present in sitemap","TESTED_LOCAL_BUILD"
"https://reumlab.com/website/wedingpeulraeneo/","200","https://reumlab.com/website/wedingpeulraeneo/","index, follow","yes","yes","no","웨딩플래너 홈페이지 제작 | 업체·스튜디오 소개·포트폴리오·갤러리 구성과 검색 노출 | 름랩","웨딩플래너 홈페이지에 실제로 필요한 페이지 — 업체·스튜디오 소개·포트폴리오·갤러리·상품·패키지·예약·상담 문의. 웨딩플래너 방문자는 검색으로 먼저 웨딩플래너를 찾습니다. 98만원부터 정액 · 소스코드 이관 · 월 관리비 없음.","웨딩플래너 홈페이지 제작","Answer|BreadcrumbList|ContactPoint|Country|FAQPage|ListItem|OpeningHoursSpecification|Organization|PostalAddress|ProfessionalService|PropertyValue|Question|Service|WebSite","35","9","service_or_hub","industry_service","P1","INDEX","self-canonical, indexable and present in sitemap","TESTED_LOCAL_BUILD"
"https://reumlab.com/website/wedingseutyudio/","200","https://reumlab.com/website/wedingseutyudio/","index, follow","yes","yes","no","웨딩스튜디오 홈페이지 제작 업체 | 직접 기획·개발·이관 | 름랩","웨딩스튜디오 홈페이지에 실제로 필요한 페이지 — 업체·스튜디오 소개·포트폴리오·갤러리·상품·패키지·예약·상담 문의. 웨딩스튜디오는 신규 고객의 첫 접점이 대부분 모바일 검색입니다. 98만원부터 정액 · 소스코드 이관 · 월 관리비 없음.","웨딩스튜디오 홈페이지 제작","Answer|BreadcrumbList|ContactPoint|Country|FAQPage|ListItem|OpeningHoursSpecification|Organization|PostalAddress|ProfessionalService|PropertyValue|Question|Service|WebSite","35","8","service_or_hub","industry_service","P1","INDEX","self-canonical, indexable and present in sitemap","TESTED_LOCAL_BUILD"
"https://reumlab.com/website/woteopakeu/","200","https://reumlab.com/website/woteopakeu/","index, follow","yes","yes","no","워터파크 홈페이지 제작 | 숙소 소개·객실·객실 요금·예약 구성과 검색 노출 | 름랩","워터파크 홈페이지에 실제로 필요한 페이지 — 숙소 소개·객실·객실 요금·예약·부대시설·주변 관광·예약·문의. 워터파크 신규 고객의 첫 접점은 대부분 모바일 검색입니다. 98만원부터 정액 · 소스코드 이관 · 월 관리비 없음.","워터파크 홈페이지 제작","Answer|BreadcrumbList|ContactPoint|Country|FAQPage|ListItem|OpeningHoursSpecification|Organization|PostalAddress|ProfessionalService|PropertyValue|Question|Service|WebSite","35","7","service_or_hub","industry_service","P1","INDEX","self-canonical, indexable and present in sitemap","TESTED_LOCAL_BUILD"
"https://reumlab.com/website/yaggug/","200","https://reumlab.com/website/yaggug/","index, follow","yes","yes","no","약국 홈페이지 제작 | 병원 소개·의료진·진료과목·진료 안내 구성과 검색 노출 | 름랩","약국 홈페이지에 실제로 필요한 페이지 — 병원 소개·의료진·진료과목·진료 안내·진료시간·오시는 길·예약·상담 문의. 약국 신규 고객의 첫 접점은 대부분 모바일 검색입니다. 98만원부터 정액 · 소스코드 이관 · 월 관리비 없음.","약국 홈페이지 제작","Answer|BreadcrumbList|ContactPoint|Country|FAQPage|ListItem|OpeningHoursSpecification|Organization|PostalAddress|ProfessionalService|PropertyValue|Question|Service|WebSite","35","7","service_or_hub","industry_service","P1","INDEX","self-canonical, indexable and present in sitemap","TESTED_LOCAL_BUILD"
"https://reumlab.com/website/yangsigdang/","200","https://reumlab.com/website/yangsigdang/","index, follow","yes","yes","no","양식당 홈페이지 제작 | 매장 소개·분위기·메뉴·가격 구성과 검색 노출 | 름랩","양식당 홈페이지에 실제로 필요한 페이지 — 매장 소개·분위기·메뉴·가격·예약·단체 문의·오시는 길·주차. 양식당 사장님이 가장 아쉬워하는 건 &#x27;검색에 안 나온다&#x27;입니다. 98만원부터 정액 · 소스코드 이관 · 월 관리비 없음.","양식당 홈페이지 제작","Answer|BreadcrumbList|ContactPoint|Country|FAQPage|ListItem|OpeningHoursSpecification|Organization|PostalAddress|ProfessionalService|PropertyValue|Question|Service|WebSite","35","5","service_or_hub","industry_service","P1","INDEX","self-canonical, indexable and present in sitemap","TESTED_LOCAL_BUILD"
"https://reumlab.com/website/yeohaengsa/","200","https://reumlab.com/website/yeohaengsa/","index, follow","yes","yes","no","여행사 홈페이지 제작 | 숙소 소개·객실·객실 요금·예약 구성과 검색 노출 | 름랩","여행사 홈페이지에 실제로 필요한 페이지 — 숙소 소개·객실·객실 요금·예약·부대시설·주변 관광·예약·문의. 여행사 사장님이 가장 아쉬워하는 건 &#x27;검색에 안 나온다&#x27;입니다. 98만원부터 정액 · 소스코드 이관 · 월 관리비 없음.","여행사 홈페이지 제작","Answer|BreadcrumbList|ContactPoint|Country|FAQPage|ListItem|OpeningHoursSpecification|Organization|PostalAddress|ProfessionalService|PropertyValue|Question|Service|WebSite","35","7","service_or_hub","industry_service","P1","INDEX","self-canonical, indexable and present in sitemap","TESTED_LOCAL_BUILD"
"https://reumlab.com/website/yeolsoeeobche/","200","https://reumlab.com/website/yeolsoeeobche/","index, follow","yes","yes","no","열쇠업체 홈페이지 제작 | 업체 소개·서비스·작업 안내 구성과 검색 노출 | 름랩","열쇠업체 홈페이지에 실제로 필요한 페이지 — 업체 소개·서비스·작업 안내·요금·견적·예약·문의. 열쇠업체 사장님이 가장 아쉬워하는 건 &#x27;검색에 안 나온다&#x27;입니다. 98만원부터 정액 · 소스코드 이관 · 월 관리비 없음.","열쇠업체 홈페이지 제작","Answer|BreadcrumbList|ContactPoint|Country|FAQPage|ListItem|OpeningHoursSpecification|Organization|PostalAddress|ProfessionalService|PropertyValue|Question|Service|WebSite","35","3","service_or_hub","industry_service","P1","INDEX","self-canonical, indexable and present in sitemap","TESTED_LOCAL_BUILD"
"https://reumlab.com/website/yeongeohagwon/","200","https://reumlab.com/website/yeongeohagwon/","index, follow","yes","yes","no","영어학원 홈페이지 만들기 | 학원 소개·강사진·커리큘럼·수업 안내 어디까지 필요한가 | 름랩","영어학원 홈페이지에 실제로 필요한 페이지 — 학원 소개·강사진·커리큘럼·수업 안내·시간표·반 편성·수강료·상담 신청. 름랩은 영어학원 동선을 상담 신청·레벨테스트 예약 한 흐름으로 묶어 이탈을 줄입니다. 98만원부터 정액 · 소스코드 이관 · 월 관리비 없음.","영어학원 홈페이지 제작","Answer|BreadcrumbList|ContactPoint|Country|FAQPage|ListItem|OpeningHoursSpecification|Organization|PostalAddress|ProfessionalService|PropertyValue|Question|Service|WebSite","36","8","service_or_hub","industry_service","P1","INDEX","self-canonical, indexable and present in sitemap","TESTED_LOCAL_BUILD"
"https://reumlab.com/website/yeongsangjejageobche/","200","https://reumlab.com/website/yeongsangjejageobche/","index, follow","yes","yes","no","영상제작업체 홈페이지 제작 | 업체·스튜디오 소개·포트폴리오·갤러리 구성과 검색 노출 | 름랩","영상제작업체 홈페이지에 실제로 필요한 페이지 — 업체·스튜디오 소개·포트폴리오·갤러리·상품·패키지·예약·상담 문의. 영상제작업체는 홈페이지가 곧 첫인상입니다. 98만원부터 정액 · 소스코드 이관 · 월 관리비 없음.","영상제작업체 홈페이지 제작","Answer|BreadcrumbList|ContactPoint|Country|FAQPage|ListItem|OpeningHoursSpecification|Organization|PostalAddress|ProfessionalService|PropertyValue|Question|Service|WebSite","35","10","service_or_hub","industry_service","P1","INDEX","self-canonical, indexable and present in sitemap","TESTED_LOCAL_BUILD"
"https://reumlab.com/website/yeonguso/","200","https://reumlab.com/website/yeonguso/","index, follow","yes","yes","no","연구소 홈페이지 제작 비용 | 98만원부터 정액 견적 | 름랩","연구소 홈페이지에 실제로 필요한 페이지 — 회사 소개·팀·서비스·솔루션·포트폴리오·사례·기술·역량. 연구소 손님이 프로젝트 상담·견적 문의까지 한 화면에서 끝내도록 동선을 짜면 전화 문의가 줄고 문의 전환이 늘어납니다. 98만원부터 정액 · 소스코드 이관 · 월 관리비 없음.","연구소 홈페이지 제작","Answer|BreadcrumbList|ContactPoint|Country|FAQPage|ListItem|OpeningHoursSpecification|Organization|PostalAddress|ProfessionalService|PropertyValue|Question|Service|WebSite","35","4","service_or_hub","industry_service","P1","INDEX","self-canonical, indexable and present in sitemap","TESTED_LOCAL_BUILD"
"https://reumlab.com/website/yogawon/","200","https://reumlab.com/website/yogawon/","index, follow","yes","yes","no","요가원 홈페이지 만들기 | 시설 소개·둘러보기·프로그램·수업 안내 어디까지 필요한가 | 름랩","요가원 홈페이지에 실제로 필요한 페이지 — 시설 소개·둘러보기·프로그램·수업 안내·이용권·요금·체험·등록 문의. 름랩은 요가원 동선을 체험·등록 상담 신청 한 흐름으로 묶어 이탈을 줄입니다. 98만원부터 정액 · 소스코드 이관 · 월 관리비 없음.","요가원 홈페이지 제작","Answer|BreadcrumbList|ContactPoint|Country|FAQPage|ListItem|OpeningHoursSpecification|Organization|PostalAddress|ProfessionalService|PropertyValue|Question|Service|WebSite","35","9","service_or_hub","industry_service","P1","INDEX","self-canonical, indexable and present in sitemap","TESTED_LOCAL_BUILD"
"https://reumlab.com/website/yongdaleobche/","200","https://reumlab.com/website/yongdaleobche/","index, follow","yes","yes","no","용달업체 홈페이지 만들기 | 업체 소개·시설·서비스·정비 항목 어디까지 필요한가 | 름랩","용달업체 홈페이지에 실제로 필요한 페이지 — 업체 소개·시설·서비스·정비 항목·요금·견적·예약·문의. 용달업체 신규 고객의 첫 접점은 대부분 모바일 검색입니다. 98만원부터 정액 · 소스코드 이관 · 월 관리비 없음.","용달업체 홈페이지 제작","Answer|BreadcrumbList|ContactPoint|Country|FAQPage|ListItem|OpeningHoursSpecification|Organization|PostalAddress|ProfessionalService|PropertyValue|Question|Service|WebSite","35","5","service_or_hub","industry_service","P1","INDEX","self-canonical, indexable and present in sitemap","TESTED_LOCAL_BUILD"
"https://reumlab.com/website/yongjeobeobche/","200","https://reumlab.com/website/yongjeobeobche/","index, follow","yes","yes","no","용접업체 홈페이지 제작 업체 | 직접 기획·개발·이관 | 름랩","용접업체 홈페이지에 실제로 필요한 페이지 — 회사 소개·연혁·제품·생산 품목·설비·생산능력·인증·품질. 름랩은 용접업체 동선을 견적·거래 문의 한 흐름으로 묶어 이탈을 줄입니다. 98만원부터 정액 · 소스코드 이관 · 월 관리비 없음.","용접업체 홈페이지 제작","Answer|BreadcrumbList|ContactPoint|Country|FAQPage|ListItem|OpeningHoursSpecification|Organization|PostalAddress|ProfessionalService|PropertyValue|Question|Service|WebSite","35","3","service_or_hub","industry_service","P1","INDEX","self-canonical, indexable and present in sitemap","TESTED_LOCAL_BUILD"
"https://reumlab.com/website/yorihagwon/","200","https://reumlab.com/website/yorihagwon/","index, follow","yes","yes","no","요리학원 홈페이지 제작 비용 | 98만원부터 정액 견적 | 름랩","요리학원 홈페이지에 실제로 필요한 페이지 — 학원 소개·강사진·커리큘럼·수업 안내·시간표·반 편성·수강료·상담 신청. 요리학원 손님이 상담 신청·레벨테스트 예약까지 한 화면에서 끝내도록 동선을 짜면 전화 문의가 줄고 문의 전환이 늘어납니다.","요리학원 홈페이지 제작","Answer|BreadcrumbList|ContactPoint|Country|FAQPage|ListItem|OpeningHoursSpecification|Organization|PostalAddress|ProfessionalService|PropertyValue|Question|Service|WebSite","36","6","service_or_hub","industry_service","P1","INDEX","self-canonical, indexable and present in sitemap","TESTED_LOCAL_BUILD"
"https://reumlab.com/website/yoyangbyeongwon/","200","https://reumlab.com/website/yoyangbyeongwon/","index, follow","yes","yes","no","요양병원 홈페이지 제작 업체 | 직접 기획·개발·이관 | 름랩","요양병원 홈페이지에 실제로 필요한 페이지 — 병원 소개·의료진·진료과목·진료 안내·진료시간·오시는 길·예약·상담 문의. 요양병원 방문자는 검색으로 먼저 요양병원을 찾습니다. 98만원부터 정액 · 소스코드 이관 · 월 관리비 없음.","요양병원 홈페이지 제작","Answer|BreadcrumbList|ContactPoint|Country|FAQPage|ListItem|OpeningHoursSpecification|Organization|PostalAddress|ProfessionalService|PropertyValue|Question|Service|WebSite","35","3","service_or_hub","industry_service","P1","INDEX","self-canonical, indexable and present in sitemap","TESTED_LOCAL_BUILD"
"https://reumlab.com/website/yoyangwon/","200","https://reumlab.com/website/yoyangwon/","index, follow","yes","yes","no","요양원 홈페이지 제작 비용 | 98만원부터 정액 견적 | 름랩","요양원 홈페이지에 실제로 필요한 페이지 — 시설 소개·시설 안내·프로그램·케어 안내·이용 요금·입소 절차. 요양원 손님이 상담 전화·방문 상담 예약까지 한 화면에서 끝내도록 동선을 짜면 전화 문의가 줄고 문의 전환이 늘어납니다.","요양원 홈페이지 제작","Answer|BreadcrumbList|ContactPoint|Country|FAQPage|ListItem|OpeningHoursSpecification|Organization|PostalAddress|ProfessionalService|PropertyValue|Question|Service|WebSite","35","3","service_or_hub","industry_service","P1","INDEX","self-canonical, indexable and present in sitemap","TESTED_LOCAL_BUILD"
"https://reumlab.com/website/yuchiwon/","200","https://reumlab.com/website/yuchiwon/","index, follow","yes","yes","no","유치원 홈페이지 제작 | 학원 소개·강사진·커리큘럼·수업 안내 구성과 검색 노출 | 름랩","유치원 홈페이지에 실제로 필요한 페이지 — 학원 소개·강사진·커리큘럼·수업 안내·시간표·반 편성·수강료·상담 신청. 유치원은 신규 고객의 첫 접점이 대부분 모바일 검색입니다. 98만원부터 정액 · 소스코드 이관 · 월 관리비 없음.","유치원 홈페이지 제작","Answer|BreadcrumbList|ContactPoint|Country|FAQPage|ListItem|OpeningHoursSpecification|Organization|PostalAddress|ProfessionalService|PropertyValue|Question|Service|WebSite","36","10","service_or_hub","industry_service","P1","INDEX","self-canonical, indexable and present in sitemap","TESTED_LOCAL_BUILD"
"https://reumlab.com/website/yuhagwon/","200","https://reumlab.com/website/yuhagwon/","index, follow","yes","yes","no","유학원 홈페이지 만들기 | 학원 소개·강사진·커리큘럼·수업 안내 어디까지 필요한가 | 름랩","유학원 홈페이지에 실제로 필요한 페이지 — 학원 소개·강사진·커리큘럼·수업 안내·시간표·반 편성·수강료·상담 신청. 유학원 손님이 상담 신청·레벨테스트 예약까지 한 화면에서 끝내도록 동선을 짜면 전화 문의가 줄고 문의 전환이 늘어납니다.","유학원 홈페이지 제작","Answer|BreadcrumbList|ContactPoint|Country|FAQPage|ListItem|OpeningHoursSpecification|Organization|PostalAddress|ProfessionalService|PropertyValue|Question|Service|WebSite","36","8","service_or_hub","industry_service","P1","INDEX","self-canonical, indexable and present in sitemap","TESTED_LOCAL_BUILD"
"https://reumlab.com/website/yuramseon/","200","https://reumlab.com/website/yuramseon/","index, follow","yes","yes","no","유람선 홈페이지 제작 비용 | 98만원부터 정액 견적 | 름랩","유람선 홈페이지에 실제로 필요한 페이지 — 숙소 소개·객실·객실 요금·예약·부대시설·주변 관광·예약·문의. 유람선은 홈페이지가 곧 첫인상입니다. 98만원부터 정액 · 소스코드 이관 · 월 관리비 없음.","유람선 홈페이지 제작","Answer|BreadcrumbList|ContactPoint|Country|FAQPage|ListItem|OpeningHoursSpecification|Organization|PostalAddress|ProfessionalService|PropertyValue|Question|Service|WebSite","35","4","service_or_hub","industry_service","P1","INDEX","self-canonical, indexable and present in sitemap","TESTED_LOCAL_BUILD"
"https://reumlab.com/website/yutongkeonseolting/","200","https://reumlab.com/website/yutongkeonseolting/","index, follow","yes","yes","no","유통컨설팅 홈페이지 만들기 | 매장·브랜드 소개·상품·카테고리 어디까지 필요한가 | 름랩","유통컨설팅 홈페이지에 실제로 필요한 페이지 — 매장·브랜드 소개·상품·카테고리·가격·구매 안내·매장 위치·영업시간. 유통컨설팅 방문자는 검색으로 먼저 유통컨설팅을 찾습니다. 98만원부터 정액 · 소스코드 이관 · 월 관리비 없음.","유통컨설팅 홈페이지 제작","Answer|BreadcrumbList|ContactPoint|Country|FAQPage|ListItem|OpeningHoursSpecification|Organization|PostalAddress|ProfessionalService|PropertyValue|Question|Service|WebSite","35","3","service_or_hub","industry_service","P1","INDEX","self-canonical, indexable and present in sitemap","TESTED_LOCAL_BUILD"
"https://reumlab.com/website/yutyubeujejagsa/","200","https://reumlab.com/website/yutyubeujejagsa/","index, follow","yes","yes","no","유튜브제작사 홈페이지 제작 업체 | 직접 기획·개발·이관 | 름랩","유튜브제작사 홈페이지에 실제로 필요한 페이지 — 회사 소개·팀·서비스·솔루션·포트폴리오·사례·기술·역량. 름랩은 유튜브제작사 동선을 프로젝트 상담·견적 문의 한 흐름으로 묶어 이탈을 줄입니다. 98만원부터 정액 · 소스코드 이관 · 월 관리비 없음.","유튜브제작사 홈페이지 제작","Answer|BreadcrumbList|ContactPoint|Country|FAQPage|ListItem|OpeningHoursSpecification|Organization|PostalAddress|ProfessionalService|PropertyValue|Question|Service|WebSite","35","7","service_or_hub","industry_service","P1","INDEX","self-canonical, indexable and present in sitemap","TESTED_LOCAL_BUILD"
"https://reumlab.com/website-agency/","200","https://reumlab.com/website-agency/","index, follow","yes","yes","no","홈페이지 제작 업체 | 검색되는 웹사이트 외주 98만원~ — 름랩","홈페이지 제작 업체를 찾는 대표님께 — 검색에 잡히고 문의로 이어지는 반응형 웹사이트를 정액 98만 원부터. 소스코드 전체 이관·월 관리비 없음. SEO 기본기 포함. 동탄·수원 거점, 전국 어디서나 진행.","홈페이지 제작 업체 찾을 때 — 검색되고 소스코드 주는 곳","Answer|BreadcrumbList|ContactPoint|Country|FAQPage|ListItem|OpeningHoursSpecification|Organization|PostalAddress|ProfessionalService|PropertyValue|Question|Service|WebSite","33","2","service_or_hub","service_or_hub","P1","INDEX","self-canonical, indexable and present in sitemap","TESTED_LOCAL_BUILD"
"https://reumlab.com/windows-app-development/","200","https://reumlab.com/windows-app-development/","index, follow","yes","yes","no","윈도우 앱·데스크톱 프로그램 개발 외주 | 사내 업무 자동화 — 름랩 REUMLAB","Windows 데스크톱 앱·업무 자동화 프로그램 개발 외주. 재고·주문·정산 등 반복 PC 업무를 설치형 프로그램으로 자동화. Electron·Flutter Desktop 기반, 소스코드 전체 이관. 동탄·수원 거점, 전국 진행.","윈도우 앱·데스크톱 프로그램 개발 외주","Answer|BreadcrumbList|ContactPoint|Country|FAQPage|ListItem|OpeningHoursSpecification|Organization|PostalAddress|ProfessionalService|PropertyValue|Question|Service|WebSite","29","2","service_or_hub","service_or_hub","P1","INDEX","self-canonical, indexable and present in sitemap","TESTED_LOCAL_BUILD"
"https://reumlab.com/__forms.html","200","","noindex","no","no","no","Netlify form detection","","","","0","","system","system","P3","NOINDEX","robots noindex in initial HTML","TESTED_LOCAL_BUILD"
"https://reumlab.com/%EA%B8%B0%EC%97%85%EC%9A%A9ERP/","200","https://reumlab.com/%EA%B8%B0%EC%97%85%EC%9A%A9ERP/","noindex, follow","no","no","no","맞춤형 ERP·관리자 시스템 개발 외주 | 업무 자동화 — 름랩 REUMLAB","CRM, 사내 시스템, 관리자 웹 고도화. 기존 데이터를 통합하여 업무 효율을 혁신합니다.","기업 환경에 최적화된 맞춤형 ERP 및 관리 시스템","BreadcrumbList|ContactPoint|Country|ListItem|OpeningHoursSpecification|Organization|PostalAddress|ProfessionalService|PropertyValue|Service|WebSite","28","","service_or_hub","service_or_hub","P1","NOINDEX","robots noindex in initial HTML","TESTED_LOCAL_BUILD"
"https://reumlab.com/%EC%9B%B9%EA%B0%9C%EB%B0%9C/","200","https://reumlab.com/%EC%9B%B9%EA%B0%9C%EB%B0%9C/","noindex, follow","no","no","no","웹사이트 제작 외주 | 반응형 웹 98만원부터 정액 — 름랩 REUMLAB","기업용 웹사이트, 고성능 랜딩페이지 제작. 최신 기술 스택 기반의 반응형 웹 개발을 제공합니다.","홈페이지 제작·웹 개발","BreadcrumbList|ContactPoint|Country|ListItem|OpeningHoursSpecification|Organization|PostalAddress|ProfessionalService|PropertyValue|Service|WebSite","29","","service_or_hub","service_or_hub","P1","NOINDEX","robots noindex in initial HTML","TESTED_LOCAL_BUILD"
"https://reumlab.com/%ED%94%8C%EB%9E%AB%ED%8F%BC%EA%B0%9C%EB%B0%9C/","200","https://reumlab.com/%ED%94%8C%EB%9E%AB%ED%8F%BC%EA%B0%9C%EB%B0%9C/","noindex, follow","no","no","no","플랫폼·O2O 앱 개발 외주 | 매칭·예약·정산 시스템 — 름랩 REUMLAB","매칭·예약 플랫폼, O2O 서비스 전문 개발. 복잡한 비즈니스 로직을 안정적으로 구현합니다.","수익 모델을 현실화하는 맞춤형 플랫폼 개발","BreadcrumbList|ContactPoint|Country|ListItem|OpeningHoursSpecification|Organization|PostalAddress|ProfessionalService|PropertyValue|Service|WebSite","28","","service_or_hub","service_or_hub","P1","NOINDEX","robots noindex in initial HTML","TESTED_LOCAL_BUILD"
