"url","primary_intent","direct_answer","verified_facts","original_evidence","decision_support","limitations_disclosed","content_uniqueness","semantic_structure","internal_links","structured_data","freshness_accuracy","conversion_path","priority","action"
"https://reumlab.com/academy-shopping-mall/","service_or_hub","yes","entity-schema-checked","moderate","yes","yes","exact-unique","valid-h1","29","Answer|BreadcrumbList|ContactPoint|Country|FAQPage|ListItem|OpeningHoursSpecification|Organization|PostalAddress|ProfessionalService|PropertyValue|Question|Service|WebSite","not-date-bearing","yes","P1","retain and monitor"
"https://reumlab.com/admin-page-development/","service_or_hub","yes","entity-schema-checked","moderate","yes","yes","exact-unique","valid-h1","35","Answer|BreadcrumbList|ContactPoint|Country|FAQPage|ListItem|OpeningHoursSpecification|Organization|PostalAddress|ProfessionalService|PropertyValue|Question|Service|WebSite","not-date-bearing","yes","P1","retain and monitor"
"https://reumlab.com/ai-automation/","service_or_hub","yes","entity-schema-checked","moderate","yes","yes","exact-unique","valid-h1","26","Answer|BreadcrumbList|ContactPoint|Country|FAQPage|ListItem|OpeningHoursSpecification|Organization|PostalAddress|ProfessionalService|PropertyValue|Question|Service|WebSite","not-date-bearing","yes","P1","retain and monitor"
"https://reumlab.com/ai-development/dongtan/","region_service","yes","entity-schema-checked","templated-review","yes","review","exact-unique","valid-h1","39","Answer|BreadcrumbList|ContactPoint|Country|FAQPage|ListItem|OpeningHoursSpecification|Organization|Place|PostalAddress|ProfessionalService|PropertyValue|Question|Service|WebSite","not-date-bearing","yes","P2-monitor","retain index gate; add only verified evidence"
"https://reumlab.com/ai-development/hwaseong/","region_service","yes","entity-schema-checked","templated-review","yes","review","exact-unique","valid-h1","39","Answer|BreadcrumbList|ContactPoint|Country|FAQPage|ListItem|OpeningHoursSpecification|Organization|Place|PostalAddress|ProfessionalService|PropertyValue|Question|Service|WebSite","not-date-bearing","yes","P2-monitor","retain index gate; add only verified evidence"
"https://reumlab.com/ai-development/","service_or_hub","yes","entity-schema-checked","moderate","yes","yes","exact-unique","valid-h1","41","Answer|BreadcrumbList|ContactPoint|Country|FAQPage|ListItem|OpeningHoursSpecification|Organization|PostalAddress|ProfessionalService|PropertyValue|Question|Service|WebSite","not-date-bearing","yes","P1","retain and monitor"
"https://reumlab.com/ai-development/suwon/","region_service","yes","entity-schema-checked","templated-review","yes","review","exact-unique","valid-h1","39","Answer|BreadcrumbList|ContactPoint|Country|FAQPage|ListItem|OpeningHoursSpecification|Organization|Place|PostalAddress|ProfessionalService|PropertyValue|Question|Service|WebSite","not-date-bearing","yes","P2-monitor","retain index gate; add only verified evidence"
"https://reumlab.com/app/academy/","industry_service","yes","entity-schema-checked","templated-review","yes","review","exact-unique","valid-h1","41","Answer|BreadcrumbList|ContactPoint|Country|FAQPage|ListItem|OpeningHoursSpecification|Organization|PostalAddress|ProfessionalService|PropertyValue|Question|Service|WebSite","not-date-bearing","yes","P2-monitor","retain index gate; add only verified evidence"
"https://reumlab.com/app/agriculture/","industry_service","yes","entity-schema-checked","templated-review","yes","review","exact-unique","valid-h1","40","Answer|BreadcrumbList|ContactPoint|Country|FAQPage|ListItem|OpeningHoursSpecification|Organization|PostalAddress|ProfessionalService|PropertyValue|Question|Service|WebSite","not-date-bearing","yes","P2-monitor","retain index gate; add only verified evidence"
"https://reumlab.com/app/animal-hospital/","industry_service","yes","entity-schema-checked","templated-review","yes","review","exact-unique","valid-h1","40","Answer|BreadcrumbList|ContactPoint|Country|FAQPage|ListItem|OpeningHoursSpecification|Organization|PostalAddress|ProfessionalService|PropertyValue|Question|Service|WebSite","not-date-bearing","yes","P2-monitor","retain index gate; add only verified evidence"
"https://reumlab.com/app/art-academy/","industry_service","yes","entity-schema-checked","templated-review","yes","review","exact-unique","valid-h1","41","Answer|BreadcrumbList|ContactPoint|Country|FAQPage|ListItem|OpeningHoursSpecification|Organization|PostalAddress|ProfessionalService|PropertyValue|Question|Service|WebSite","not-date-bearing","yes","P2-monitor","retain index gate; add only verified evidence"
"https://reumlab.com/app/b2b-saas/","industry_service","yes","entity-schema-checked","templated-review","yes","review","exact-unique","valid-h1","40","Answer|BreadcrumbList|ContactPoint|Country|FAQPage|ListItem|OpeningHoursSpecification|Organization|PostalAddress|ProfessionalService|PropertyValue|Question|Service|WebSite","not-date-bearing","yes","P2-monitor","retain index gate; add only verified evidence"
"https://reumlab.com/app/bakery/","industry_service","yes","entity-schema-checked","templated-review","yes","review","exact-unique","valid-h1","41","Answer|BreadcrumbList|ContactPoint|Country|FAQPage|ListItem|OpeningHoursSpecification|Organization|PostalAddress|ProfessionalService|PropertyValue|Question|Service|WebSite","not-date-bearing","yes","P2-monitor","retain index gate; add only verified evidence"
"https://reumlab.com/app/billiards/","industry_service","yes","entity-schema-checked","templated-review","yes","review","exact-unique","valid-h1","40","Answer|BreadcrumbList|ContactPoint|Country|FAQPage|ListItem|OpeningHoursSpecification|Organization|PostalAddress|ProfessionalService|PropertyValue|Question|Service|WebSite","not-date-bearing","yes","P2-monitor","retain index gate; add only verified evidence"
"https://reumlab.com/app/booking/","industry_service","yes","entity-schema-checked","templated-review","yes","review","exact-unique","valid-h1","40","Answer|BreadcrumbList|ContactPoint|Country|FAQPage|ListItem|OpeningHoursSpecification|Organization|PostalAddress|ProfessionalService|PropertyValue|Question|Service|WebSite","not-date-bearing","yes","P2-monitor","retain index gate; add only verified evidence"
"https://reumlab.com/app/bookstore/","industry_service","yes","entity-schema-checked","templated-review","yes","review","exact-unique","valid-h1","40","Answer|BreadcrumbList|ContactPoint|Country|FAQPage|ListItem|OpeningHoursSpecification|Organization|PostalAddress|ProfessionalService|PropertyValue|Question|Service|WebSite","not-date-bearing","yes","P2-monitor","retain index gate; add only verified evidence"
"https://reumlab.com/app/butcher/","industry_service","yes","entity-schema-checked","templated-review","yes","review","exact-unique","valid-h1","40","Answer|BreadcrumbList|ContactPoint|Country|FAQPage|ListItem|OpeningHoursSpecification|Organization|PostalAddress|ProfessionalService|PropertyValue|Question|Service|WebSite","not-date-bearing","yes","P2-monitor","retain index gate; add only verified evidence"
"https://reumlab.com/app/cafe/","industry_service","yes","entity-schema-checked","templated-review","yes","review","exact-unique","valid-h1","42","Answer|BreadcrumbList|ContactPoint|Country|FAQPage|ListItem|OpeningHoursSpecification|Organization|PostalAddress|ProfessionalService|PropertyValue|Question|Service|WebSite","not-date-bearing","yes","P2-monitor","retain index gate; add only verified evidence"
"https://reumlab.com/app/camping/","industry_service","yes","entity-schema-checked","templated-review","yes","review","exact-unique","valid-h1","40","Answer|BreadcrumbList|ContactPoint|Country|FAQPage|ListItem|OpeningHoursSpecification|Organization|PostalAddress|ProfessionalService|PropertyValue|Question|Service|WebSite","not-date-bearing","yes","P2-monitor","retain index gate; add only verified evidence"
"https://reumlab.com/app/car-repair/","industry_service","yes","entity-schema-checked","templated-review","yes","review","exact-unique","valid-h1","41","Answer|BreadcrumbList|ContactPoint|Country|FAQPage|ListItem|OpeningHoursSpecification|Organization|PostalAddress|ProfessionalService|PropertyValue|Question|Service|WebSite","not-date-bearing","yes","P2-monitor","retain index gate; add only verified evidence"
"https://reumlab.com/app/car-wash/","industry_service","yes","entity-schema-checked","templated-review","yes","review","exact-unique","valid-h1","41","Answer|BreadcrumbList|ContactPoint|Country|FAQPage|ListItem|OpeningHoursSpecification|Organization|PostalAddress|ProfessionalService|PropertyValue|Question|Service|WebSite","not-date-bearing","yes","P2-monitor","retain index gate; add only verified evidence"
"https://reumlab.com/app/catering/","industry_service","yes","entity-schema-checked","templated-review","yes","review","exact-unique","valid-h1","40","Answer|BreadcrumbList|ContactPoint|Country|FAQPage|ListItem|OpeningHoursSpecification|Organization|PostalAddress|ProfessionalService|PropertyValue|Question|Service|WebSite","not-date-bearing","yes","P2-monitor","retain index gate; add only verified evidence"
"https://reumlab.com/app/childcare/","industry_service","yes","entity-schema-checked","templated-review","yes","review","exact-unique","valid-h1","40","Answer|BreadcrumbList|ContactPoint|Country|FAQPage|ListItem|OpeningHoursSpecification|Organization|PostalAddress|ProfessionalService|PropertyValue|Question|Service|WebSite","not-date-bearing","yes","P2-monitor","retain index gate; add only verified evidence"
"https://reumlab.com/app/church/","industry_service","yes","entity-schema-checked","templated-review","yes","review","exact-unique","valid-h1","40","Answer|BreadcrumbList|ContactPoint|Country|FAQPage|ListItem|OpeningHoursSpecification|Organization|PostalAddress|ProfessionalService|PropertyValue|Question|Service|WebSite","not-date-bearing","yes","P2-monitor","retain index gate; add only verified evidence"
"https://reumlab.com/app/cleaning/","industry_service","yes","entity-schema-checked","templated-review","yes","review","exact-unique","valid-h1","41","Answer|BreadcrumbList|ContactPoint|Country|FAQPage|ListItem|OpeningHoursSpecification|Organization|PostalAddress|ProfessionalService|PropertyValue|Question|Service|WebSite","not-date-bearing","yes","P2-monitor","retain index gate; add only verified evidence"
"https://reumlab.com/app/climbing/","industry_service","yes","entity-schema-checked","templated-review","yes","review","exact-unique","valid-h1","40","Answer|BreadcrumbList|ContactPoint|Country|FAQPage|ListItem|OpeningHoursSpecification|Organization|PostalAddress|ProfessionalService|PropertyValue|Question|Service|WebSite","not-date-bearing","yes","P2-monitor","retain index gate; add only verified evidence"
"https://reumlab.com/app/cloud-kitchen/","industry_service","yes","entity-schema-checked","templated-review","yes","review","exact-unique","valid-h1","41","Answer|BreadcrumbList|ContactPoint|Country|FAQPage|ListItem|OpeningHoursSpecification|Organization|PostalAddress|ProfessionalService|PropertyValue|Question|Service|WebSite","not-date-bearing","yes","P2-monitor","retain index gate; add only verified evidence"
"https://reumlab.com/app/coin-laundry/","industry_service","yes","entity-schema-checked","templated-review","yes","review","exact-unique","valid-h1","41","Answer|BreadcrumbList|ContactPoint|Country|FAQPage|ListItem|OpeningHoursSpecification|Organization|PostalAddress|ProfessionalService|PropertyValue|Question|Service|WebSite","not-date-bearing","yes","P2-monitor","retain index gate; add only verified evidence"
"https://reumlab.com/app/community/","industry_service","yes","entity-schema-checked","templated-review","yes","review","exact-unique","valid-h1","40","Answer|BreadcrumbList|ContactPoint|Country|FAQPage|ListItem|OpeningHoursSpecification|Organization|PostalAddress|ProfessionalService|PropertyValue|Question|Service|WebSite","not-date-bearing","yes","P2-monitor","retain index gate; add only verified evidence"
"https://reumlab.com/app/construction/","industry_service","yes","entity-schema-checked","templated-review","yes","review","exact-unique","valid-h1","41","Answer|BreadcrumbList|ContactPoint|Country|FAQPage|ListItem|OpeningHoursSpecification|Organization|PostalAddress|ProfessionalService|PropertyValue|Question|Service|WebSite","not-date-bearing","yes","P2-monitor","retain index gate; add only verified evidence"
"https://reumlab.com/app/cooking-class/","industry_service","yes","entity-schema-checked","templated-review","yes","review","exact-unique","valid-h1","40","Answer|BreadcrumbList|ContactPoint|Country|FAQPage|ListItem|OpeningHoursSpecification|Organization|PostalAddress|ProfessionalService|PropertyValue|Question|Service|WebSite","not-date-bearing","yes","P2-monitor","retain index gate; add only verified evidence"
"https://reumlab.com/app/coworking/","industry_service","yes","entity-schema-checked","templated-review","yes","review","exact-unique","valid-h1","41","Answer|BreadcrumbList|ContactPoint|Country|FAQPage|ListItem|OpeningHoursSpecification|Organization|PostalAddress|ProfessionalService|PropertyValue|Question|Service|WebSite","not-date-bearing","yes","P2-monitor","retain index gate; add only verified evidence"
"https://reumlab.com/app/creator/","industry_service","yes","entity-schema-checked","templated-review","yes","review","exact-unique","valid-h1","40","Answer|BreadcrumbList|ContactPoint|Country|FAQPage|ListItem|OpeningHoursSpecification|Organization|PostalAddress|ProfessionalService|PropertyValue|Question|Service|WebSite","not-date-bearing","yes","P2-monitor","retain index gate; add only verified evidence"
"https://reumlab.com/app/dance-academy/","industry_service","yes","entity-schema-checked","templated-review","yes","review","exact-unique","valid-h1","41","Answer|BreadcrumbList|ContactPoint|Country|FAQPage|ListItem|OpeningHoursSpecification|Organization|PostalAddress|ProfessionalService|PropertyValue|Question|Service|WebSite","not-date-bearing","yes","P2-monitor","retain index gate; add only verified evidence"
"https://reumlab.com/app/delivery/","industry_service","yes","entity-schema-checked","templated-review","yes","review","exact-unique","valid-h1","42","Answer|BreadcrumbList|ContactPoint|Country|FAQPage|ListItem|OpeningHoursSpecification|Organization|PostalAddress|ProfessionalService|PropertyValue|Question|Service|WebSite","not-date-bearing","yes","P2-monitor","retain index gate; add only verified evidence"
"https://reumlab.com/app/dental/","industry_service","yes","entity-schema-checked","templated-review","yes","review","exact-unique","valid-h1","40","Answer|BreadcrumbList|ContactPoint|Country|FAQPage|ListItem|OpeningHoursSpecification|Organization|PostalAddress|ProfessionalService|PropertyValue|Question|Service|WebSite","not-date-bearing","yes","P2-monitor","retain index gate; add only verified evidence"
"https://reumlab.com/app/driving-school/","industry_service","yes","entity-schema-checked","templated-review","yes","review","exact-unique","valid-h1","40","Answer|BreadcrumbList|ContactPoint|Country|FAQPage|ListItem|OpeningHoursSpecification|Organization|PostalAddress|ProfessionalService|PropertyValue|Question|Service|WebSite","not-date-bearing","yes","P2-monitor","retain index gate; add only verified evidence"
"https://reumlab.com/app/english-academy/","industry_service","yes","entity-schema-checked","templated-review","yes","review","exact-unique","valid-h1","41","Answer|BreadcrumbList|ContactPoint|Country|FAQPage|ListItem|OpeningHoursSpecification|Organization|PostalAddress|ProfessionalService|PropertyValue|Question|Service|WebSite","not-date-bearing","yes","P2-monitor","retain index gate; add only verified evidence"
"https://reumlab.com/app/esthetic/","industry_service","yes","entity-schema-checked","templated-review","yes","review","exact-unique","valid-h1","40","Answer|BreadcrumbList|ContactPoint|Country|FAQPage|ListItem|OpeningHoursSpecification|Organization|PostalAddress|ProfessionalService|PropertyValue|Question|Service|WebSite","not-date-bearing","yes","P2-monitor","retain index gate; add only verified evidence"
"https://reumlab.com/app/event-agency/","industry_service","yes","entity-schema-checked","templated-review","yes","review","exact-unique","valid-h1","40","Answer|BreadcrumbList|ContactPoint|Country|FAQPage|ListItem|OpeningHoursSpecification|Organization|PostalAddress|ProfessionalService|PropertyValue|Question|Service|WebSite","not-date-bearing","yes","P2-monitor","retain index gate; add only verified evidence"
"https://reumlab.com/app/fishing/","industry_service","yes","entity-schema-checked","templated-review","yes","review","exact-unique","valid-h1","40","Answer|BreadcrumbList|ContactPoint|Country|FAQPage|ListItem|OpeningHoursSpecification|Organization|PostalAddress|ProfessionalService|PropertyValue|Question|Service|WebSite","not-date-bearing","yes","P2-monitor","retain index gate; add only verified evidence"
"https://reumlab.com/app/fitness/","industry_service","yes","entity-schema-checked","templated-review","yes","review","exact-unique","valid-h1","40","Answer|BreadcrumbList|ContactPoint|Country|FAQPage|ListItem|OpeningHoursSpecification|Organization|PostalAddress|ProfessionalService|PropertyValue|Question|Service|WebSite","not-date-bearing","yes","P2-monitor","retain index gate; add only verified evidence"
"https://reumlab.com/app/flower/","industry_service","yes","entity-schema-checked","templated-review","yes","review","exact-unique","valid-h1","40","Answer|BreadcrumbList|ContactPoint|Country|FAQPage|ListItem|OpeningHoursSpecification|Organization|PostalAddress|ProfessionalService|PropertyValue|Question|Service|WebSite","not-date-bearing","yes","P2-monitor","retain index gate; add only verified evidence"
"https://reumlab.com/app/foodtech/","industry_service","yes","entity-schema-checked","templated-review","yes","review","exact-unique","valid-h1","41","Answer|BreadcrumbList|ContactPoint|Country|FAQPage|ListItem|OpeningHoursSpecification|Organization|PostalAddress|ProfessionalService|PropertyValue|Question|Service|WebSite","not-date-bearing","yes","P2-monitor","retain index gate; add only verified evidence"
"https://reumlab.com/app/franchise/","industry_service","yes","entity-schema-checked","templated-review","yes","review","exact-unique","valid-h1","40","Answer|BreadcrumbList|ContactPoint|Country|FAQPage|ListItem|OpeningHoursSpecification|Organization|PostalAddress|ProfessionalService|PropertyValue|Question|Service|WebSite","not-date-bearing","yes","P2-monitor","retain index gate; add only verified evidence"
"https://reumlab.com/app/funeral/","industry_service","yes","entity-schema-checked","templated-review","yes","review","exact-unique","valid-h1","40","Answer|BreadcrumbList|ContactPoint|Country|FAQPage|ListItem|OpeningHoursSpecification|Organization|PostalAddress|ProfessionalService|PropertyValue|Question|Service|WebSite","not-date-bearing","yes","P2-monitor","retain index gate; add only verified evidence"
"https://reumlab.com/app/furniture/","industry_service","yes","entity-schema-checked","templated-review","yes","review","exact-unique","valid-h1","40","Answer|BreadcrumbList|ContactPoint|Country|FAQPage|ListItem|OpeningHoursSpecification|Organization|PostalAddress|ProfessionalService|PropertyValue|Question|Service|WebSite","not-date-bearing","yes","P2-monitor","retain index gate; add only verified evidence"
"https://reumlab.com/app/game-studio/","industry_service","yes","entity-schema-checked","templated-review","yes","review","exact-unique","valid-h1","40","Answer|BreadcrumbList|ContactPoint|Country|FAQPage|ListItem|OpeningHoursSpecification|Organization|PostalAddress|ProfessionalService|PropertyValue|Question|Service|WebSite","not-date-bearing","yes","P2-monitor","retain index gate; add only verified evidence"
"https://reumlab.com/app/golf/","industry_service","yes","entity-schema-checked","templated-review","yes","review","exact-unique","valid-h1","40","Answer|BreadcrumbList|ContactPoint|Country|FAQPage|ListItem|OpeningHoursSpecification|Organization|PostalAddress|ProfessionalService|PropertyValue|Question|Service|WebSite","not-date-bearing","yes","P2-monitor","retain index gate; add only verified evidence"
"https://reumlab.com/app/golf-range/","industry_service","yes","entity-schema-checked","templated-review","yes","review","exact-unique","valid-h1","40","Answer|BreadcrumbList|ContactPoint|Country|FAQPage|ListItem|OpeningHoursSpecification|Organization|PostalAddress|ProfessionalService|PropertyValue|Question|Service|WebSite","not-date-bearing","yes","P2-monitor","retain index gate; add only verified evidence"
"https://reumlab.com/app/grocery/","industry_service","yes","entity-schema-checked","templated-review","yes","review","exact-unique","valid-h1","40","Answer|BreadcrumbList|ContactPoint|Country|FAQPage|ListItem|OpeningHoursSpecification|Organization|PostalAddress|ProfessionalService|PropertyValue|Question|Service|WebSite","not-date-bearing","yes","P2-monitor","retain index gate; add only verified evidence"
"https://reumlab.com/app/hair-salon/","industry_service","yes","entity-schema-checked","templated-review","yes","review","exact-unique","valid-h1","40","Answer|BreadcrumbList|ContactPoint|Country|FAQPage|ListItem|OpeningHoursSpecification|Organization|PostalAddress|ProfessionalService|PropertyValue|Question|Service|WebSite","not-date-bearing","yes","P2-monitor","retain index gate; add only verified evidence"
"https://reumlab.com/app/hospital/","industry_service","yes","entity-schema-checked","templated-review","yes","review","exact-unique","valid-h1","40","Answer|BreadcrumbList|ContactPoint|Country|FAQPage|ListItem|OpeningHoursSpecification|Organization|PostalAddress|ProfessionalService|PropertyValue|Question|Service|WebSite","not-date-bearing","yes","P2-monitor","retain index gate; add only verified evidence"
"https://reumlab.com/app/","service_or_hub","yes","entity-schema-checked","moderate","yes","review","exact-unique","valid-h1","368","BreadcrumbList|CollectionPage|ContactPoint|Country|ItemList|ListItem|OpeningHoursSpecification|Organization|PostalAddress|ProfessionalService|PropertyValue|WebSite","not-date-bearing","yes","P1","retain and monitor"
"https://reumlab.com/app/insurance/","industry_service","yes","entity-schema-checked","templated-review","yes","review","exact-unique","valid-h1","40","Answer|BreadcrumbList|ContactPoint|Country|FAQPage|ListItem|OpeningHoursSpecification|Organization|PostalAddress|ProfessionalService|PropertyValue|Question|Service|WebSite","not-date-bearing","yes","P2-monitor","retain index gate; add only verified evidence"
"https://reumlab.com/app/interior/","industry_service","yes","entity-schema-checked","templated-review","yes","review","exact-unique","valid-h1","41","Answer|BreadcrumbList|ContactPoint|Country|FAQPage|ListItem|OpeningHoursSpecification|Organization|PostalAddress|ProfessionalService|PropertyValue|Question|Service|WebSite","not-date-bearing","yes","P2-monitor","retain index gate; add only verified evidence"
"https://reumlab.com/app/kids-cafe/","industry_service","yes","entity-schema-checked","templated-review","yes","review","exact-unique","valid-h1","40","Answer|BreadcrumbList|ContactPoint|Country|FAQPage|ListItem|OpeningHoursSpecification|Organization|PostalAddress|ProfessionalService|PropertyValue|Question|Service|WebSite","not-date-bearing","yes","P2-monitor","retain index gate; add only verified evidence"
"https://reumlab.com/app/labor-hr/","industry_service","yes","entity-schema-checked","templated-review","yes","review","exact-unique","valid-h1","41","Answer|BreadcrumbList|ContactPoint|Country|FAQPage|ListItem|OpeningHoursSpecification|Organization|PostalAddress|ProfessionalService|PropertyValue|Question|Service|WebSite","not-date-bearing","yes","P2-monitor","retain index gate; add only verified evidence"
"https://reumlab.com/app/laundry/","industry_service","yes","entity-schema-checked","templated-review","yes","review","exact-unique","valid-h1","41","Answer|BreadcrumbList|ContactPoint|Country|FAQPage|ListItem|OpeningHoursSpecification|Organization|PostalAddress|ProfessionalService|PropertyValue|Question|Service|WebSite","not-date-bearing","yes","P2-monitor","retain index gate; add only verified evidence"
"https://reumlab.com/app/law-firm/","industry_service","yes","entity-schema-checked","templated-review","yes","review","exact-unique","valid-h1","40","Answer|BreadcrumbList|ContactPoint|Country|FAQPage|ListItem|OpeningHoursSpecification|Organization|PostalAddress|ProfessionalService|PropertyValue|Question|Service|WebSite","not-date-bearing","yes","P2-monitor","retain index gate; add only verified evidence"
"https://reumlab.com/app/liquor-shop/","industry_service","yes","entity-schema-checked","templated-review","yes","review","exact-unique","valid-h1","40","Answer|BreadcrumbList|ContactPoint|Country|FAQPage|ListItem|OpeningHoursSpecification|Organization|PostalAddress|ProfessionalService|PropertyValue|Question|Service|WebSite","not-date-bearing","yes","P2-monitor","retain index gate; add only verified evidence"
"https://reumlab.com/app/loan/","industry_service","yes","entity-schema-checked","templated-review","yes","review","exact-unique","valid-h1","40","Answer|BreadcrumbList|ContactPoint|Country|FAQPage|ListItem|OpeningHoursSpecification|Organization|PostalAddress|ProfessionalService|PropertyValue|Question|Service|WebSite","not-date-bearing","yes","P2-monitor","retain index gate; add only verified evidence"
"https://reumlab.com/app/lodging/","industry_service","yes","entity-schema-checked","templated-review","yes","review","exact-unique","valid-h1","41","Answer|BreadcrumbList|ContactPoint|Country|FAQPage|ListItem|OpeningHoursSpecification|Organization|PostalAddress|ProfessionalService|PropertyValue|Question|Service|WebSite","not-date-bearing","yes","P2-monitor","retain index gate; add only verified evidence"
"https://reumlab.com/app/logistics/","industry_service","yes","entity-schema-checked","templated-review","yes","review","exact-unique","valid-h1","42","Answer|BreadcrumbList|ContactPoint|Country|FAQPage|ListItem|OpeningHoursSpecification|Organization|PostalAddress|ProfessionalService|PropertyValue|Question|Service|WebSite","not-date-bearing","yes","P2-monitor","retain index gate; add only verified evidence"
"https://reumlab.com/app/manufacturing/","industry_service","yes","entity-schema-checked","templated-review","yes","review","exact-unique","valid-h1","42","Answer|BreadcrumbList|ContactPoint|Country|FAQPage|ListItem|OpeningHoursSpecification|Organization|PostalAddress|ProfessionalService|PropertyValue|Question|Service|WebSite","not-date-bearing","yes","P2-monitor","retain index gate; add only verified evidence"
"https://reumlab.com/app/marketing-agency/","industry_service","yes","entity-schema-checked","templated-review","yes","review","exact-unique","valid-h1","40","Answer|BreadcrumbList|ContactPoint|Country|FAQPage|ListItem|OpeningHoursSpecification|Organization|PostalAddress|ProfessionalService|PropertyValue|Question|Service|WebSite","not-date-bearing","yes","P2-monitor","retain index gate; add only verified evidence"
"https://reumlab.com/app/marketplace/","industry_service","yes","entity-schema-checked","templated-review","yes","review","exact-unique","valid-h1","40","Answer|BreadcrumbList|ContactPoint|Country|FAQPage|ListItem|OpeningHoursSpecification|Organization|PostalAddress|ProfessionalService|PropertyValue|Question|Service|WebSite","not-date-bearing","yes","P2-monitor","retain index gate; add only verified evidence"
"https://reumlab.com/app/massage/","industry_service","yes","entity-schema-checked","templated-review","yes","review","exact-unique","valid-h1","40","Answer|BreadcrumbList|ContactPoint|Country|FAQPage|ListItem|OpeningHoursSpecification|Organization|PostalAddress|ProfessionalService|PropertyValue|Question|Service|WebSite","not-date-bearing","yes","P2-monitor","retain index gate; add only verified evidence"
"https://reumlab.com/app/math-academy/","industry_service","yes","entity-schema-checked","templated-review","yes","review","exact-unique","valid-h1","41","Answer|BreadcrumbList|ContactPoint|Country|FAQPage|ListItem|OpeningHoursSpecification|Organization|PostalAddress|ProfessionalService|PropertyValue|Question|Service|WebSite","not-date-bearing","yes","P2-monitor","retain index gate; add only verified evidence"
"https://reumlab.com/app/moving/","industry_service","yes","entity-schema-checked","templated-review","yes","review","exact-unique","valid-h1","40","Answer|BreadcrumbList|ContactPoint|Country|FAQPage|ListItem|OpeningHoursSpecification|Organization|PostalAddress|ProfessionalService|PropertyValue|Question|Service|WebSite","not-date-bearing","yes","P2-monitor","retain index gate; add only verified evidence"
"https://reumlab.com/app/music-academy/","industry_service","yes","entity-schema-checked","templated-review","yes","review","exact-unique","valid-h1","41","Answer|BreadcrumbList|ContactPoint|Country|FAQPage|ListItem|OpeningHoursSpecification|Organization|PostalAddress|ProfessionalService|PropertyValue|Question|Service|WebSite","not-date-bearing","yes","P2-monitor","retain index gate; add only verified evidence"
"https://reumlab.com/app/nail-shop/","industry_service","yes","entity-schema-checked","templated-review","yes","review","exact-unique","valid-h1","40","Answer|BreadcrumbList|ContactPoint|Country|FAQPage|ListItem|OpeningHoursSpecification|Organization|PostalAddress|ProfessionalService|PropertyValue|Question|Service|WebSite","not-date-bearing","yes","P2-monitor","retain index gate; add only verified evidence"
"https://reumlab.com/app/nonprofit/","industry_service","yes","entity-schema-checked","templated-review","yes","review","exact-unique","valid-h1","40","Answer|BreadcrumbList|ContactPoint|Country|FAQPage|ListItem|OpeningHoursSpecification|Organization|PostalAddress|ProfessionalService|PropertyValue|Question|Service|WebSite","not-date-bearing","yes","P2-monitor","retain index gate; add only verified evidence"
"https://reumlab.com/app/o2o/","industry_service","yes","entity-schema-checked","templated-review","yes","review","exact-unique","valid-h1","42","Answer|BreadcrumbList|ContactPoint|Country|FAQPage|ListItem|OpeningHoursSpecification|Organization|PostalAddress|ProfessionalService|PropertyValue|Question|Service|WebSite","not-date-bearing","yes","P2-monitor","retain index gate; add only verified evidence"
"https://reumlab.com/app/optician/","industry_service","yes","entity-schema-checked","templated-review","yes","review","exact-unique","valid-h1","40","Answer|BreadcrumbList|ContactPoint|Country|FAQPage|ListItem|OpeningHoursSpecification|Organization|PostalAddress|ProfessionalService|PropertyValue|Question|Service|WebSite","not-date-bearing","yes","P2-monitor","retain index gate; add only verified evidence"
"https://reumlab.com/app/oriental-medicine/","industry_service","yes","entity-schema-checked","templated-review","yes","review","exact-unique","valid-h1","40","Answer|BreadcrumbList|ContactPoint|Country|FAQPage|ListItem|OpeningHoursSpecification|Organization|PostalAddress|ProfessionalService|PropertyValue|Question|Service|WebSite","not-date-bearing","yes","P2-monitor","retain index gate; add only verified evidence"
"https://reumlab.com/app/parking/","industry_service","yes","entity-schema-checked","templated-review","yes","review","exact-unique","valid-h1","40","Answer|BreadcrumbList|ContactPoint|Country|FAQPage|ListItem|OpeningHoursSpecification|Organization|PostalAddress|ProfessionalService|PropertyValue|Question|Service|WebSite","not-date-bearing","yes","P2-monitor","retain index gate; add only verified evidence"
"https://reumlab.com/app/party-room/","industry_service","yes","entity-schema-checked","templated-review","yes","review","exact-unique","valid-h1","41","Answer|BreadcrumbList|ContactPoint|Country|FAQPage|ListItem|OpeningHoursSpecification|Organization|PostalAddress|ProfessionalService|PropertyValue|Question|Service|WebSite","not-date-bearing","yes","P2-monitor","retain index gate; add only verified evidence"
"https://reumlab.com/app/patent/","industry_service","yes","entity-schema-checked","templated-review","yes","review","exact-unique","valid-h1","40","Answer|BreadcrumbList|ContactPoint|Country|FAQPage|ListItem|OpeningHoursSpecification|Organization|PostalAddress|ProfessionalService|PropertyValue|Question|Service|WebSite","not-date-bearing","yes","P2-monitor","retain index gate; add only verified evidence"
"https://reumlab.com/app/pc-cafe/","industry_service","yes","entity-schema-checked","templated-review","yes","review","exact-unique","valid-h1","40","Answer|BreadcrumbList|ContactPoint|Country|FAQPage|ListItem|OpeningHoursSpecification|Organization|PostalAddress|ProfessionalService|PropertyValue|Question|Service|WebSite","not-date-bearing","yes","P2-monitor","retain index gate; add only verified evidence"
"https://reumlab.com/app/pet/","industry_service","yes","entity-schema-checked","templated-review","yes","review","exact-unique","valid-h1","40","Answer|BreadcrumbList|ContactPoint|Country|FAQPage|ListItem|OpeningHoursSpecification|Organization|PostalAddress|ProfessionalService|PropertyValue|Question|Service|WebSite","not-date-bearing","yes","P2-monitor","retain index gate; add only verified evidence"
"https://reumlab.com/app/pharmacy/","industry_service","yes","entity-schema-checked","templated-review","yes","review","exact-unique","valid-h1","40","Answer|BreadcrumbList|ContactPoint|Country|FAQPage|ListItem|OpeningHoursSpecification|Organization|PostalAddress|ProfessionalService|PropertyValue|Question|Service|WebSite","not-date-bearing","yes","P2-monitor","retain index gate; add only verified evidence"
"https://reumlab.com/app/photo-studio/","industry_service","yes","entity-schema-checked","templated-review","yes","yes","exact-unique","valid-h1","40","Answer|BreadcrumbList|ContactPoint|Country|FAQPage|ListItem|OpeningHoursSpecification|Organization|PostalAddress|ProfessionalService|PropertyValue|Question|Service|WebSite","not-date-bearing","yes","P2-monitor","retain index gate; add only verified evidence"
"https://reumlab.com/app/physical-therapy/","industry_service","yes","entity-schema-checked","templated-review","yes","review","exact-unique","valid-h1","40","Answer|BreadcrumbList|ContactPoint|Country|FAQPage|ListItem|OpeningHoursSpecification|Organization|PostalAddress|ProfessionalService|PropertyValue|Question|Service|WebSite","not-date-bearing","yes","P2-monitor","retain index gate; add only verified evidence"
"https://reumlab.com/app/pilates/","industry_service","yes","entity-schema-checked","templated-review","yes","review","exact-unique","valid-h1","40","Answer|BreadcrumbList|ContactPoint|Country|FAQPage|ListItem|OpeningHoursSpecification|Organization|PostalAddress|ProfessionalService|PropertyValue|Question|Service|WebSite","not-date-bearing","yes","P2-monitor","retain index gate; add only verified evidence"
"https://reumlab.com/app/postpartum/","industry_service","yes","entity-schema-checked","templated-review","yes","review","exact-unique","valid-h1","40","Answer|BreadcrumbList|ContactPoint|Country|FAQPage|ListItem|OpeningHoursSpecification|Organization|PostalAddress|ProfessionalService|PropertyValue|Question|Service|WebSite","not-date-bearing","yes","P2-monitor","retain index gate; add only verified evidence"
"https://reumlab.com/app/printing/","industry_service","yes","entity-schema-checked","templated-review","yes","review","exact-unique","valid-h1","40","Answer|BreadcrumbList|ContactPoint|Country|FAQPage|ListItem|OpeningHoursSpecification|Organization|PostalAddress|ProfessionalService|PropertyValue|Question|Service|WebSite","not-date-bearing","yes","P2-monitor","retain index gate; add only verified evidence"
"https://reumlab.com/app/property-mgmt/","industry_service","yes","entity-schema-checked","templated-review","yes","review","exact-unique","valid-h1","40","Answer|BreadcrumbList|ContactPoint|Country|FAQPage|ListItem|OpeningHoursSpecification|Organization|PostalAddress|ProfessionalService|PropertyValue|Question|Service|WebSite","not-date-bearing","yes","P2-monitor","retain index gate; add only verified evidence"
"https://reumlab.com/app/psychology/","industry_service","yes","entity-schema-checked","templated-review","yes","review","exact-unique","valid-h1","40","Answer|BreadcrumbList|ContactPoint|Country|FAQPage|ListItem|OpeningHoursSpecification|Organization|PostalAddress|ProfessionalService|PropertyValue|Question|Service|WebSite","not-date-bearing","yes","P2-monitor","retain index gate; add only verified evidence"
"https://reumlab.com/app/realestate/","industry_service","yes","entity-schema-checked","templated-review","yes","review","exact-unique","valid-h1","41","Answer|BreadcrumbList|ContactPoint|Country|FAQPage|ListItem|OpeningHoursSpecification|Organization|PostalAddress|ProfessionalService|PropertyValue|Question|Service|WebSite","not-date-bearing","yes","P2-monitor","retain index gate; add only verified evidence"
"https://reumlab.com/app/recruiting/","industry_service","yes","entity-schema-checked","templated-review","yes","review","exact-unique","valid-h1","41","Answer|BreadcrumbList|ContactPoint|Country|FAQPage|ListItem|OpeningHoursSpecification|Organization|PostalAddress|ProfessionalService|PropertyValue|Question|Service|WebSite","not-date-bearing","yes","P2-monitor","retain index gate; add only verified evidence"
"https://reumlab.com/app/rental/","industry_service","yes","entity-schema-checked","templated-review","yes","review","exact-unique","valid-h1","41","Answer|BreadcrumbList|ContactPoint|Country|FAQPage|ListItem|OpeningHoursSpecification|Organization|PostalAddress|ProfessionalService|PropertyValue|Question|Service|WebSite","not-date-bearing","yes","P2-monitor","retain index gate; add only verified evidence"
"https://reumlab.com/app/rental-car/","industry_service","yes","entity-schema-checked","templated-review","yes","review","exact-unique","valid-h1","40","Answer|BreadcrumbList|ContactPoint|Country|FAQPage|ListItem|OpeningHoursSpecification|Organization|PostalAddress|ProfessionalService|PropertyValue|Question|Service|WebSite","not-date-bearing","yes","P2-monitor","retain index gate; add only verified evidence"
"https://reumlab.com/app/resort/","industry_service","yes","entity-schema-checked","templated-review","yes","review","exact-unique","valid-h1","40","Answer|BreadcrumbList|ContactPoint|Country|FAQPage|ListItem|OpeningHoursSpecification|Organization|PostalAddress|ProfessionalService|PropertyValue|Question|Service|WebSite","not-date-bearing","yes","P2-monitor","retain index gate; add only verified evidence"
"https://reumlab.com/app/restaurant/","industry_service","yes","entity-schema-checked","templated-review","yes","review","exact-unique","valid-h1","42","Answer|BreadcrumbList|ContactPoint|Country|FAQPage|ListItem|OpeningHoursSpecification|Organization|PostalAddress|ProfessionalService|PropertyValue|Question|Service|WebSite","not-date-bearing","yes","P2-monitor","retain index gate; add only verified evidence"
"https://reumlab.com/app/screen-golf/","industry_service","yes","entity-schema-checked","templated-review","yes","review","exact-unique","valid-h1","40","Answer|BreadcrumbList|ContactPoint|Country|FAQPage|ListItem|OpeningHoursSpecification|Organization|PostalAddress|ProfessionalService|PropertyValue|Question|Service|WebSite","not-date-bearing","yes","P2-monitor","retain index gate; add only verified evidence"
"https://reumlab.com/app/security/","industry_service","yes","entity-schema-checked","templated-review","yes","review","exact-unique","valid-h1","41","Answer|BreadcrumbList|ContactPoint|Country|FAQPage|ListItem|OpeningHoursSpecification|Organization|PostalAddress|ProfessionalService|PropertyValue|Question|Service|WebSite","not-date-bearing","yes","P2-monitor","retain index gate; add only verified evidence"
"https://reumlab.com/app/senior/","industry_service","yes","entity-schema-checked","templated-review","yes","review","exact-unique","valid-h1","40","Answer|BreadcrumbList|ContactPoint|Country|FAQPage|ListItem|OpeningHoursSpecification|Organization|PostalAddress|ProfessionalService|PropertyValue|Question|Service|WebSite","not-date-bearing","yes","P2-monitor","retain index gate; add only verified evidence"
"https://reumlab.com/app/shopping/","industry_service","yes","entity-schema-checked","templated-review","yes","review","exact-unique","valid-h1","40","Answer|BreadcrumbList|ContactPoint|Country|FAQPage|ListItem|OpeningHoursSpecification|Organization|PostalAddress|ProfessionalService|PropertyValue|Question|Service|WebSite","not-date-bearing","yes","P2-monitor","retain index gate; add only verified evidence"
"https://reumlab.com/app/sidedish/","industry_service","yes","entity-schema-checked","templated-review","yes","review","exact-unique","valid-h1","41","Answer|BreadcrumbList|ContactPoint|Country|FAQPage|ListItem|OpeningHoursSpecification|Organization|PostalAddress|ProfessionalService|PropertyValue|Question|Service|WebSite","not-date-bearing","yes","P2-monitor","retain index gate; add only verified evidence"
"https://reumlab.com/app/skin-clinic/","industry_service","yes","entity-schema-checked","templated-review","yes","review","exact-unique","valid-h1","40","Answer|BreadcrumbList|ContactPoint|Country|FAQPage|ListItem|OpeningHoursSpecification|Organization|PostalAddress|ProfessionalService|PropertyValue|Question|Service|WebSite","not-date-bearing","yes","P2-monitor","retain index gate; add only verified evidence"
"https://reumlab.com/app/solar/","industry_service","yes","entity-schema-checked","templated-review","yes","review","exact-unique","valid-h1","40","Answer|BreadcrumbList|ContactPoint|Country|FAQPage|ListItem|OpeningHoursSpecification|Organization|PostalAddress|ProfessionalService|PropertyValue|Question|Service|WebSite","not-date-bearing","yes","P2-monitor","retain index gate; add only verified evidence"
"https://reumlab.com/app/speech/","industry_service","yes","entity-schema-checked","templated-review","yes","review","exact-unique","valid-h1","40","Answer|BreadcrumbList|ContactPoint|Country|FAQPage|ListItem|OpeningHoursSpecification|Organization|PostalAddress|ProfessionalService|PropertyValue|Question|Service|WebSite","not-date-bearing","yes","P2-monitor","retain index gate; add only verified evidence"
"https://reumlab.com/app/storage/","industry_service","yes","entity-schema-checked","templated-review","yes","review","exact-unique","valid-h1","40","Answer|BreadcrumbList|ContactPoint|Country|FAQPage|ListItem|OpeningHoursSpecification|Organization|PostalAddress|ProfessionalService|PropertyValue|Question|Service|WebSite","not-date-bearing","yes","P2-monitor","retain index gate; add only verified evidence"
"https://reumlab.com/app/studycafe/","industry_service","yes","entity-schema-checked","templated-review","yes","review","exact-unique","valid-h1","41","Answer|BreadcrumbList|ContactPoint|Country|FAQPage|ListItem|OpeningHoursSpecification|Organization|PostalAddress|ProfessionalService|PropertyValue|Question|Service|WebSite","not-date-bearing","yes","P2-monitor","retain index gate; add only verified evidence"
"https://reumlab.com/app/subscription/","industry_service","yes","entity-schema-checked","templated-review","yes","review","exact-unique","valid-h1","41","Answer|BreadcrumbList|ContactPoint|Country|FAQPage|ListItem|OpeningHoursSpecification|Organization|PostalAddress|ProfessionalService|PropertyValue|Question|Service|WebSite","not-date-bearing","yes","P2-monitor","retain index gate; add only verified evidence"
"https://reumlab.com/app/swimming/","industry_service","yes","entity-schema-checked","templated-review","yes","review","exact-unique","valid-h1","40","Answer|BreadcrumbList|ContactPoint|Country|FAQPage|ListItem|OpeningHoursSpecification|Organization|PostalAddress|ProfessionalService|PropertyValue|Question|Service|WebSite","not-date-bearing","yes","P2-monitor","retain index gate; add only verified evidence"
"https://reumlab.com/app/taekwondo/","industry_service","yes","entity-schema-checked","templated-review","yes","review","exact-unique","valid-h1","40","Answer|BreadcrumbList|ContactPoint|Country|FAQPage|ListItem|OpeningHoursSpecification|Organization|PostalAddress|ProfessionalService|PropertyValue|Question|Service|WebSite","not-date-bearing","yes","P2-monitor","retain index gate; add only verified evidence"
"https://reumlab.com/app/tailor/","industry_service","yes","entity-schema-checked","templated-review","yes","review","exact-unique","valid-h1","40","Answer|BreadcrumbList|ContactPoint|Country|FAQPage|ListItem|OpeningHoursSpecification|Organization|PostalAddress|ProfessionalService|PropertyValue|Question|Service|WebSite","not-date-bearing","yes","P2-monitor","retain index gate; add only verified evidence"
"https://reumlab.com/app/tax-accounting/","industry_service","yes","entity-schema-checked","templated-review","yes","review","exact-unique","valid-h1","40","Answer|BreadcrumbList|ContactPoint|Country|FAQPage|ListItem|OpeningHoursSpecification|Organization|PostalAddress|ProfessionalService|PropertyValue|Question|Service|WebSite","not-date-bearing","yes","P2-monitor","retain index gate; add only verified evidence"
"https://reumlab.com/app/telemedicine/","industry_service","yes","entity-schema-checked","templated-review","yes","yes","exact-unique","valid-h1","40","Answer|BreadcrumbList|ContactPoint|Country|FAQPage|ListItem|OpeningHoursSpecification|Organization|PostalAddress|ProfessionalService|PropertyValue|Question|Service|WebSite","not-date-bearing","yes","P2-monitor","retain index gate; add only verified evidence"
"https://reumlab.com/app/translation/","industry_service","yes","entity-schema-checked","templated-review","yes","yes","exact-unique","valid-h1","40","Answer|BreadcrumbList|ContactPoint|Country|FAQPage|ListItem|OpeningHoursSpecification|Organization|PostalAddress|ProfessionalService|PropertyValue|Question|Service|WebSite","not-date-bearing","yes","P2-monitor","retain index gate; add only verified evidence"
"https://reumlab.com/app/travel/","industry_service","yes","entity-schema-checked","templated-review","yes","review","exact-unique","valid-h1","40","Answer|BreadcrumbList|ContactPoint|Country|FAQPage|ListItem|OpeningHoursSpecification|Organization|PostalAddress|ProfessionalService|PropertyValue|Question|Service|WebSite","not-date-bearing","yes","P2-monitor","retain index gate; add only verified evidence"
"https://reumlab.com/app/tutoring/","industry_service","yes","entity-schema-checked","templated-review","yes","review","exact-unique","valid-h1","40","Answer|BreadcrumbList|ContactPoint|Country|FAQPage|ListItem|OpeningHoursSpecification|Organization|PostalAddress|ProfessionalService|PropertyValue|Question|Service|WebSite","not-date-bearing","yes","P2-monitor","retain index gate; add only verified evidence"
"https://reumlab.com/app/university/","industry_service","yes","entity-schema-checked","templated-review","yes","review","exact-unique","valid-h1","40","Answer|BreadcrumbList|ContactPoint|Country|FAQPage|ListItem|OpeningHoursSpecification|Organization|PostalAddress|ProfessionalService|PropertyValue|Question|Service|WebSite","not-date-bearing","yes","P2-monitor","retain index gate; add only verified evidence"
"https://reumlab.com/app/unmanned-store/","industry_service","yes","entity-schema-checked","templated-review","yes","review","exact-unique","valid-h1","41","Answer|BreadcrumbList|ContactPoint|Country|FAQPage|ListItem|OpeningHoursSpecification|Organization|PostalAddress|ProfessionalService|PropertyValue|Question|Service|WebSite","not-date-bearing","yes","P2-monitor","retain index gate; add only verified evidence"
"https://reumlab.com/app/used-car/","industry_service","yes","entity-schema-checked","templated-review","yes","review","exact-unique","valid-h1","41","Answer|BreadcrumbList|ContactPoint|Country|FAQPage|ListItem|OpeningHoursSpecification|Organization|PostalAddress|ProfessionalService|PropertyValue|Question|Service|WebSite","not-date-bearing","yes","P2-monitor","retain index gate; add only verified evidence"
"https://reumlab.com/app/wedding/","industry_service","yes","entity-schema-checked","templated-review","yes","review","exact-unique","valid-h1","40","Answer|BreadcrumbList|ContactPoint|Country|FAQPage|ListItem|OpeningHoursSpecification|Organization|PostalAddress|ProfessionalService|PropertyValue|Question|Service|WebSite","not-date-bearing","yes","P2-monitor","retain index gate; add only verified evidence"
"https://reumlab.com/app/wholesale/","industry_service","yes","entity-schema-checked","templated-review","yes","review","exact-unique","valid-h1","41","Answer|BreadcrumbList|ContactPoint|Country|FAQPage|ListItem|OpeningHoursSpecification|Organization|PostalAddress|ProfessionalService|PropertyValue|Question|Service|WebSite","not-date-bearing","yes","P2-monitor","retain index gate; add only verified evidence"
"https://reumlab.com/app/yoga/","industry_service","yes","entity-schema-checked","templated-review","yes","review","exact-unique","valid-h1","40","Answer|BreadcrumbList|ContactPoint|Country|FAQPage|ListItem|OpeningHoursSpecification|Organization|PostalAddress|ProfessionalService|PropertyValue|Question|Service|WebSite","not-date-bearing","yes","P2-monitor","retain index gate; add only verified evidence"
"https://reumlab.com/app-agency/","service_or_hub","yes","entity-schema-checked","moderate","yes","yes","exact-unique","valid-h1","33","Answer|BreadcrumbList|ContactPoint|Country|FAQPage|ListItem|OpeningHoursSpecification|Organization|PostalAddress|ProfessionalService|PropertyValue|Question|Service|WebSite","not-date-bearing","yes","P1","retain and monitor"
"https://reumlab.com/app-development/dongtan/","region_service","yes","entity-schema-checked","templated-review","yes","review","exact-unique","valid-h1","41","Answer|BreadcrumbList|ContactPoint|Country|FAQPage|ListItem|OpeningHoursSpecification|Organization|Place|PostalAddress|ProfessionalService|PropertyValue|Question|Service|WebSite","not-date-bearing","yes","P2-monitor","retain index gate; add only verified evidence"
"https://reumlab.com/app-development/hwaseong/","region_service","yes","entity-schema-checked","templated-review","yes","review","exact-unique","valid-h1","41","Answer|BreadcrumbList|ContactPoint|Country|FAQPage|ListItem|OpeningHoursSpecification|Organization|Place|PostalAddress|ProfessionalService|PropertyValue|Question|Service|WebSite","not-date-bearing","yes","P2-monitor","retain index gate; add only verified evidence"
"https://reumlab.com/app-development/","service_or_hub","yes","entity-schema-checked","moderate","yes","yes","exact-unique","valid-h1","44","Answer|BreadcrumbList|ContactPoint|Country|FAQPage|ListItem|OpeningHoursSpecification|Organization|PostalAddress|ProfessionalService|PropertyValue|Question|Service|WebSite","not-date-bearing","yes","P1","retain and monitor"
"https://reumlab.com/app-development/suwon/","region_service","yes","entity-schema-checked","templated-review","yes","review","exact-unique","valid-h1","41","Answer|BreadcrumbList|ContactPoint|Country|FAQPage|ListItem|OpeningHoursSpecification|Organization|Place|PostalAddress|ProfessionalService|PropertyValue|Question|Service|WebSite","not-date-bearing","yes","P2-monitor","retain index gate; add only verified evidence"
"https://reumlab.com/blog/academy-management-app/","blog","yes","entity-schema-checked","moderate","yes","review","exact-unique","valid-h1","30","Answer|Article|BreadcrumbList|ContactPoint|Country|FAQPage|ListItem|OpeningHoursSpecification|Organization|PostalAddress|ProfessionalService|PropertyValue|Question|WebPage|WebSite","source-date-present","yes","P2-monitor","retain and monitor"
"https://reumlab.com/blog/clinic-reservation-app/","blog","yes","entity-schema-checked","moderate","yes","yes","exact-unique","valid-h1","30","Answer|Article|BreadcrumbList|ContactPoint|Country|FAQPage|ListItem|OpeningHoursSpecification|Organization|PostalAddress|ProfessionalService|PropertyValue|Question|WebPage|WebSite","source-date-present","yes","P2-monitor","retain and monitor"
"https://reumlab.com/blog/dongtan-reservation-app/","blog","yes","entity-schema-checked","moderate","yes","review","exact-unique","valid-h1","30","Answer|Article|BreadcrumbList|ContactPoint|Country|FAQPage|ListItem|OpeningHoursSpecification|Organization|PostalAddress|ProfessionalService|PropertyValue|Question|WebPage|WebSite","source-date-present","yes","P2-monitor","retain and monitor"
"https://reumlab.com/blog/flutter-oeju-jangdanjeom/","blog","yes","entity-schema-checked","moderate","yes","yes","exact-unique","valid-h1","30","Answer|Article|BreadcrumbList|ContactPoint|Country|FAQPage|ListItem|OpeningHoursSpecification|Organization|PostalAddress|ProfessionalService|PropertyValue|Question|WebPage|WebSite","source-date-present","yes","P2-monitor","retain and monitor"
"https://reumlab.com/blog/gym-membership-app/","blog","yes","entity-schema-checked","moderate","yes","review","exact-unique","valid-h1","30","Answer|Article|BreadcrumbList|ContactPoint|Country|FAQPage|ListItem|OpeningHoursSpecification|Organization|PostalAddress|ProfessionalService|PropertyValue|Question|WebPage|WebSite","source-date-present","yes","P2-monitor","retain and monitor"
"https://reumlab.com/blog/hwaseong-dongtan-business-web/","blog","yes","entity-schema-checked","moderate","yes","review","exact-unique","valid-h1","29","Answer|Article|BreadcrumbList|ContactPoint|Country|FAQPage|ListItem|OpeningHoursSpecification|Organization|PostalAddress|ProfessionalService|PropertyValue|Question|WebPage|WebSite","source-date-present","yes","P2-monitor","retain and monitor"
"https://reumlab.com/blog/","blog_hub","yes","entity-schema-checked","templated-review","yes","review","exact-unique","valid-h1","35","BreadcrumbList|ContactPoint|Country|ListItem|OpeningHoursSpecification|Organization|PostalAddress|ProfessionalService|PropertyValue|WebSite","not-date-bearing","yes","P2-monitor","retain index gate; add only verified evidence"
"https://reumlab.com/blog/mvp-cost-before-quote/","blog","yes","entity-schema-checked","moderate","yes","review","exact-unique","valid-h1","37","Answer|Article|BreadcrumbList|ContactPoint|Country|FAQPage|ListItem|OpeningHoursSpecification|Organization|PostalAddress|ProfessionalService|PropertyValue|Question|WebPage|WebSite","source-date-present","yes","P2-monitor","retain and monitor"
"https://reumlab.com/blog/restaurant-order-app/","blog","yes","entity-schema-checked","moderate","yes","review","exact-unique","valid-h1","30","Answer|Article|BreadcrumbList|ContactPoint|Country|FAQPage|ListItem|OpeningHoursSpecification|Organization|PostalAddress|ProfessionalService|PropertyValue|Question|WebPage|WebSite","source-date-present","yes","P2-monitor","retain and monitor"
"https://reumlab.com/blog/suwon-app-gaebal-upche/","blog","yes","entity-schema-checked","moderate","yes","yes","exact-unique","valid-h1","31","Answer|Article|BreadcrumbList|ContactPoint|Country|FAQPage|ListItem|OpeningHoursSpecification|Organization|PostalAddress|ProfessionalService|PropertyValue|Question|WebPage|WebSite","source-date-present","yes","P2-monitor","retain and monitor"
"https://reumlab.com/blog/website-or-app-first/","blog","yes","entity-schema-checked","moderate","yes","review","exact-unique","valid-h1","28","Answer|Article|BreadcrumbList|ContactPoint|Country|FAQPage|ListItem|OpeningHoursSpecification|Organization|PostalAddress|ProfessionalService|PropertyValue|Question|WebPage|WebSite","source-date-present","yes","P2-monitor","retain and monitor"
"https://reumlab.com/cafe24-limit/","service_or_hub","yes","entity-schema-checked","moderate","yes","yes","exact-unique","valid-h1","28","Answer|BreadcrumbList|ContactPoint|Country|FAQPage|ListItem|OpeningHoursSpecification|Organization|PostalAddress|ProfessionalService|PropertyValue|Question|Service|WebSite","not-date-bearing","yes","P1","retain and monitor"
"https://reumlab.com/compare/flutter-vs-react-native/","comparison","yes","entity-schema-checked","strong","yes","review","exact-unique","valid-h1","27","Answer|Article|BreadcrumbList|ContactPoint|Country|FAQPage|ListItem|OpeningHoursSpecification|Organization|PostalAddress|ProfessionalService|PropertyValue|Question|WebPage|WebSite","source-date-present","yes","P2-monitor","retain and monitor"
"https://reumlab.com/compare/outsourcing-vs-inhouse/","comparison","yes","entity-schema-checked","strong","yes","review","exact-unique","valid-h1","26","Answer|Article|BreadcrumbList|ContactPoint|Country|FAQPage|ListItem|OpeningHoursSpecification|Organization|PostalAddress|ProfessionalService|PropertyValue|Question|WebPage|WebSite","source-date-present","yes","P2-monitor","retain and monitor"
"https://reumlab.com/compare/outsourcing-vs-nocode/","comparison","yes","entity-schema-checked","strong","yes","yes","exact-unique","valid-h1","26","Answer|Article|BreadcrumbList|ContactPoint|Country|FAQPage|ListItem|OpeningHoursSpecification|Organization|PostalAddress|ProfessionalService|PropertyValue|Question|WebPage|WebSite","source-date-present","yes","P2-monitor","retain and monitor"
"https://reumlab.com/cost/academy/","industry_cost","yes","entity-schema-checked","templated-review","yes","yes","exact-unique","valid-h1","37","Answer|BreadcrumbList|ContactPoint|Country|FAQPage|ListItem|OpeningHoursSpecification|Organization|PostalAddress|ProfessionalService|PropertyValue|Question|Service|WebSite","not-date-bearing","yes","P2-monitor","retain index gate; add only verified evidence"
"https://reumlab.com/cost/agriculture/","industry_cost","yes","entity-schema-checked","templated-review","yes","review","exact-unique","valid-h1","36","Answer|BreadcrumbList|ContactPoint|Country|FAQPage|ListItem|OpeningHoursSpecification|Organization|PostalAddress|ProfessionalService|PropertyValue|Question|Service|WebSite","not-date-bearing","yes","P2-monitor","retain index gate; add only verified evidence"
"https://reumlab.com/cost/animal-hospital/","industry_cost","yes","entity-schema-checked","templated-review","yes","review","exact-unique","valid-h1","36","Answer|BreadcrumbList|ContactPoint|Country|FAQPage|ListItem|OpeningHoursSpecification|Organization|PostalAddress|ProfessionalService|PropertyValue|Question|Service|WebSite","not-date-bearing","yes","P2-monitor","retain index gate; add only verified evidence"
"https://reumlab.com/cost/art-academy/","industry_cost","yes","entity-schema-checked","templated-review","yes","review","exact-unique","valid-h1","37","Answer|BreadcrumbList|ContactPoint|Country|FAQPage|ListItem|OpeningHoursSpecification|Organization|PostalAddress|ProfessionalService|PropertyValue|Question|Service|WebSite","not-date-bearing","yes","P2-monitor","retain index gate; add only verified evidence"
"https://reumlab.com/cost/b2b-saas/","industry_cost","yes","entity-schema-checked","templated-review","yes","review","exact-unique","valid-h1","36","Answer|BreadcrumbList|ContactPoint|Country|FAQPage|ListItem|OpeningHoursSpecification|Organization|PostalAddress|ProfessionalService|PropertyValue|Question|Service|WebSite","not-date-bearing","yes","P2-monitor","retain index gate; add only verified evidence"
"https://reumlab.com/cost/bakery/","industry_cost","yes","entity-schema-checked","templated-review","yes","review","exact-unique","valid-h1","37","Answer|BreadcrumbList|ContactPoint|Country|FAQPage|ListItem|OpeningHoursSpecification|Organization|PostalAddress|ProfessionalService|PropertyValue|Question|Service|WebSite","not-date-bearing","yes","P2-monitor","retain index gate; add only verified evidence"
"https://reumlab.com/cost/billiards/","industry_cost","yes","entity-schema-checked","templated-review","yes","review","exact-unique","valid-h1","36","Answer|BreadcrumbList|ContactPoint|Country|FAQPage|ListItem|OpeningHoursSpecification|Organization|PostalAddress|ProfessionalService|PropertyValue|Question|Service|WebSite","not-date-bearing","yes","P2-monitor","retain index gate; add only verified evidence"
"https://reumlab.com/cost/booking/","industry_cost","yes","entity-schema-checked","templated-review","yes","review","exact-unique","valid-h1","36","Answer|BreadcrumbList|ContactPoint|Country|FAQPage|ListItem|OpeningHoursSpecification|Organization|PostalAddress|ProfessionalService|PropertyValue|Question|Service|WebSite","not-date-bearing","yes","P2-monitor","retain index gate; add only verified evidence"
"https://reumlab.com/cost/bookstore/","industry_cost","yes","entity-schema-checked","templated-review","yes","review","exact-unique","valid-h1","36","Answer|BreadcrumbList|ContactPoint|Country|FAQPage|ListItem|OpeningHoursSpecification|Organization|PostalAddress|ProfessionalService|PropertyValue|Question|Service|WebSite","not-date-bearing","yes","P2-monitor","retain index gate; add only verified evidence"
"https://reumlab.com/cost/butcher/","industry_cost","yes","entity-schema-checked","templated-review","yes","review","exact-unique","valid-h1","36","Answer|BreadcrumbList|ContactPoint|Country|FAQPage|ListItem|OpeningHoursSpecification|Organization|PostalAddress|ProfessionalService|PropertyValue|Question|Service|WebSite","not-date-bearing","yes","P2-monitor","retain index gate; add only verified evidence"
"https://reumlab.com/cost/cafe/","industry_cost","yes","entity-schema-checked","templated-review","yes","review","exact-unique","valid-h1","38","Answer|BreadcrumbList|ContactPoint|Country|FAQPage|ListItem|OpeningHoursSpecification|Organization|PostalAddress|ProfessionalService|PropertyValue|Question|Service|WebSite","not-date-bearing","yes","P2-monitor","retain index gate; add only verified evidence"
"https://reumlab.com/cost/camping/","industry_cost","yes","entity-schema-checked","templated-review","yes","review","exact-unique","valid-h1","36","Answer|BreadcrumbList|ContactPoint|Country|FAQPage|ListItem|OpeningHoursSpecification|Organization|PostalAddress|ProfessionalService|PropertyValue|Question|Service|WebSite","not-date-bearing","yes","P2-monitor","retain index gate; add only verified evidence"
"https://reumlab.com/cost/car-repair/","industry_cost","yes","entity-schema-checked","templated-review","yes","review","exact-unique","valid-h1","37","Answer|BreadcrumbList|ContactPoint|Country|FAQPage|ListItem|OpeningHoursSpecification|Organization|PostalAddress|ProfessionalService|PropertyValue|Question|Service|WebSite","not-date-bearing","yes","P2-monitor","retain index gate; add only verified evidence"
"https://reumlab.com/cost/car-wash/","industry_cost","yes","entity-schema-checked","templated-review","yes","review","exact-unique","valid-h1","37","Answer|BreadcrumbList|ContactPoint|Country|FAQPage|ListItem|OpeningHoursSpecification|Organization|PostalAddress|ProfessionalService|PropertyValue|Question|Service|WebSite","not-date-bearing","yes","P2-monitor","retain index gate; add only verified evidence"
"https://reumlab.com/cost/catering/","industry_cost","yes","entity-schema-checked","templated-review","yes","review","exact-unique","valid-h1","36","Answer|BreadcrumbList|ContactPoint|Country|FAQPage|ListItem|OpeningHoursSpecification|Organization|PostalAddress|ProfessionalService|PropertyValue|Question|Service|WebSite","not-date-bearing","yes","P2-monitor","retain index gate; add only verified evidence"
"https://reumlab.com/cost/childcare/","industry_cost","yes","entity-schema-checked","templated-review","yes","review","exact-unique","valid-h1","36","Answer|BreadcrumbList|ContactPoint|Country|FAQPage|ListItem|OpeningHoursSpecification|Organization|PostalAddress|ProfessionalService|PropertyValue|Question|Service|WebSite","not-date-bearing","yes","P2-monitor","retain index gate; add only verified evidence"
"https://reumlab.com/cost/church/","industry_cost","yes","entity-schema-checked","templated-review","yes","review","exact-unique","valid-h1","36","Answer|BreadcrumbList|ContactPoint|Country|FAQPage|ListItem|OpeningHoursSpecification|Organization|PostalAddress|ProfessionalService|PropertyValue|Question|Service|WebSite","not-date-bearing","yes","P2-monitor","retain index gate; add only verified evidence"
"https://reumlab.com/cost/cleaning/","industry_cost","yes","entity-schema-checked","templated-review","yes","review","exact-unique","valid-h1","37","Answer|BreadcrumbList|ContactPoint|Country|FAQPage|ListItem|OpeningHoursSpecification|Organization|PostalAddress|ProfessionalService|PropertyValue|Question|Service|WebSite","not-date-bearing","yes","P2-monitor","retain index gate; add only verified evidence"
"https://reumlab.com/cost/climbing/","industry_cost","yes","entity-schema-checked","templated-review","yes","review","exact-unique","valid-h1","36","Answer|BreadcrumbList|ContactPoint|Country|FAQPage|ListItem|OpeningHoursSpecification|Organization|PostalAddress|ProfessionalService|PropertyValue|Question|Service|WebSite","not-date-bearing","yes","P2-monitor","retain index gate; add only verified evidence"
"https://reumlab.com/cost/cloud-kitchen/","industry_cost","yes","entity-schema-checked","templated-review","yes","review","exact-unique","valid-h1","37","Answer|BreadcrumbList|ContactPoint|Country|FAQPage|ListItem|OpeningHoursSpecification|Organization|PostalAddress|ProfessionalService|PropertyValue|Question|Service|WebSite","not-date-bearing","yes","P2-monitor","retain index gate; add only verified evidence"
"https://reumlab.com/cost/coin-laundry/","industry_cost","yes","entity-schema-checked","templated-review","yes","review","exact-unique","valid-h1","37","Answer|BreadcrumbList|ContactPoint|Country|FAQPage|ListItem|OpeningHoursSpecification|Organization|PostalAddress|ProfessionalService|PropertyValue|Question|Service|WebSite","not-date-bearing","yes","P2-monitor","retain index gate; add only verified evidence"
"https://reumlab.com/cost/community/","industry_cost","yes","entity-schema-checked","templated-review","yes","review","exact-unique","valid-h1","36","Answer|BreadcrumbList|ContactPoint|Country|FAQPage|ListItem|OpeningHoursSpecification|Organization|PostalAddress|ProfessionalService|PropertyValue|Question|Service|WebSite","not-date-bearing","yes","P2-monitor","retain index gate; add only verified evidence"
"https://reumlab.com/cost/construction/","industry_cost","yes","entity-schema-checked","templated-review","yes","review","exact-unique","valid-h1","37","Answer|BreadcrumbList|ContactPoint|Country|FAQPage|ListItem|OpeningHoursSpecification|Organization|PostalAddress|ProfessionalService|PropertyValue|Question|Service|WebSite","not-date-bearing","yes","P2-monitor","retain index gate; add only verified evidence"
"https://reumlab.com/cost/cooking-class/","industry_cost","yes","entity-schema-checked","templated-review","yes","yes","exact-unique","valid-h1","36","Answer|BreadcrumbList|ContactPoint|Country|FAQPage|ListItem|OpeningHoursSpecification|Organization|PostalAddress|ProfessionalService|PropertyValue|Question|Service|WebSite","not-date-bearing","yes","P2-monitor","retain index gate; add only verified evidence"
"https://reumlab.com/cost/coworking/","industry_cost","yes","entity-schema-checked","templated-review","yes","review","exact-unique","valid-h1","37","Answer|BreadcrumbList|ContactPoint|Country|FAQPage|ListItem|OpeningHoursSpecification|Organization|PostalAddress|ProfessionalService|PropertyValue|Question|Service|WebSite","not-date-bearing","yes","P2-monitor","retain index gate; add only verified evidence"
"https://reumlab.com/cost/creator/","industry_cost","yes","entity-schema-checked","templated-review","yes","review","exact-unique","valid-h1","36","Answer|BreadcrumbList|ContactPoint|Country|FAQPage|ListItem|OpeningHoursSpecification|Organization|PostalAddress|ProfessionalService|PropertyValue|Question|Service|WebSite","not-date-bearing","yes","P2-monitor","retain index gate; add only verified evidence"
"https://reumlab.com/cost/dance-academy/","industry_cost","yes","entity-schema-checked","templated-review","yes","review","exact-unique","valid-h1","37","Answer|BreadcrumbList|ContactPoint|Country|FAQPage|ListItem|OpeningHoursSpecification|Organization|PostalAddress|ProfessionalService|PropertyValue|Question|Service|WebSite","not-date-bearing","yes","P2-monitor","retain index gate; add only verified evidence"
"https://reumlab.com/cost/delivery/","industry_cost","yes","entity-schema-checked","templated-review","yes","review","exact-unique","valid-h1","38","Answer|BreadcrumbList|ContactPoint|Country|FAQPage|ListItem|OpeningHoursSpecification|Organization|PostalAddress|ProfessionalService|PropertyValue|Question|Service|WebSite","not-date-bearing","yes","P2-monitor","retain index gate; add only verified evidence"
"https://reumlab.com/cost/dental/","industry_cost","yes","entity-schema-checked","templated-review","yes","yes","exact-unique","valid-h1","36","Answer|BreadcrumbList|ContactPoint|Country|FAQPage|ListItem|OpeningHoursSpecification|Organization|PostalAddress|ProfessionalService|PropertyValue|Question|Service|WebSite","not-date-bearing","yes","P2-monitor","retain index gate; add only verified evidence"
"https://reumlab.com/cost/driving-school/","industry_cost","yes","entity-schema-checked","templated-review","yes","review","exact-unique","valid-h1","36","Answer|BreadcrumbList|ContactPoint|Country|FAQPage|ListItem|OpeningHoursSpecification|Organization|PostalAddress|ProfessionalService|PropertyValue|Question|Service|WebSite","not-date-bearing","yes","P2-monitor","retain index gate; add only verified evidence"
"https://reumlab.com/cost/english-academy/","industry_cost","yes","entity-schema-checked","templated-review","yes","review","exact-unique","valid-h1","37","Answer|BreadcrumbList|ContactPoint|Country|FAQPage|ListItem|OpeningHoursSpecification|Organization|PostalAddress|ProfessionalService|PropertyValue|Question|Service|WebSite","not-date-bearing","yes","P2-monitor","retain index gate; add only verified evidence"
"https://reumlab.com/cost/esthetic/","industry_cost","yes","entity-schema-checked","templated-review","yes","review","exact-unique","valid-h1","36","Answer|BreadcrumbList|ContactPoint|Country|FAQPage|ListItem|OpeningHoursSpecification|Organization|PostalAddress|ProfessionalService|PropertyValue|Question|Service|WebSite","not-date-bearing","yes","P2-monitor","retain index gate; add only verified evidence"
"https://reumlab.com/cost/event-agency/","industry_cost","yes","entity-schema-checked","templated-review","yes","review","exact-unique","valid-h1","36","Answer|BreadcrumbList|ContactPoint|Country|FAQPage|ListItem|OpeningHoursSpecification|Organization|PostalAddress|ProfessionalService|PropertyValue|Question|Service|WebSite","not-date-bearing","yes","P2-monitor","retain index gate; add only verified evidence"
"https://reumlab.com/cost/fishing/","industry_cost","yes","entity-schema-checked","templated-review","yes","review","exact-unique","valid-h1","36","Answer|BreadcrumbList|ContactPoint|Country|FAQPage|ListItem|OpeningHoursSpecification|Organization|PostalAddress|ProfessionalService|PropertyValue|Question|Service|WebSite","not-date-bearing","yes","P2-monitor","retain index gate; add only verified evidence"
"https://reumlab.com/cost/fitness/","industry_cost","yes","entity-schema-checked","templated-review","yes","review","exact-unique","valid-h1","36","Answer|BreadcrumbList|ContactPoint|Country|FAQPage|ListItem|OpeningHoursSpecification|Organization|PostalAddress|ProfessionalService|PropertyValue|Question|Service|WebSite","not-date-bearing","yes","P2-monitor","retain index gate; add only verified evidence"
"https://reumlab.com/cost/flower/","industry_cost","yes","entity-schema-checked","templated-review","yes","review","exact-unique","valid-h1","36","Answer|BreadcrumbList|ContactPoint|Country|FAQPage|ListItem|OpeningHoursSpecification|Organization|PostalAddress|ProfessionalService|PropertyValue|Question|Service|WebSite","not-date-bearing","yes","P2-monitor","retain index gate; add only verified evidence"
"https://reumlab.com/cost/foodtech/","industry_cost","yes","entity-schema-checked","templated-review","yes","review","exact-unique","valid-h1","37","Answer|BreadcrumbList|ContactPoint|Country|FAQPage|ListItem|OpeningHoursSpecification|Organization|PostalAddress|ProfessionalService|PropertyValue|Question|Service|WebSite","not-date-bearing","yes","P2-monitor","retain index gate; add only verified evidence"
"https://reumlab.com/cost/franchise/","industry_cost","yes","entity-schema-checked","templated-review","yes","review","exact-unique","valid-h1","36","Answer|BreadcrumbList|ContactPoint|Country|FAQPage|ListItem|OpeningHoursSpecification|Organization|PostalAddress|ProfessionalService|PropertyValue|Question|Service|WebSite","not-date-bearing","yes","P2-monitor","retain index gate; add only verified evidence"
"https://reumlab.com/cost/funeral/","industry_cost","yes","entity-schema-checked","templated-review","yes","review","exact-unique","valid-h1","36","Answer|BreadcrumbList|ContactPoint|Country|FAQPage|ListItem|OpeningHoursSpecification|Organization|PostalAddress|ProfessionalService|PropertyValue|Question|Service|WebSite","not-date-bearing","yes","P2-monitor","retain index gate; add only verified evidence"
"https://reumlab.com/cost/furniture/","industry_cost","yes","entity-schema-checked","templated-review","yes","review","exact-unique","valid-h1","36","Answer|BreadcrumbList|ContactPoint|Country|FAQPage|ListItem|OpeningHoursSpecification|Organization|PostalAddress|ProfessionalService|PropertyValue|Question|Service|WebSite","not-date-bearing","yes","P2-monitor","retain index gate; add only verified evidence"
"https://reumlab.com/cost/game-studio/","industry_cost","yes","entity-schema-checked","templated-review","yes","review","exact-unique","valid-h1","36","Answer|BreadcrumbList|ContactPoint|Country|FAQPage|ListItem|OpeningHoursSpecification|Organization|PostalAddress|ProfessionalService|PropertyValue|Question|Service|WebSite","not-date-bearing","yes","P2-monitor","retain index gate; add only verified evidence"
"https://reumlab.com/cost/golf/","industry_cost","yes","entity-schema-checked","templated-review","yes","review","exact-unique","valid-h1","36","Answer|BreadcrumbList|ContactPoint|Country|FAQPage|ListItem|OpeningHoursSpecification|Organization|PostalAddress|ProfessionalService|PropertyValue|Question|Service|WebSite","not-date-bearing","yes","P2-monitor","retain index gate; add only verified evidence"
"https://reumlab.com/cost/golf-range/","industry_cost","yes","entity-schema-checked","templated-review","yes","review","exact-unique","valid-h1","36","Answer|BreadcrumbList|ContactPoint|Country|FAQPage|ListItem|OpeningHoursSpecification|Organization|PostalAddress|ProfessionalService|PropertyValue|Question|Service|WebSite","not-date-bearing","yes","P2-monitor","retain index gate; add only verified evidence"
"https://reumlab.com/cost/grocery/","industry_cost","yes","entity-schema-checked","templated-review","yes","review","exact-unique","valid-h1","36","Answer|BreadcrumbList|ContactPoint|Country|FAQPage|ListItem|OpeningHoursSpecification|Organization|PostalAddress|ProfessionalService|PropertyValue|Question|Service|WebSite","not-date-bearing","yes","P2-monitor","retain index gate; add only verified evidence"
"https://reumlab.com/cost/hair-salon/","industry_cost","yes","entity-schema-checked","templated-review","yes","review","exact-unique","valid-h1","36","Answer|BreadcrumbList|ContactPoint|Country|FAQPage|ListItem|OpeningHoursSpecification|Organization|PostalAddress|ProfessionalService|PropertyValue|Question|Service|WebSite","not-date-bearing","yes","P2-monitor","retain index gate; add only verified evidence"
"https://reumlab.com/cost/hospital/","industry_cost","yes","entity-schema-checked","templated-review","yes","review","exact-unique","valid-h1","36","Answer|BreadcrumbList|ContactPoint|Country|FAQPage|ListItem|OpeningHoursSpecification|Organization|PostalAddress|ProfessionalService|PropertyValue|Question|Service|WebSite","not-date-bearing","yes","P2-monitor","retain index gate; add only verified evidence"
"https://reumlab.com/cost/","service_or_hub","yes","entity-schema-checked","moderate","yes","review","exact-unique","valid-h1","368","BreadcrumbList|CollectionPage|ContactPoint|Country|ItemList|ListItem|OpeningHoursSpecification|Organization|PostalAddress|ProfessionalService|PropertyValue|WebSite","not-date-bearing","yes","P1","retain and monitor"
"https://reumlab.com/cost/insurance/","industry_cost","yes","entity-schema-checked","templated-review","yes","yes","exact-unique","valid-h1","36","Answer|BreadcrumbList|ContactPoint|Country|FAQPage|ListItem|OpeningHoursSpecification|Organization|PostalAddress|ProfessionalService|PropertyValue|Question|Service|WebSite","not-date-bearing","yes","P2-monitor","retain index gate; add only verified evidence"
"https://reumlab.com/cost/interior/","industry_cost","yes","entity-schema-checked","templated-review","yes","review","exact-unique","valid-h1","37","Answer|BreadcrumbList|ContactPoint|Country|FAQPage|ListItem|OpeningHoursSpecification|Organization|PostalAddress|ProfessionalService|PropertyValue|Question|Service|WebSite","not-date-bearing","yes","P2-monitor","retain index gate; add only verified evidence"
"https://reumlab.com/cost/kids-cafe/","industry_cost","yes","entity-schema-checked","templated-review","yes","review","exact-unique","valid-h1","36","Answer|BreadcrumbList|ContactPoint|Country|FAQPage|ListItem|OpeningHoursSpecification|Organization|PostalAddress|ProfessionalService|PropertyValue|Question|Service|WebSite","not-date-bearing","yes","P2-monitor","retain index gate; add only verified evidence"
"https://reumlab.com/cost/labor-hr/","industry_cost","yes","entity-schema-checked","templated-review","yes","review","exact-unique","valid-h1","37","Answer|BreadcrumbList|ContactPoint|Country|FAQPage|ListItem|OpeningHoursSpecification|Organization|PostalAddress|ProfessionalService|PropertyValue|Question|Service|WebSite","not-date-bearing","yes","P2-monitor","retain index gate; add only verified evidence"
"https://reumlab.com/cost/laundry/","industry_cost","yes","entity-schema-checked","templated-review","yes","review","exact-unique","valid-h1","37","Answer|BreadcrumbList|ContactPoint|Country|FAQPage|ListItem|OpeningHoursSpecification|Organization|PostalAddress|ProfessionalService|PropertyValue|Question|Service|WebSite","not-date-bearing","yes","P2-monitor","retain index gate; add only verified evidence"
"https://reumlab.com/cost/law-firm/","industry_cost","yes","entity-schema-checked","templated-review","yes","review","exact-unique","valid-h1","36","Answer|BreadcrumbList|ContactPoint|Country|FAQPage|ListItem|OpeningHoursSpecification|Organization|PostalAddress|ProfessionalService|PropertyValue|Question|Service|WebSite","not-date-bearing","yes","P2-monitor","retain index gate; add only verified evidence"
"https://reumlab.com/cost/liquor-shop/","industry_cost","yes","entity-schema-checked","templated-review","yes","review","exact-unique","valid-h1","36","Answer|BreadcrumbList|ContactPoint|Country|FAQPage|ListItem|OpeningHoursSpecification|Organization|PostalAddress|ProfessionalService|PropertyValue|Question|Service|WebSite","not-date-bearing","yes","P2-monitor","retain index gate; add only verified evidence"
"https://reumlab.com/cost/loan/","industry_cost","yes","entity-schema-checked","templated-review","yes","yes","exact-unique","valid-h1","36","Answer|BreadcrumbList|ContactPoint|Country|FAQPage|ListItem|OpeningHoursSpecification|Organization|PostalAddress|ProfessionalService|PropertyValue|Question|Service|WebSite","not-date-bearing","yes","P2-monitor","retain index gate; add only verified evidence"
"https://reumlab.com/cost/lodging/","industry_cost","yes","entity-schema-checked","templated-review","yes","review","exact-unique","valid-h1","37","Answer|BreadcrumbList|ContactPoint|Country|FAQPage|ListItem|OpeningHoursSpecification|Organization|PostalAddress|ProfessionalService|PropertyValue|Question|Service|WebSite","not-date-bearing","yes","P2-monitor","retain index gate; add only verified evidence"
"https://reumlab.com/cost/logistics/","industry_cost","yes","entity-schema-checked","templated-review","yes","review","exact-unique","valid-h1","38","Answer|BreadcrumbList|ContactPoint|Country|FAQPage|ListItem|OpeningHoursSpecification|Organization|PostalAddress|ProfessionalService|PropertyValue|Question|Service|WebSite","not-date-bearing","yes","P2-monitor","retain index gate; add only verified evidence"
"https://reumlab.com/cost/manufacturing/","industry_cost","yes","entity-schema-checked","templated-review","yes","review","exact-unique","valid-h1","38","Answer|BreadcrumbList|ContactPoint|Country|FAQPage|ListItem|OpeningHoursSpecification|Organization|PostalAddress|ProfessionalService|PropertyValue|Question|Service|WebSite","not-date-bearing","yes","P2-monitor","retain index gate; add only verified evidence"
"https://reumlab.com/cost/marketing-agency/","industry_cost","yes","entity-schema-checked","templated-review","yes","review","exact-unique","valid-h1","36","Answer|BreadcrumbList|ContactPoint|Country|FAQPage|ListItem|OpeningHoursSpecification|Organization|PostalAddress|ProfessionalService|PropertyValue|Question|Service|WebSite","not-date-bearing","yes","P2-monitor","retain index gate; add only verified evidence"
"https://reumlab.com/cost/marketplace/","industry_cost","yes","entity-schema-checked","templated-review","yes","review","exact-unique","valid-h1","36","Answer|BreadcrumbList|ContactPoint|Country|FAQPage|ListItem|OpeningHoursSpecification|Organization|PostalAddress|ProfessionalService|PropertyValue|Question|Service|WebSite","not-date-bearing","yes","P2-monitor","retain index gate; add only verified evidence"
"https://reumlab.com/cost/massage/","industry_cost","yes","entity-schema-checked","templated-review","yes","review","exact-unique","valid-h1","36","Answer|BreadcrumbList|ContactPoint|Country|FAQPage|ListItem|OpeningHoursSpecification|Organization|PostalAddress|ProfessionalService|PropertyValue|Question|Service|WebSite","not-date-bearing","yes","P2-monitor","retain index gate; add only verified evidence"
"https://reumlab.com/cost/math-academy/","industry_cost","yes","entity-schema-checked","templated-review","yes","review","exact-unique","valid-h1","37","Answer|BreadcrumbList|ContactPoint|Country|FAQPage|ListItem|OpeningHoursSpecification|Organization|PostalAddress|ProfessionalService|PropertyValue|Question|Service|WebSite","not-date-bearing","yes","P2-monitor","retain index gate; add only verified evidence"
"https://reumlab.com/cost/moving/","industry_cost","yes","entity-schema-checked","templated-review","yes","review","exact-unique","valid-h1","36","Answer|BreadcrumbList|ContactPoint|Country|FAQPage|ListItem|OpeningHoursSpecification|Organization|PostalAddress|ProfessionalService|PropertyValue|Question|Service|WebSite","not-date-bearing","yes","P2-monitor","retain index gate; add only verified evidence"
"https://reumlab.com/cost/music-academy/","industry_cost","yes","entity-schema-checked","templated-review","yes","review","exact-unique","valid-h1","37","Answer|BreadcrumbList|ContactPoint|Country|FAQPage|ListItem|OpeningHoursSpecification|Organization|PostalAddress|ProfessionalService|PropertyValue|Question|Service|WebSite","not-date-bearing","yes","P2-monitor","retain index gate; add only verified evidence"
"https://reumlab.com/cost/nail-shop/","industry_cost","yes","entity-schema-checked","templated-review","yes","review","exact-unique","valid-h1","36","Answer|BreadcrumbList|ContactPoint|Country|FAQPage|ListItem|OpeningHoursSpecification|Organization|PostalAddress|ProfessionalService|PropertyValue|Question|Service|WebSite","not-date-bearing","yes","P2-monitor","retain index gate; add only verified evidence"
"https://reumlab.com/cost/nonprofit/","industry_cost","yes","entity-schema-checked","templated-review","yes","review","exact-unique","valid-h1","36","Answer|BreadcrumbList|ContactPoint|Country|FAQPage|ListItem|OpeningHoursSpecification|Organization|PostalAddress|ProfessionalService|PropertyValue|Question|Service|WebSite","not-date-bearing","yes","P2-monitor","retain index gate; add only verified evidence"
"https://reumlab.com/cost/o2o/","industry_cost","yes","entity-schema-checked","templated-review","yes","review","exact-unique","valid-h1","38","Answer|BreadcrumbList|ContactPoint|Country|FAQPage|ListItem|OpeningHoursSpecification|Organization|PostalAddress|ProfessionalService|PropertyValue|Question|Service|WebSite","not-date-bearing","yes","P2-monitor","retain index gate; add only verified evidence"
"https://reumlab.com/cost/optician/","industry_cost","yes","entity-schema-checked","templated-review","yes","review","exact-unique","valid-h1","36","Answer|BreadcrumbList|ContactPoint|Country|FAQPage|ListItem|OpeningHoursSpecification|Organization|PostalAddress|ProfessionalService|PropertyValue|Question|Service|WebSite","not-date-bearing","yes","P2-monitor","retain index gate; add only verified evidence"
"https://reumlab.com/cost/oriental-medicine/","industry_cost","yes","entity-schema-checked","templated-review","yes","review","exact-unique","valid-h1","36","Answer|BreadcrumbList|ContactPoint|Country|FAQPage|ListItem|OpeningHoursSpecification|Organization|PostalAddress|ProfessionalService|PropertyValue|Question|Service|WebSite","not-date-bearing","yes","P2-monitor","retain index gate; add only verified evidence"
"https://reumlab.com/cost/parking/","industry_cost","yes","entity-schema-checked","templated-review","yes","review","exact-unique","valid-h1","36","Answer|BreadcrumbList|ContactPoint|Country|FAQPage|ListItem|OpeningHoursSpecification|Organization|PostalAddress|ProfessionalService|PropertyValue|Question|Service|WebSite","not-date-bearing","yes","P2-monitor","retain index gate; add only verified evidence"
"https://reumlab.com/cost/party-room/","industry_cost","yes","entity-schema-checked","templated-review","yes","review","exact-unique","valid-h1","37","Answer|BreadcrumbList|ContactPoint|Country|FAQPage|ListItem|OpeningHoursSpecification|Organization|PostalAddress|ProfessionalService|PropertyValue|Question|Service|WebSite","not-date-bearing","yes","P2-monitor","retain index gate; add only verified evidence"
"https://reumlab.com/cost/patent/","industry_cost","yes","entity-schema-checked","templated-review","yes","review","exact-unique","valid-h1","36","Answer|BreadcrumbList|ContactPoint|Country|FAQPage|ListItem|OpeningHoursSpecification|Organization|PostalAddress|ProfessionalService|PropertyValue|Question|Service|WebSite","not-date-bearing","yes","P2-monitor","retain index gate; add only verified evidence"
"https://reumlab.com/cost/pc-cafe/","industry_cost","yes","entity-schema-checked","templated-review","yes","review","exact-unique","valid-h1","36","Answer|BreadcrumbList|ContactPoint|Country|FAQPage|ListItem|OpeningHoursSpecification|Organization|PostalAddress|ProfessionalService|PropertyValue|Question|Service|WebSite","not-date-bearing","yes","P2-monitor","retain index gate; add only verified evidence"
"https://reumlab.com/cost/pet/","industry_cost","yes","entity-schema-checked","templated-review","yes","yes","exact-unique","valid-h1","36","Answer|BreadcrumbList|ContactPoint|Country|FAQPage|ListItem|OpeningHoursSpecification|Organization|PostalAddress|ProfessionalService|PropertyValue|Question|Service|WebSite","not-date-bearing","yes","P2-monitor","retain index gate; add only verified evidence"
"https://reumlab.com/cost/pharmacy/","industry_cost","yes","entity-schema-checked","templated-review","yes","review","exact-unique","valid-h1","36","Answer|BreadcrumbList|ContactPoint|Country|FAQPage|ListItem|OpeningHoursSpecification|Organization|PostalAddress|ProfessionalService|PropertyValue|Question|Service|WebSite","not-date-bearing","yes","P2-monitor","retain index gate; add only verified evidence"
"https://reumlab.com/cost/photo-studio/","industry_cost","yes","entity-schema-checked","templated-review","yes","review","exact-unique","valid-h1","36","Answer|BreadcrumbList|ContactPoint|Country|FAQPage|ListItem|OpeningHoursSpecification|Organization|PostalAddress|ProfessionalService|PropertyValue|Question|Service|WebSite","not-date-bearing","yes","P2-monitor","retain index gate; add only verified evidence"
"https://reumlab.com/cost/physical-therapy/","industry_cost","yes","entity-schema-checked","templated-review","yes","review","exact-unique","valid-h1","36","Answer|BreadcrumbList|ContactPoint|Country|FAQPage|ListItem|OpeningHoursSpecification|Organization|PostalAddress|ProfessionalService|PropertyValue|Question|Service|WebSite","not-date-bearing","yes","P2-monitor","retain index gate; add only verified evidence"
"https://reumlab.com/cost/pilates/","industry_cost","yes","entity-schema-checked","templated-review","yes","review","exact-unique","valid-h1","36","Answer|BreadcrumbList|ContactPoint|Country|FAQPage|ListItem|OpeningHoursSpecification|Organization|PostalAddress|ProfessionalService|PropertyValue|Question|Service|WebSite","not-date-bearing","yes","P2-monitor","retain index gate; add only verified evidence"
"https://reumlab.com/cost/postpartum/","industry_cost","yes","entity-schema-checked","templated-review","yes","review","exact-unique","valid-h1","36","Answer|BreadcrumbList|ContactPoint|Country|FAQPage|ListItem|OpeningHoursSpecification|Organization|PostalAddress|ProfessionalService|PropertyValue|Question|Service|WebSite","not-date-bearing","yes","P2-monitor","retain index gate; add only verified evidence"
"https://reumlab.com/cost/printing/","industry_cost","yes","entity-schema-checked","templated-review","yes","review","exact-unique","valid-h1","36","Answer|BreadcrumbList|ContactPoint|Country|FAQPage|ListItem|OpeningHoursSpecification|Organization|PostalAddress|ProfessionalService|PropertyValue|Question|Service|WebSite","not-date-bearing","yes","P2-monitor","retain index gate; add only verified evidence"
"https://reumlab.com/cost/property-mgmt/","industry_cost","yes","entity-schema-checked","templated-review","yes","review","exact-unique","valid-h1","36","Answer|BreadcrumbList|ContactPoint|Country|FAQPage|ListItem|OpeningHoursSpecification|Organization|PostalAddress|ProfessionalService|PropertyValue|Question|Service|WebSite","not-date-bearing","yes","P2-monitor","retain index gate; add only verified evidence"
"https://reumlab.com/cost/psychology/","industry_cost","yes","entity-schema-checked","templated-review","yes","review","exact-unique","valid-h1","36","Answer|BreadcrumbList|ContactPoint|Country|FAQPage|ListItem|OpeningHoursSpecification|Organization|PostalAddress|ProfessionalService|PropertyValue|Question|Service|WebSite","not-date-bearing","yes","P2-monitor","retain index gate; add only verified evidence"
"https://reumlab.com/cost/realestate/","industry_cost","yes","entity-schema-checked","templated-review","yes","review","exact-unique","valid-h1","37","Answer|BreadcrumbList|ContactPoint|Country|FAQPage|ListItem|OpeningHoursSpecification|Organization|PostalAddress|ProfessionalService|PropertyValue|Question|Service|WebSite","not-date-bearing","yes","P2-monitor","retain index gate; add only verified evidence"
"https://reumlab.com/cost/recruiting/","industry_cost","yes","entity-schema-checked","templated-review","yes","review","exact-unique","valid-h1","37","Answer|BreadcrumbList|ContactPoint|Country|FAQPage|ListItem|OpeningHoursSpecification|Organization|PostalAddress|ProfessionalService|PropertyValue|Question|Service|WebSite","not-date-bearing","yes","P2-monitor","retain index gate; add only verified evidence"
"https://reumlab.com/cost/rental/","industry_cost","yes","entity-schema-checked","templated-review","yes","review","exact-unique","valid-h1","37","Answer|BreadcrumbList|ContactPoint|Country|FAQPage|ListItem|OpeningHoursSpecification|Organization|PostalAddress|ProfessionalService|PropertyValue|Question|Service|WebSite","not-date-bearing","yes","P2-monitor","retain index gate; add only verified evidence"
"https://reumlab.com/cost/rental-car/","industry_cost","yes","entity-schema-checked","templated-review","yes","review","exact-unique","valid-h1","36","Answer|BreadcrumbList|ContactPoint|Country|FAQPage|ListItem|OpeningHoursSpecification|Organization|PostalAddress|ProfessionalService|PropertyValue|Question|Service|WebSite","not-date-bearing","yes","P2-monitor","retain index gate; add only verified evidence"
"https://reumlab.com/cost/resort/","industry_cost","yes","entity-schema-checked","templated-review","yes","review","exact-unique","valid-h1","36","Answer|BreadcrumbList|ContactPoint|Country|FAQPage|ListItem|OpeningHoursSpecification|Organization|PostalAddress|ProfessionalService|PropertyValue|Question|Service|WebSite","not-date-bearing","yes","P2-monitor","retain index gate; add only verified evidence"
"https://reumlab.com/cost/restaurant/","industry_cost","yes","entity-schema-checked","templated-review","yes","yes","exact-unique","valid-h1","38","Answer|BreadcrumbList|ContactPoint|Country|FAQPage|ListItem|OpeningHoursSpecification|Organization|PostalAddress|ProfessionalService|PropertyValue|Question|Service|WebSite","not-date-bearing","yes","P2-monitor","retain index gate; add only verified evidence"
"https://reumlab.com/cost/screen-golf/","industry_cost","yes","entity-schema-checked","templated-review","yes","review","exact-unique","valid-h1","36","Answer|BreadcrumbList|ContactPoint|Country|FAQPage|ListItem|OpeningHoursSpecification|Organization|PostalAddress|ProfessionalService|PropertyValue|Question|Service|WebSite","not-date-bearing","yes","P2-monitor","retain index gate; add only verified evidence"
"https://reumlab.com/cost/security/","industry_cost","yes","entity-schema-checked","templated-review","yes","review","exact-unique","valid-h1","37","Answer|BreadcrumbList|ContactPoint|Country|FAQPage|ListItem|OpeningHoursSpecification|Organization|PostalAddress|ProfessionalService|PropertyValue|Question|Service|WebSite","not-date-bearing","yes","P2-monitor","retain index gate; add only verified evidence"
"https://reumlab.com/cost/senior/","industry_cost","yes","entity-schema-checked","templated-review","yes","review","exact-unique","valid-h1","36","Answer|BreadcrumbList|ContactPoint|Country|FAQPage|ListItem|OpeningHoursSpecification|Organization|PostalAddress|ProfessionalService|PropertyValue|Question|Service|WebSite","not-date-bearing","yes","P2-monitor","retain index gate; add only verified evidence"
"https://reumlab.com/cost/shopping/","industry_cost","yes","entity-schema-checked","templated-review","yes","yes","exact-unique","valid-h1","36","Answer|BreadcrumbList|ContactPoint|Country|FAQPage|ListItem|OpeningHoursSpecification|Organization|PostalAddress|ProfessionalService|PropertyValue|Question|Service|WebSite","not-date-bearing","yes","P2-monitor","retain index gate; add only verified evidence"
"https://reumlab.com/cost/sidedish/","industry_cost","yes","entity-schema-checked","templated-review","yes","review","exact-unique","valid-h1","37","Answer|BreadcrumbList|ContactPoint|Country|FAQPage|ListItem|OpeningHoursSpecification|Organization|PostalAddress|ProfessionalService|PropertyValue|Question|Service|WebSite","not-date-bearing","yes","P2-monitor","retain index gate; add only verified evidence"
"https://reumlab.com/cost/skin-clinic/","industry_cost","yes","entity-schema-checked","templated-review","yes","review","exact-unique","valid-h1","36","Answer|BreadcrumbList|ContactPoint|Country|FAQPage|ListItem|OpeningHoursSpecification|Organization|PostalAddress|ProfessionalService|PropertyValue|Question|Service|WebSite","not-date-bearing","yes","P2-monitor","retain index gate; add only verified evidence"
"https://reumlab.com/cost/solar/","industry_cost","yes","entity-schema-checked","templated-review","yes","review","exact-unique","valid-h1","36","Answer|BreadcrumbList|ContactPoint|Country|FAQPage|ListItem|OpeningHoursSpecification|Organization|PostalAddress|ProfessionalService|PropertyValue|Question|Service|WebSite","not-date-bearing","yes","P2-monitor","retain index gate; add only verified evidence"
"https://reumlab.com/cost/speech/","industry_cost","yes","entity-schema-checked","templated-review","yes","review","exact-unique","valid-h1","36","Answer|BreadcrumbList|ContactPoint|Country|FAQPage|ListItem|OpeningHoursSpecification|Organization|PostalAddress|ProfessionalService|PropertyValue|Question|Service|WebSite","not-date-bearing","yes","P2-monitor","retain index gate; add only verified evidence"
"https://reumlab.com/cost/storage/","industry_cost","yes","entity-schema-checked","templated-review","yes","review","exact-unique","valid-h1","36","Answer|BreadcrumbList|ContactPoint|Country|FAQPage|ListItem|OpeningHoursSpecification|Organization|PostalAddress|ProfessionalService|PropertyValue|Question|Service|WebSite","not-date-bearing","yes","P2-monitor","retain index gate; add only verified evidence"
"https://reumlab.com/cost/studycafe/","industry_cost","yes","entity-schema-checked","templated-review","yes","review","exact-unique","valid-h1","37","Answer|BreadcrumbList|ContactPoint|Country|FAQPage|ListItem|OpeningHoursSpecification|Organization|PostalAddress|ProfessionalService|PropertyValue|Question|Service|WebSite","not-date-bearing","yes","P2-monitor","retain index gate; add only verified evidence"
"https://reumlab.com/cost/subscription/","industry_cost","yes","entity-schema-checked","templated-review","yes","review","exact-unique","valid-h1","37","Answer|BreadcrumbList|ContactPoint|Country|FAQPage|ListItem|OpeningHoursSpecification|Organization|PostalAddress|ProfessionalService|PropertyValue|Question|Service|WebSite","not-date-bearing","yes","P2-monitor","retain index gate; add only verified evidence"
"https://reumlab.com/cost/swimming/","industry_cost","yes","entity-schema-checked","templated-review","yes","review","exact-unique","valid-h1","36","Answer|BreadcrumbList|ContactPoint|Country|FAQPage|ListItem|OpeningHoursSpecification|Organization|PostalAddress|ProfessionalService|PropertyValue|Question|Service|WebSite","not-date-bearing","yes","P2-monitor","retain index gate; add only verified evidence"
"https://reumlab.com/cost/taekwondo/","industry_cost","yes","entity-schema-checked","templated-review","yes","review","exact-unique","valid-h1","36","Answer|BreadcrumbList|ContactPoint|Country|FAQPage|ListItem|OpeningHoursSpecification|Organization|PostalAddress|ProfessionalService|PropertyValue|Question|Service|WebSite","not-date-bearing","yes","P2-monitor","retain index gate; add only verified evidence"
"https://reumlab.com/cost/tailor/","industry_cost","yes","entity-schema-checked","templated-review","yes","review","exact-unique","valid-h1","36","Answer|BreadcrumbList|ContactPoint|Country|FAQPage|ListItem|OpeningHoursSpecification|Organization|PostalAddress|ProfessionalService|PropertyValue|Question|Service|WebSite","not-date-bearing","yes","P2-monitor","retain index gate; add only verified evidence"
"https://reumlab.com/cost/tax-accounting/","industry_cost","yes","entity-schema-checked","templated-review","yes","review","exact-unique","valid-h1","36","Answer|BreadcrumbList|ContactPoint|Country|FAQPage|ListItem|OpeningHoursSpecification|Organization|PostalAddress|ProfessionalService|PropertyValue|Question|Service|WebSite","not-date-bearing","yes","P2-monitor","retain index gate; add only verified evidence"
"https://reumlab.com/cost/telemedicine/","industry_cost","yes","entity-schema-checked","templated-review","yes","yes","exact-unique","valid-h1","36","Answer|BreadcrumbList|ContactPoint|Country|FAQPage|ListItem|OpeningHoursSpecification|Organization|PostalAddress|ProfessionalService|PropertyValue|Question|Service|WebSite","not-date-bearing","yes","P2-monitor","retain index gate; add only verified evidence"
"https://reumlab.com/cost/translation/","industry_cost","yes","entity-schema-checked","templated-review","yes","review","exact-unique","valid-h1","36","Answer|BreadcrumbList|ContactPoint|Country|FAQPage|ListItem|OpeningHoursSpecification|Organization|PostalAddress|ProfessionalService|PropertyValue|Question|Service|WebSite","not-date-bearing","yes","P2-monitor","retain index gate; add only verified evidence"
"https://reumlab.com/cost/travel/","industry_cost","yes","entity-schema-checked","templated-review","yes","review","exact-unique","valid-h1","36","Answer|BreadcrumbList|ContactPoint|Country|FAQPage|ListItem|OpeningHoursSpecification|Organization|PostalAddress|ProfessionalService|PropertyValue|Question|Service|WebSite","not-date-bearing","yes","P2-monitor","retain index gate; add only verified evidence"
"https://reumlab.com/cost/tutoring/","industry_cost","yes","entity-schema-checked","templated-review","yes","review","exact-unique","valid-h1","36","Answer|BreadcrumbList|ContactPoint|Country|FAQPage|ListItem|OpeningHoursSpecification|Organization|PostalAddress|ProfessionalService|PropertyValue|Question|Service|WebSite","not-date-bearing","yes","P2-monitor","retain index gate; add only verified evidence"
"https://reumlab.com/cost/university/","industry_cost","yes","entity-schema-checked","templated-review","yes","review","exact-unique","valid-h1","36","Answer|BreadcrumbList|ContactPoint|Country|FAQPage|ListItem|OpeningHoursSpecification|Organization|PostalAddress|ProfessionalService|PropertyValue|Question|Service|WebSite","not-date-bearing","yes","P2-monitor","retain index gate; add only verified evidence"
"https://reumlab.com/cost/unmanned-store/","industry_cost","yes","entity-schema-checked","templated-review","yes","review","exact-unique","valid-h1","37","Answer|BreadcrumbList|ContactPoint|Country|FAQPage|ListItem|OpeningHoursSpecification|Organization|PostalAddress|ProfessionalService|PropertyValue|Question|Service|WebSite","not-date-bearing","yes","P2-monitor","retain index gate; add only verified evidence"
"https://reumlab.com/cost/used-car/","industry_cost","yes","entity-schema-checked","templated-review","yes","review","exact-unique","valid-h1","37","Answer|BreadcrumbList|ContactPoint|Country|FAQPage|ListItem|OpeningHoursSpecification|Organization|PostalAddress|ProfessionalService|PropertyValue|Question|Service|WebSite","not-date-bearing","yes","P2-monitor","retain index gate; add only verified evidence"
"https://reumlab.com/cost/wedding/","industry_cost","yes","entity-schema-checked","templated-review","yes","review","exact-unique","valid-h1","36","Answer|BreadcrumbList|ContactPoint|Country|FAQPage|ListItem|OpeningHoursSpecification|Organization|PostalAddress|ProfessionalService|PropertyValue|Question|Service|WebSite","not-date-bearing","yes","P2-monitor","retain index gate; add only verified evidence"
"https://reumlab.com/cost/wholesale/","industry_cost","yes","entity-schema-checked","templated-review","yes","review","exact-unique","valid-h1","37","Answer|BreadcrumbList|ContactPoint|Country|FAQPage|ListItem|OpeningHoursSpecification|Organization|PostalAddress|ProfessionalService|PropertyValue|Question|Service|WebSite","not-date-bearing","yes","P2-monitor","retain index gate; add only verified evidence"
"https://reumlab.com/cost/yoga/","industry_cost","yes","entity-schema-checked","templated-review","yes","yes","exact-unique","valid-h1","36","Answer|BreadcrumbList|ContactPoint|Country|FAQPage|ListItem|OpeningHoursSpecification|Organization|PostalAddress|ProfessionalService|PropertyValue|Question|Service|WebSite","not-date-bearing","yes","P2-monitor","retain index gate; add only verified evidence"
"https://reumlab.com/data-seo/","service_or_hub","yes","entity-schema-checked","moderate","yes","yes","exact-unique","valid-h1","22","Answer|BreadcrumbList|ContactPoint|Country|FAQPage|ListItem|OpeningHoursSpecification|Organization|PostalAddress|ProfessionalService|PropertyValue|Question|Service|WebSite","not-date-bearing","yes","P1","retain and monitor"
"https://reumlab.com/enterprise-ai/","service_or_hub","yes","entity-schema-checked","moderate","yes","yes","exact-unique","valid-h1","33","Answer|BreadcrumbList|ContactPoint|Country|FAQPage|ListItem|OpeningHoursSpecification|Organization|PostalAddress|ProfessionalService|PropertyValue|Question|Service|WebSite","not-date-bearing","yes","P1","retain and monitor"
"https://reumlab.com/erp/","service_or_hub","yes","entity-schema-checked","moderate","yes","yes","exact-unique","valid-h1","26","Answer|BreadcrumbList|ContactPoint|Country|FAQPage|ListItem|OpeningHoursSpecification|Organization|PostalAddress|ProfessionalService|PropertyValue|Question|Service|WebSite","not-date-bearing","yes","P1","retain and monitor"
"https://reumlab.com/flutter/dongtan/","service_or_hub","yes","entity-schema-checked","moderate","yes","review","exact-unique","valid-h1","41","Answer|BreadcrumbList|ContactPoint|Country|FAQPage|ListItem|OpeningHoursSpecification|Organization|Place|PostalAddress|ProfessionalService|PropertyValue|Question|Service|WebSite","not-date-bearing","yes","P1","retain and monitor"
"https://reumlab.com/flutter/hwaseong/","service_or_hub","yes","entity-schema-checked","moderate","yes","review","exact-unique","valid-h1","41","Answer|BreadcrumbList|ContactPoint|Country|FAQPage|ListItem|OpeningHoursSpecification|Organization|Place|PostalAddress|ProfessionalService|PropertyValue|Question|Service|WebSite","not-date-bearing","yes","P1","retain and monitor"
"https://reumlab.com/flutter/","service_or_hub","yes","entity-schema-checked","moderate","yes","yes","exact-unique","valid-h1","43","Answer|BreadcrumbList|ContactPoint|Country|FAQPage|ListItem|OpeningHoursSpecification|Organization|PostalAddress|ProfessionalService|PropertyValue|Question|Service|WebSite","not-date-bearing","yes","P1","retain and monitor"
"https://reumlab.com/flutter/suwon/","service_or_hub","yes","entity-schema-checked","moderate","yes","review","exact-unique","valid-h1","41","Answer|BreadcrumbList|ContactPoint|Country|FAQPage|ListItem|OpeningHoursSpecification|Organization|Place|PostalAddress|ProfessionalService|PropertyValue|Question|Service|WebSite","not-date-bearing","yes","P1","retain and monitor"
"https://reumlab.com/flutter-development/","service_or_hub","yes","entity-schema-checked","moderate","yes","yes","exact-unique","valid-h1","28","Answer|BreadcrumbList|ContactPoint|Country|FAQPage|ListItem|OpeningHoursSpecification|Organization|PostalAddress|ProfessionalService|PropertyValue|Question|Service|WebSite","not-date-bearing","yes","P1","retain and monitor"
"https://reumlab.com/geo-website/","service_or_hub","yes","entity-schema-checked","moderate","yes","yes","exact-unique","valid-h1","28","BreadcrumbList|ContactPoint|Country|ListItem|OpeningHoursSpecification|Organization|PostalAddress|ProfessionalService|PropertyValue|Service|WebPage|WebSite","not-date-bearing","yes","P1","retain and monitor"
"https://reumlab.com/guide/academy-app-guide/","guide","yes","entity-schema-checked","strong","yes","yes","exact-unique","valid-h1","29","Answer|Article|BreadcrumbList|ContactPoint|Country|FAQPage|ListItem|OpeningHoursSpecification|Organization|PostalAddress|ProfessionalService|PropertyValue|Question|WebPage|WebSite","source-date-present","yes","P1","retain and monitor"
"https://reumlab.com/guide/agency-choice/","guide","yes","entity-schema-checked","strong","yes","yes","exact-unique","valid-h1","28","Answer|Article|BreadcrumbList|ContactPoint|Country|FAQPage|ListItem|OpeningHoursSpecification|Organization|PostalAddress|ProfessionalService|PropertyValue|Question|WebPage|WebSite","source-date-present","yes","P1","retain and monitor"
"https://reumlab.com/guide/ai-automation-guide/","guide","yes","entity-schema-checked","strong","yes","review","exact-unique","valid-h1","27","Answer|Article|BreadcrumbList|ContactPoint|Country|FAQPage|ListItem|OpeningHoursSpecification|Organization|PostalAddress|ProfessionalService|PropertyValue|Question|WebPage|WebSite","source-date-present","yes","P1","retain and monitor"
"https://reumlab.com/guide/app-cost/","guide","yes","entity-schema-checked","strong","yes","yes","exact-unique","valid-h1","28","Answer|Article|BreadcrumbList|ContactPoint|Country|FAQPage|ListItem|OpeningHoursSpecification|Organization|PostalAddress|ProfessionalService|PropertyValue|Question|WebPage|WebSite","source-date-present","yes","P1","retain and monitor"
"https://reumlab.com/guide/app-duration/","guide","yes","entity-schema-checked","strong","yes","review","exact-unique","valid-h1","28","Answer|Article|BreadcrumbList|ContactPoint|Country|FAQPage|ListItem|OpeningHoursSpecification|Organization|PostalAddress|ProfessionalService|PropertyValue|Question|WebPage|WebSite","source-date-present","yes","P1","retain and monitor"
"https://reumlab.com/guide/b2b-saas-guide/","guide","yes","entity-schema-checked","strong","yes","review","exact-unique","valid-h1","29","Answer|Article|BreadcrumbList|ContactPoint|Country|FAQPage|ListItem|OpeningHoursSpecification|Organization|PostalAddress|ProfessionalService|PropertyValue|Question|WebPage|WebSite","source-date-present","yes","P1","retain and monitor"
"https://reumlab.com/guide/booking-app-guide/","guide","yes","entity-schema-checked","strong","yes","review","exact-unique","valid-h1","29","Answer|Article|BreadcrumbList|ContactPoint|Country|FAQPage|ListItem|OpeningHoursSpecification|Organization|PostalAddress|ProfessionalService|PropertyValue|Question|WebPage|WebSite","source-date-present","yes","P1","retain and monitor"
"https://reumlab.com/guide/cafe-app-guide/","guide","yes","entity-schema-checked","strong","yes","review","exact-unique","valid-h1","29","Answer|Article|BreadcrumbList|ContactPoint|Country|FAQPage|ListItem|OpeningHoursSpecification|Organization|PostalAddress|ProfessionalService|PropertyValue|Question|WebPage|WebSite","source-date-present","yes","P1","retain and monitor"
"https://reumlab.com/guide/chatbot-cost/","guide","yes","entity-schema-checked","strong","yes","review","exact-unique","valid-h1","26","Answer|Article|BreadcrumbList|ContactPoint|Country|FAQPage|ListItem|OpeningHoursSpecification|Organization|PostalAddress|ProfessionalService|PropertyValue|Question|WebPage|WebSite","source-date-present","yes","P1","retain and monitor"
"https://reumlab.com/guide/cleaning-app-guide/","guide","yes","entity-schema-checked","strong","yes","review","exact-unique","valid-h1","29","Answer|Article|BreadcrumbList|ContactPoint|Country|FAQPage|ListItem|OpeningHoursSpecification|Organization|PostalAddress|ProfessionalService|PropertyValue|Question|WebPage|WebSite","source-date-present","yes","P1","retain and monitor"
"https://reumlab.com/guide/community-app-guide/","guide","yes","entity-schema-checked","strong","yes","review","exact-unique","valid-h1","29","Answer|Article|BreadcrumbList|ContactPoint|Country|FAQPage|ListItem|OpeningHoursSpecification|Organization|PostalAddress|ProfessionalService|PropertyValue|Question|WebPage|WebSite","source-date-present","yes","P1","retain and monitor"
"https://reumlab.com/guide/delivery-app-guide/","guide","yes","entity-schema-checked","strong","yes","review","exact-unique","valid-h1","29","Answer|Article|BreadcrumbList|ContactPoint|Country|FAQPage|ListItem|OpeningHoursSpecification|Organization|PostalAddress|ProfessionalService|PropertyValue|Question|WebPage|WebSite","source-date-present","yes","P1","retain and monitor"
"https://reumlab.com/guide/dental-app-guide/","guide","yes","entity-schema-checked","strong","yes","review","exact-unique","valid-h1","29","Answer|Article|BreadcrumbList|ContactPoint|Country|FAQPage|ListItem|OpeningHoursSpecification|Organization|PostalAddress|ProfessionalService|PropertyValue|Question|WebPage|WebSite","source-date-present","yes","P1","retain and monitor"
"https://reumlab.com/guide/dev-process/","guide","yes","entity-schema-checked","strong","yes","review","exact-unique","valid-h1","27","Answer|Article|BreadcrumbList|ContactPoint|Country|FAQPage|ListItem|OpeningHoursSpecification|Organization|PostalAddress|ProfessionalService|PropertyValue|Question|WebPage|WebSite","source-date-present","yes","P1","retain and monitor"
"https://reumlab.com/guide/dongtan-hwaseong/","guide","yes","entity-schema-checked","strong","yes","review","exact-unique","valid-h1","31","Answer|Article|BreadcrumbList|ContactPoint|Country|FAQPage|ListItem|OpeningHoursSpecification|Organization|PostalAddress|ProfessionalService|PropertyValue|Question|WebPage|WebSite","source-date-present","yes","P1","retain and monitor"
"https://reumlab.com/guide/enterprise-ai-adoption/","guide","yes","entity-schema-checked","strong","yes","yes","exact-unique","valid-h1","27","Answer|Article|BreadcrumbList|ContactPoint|Country|FAQPage|ListItem|OpeningHoursSpecification|Organization|PostalAddress|ProfessionalService|PropertyValue|Question|WebPage|WebSite","source-date-present","yes","P1","retain and monitor"
"https://reumlab.com/guide/enterprise-ai-cost/","guide","yes","entity-schema-checked","strong","yes","yes","exact-unique","valid-h1","28","Answer|Article|BreadcrumbList|ContactPoint|Country|FAQPage|ListItem|OpeningHoursSpecification|Organization|PostalAddress|ProfessionalService|PropertyValue|Question|WebPage|WebSite","source-date-present","yes","P1","retain and monitor"
"https://reumlab.com/guide/erp-cost/","guide","yes","entity-schema-checked","strong","yes","yes","exact-unique","valid-h1","28","Answer|Article|BreadcrumbList|ContactPoint|Country|FAQPage|ListItem|OpeningHoursSpecification|Organization|PostalAddress|ProfessionalService|PropertyValue|Question|WebPage|WebSite","source-date-present","yes","P1","retain and monitor"
"https://reumlab.com/guide/fitness-app-guide/","guide","yes","entity-schema-checked","strong","yes","review","exact-unique","valid-h1","29","Answer|Article|BreadcrumbList|ContactPoint|Country|FAQPage|ListItem|OpeningHoursSpecification|Organization|PostalAddress|ProfessionalService|PropertyValue|Question|WebPage|WebSite","source-date-present","yes","P1","retain and monitor"
"https://reumlab.com/guide/flutter-cost/","guide","yes","entity-schema-checked","strong","yes","review","exact-unique","valid-h1","27","Answer|Article|BreadcrumbList|ContactPoint|Country|FAQPage|ListItem|OpeningHoursSpecification|Organization|PostalAddress|ProfessionalService|PropertyValue|Question|WebPage|WebSite","source-date-present","yes","P1","retain and monitor"
"https://reumlab.com/guide/hair-salon-app-guide/","guide","yes","entity-schema-checked","strong","yes","review","exact-unique","valid-h1","29","Answer|Article|BreadcrumbList|ContactPoint|Country|FAQPage|ListItem|OpeningHoursSpecification|Organization|PostalAddress|ProfessionalService|PropertyValue|Question|WebPage|WebSite","source-date-present","yes","P1","retain and monitor"
"https://reumlab.com/guide/hospital-app-guide/","guide","yes","entity-schema-checked","strong","yes","review","exact-unique","valid-h1","29","Answer|Article|BreadcrumbList|ContactPoint|Country|FAQPage|ListItem|OpeningHoursSpecification|Organization|PostalAddress|ProfessionalService|PropertyValue|Question|WebPage|WebSite","source-date-present","yes","P1","retain and monitor"
"https://reumlab.com/guide/","guide_hub","yes","entity-schema-checked","templated-review","yes","review","exact-unique","valid-h1","112","BreadcrumbList|CollectionPage|ContactPoint|Country|ItemList|ListItem|OpeningHoursSpecification|Organization|PostalAddress|ProfessionalService|PropertyValue|WebSite","not-date-bearing","yes","P2-monitor","retain index gate; add only verified evidence"
"https://reumlab.com/guide/interior-app-guide/","guide","yes","entity-schema-checked","strong","yes","review","exact-unique","valid-h1","29","Answer|Article|BreadcrumbList|ContactPoint|Country|FAQPage|ListItem|OpeningHoursSpecification|Organization|PostalAddress|ProfessionalService|PropertyValue|Question|WebPage|WebSite","source-date-present","yes","P1","retain and monitor"
"https://reumlab.com/guide/kids-cafe-app-guide/","guide","yes","entity-schema-checked","strong","yes","review","exact-unique","valid-h1","28","Answer|Article|BreadcrumbList|ContactPoint|Country|FAQPage|ListItem|OpeningHoursSpecification|Organization|PostalAddress|ProfessionalService|PropertyValue|Question|WebPage|WebSite","source-date-present","yes","P1","retain and monitor"
"https://reumlab.com/guide/lodging-app-guide/","guide","yes","entity-schema-checked","strong","yes","review","exact-unique","valid-h1","29","Answer|Article|BreadcrumbList|ContactPoint|Country|FAQPage|ListItem|OpeningHoursSpecification|Organization|PostalAddress|ProfessionalService|PropertyValue|Question|WebPage|WebSite","source-date-present","yes","P1","retain and monitor"
"https://reumlab.com/guide/manufacturing-app-guide/","guide","yes","entity-schema-checked","strong","yes","review","exact-unique","valid-h1","29","Answer|Article|BreadcrumbList|ContactPoint|Country|FAQPage|ListItem|OpeningHoursSpecification|Organization|PostalAddress|ProfessionalService|PropertyValue|Question|WebPage|WebSite","source-date-present","yes","P1","retain and monitor"
"https://reumlab.com/guide/mvp-cost/","guide","yes","entity-schema-checked","strong","yes","yes","exact-unique","valid-h1","28","Answer|Article|BreadcrumbList|ContactPoint|Country|FAQPage|ListItem|OpeningHoursSpecification|Organization|PostalAddress|ProfessionalService|PropertyValue|Question|WebPage|WebSite","source-date-present","yes","P1","retain and monitor"
"https://reumlab.com/guide/mvp-priority/","guide","yes","entity-schema-checked","strong","yes","review","exact-unique","valid-h1","28","Answer|Article|BreadcrumbList|ContactPoint|Country|FAQPage|ListItem|OpeningHoursSpecification|Organization|PostalAddress|ProfessionalService|PropertyValue|Question|WebPage|WebSite","source-date-present","yes","P1","retain and monitor"
"https://reumlab.com/guide/non-developer-app/","guide","yes","entity-schema-checked","strong","yes","review","exact-unique","valid-h1","27","Answer|Article|BreadcrumbList|ContactPoint|Country|FAQPage|ListItem|OpeningHoursSpecification|Organization|PostalAddress|ProfessionalService|PropertyValue|Question|WebPage|WebSite","source-date-present","yes","P1","retain and monitor"
"https://reumlab.com/guide/outsourcing-checklist/","guide","yes","entity-schema-checked","strong","yes","yes","exact-unique","valid-h1","28","Answer|Article|BreadcrumbList|ContactPoint|Country|FAQPage|ListItem|OpeningHoursSpecification|Organization|PostalAddress|ProfessionalService|PropertyValue|Question|WebPage|WebSite","source-date-present","yes","P1","retain and monitor"
"https://reumlab.com/guide/outsourcing-cost/","guide","yes","entity-schema-checked","strong","yes","yes","exact-unique","valid-h1","27","Answer|Article|BreadcrumbList|ContactPoint|Country|FAQPage|ListItem|OpeningHoursSpecification|Organization|PostalAddress|ProfessionalService|PropertyValue|Question|WebPage|WebSite","source-date-present","yes","P1","retain and monitor"
"https://reumlab.com/guide/pet-app-guide/","guide","yes","entity-schema-checked","strong","yes","review","exact-unique","valid-h1","29","Answer|Article|BreadcrumbList|ContactPoint|Country|FAQPage|ListItem|OpeningHoursSpecification|Organization|PostalAddress|ProfessionalService|PropertyValue|Question|WebPage|WebSite","source-date-present","yes","P1","retain and monitor"
"https://reumlab.com/guide/pilates-app-guide/","guide","yes","entity-schema-checked","strong","yes","review","exact-unique","valid-h1","29","Answer|Article|BreadcrumbList|ContactPoint|Country|FAQPage|ListItem|OpeningHoursSpecification|Organization|PostalAddress|ProfessionalService|PropertyValue|Question|WebPage|WebSite","source-date-present","yes","P1","retain and monitor"
"https://reumlab.com/guide/quote/","guide","yes","entity-schema-checked","strong","yes","review","exact-unique","valid-h1","27","Answer|Article|BreadcrumbList|ContactPoint|Country|FAQPage|ListItem|OpeningHoursSpecification|Organization|PostalAddress|ProfessionalService|PropertyValue|Question|WebPage|WebSite","source-date-present","yes","P1","retain and monitor"
"https://reumlab.com/guide/rag-development/","guide","yes","entity-schema-checked","strong","yes","yes","exact-unique","valid-h1","27","Answer|Article|BreadcrumbList|ContactPoint|Country|FAQPage|ListItem|OpeningHoursSpecification|Organization|PostalAddress|ProfessionalService|PropertyValue|Question|WebPage|WebSite","source-date-present","yes","P1","retain and monitor"
"https://reumlab.com/guide/realestate-app-guide/","guide","yes","entity-schema-checked","strong","yes","review","exact-unique","valid-h1","29","Answer|Article|BreadcrumbList|ContactPoint|Country|FAQPage|ListItem|OpeningHoursSpecification|Organization|PostalAddress|ProfessionalService|PropertyValue|Question|WebPage|WebSite","source-date-present","yes","P1","retain and monitor"
"https://reumlab.com/guide/restaurant-app-guide/","guide","yes","entity-schema-checked","strong","yes","yes","exact-unique","valid-h1","29","Answer|Article|BreadcrumbList|ContactPoint|Country|FAQPage|ListItem|OpeningHoursSpecification|Organization|PostalAddress|ProfessionalService|PropertyValue|Question|WebPage|WebSite","source-date-present","yes","P1","retain and monitor"
"https://reumlab.com/guide/shopping-app-guide/","guide","yes","entity-schema-checked","strong","yes","review","exact-unique","valid-h1","29","Answer|Article|BreadcrumbList|ContactPoint|Country|FAQPage|ListItem|OpeningHoursSpecification|Organization|PostalAddress|ProfessionalService|PropertyValue|Question|WebPage|WebSite","source-date-present","yes","P1","retain and monitor"
"https://reumlab.com/guide/startup-mvp/","guide","yes","entity-schema-checked","strong","yes","review","exact-unique","valid-h1","27","Answer|Article|BreadcrumbList|ContactPoint|Country|FAQPage|ListItem|OpeningHoursSpecification|Organization|PostalAddress|ProfessionalService|PropertyValue|Question|WebPage|WebSite","source-date-present","yes","P1","retain and monitor"
"https://reumlab.com/guide/studycafe-app-guide/","guide","yes","entity-schema-checked","strong","yes","yes","exact-unique","valid-h1","29","Answer|Article|BreadcrumbList|ContactPoint|Country|FAQPage|ListItem|OpeningHoursSpecification|Organization|PostalAddress|ProfessionalService|PropertyValue|Question|WebPage|WebSite","source-date-present","yes","P1","retain and monitor"
"https://reumlab.com/guide/subscription-app-guide/","guide","yes","entity-schema-checked","strong","yes","review","exact-unique","valid-h1","29","Answer|Article|BreadcrumbList|ContactPoint|Country|FAQPage|ListItem|OpeningHoursSpecification|Organization|PostalAddress|ProfessionalService|PropertyValue|Question|WebPage|WebSite","source-date-present","yes","P1","retain and monitor"
"https://reumlab.com/guide/taekwondo-app-guide/","guide","yes","entity-schema-checked","strong","yes","review","exact-unique","valid-h1","28","Answer|Article|BreadcrumbList|ContactPoint|Country|FAQPage|ListItem|OpeningHoursSpecification|Organization|PostalAddress|ProfessionalService|PropertyValue|Question|WebPage|WebSite","source-date-present","yes","P1","retain and monitor"
"https://reumlab.com/guide/web-cost/","guide","yes","entity-schema-checked","strong","yes","yes","exact-unique","valid-h1","26","Answer|Article|BreadcrumbList|ContactPoint|Country|FAQPage|ListItem|OpeningHoursSpecification|Organization|PostalAddress|ProfessionalService|PropertyValue|Question|WebPage|WebSite","source-date-present","yes","P1","retain and monitor"
"https://reumlab.com/guide/wedding-app-guide/","guide","yes","entity-schema-checked","strong","yes","review","exact-unique","valid-h1","28","Answer|Article|BreadcrumbList|ContactPoint|Country|FAQPage|ListItem|OpeningHoursSpecification|Organization|PostalAddress|ProfessionalService|PropertyValue|Question|WebPage|WebSite","source-date-present","yes","P1","retain and monitor"
"https://reumlab.com/guide/wholesale-app-guide/","guide","yes","entity-schema-checked","strong","yes","review","exact-unique","valid-h1","29","Answer|Article|BreadcrumbList|ContactPoint|Country|FAQPage|ListItem|OpeningHoursSpecification|Organization|PostalAddress|ProfessionalService|PropertyValue|Question|WebPage|WebSite","source-date-present","yes","P1","retain and monitor"
"https://reumlab.com/h/academy/","keyword_hub","yes","entity-schema-checked","templated-review","yes","review","exact-unique","valid-h1","33","Answer|BreadcrumbList|ContactPoint|Country|FAQPage|ListItem|OpeningHoursSpecification|Organization|PostalAddress|ProfessionalService|PropertyValue|Question|Service|WebSite","not-date-bearing","yes","P2-monitor","retain index gate; add only verified evidence"
"https://reumlab.com/h/cafe/","keyword_hub","yes","entity-schema-checked","templated-review","yes","review","exact-unique","valid-h1","33","Answer|BreadcrumbList|ContactPoint|Country|FAQPage|ListItem|OpeningHoursSpecification|Organization|PostalAddress|ProfessionalService|PropertyValue|Question|Service|WebSite","not-date-bearing","yes","P2-monitor","retain index gate; add only verified evidence"
"https://reumlab.com/h/gym/","keyword_hub","yes","entity-schema-checked","templated-review","yes","review","exact-unique","valid-h1","33","Answer|BreadcrumbList|ContactPoint|Country|FAQPage|ListItem|OpeningHoursSpecification|Organization|PostalAddress|ProfessionalService|PropertyValue|Question|Service|WebSite","not-date-bearing","yes","P2-monitor","retain index gate; add only verified evidence"
"https://reumlab.com/h/restaurant/","keyword_hub","yes","entity-schema-checked","templated-review","yes","review","exact-unique","valid-h1","33","Answer|BreadcrumbList|ContactPoint|Country|FAQPage|ListItem|OpeningHoursSpecification|Organization|PostalAddress|ProfessionalService|PropertyValue|Question|Service|WebSite","not-date-bearing","yes","P2-monitor","retain index gate; add only verified evidence"
"https://reumlab.com/h/service-plan/","keyword_hub","yes","entity-schema-checked","templated-review","yes","yes","exact-unique","valid-h1","26","Answer|BreadcrumbList|ContactPoint|Country|FAQPage|ListItem|OpeningHoursSpecification|Organization|PostalAddress|ProfessionalService|PropertyValue|Question|Service|WebSite","not-date-bearing","yes","P2-monitor","retain index gate; add only verified evidence"
"https://reumlab.com/h/shopping-mall/","keyword_hub","yes","entity-schema-checked","templated-review","yes","yes","exact-unique","valid-h1","26","Answer|BreadcrumbList|ContactPoint|Country|FAQPage|ListItem|OpeningHoursSpecification|Organization|PostalAddress|ProfessionalService|PropertyValue|Question|Service|WebSite","not-date-bearing","yes","P2-monitor","retain index gate; add only verified evidence"
"https://reumlab.com/h/suwon/","keyword_hub","yes","entity-schema-checked","templated-review","yes","review","exact-unique","valid-h1","29","Answer|BreadcrumbList|ContactPoint|Country|FAQPage|ListItem|OpeningHoursSpecification|Organization|PostalAddress|ProfessionalService|PropertyValue|Question|Service|WebSite","not-date-bearing","yes","P2-monitor","retain index gate; add only verified evidence"
"https://reumlab.com/","home","yes","entity-schema-checked","strong","yes","yes","exact-unique","valid-h1","39","Answer|BreadcrumbList|ContactPoint|Country|FAQPage|ListItem|Offer|OfferCatalog|OpeningHoursSpecification|Organization|PostalAddress|ProfessionalService|PropertyValue|Question|Service|WebSite","not-date-bearing","yes","P1","retain and monitor"
"https://reumlab.com/l/academy-shopping-mall/","legacy_landing","yes","entity-schema-checked","templated-review","yes","review","exact-unique","valid-h1","27","BreadcrumbList|ContactPoint|Country|ListItem|OpeningHoursSpecification|Organization|PostalAddress|ProfessionalService|PropertyValue|Service|WebSite","not-date-bearing","yes","P2-monitor","retain index gate; add only verified evidence"
"https://reumlab.com/l/cafe-app-dev-out/","legacy_landing","yes","entity-schema-checked","templated-review","yes","review","exact-unique","valid-h1","27","BreadcrumbList|ContactPoint|Country|ListItem|OpeningHoursSpecification|Organization|PostalAddress|ProfessionalService|PropertyValue|Service|WebSite","not-date-bearing","yes","P2-monitor","retain index gate; add only verified evidence"
"https://reumlab.com/l/gym-web-dev/","legacy_landing","yes","entity-schema-checked","templated-review","yes","yes","exact-unique","valid-h1","27","BreadcrumbList|ContactPoint|Country|ListItem|OpeningHoursSpecification|Organization|PostalAddress|ProfessionalService|PropertyValue|Service|WebSite","not-date-bearing","yes","P2-monitor","retain index gate; add only verified evidence"
"https://reumlab.com/l/restaurant-website-dev/","legacy_landing","yes","entity-schema-checked","templated-review","yes","yes","exact-unique","valid-h1","27","BreadcrumbList|ContactPoint|Country|ListItem|OpeningHoursSpecification|Organization|PostalAddress|ProfessionalService|PropertyValue|Service|WebSite","not-date-bearing","yes","P2-monitor","retain index gate; add only verified evidence"
"https://reumlab.com/l/service-plan-cost/","legacy_landing","yes","entity-schema-checked","templated-review","yes","yes","exact-unique","valid-h1","27","BreadcrumbList|ContactPoint|Country|ListItem|OpeningHoursSpecification|Organization|PostalAddress|ProfessionalService|PropertyValue|Service|WebSite","not-date-bearing","yes","P2-monitor","retain index gate; add only verified evidence"
"https://reumlab.com/l/shopping-mall-cost/","legacy_landing","yes","entity-schema-checked","templated-review","yes","yes","exact-unique","valid-h1","27","BreadcrumbList|ContactPoint|Country|ListItem|OpeningHoursSpecification|Organization|PostalAddress|ProfessionalService|PropertyValue|Service|WebSite","not-date-bearing","yes","P2-monitor","retain index gate; add only verified evidence"
"https://reumlab.com/l/suwon-shopping-mall/","legacy_landing","yes","entity-schema-checked","templated-review","yes","review","exact-unique","valid-h1","27","BreadcrumbList|ContactPoint|Country|ListItem|OpeningHoursSpecification|Organization|PostalAddress|ProfessionalService|PropertyValue|Service|WebSite","not-date-bearing","yes","P2-monitor","retain index gate; add only verified evidence"
"https://reumlab.com/maintenance/","service_or_hub","yes","entity-schema-checked","moderate","yes","yes","exact-unique","valid-h1","30","Answer|BreadcrumbList|ContactPoint|Country|FAQPage|ListItem|OpeningHoursSpecification|Organization|PostalAddress|ProfessionalService|PropertyValue|Question|Service|WebSite","not-date-bearing","yes","P1","retain and monitor"
"https://reumlab.com/mvp/dongtan/","region_service","yes","entity-schema-checked","templated-review","yes","review","exact-unique","valid-h1","40","Answer|BreadcrumbList|ContactPoint|Country|FAQPage|ListItem|OpeningHoursSpecification|Organization|Place|PostalAddress|ProfessionalService|PropertyValue|Question|Service|WebSite","not-date-bearing","yes","P2-monitor","retain index gate; add only verified evidence"
"https://reumlab.com/mvp/hwaseong/","region_service","yes","entity-schema-checked","templated-review","yes","review","exact-unique","valid-h1","40","Answer|BreadcrumbList|ContactPoint|Country|FAQPage|ListItem|OpeningHoursSpecification|Organization|Place|PostalAddress|ProfessionalService|PropertyValue|Question|Service|WebSite","not-date-bearing","yes","P2-monitor","retain index gate; add only verified evidence"
"https://reumlab.com/mvp/","service_or_hub","yes","entity-schema-checked","moderate","yes","yes","exact-unique","valid-h1","36","Answer|BreadcrumbList|ContactPoint|Country|FAQPage|ListItem|OpeningHoursSpecification|Organization|PostalAddress|ProfessionalService|PropertyValue|Question|Service|WebSite","not-date-bearing","yes","P1","retain and monitor"
"https://reumlab.com/mvp/suwon/","region_service","yes","entity-schema-checked","templated-review","yes","review","exact-unique","valid-h1","40","Answer|BreadcrumbList|ContactPoint|Country|FAQPage|ListItem|OpeningHoursSpecification|Organization|Place|PostalAddress|ProfessionalService|PropertyValue|Question|Service|WebSite","not-date-bearing","yes","P2-monitor","retain index gate; add only verified evidence"
"https://reumlab.com/mvp-development/","service_or_hub","yes","entity-schema-checked","moderate","yes","yes","exact-unique","valid-h1","33","Answer|BreadcrumbList|ContactPoint|Country|FAQPage|ListItem|OpeningHoursSpecification|Organization|PostalAddress|ProfessionalService|PropertyValue|Question|Service|WebSite","not-date-bearing","yes","P1","retain and monitor"
"https://reumlab.com/nocode-limit/","service_or_hub","yes","entity-schema-checked","moderate","yes","yes","exact-unique","valid-h1","28","Answer|BreadcrumbList|ContactPoint|Country|FAQPage|ListItem|OpeningHoursSpecification|Organization|PostalAddress|ProfessionalService|PropertyValue|Question|Service|WebSite","not-date-bearing","yes","P1","retain and monitor"
"https://reumlab.com/platform/","service_or_hub","yes","entity-schema-checked","moderate","yes","yes","exact-unique","valid-h1","24","Answer|BreadcrumbList|ContactPoint|Country|FAQPage|ListItem|OpeningHoursSpecification|Organization|PostalAddress|ProfessionalService|PropertyValue|Question|Service|WebSite","not-date-bearing","yes","P1","retain and monitor"
"https://reumlab.com/portfolio/ai-sales/","case","yes","entity-schema-checked","strong","yes","yes","exact-unique","valid-h1","20","BreadcrumbList|ContactPoint|Country|CreativeWork|ListItem|OpeningHoursSpecification|Organization|PostalAddress|ProfessionalService|PropertyValue|WebSite","not-date-bearing","yes","P1","retain and monitor"
"https://reumlab.com/portfolio/ai-work-hub/","case","yes","entity-schema-checked","strong","yes","yes","exact-unique","valid-h1","20","BreadcrumbList|ContactPoint|Country|CreativeWork|ListItem|OpeningHoursSpecification|Organization|PostalAddress|ProfessionalService|PropertyValue|WebSite","not-date-bearing","yes","P1","retain and monitor"
"https://reumlab.com/portfolio/b2b-lead/","case","yes","entity-schema-checked","strong","yes","yes","exact-unique","valid-h1","20","BreadcrumbList|ContactPoint|Country|CreativeWork|ListItem|OpeningHoursSpecification|Organization|PostalAddress|ProfessionalService|PropertyValue|WebSite","not-date-bearing","yes","P1","retain and monitor"
"https://reumlab.com/portfolio/data-crawl/","case","yes","entity-schema-checked","strong","yes","yes","exact-unique","valid-h1","15","BreadcrumbList|ContactPoint|Country|CreativeWork|ListItem|OpeningHoursSpecification|Organization|PostalAddress|ProfessionalService|PropertyValue|WebSite","not-date-bearing","yes","P1","retain and monitor"
"https://reumlab.com/portfolio/digital-market/","case","yes","entity-schema-checked","strong","yes","yes","exact-unique","valid-h1","19","BreadcrumbList|ContactPoint|Country|CreativeWork|ListItem|OpeningHoursSpecification|Organization|PostalAddress|ProfessionalService|PropertyValue|WebSite","not-date-bearing","yes","P1","retain and monitor"
"https://reumlab.com/portfolio/edu-erp/","case","yes","entity-schema-checked","strong","yes","yes","exact-unique","valid-h1","20","BreadcrumbList|ContactPoint|Country|CreativeWork|ListItem|OpeningHoursSpecification|Organization|PostalAddress|ProfessionalService|PropertyValue|WebSite","not-date-bearing","yes","P1","retain and monitor"
"https://reumlab.com/portfolio/edu-review/","case","yes","entity-schema-checked","strong","yes","yes","exact-unique","valid-h1","18","BreadcrumbList|ContactPoint|Country|CreativeWork|ListItem|OpeningHoursSpecification|Organization|PostalAddress|ProfessionalService|PropertyValue|WebSite","not-date-bearing","yes","P1","retain and monitor"
"https://reumlab.com/portfolio/gov-search/","case","yes","entity-schema-checked","strong","yes","yes","exact-unique","valid-h1","20","BreadcrumbList|ContactPoint|Country|CreativeWork|ListItem|OpeningHoursSpecification|Organization|PostalAddress|ProfessionalService|PropertyValue|WebSite","not-date-bearing","yes","P1","retain and monitor"
"https://reumlab.com/portfolio/","case_hub","yes","entity-schema-checked","strong","yes","yes","exact-unique","valid-h1","31","BreadcrumbList|ContactPoint|Country|ListItem|OpeningHoursSpecification|Organization|PostalAddress|ProfessionalService|PropertyValue|WebSite","not-date-bearing","yes","P2-monitor","retain and monitor"
"https://reumlab.com/portfolio/life-match/","case","yes","entity-schema-checked","strong","yes","yes","exact-unique","valid-h1","20","BreadcrumbList|ContactPoint|Country|CreativeWork|ListItem|OpeningHoursSpecification|Organization|PostalAddress|ProfessionalService|PropertyValue|WebSite","not-date-bearing","yes","P1","retain and monitor"
"https://reumlab.com/portfolio/pseo-engine/","case","yes","entity-schema-checked","strong","yes","yes","exact-unique","valid-h1","19","BreadcrumbList|ContactPoint|Country|CreativeWork|ListItem|OpeningHoursSpecification|Organization|PostalAddress|ProfessionalService|PropertyValue|WebSite","not-date-bearing","yes","P1","retain and monitor"
"https://reumlab.com/portfolio/quote-doc/","case","yes","entity-schema-checked","strong","yes","yes","exact-unique","valid-h1","20","BreadcrumbList|ContactPoint|Country|CreativeWork|ListItem|OpeningHoursSpecification|Organization|PostalAddress|ProfessionalService|PropertyValue|WebSite","not-date-bearing","yes","P1","retain and monitor"
"https://reumlab.com/portfolio/research-writer/","case","yes","entity-schema-checked","strong","yes","yes","exact-unique","valid-h1","18","BreadcrumbList|ContactPoint|Country|CreativeWork|ListItem|OpeningHoursSpecification|Organization|PostalAddress|ProfessionalService|PropertyValue|WebSite","not-date-bearing","yes","P1","retain and monitor"
"https://reumlab.com/portfolio/sns-content/","case","yes","entity-schema-checked","strong","yes","yes","exact-unique","valid-h1","18","BreadcrumbList|ContactPoint|Country|CreativeWork|ListItem|OpeningHoursSpecification|Organization|PostalAddress|ProfessionalService|PropertyValue|WebSite","not-date-bearing","yes","P1","retain and monitor"
"https://reumlab.com/portfolio/soho-saas/","case","yes","entity-schema-checked","strong","yes","yes","exact-unique","valid-h1","20","BreadcrumbList|ContactPoint|Country|CreativeWork|ListItem|OpeningHoursSpecification|Organization|PostalAddress|ProfessionalService|PropertyValue|WebSite","not-date-bearing","yes","P1","retain and monitor"
"https://reumlab.com/portfolio/space-booking/","case","yes","entity-schema-checked","strong","yes","yes","exact-unique","valid-h1","20","BreadcrumbList|ContactPoint|Country|CreativeWork|ListItem|OpeningHoursSpecification|Organization|PostalAddress|ProfessionalService|PropertyValue|WebSite","not-date-bearing","yes","P1","retain and monitor"
"https://reumlab.com/privacy/","legal","yes","entity-schema-checked","templated-review","yes","yes","exact-unique","valid-h1","3","","not-date-bearing","yes","P2-monitor","retain index gate; add only verified evidence"
"https://reumlab.com/realestate-landing/","service_or_hub","yes","entity-schema-checked","moderate","yes","yes","exact-unique","valid-h1","28","Answer|BreadcrumbList|ContactPoint|Country|FAQPage|ListItem|OpeningHoursSpecification|Organization|PostalAddress|ProfessionalService|PropertyValue|Question|Service|WebSite","not-date-bearing","yes","P1","retain and monitor"
"https://reumlab.com/refund/","legal","yes","entity-schema-checked","templated-review","yes","yes","exact-unique","valid-h1","3","","not-date-bearing","yes","P2-monitor","retain index gate; add only verified evidence"
"https://reumlab.com/renewal/","service_or_hub","yes","entity-schema-checked","moderate","yes","yes","exact-unique","valid-h1","31","Answer|BreadcrumbList|ContactPoint|Country|FAQPage|ListItem|OpeningHoursSpecification|Organization|PostalAddress|ProfessionalService|PropertyValue|Question|Service|WebSite","not-date-bearing","yes","P1","retain and monitor"
"https://reumlab.com/reservation-commerce/","service_or_hub","yes","entity-schema-checked","moderate","yes","yes","exact-unique","valid-h1","24","Answer|BreadcrumbList|ContactPoint|Country|FAQPage|ListItem|OpeningHoursSpecification|Organization|PostalAddress|ProfessionalService|PropertyValue|Question|Service|WebSite","not-date-bearing","yes","P1","retain and monitor"
"https://reumlab.com/service-renewal/","service_or_hub","yes","entity-schema-checked","moderate","yes","review","exact-unique","valid-h1","20","Answer|BreadcrumbList|ContactPoint|Country|FAQPage|ListItem|OpeningHoursSpecification|Organization|PostalAddress|ProfessionalService|PropertyValue|Question|Service|WebSite","not-date-bearing","yes","P1","retain and monitor"
"https://reumlab.com/soho/","service_or_hub","yes","entity-schema-checked","moderate","yes","yes","exact-unique","valid-h1","28","Answer|BreadcrumbList|ContactPoint|Country|FAQPage|ListItem|OpeningHoursSpecification|Organization|PostalAddress|ProfessionalService|PropertyValue|Question|Service|WebSite","not-date-bearing","yes","P1","retain and monitor"
"https://reumlab.com/solution/academy/","industry_service","yes","entity-schema-checked","templated-review","yes","review","exact-unique","valid-h1","38","Answer|BreadcrumbList|ContactPoint|Country|FAQPage|ListItem|OpeningHoursSpecification|Organization|PostalAddress|ProfessionalService|PropertyValue|Question|Service|WebSite","not-date-bearing","yes","P2-monitor","retain index gate; add only verified evidence"
"https://reumlab.com/solution/agriculture/","industry_service","yes","entity-schema-checked","templated-review","yes","review","exact-unique","valid-h1","37","Answer|BreadcrumbList|ContactPoint|Country|FAQPage|ListItem|OpeningHoursSpecification|Organization|PostalAddress|ProfessionalService|PropertyValue|Question|Service|WebSite","not-date-bearing","yes","P2-monitor","retain index gate; add only verified evidence"
"https://reumlab.com/solution/animal-hospital/","industry_service","yes","entity-schema-checked","templated-review","yes","review","exact-unique","valid-h1","37","Answer|BreadcrumbList|ContactPoint|Country|FAQPage|ListItem|OpeningHoursSpecification|Organization|PostalAddress|ProfessionalService|PropertyValue|Question|Service|WebSite","not-date-bearing","yes","P2-monitor","retain index gate; add only verified evidence"
"https://reumlab.com/solution/art-academy/","industry_service","yes","entity-schema-checked","templated-review","yes","review","exact-unique","valid-h1","38","Answer|BreadcrumbList|ContactPoint|Country|FAQPage|ListItem|OpeningHoursSpecification|Organization|PostalAddress|ProfessionalService|PropertyValue|Question|Service|WebSite","not-date-bearing","yes","P2-monitor","retain index gate; add only verified evidence"
"https://reumlab.com/solution/b2b-saas/","industry_service","yes","entity-schema-checked","templated-review","yes","review","exact-unique","valid-h1","37","Answer|BreadcrumbList|ContactPoint|Country|FAQPage|ListItem|OpeningHoursSpecification|Organization|PostalAddress|ProfessionalService|PropertyValue|Question|Service|WebSite","not-date-bearing","yes","P2-monitor","retain index gate; add only verified evidence"
"https://reumlab.com/solution/bakery/","industry_service","yes","entity-schema-checked","templated-review","yes","review","exact-unique","valid-h1","38","Answer|BreadcrumbList|ContactPoint|Country|FAQPage|ListItem|OpeningHoursSpecification|Organization|PostalAddress|ProfessionalService|PropertyValue|Question|Service|WebSite","not-date-bearing","yes","P2-monitor","retain index gate; add only verified evidence"
"https://reumlab.com/solution/billiards/","industry_service","yes","entity-schema-checked","templated-review","yes","review","exact-unique","valid-h1","37","Answer|BreadcrumbList|ContactPoint|Country|FAQPage|ListItem|OpeningHoursSpecification|Organization|PostalAddress|ProfessionalService|PropertyValue|Question|Service|WebSite","not-date-bearing","yes","P2-monitor","retain index gate; add only verified evidence"
"https://reumlab.com/solution/booking/","industry_service","yes","entity-schema-checked","templated-review","yes","review","exact-unique","valid-h1","37","Answer|BreadcrumbList|ContactPoint|Country|FAQPage|ListItem|OpeningHoursSpecification|Organization|PostalAddress|ProfessionalService|PropertyValue|Question|Service|WebSite","not-date-bearing","yes","P2-monitor","retain index gate; add only verified evidence"
"https://reumlab.com/solution/bookstore/","industry_service","yes","entity-schema-checked","templated-review","yes","review","exact-unique","valid-h1","37","Answer|BreadcrumbList|ContactPoint|Country|FAQPage|ListItem|OpeningHoursSpecification|Organization|PostalAddress|ProfessionalService|PropertyValue|Question|Service|WebSite","not-date-bearing","yes","P2-monitor","retain index gate; add only verified evidence"
"https://reumlab.com/solution/butcher/","industry_service","yes","entity-schema-checked","templated-review","yes","review","exact-unique","valid-h1","37","Answer|BreadcrumbList|ContactPoint|Country|FAQPage|ListItem|OpeningHoursSpecification|Organization|PostalAddress|ProfessionalService|PropertyValue|Question|Service|WebSite","not-date-bearing","yes","P2-monitor","retain index gate; add only verified evidence"
"https://reumlab.com/solution/cafe/","industry_service","yes","entity-schema-checked","templated-review","yes","review","exact-unique","valid-h1","39","Answer|BreadcrumbList|ContactPoint|Country|FAQPage|ListItem|OpeningHoursSpecification|Organization|PostalAddress|ProfessionalService|PropertyValue|Question|Service|WebSite","not-date-bearing","yes","P2-monitor","retain index gate; add only verified evidence"
"https://reumlab.com/solution/camping/","industry_service","yes","entity-schema-checked","templated-review","yes","review","exact-unique","valid-h1","37","Answer|BreadcrumbList|ContactPoint|Country|FAQPage|ListItem|OpeningHoursSpecification|Organization|PostalAddress|ProfessionalService|PropertyValue|Question|Service|WebSite","not-date-bearing","yes","P2-monitor","retain index gate; add only verified evidence"
"https://reumlab.com/solution/car-repair/","industry_service","yes","entity-schema-checked","templated-review","yes","review","exact-unique","valid-h1","38","Answer|BreadcrumbList|ContactPoint|Country|FAQPage|ListItem|OpeningHoursSpecification|Organization|PostalAddress|ProfessionalService|PropertyValue|Question|Service|WebSite","not-date-bearing","yes","P2-monitor","retain index gate; add only verified evidence"
"https://reumlab.com/solution/car-wash/","industry_service","yes","entity-schema-checked","templated-review","yes","review","exact-unique","valid-h1","38","Answer|BreadcrumbList|ContactPoint|Country|FAQPage|ListItem|OpeningHoursSpecification|Organization|PostalAddress|ProfessionalService|PropertyValue|Question|Service|WebSite","not-date-bearing","yes","P2-monitor","retain index gate; add only verified evidence"
"https://reumlab.com/solution/catering/","industry_service","yes","entity-schema-checked","templated-review","yes","review","exact-unique","valid-h1","37","Answer|BreadcrumbList|ContactPoint|Country|FAQPage|ListItem|OpeningHoursSpecification|Organization|PostalAddress|ProfessionalService|PropertyValue|Question|Service|WebSite","not-date-bearing","yes","P2-monitor","retain index gate; add only verified evidence"
"https://reumlab.com/solution/childcare/","industry_service","yes","entity-schema-checked","templated-review","yes","review","exact-unique","valid-h1","37","Answer|BreadcrumbList|ContactPoint|Country|FAQPage|ListItem|OpeningHoursSpecification|Organization|PostalAddress|ProfessionalService|PropertyValue|Question|Service|WebSite","not-date-bearing","yes","P2-monitor","retain index gate; add only verified evidence"
"https://reumlab.com/solution/church/","industry_service","yes","entity-schema-checked","templated-review","yes","review","exact-unique","valid-h1","37","Answer|BreadcrumbList|ContactPoint|Country|FAQPage|ListItem|OpeningHoursSpecification|Organization|PostalAddress|ProfessionalService|PropertyValue|Question|Service|WebSite","not-date-bearing","yes","P2-monitor","retain index gate; add only verified evidence"
"https://reumlab.com/solution/cleaning/","industry_service","yes","entity-schema-checked","templated-review","yes","review","exact-unique","valid-h1","38","Answer|BreadcrumbList|ContactPoint|Country|FAQPage|ListItem|OpeningHoursSpecification|Organization|PostalAddress|ProfessionalService|PropertyValue|Question|Service|WebSite","not-date-bearing","yes","P2-monitor","retain index gate; add only verified evidence"
"https://reumlab.com/solution/climbing/","industry_service","yes","entity-schema-checked","templated-review","yes","review","exact-unique","valid-h1","37","Answer|BreadcrumbList|ContactPoint|Country|FAQPage|ListItem|OpeningHoursSpecification|Organization|PostalAddress|ProfessionalService|PropertyValue|Question|Service|WebSite","not-date-bearing","yes","P2-monitor","retain index gate; add only verified evidence"
"https://reumlab.com/solution/cloud-kitchen/","industry_service","yes","entity-schema-checked","templated-review","yes","review","exact-unique","valid-h1","38","Answer|BreadcrumbList|ContactPoint|Country|FAQPage|ListItem|OpeningHoursSpecification|Organization|PostalAddress|ProfessionalService|PropertyValue|Question|Service|WebSite","not-date-bearing","yes","P2-monitor","retain index gate; add only verified evidence"
"https://reumlab.com/solution/coin-laundry/","industry_service","yes","entity-schema-checked","templated-review","yes","review","exact-unique","valid-h1","38","Answer|BreadcrumbList|ContactPoint|Country|FAQPage|ListItem|OpeningHoursSpecification|Organization|PostalAddress|ProfessionalService|PropertyValue|Question|Service|WebSite","not-date-bearing","yes","P2-monitor","retain index gate; add only verified evidence"
"https://reumlab.com/solution/community/","industry_service","yes","entity-schema-checked","templated-review","yes","review","exact-unique","valid-h1","37","Answer|BreadcrumbList|ContactPoint|Country|FAQPage|ListItem|OpeningHoursSpecification|Organization|PostalAddress|ProfessionalService|PropertyValue|Question|Service|WebSite","not-date-bearing","yes","P2-monitor","retain index gate; add only verified evidence"
"https://reumlab.com/solution/construction/","industry_service","yes","entity-schema-checked","templated-review","yes","review","exact-unique","valid-h1","38","Answer|BreadcrumbList|ContactPoint|Country|FAQPage|ListItem|OpeningHoursSpecification|Organization|PostalAddress|ProfessionalService|PropertyValue|Question|Service|WebSite","not-date-bearing","yes","P2-monitor","retain index gate; add only verified evidence"
"https://reumlab.com/solution/cooking-class/","industry_service","yes","entity-schema-checked","templated-review","yes","review","exact-unique","valid-h1","37","Answer|BreadcrumbList|ContactPoint|Country|FAQPage|ListItem|OpeningHoursSpecification|Organization|PostalAddress|ProfessionalService|PropertyValue|Question|Service|WebSite","not-date-bearing","yes","P2-monitor","retain index gate; add only verified evidence"
"https://reumlab.com/solution/coworking/","industry_service","yes","entity-schema-checked","templated-review","yes","review","exact-unique","valid-h1","38","Answer|BreadcrumbList|ContactPoint|Country|FAQPage|ListItem|OpeningHoursSpecification|Organization|PostalAddress|ProfessionalService|PropertyValue|Question|Service|WebSite","not-date-bearing","yes","P2-monitor","retain index gate; add only verified evidence"
"https://reumlab.com/solution/creator/","industry_service","yes","entity-schema-checked","templated-review","yes","review","exact-unique","valid-h1","37","Answer|BreadcrumbList|ContactPoint|Country|FAQPage|ListItem|OpeningHoursSpecification|Organization|PostalAddress|ProfessionalService|PropertyValue|Question|Service|WebSite","not-date-bearing","yes","P2-monitor","retain index gate; add only verified evidence"
"https://reumlab.com/solution/dance-academy/","industry_service","yes","entity-schema-checked","templated-review","yes","review","exact-unique","valid-h1","38","Answer|BreadcrumbList|ContactPoint|Country|FAQPage|ListItem|OpeningHoursSpecification|Organization|PostalAddress|ProfessionalService|PropertyValue|Question|Service|WebSite","not-date-bearing","yes","P2-monitor","retain index gate; add only verified evidence"
"https://reumlab.com/solution/delivery/","industry_service","yes","entity-schema-checked","templated-review","yes","review","exact-unique","valid-h1","39","Answer|BreadcrumbList|ContactPoint|Country|FAQPage|ListItem|OpeningHoursSpecification|Organization|PostalAddress|ProfessionalService|PropertyValue|Question|Service|WebSite","not-date-bearing","yes","P2-monitor","retain index gate; add only verified evidence"
"https://reumlab.com/solution/dental/","industry_service","yes","entity-schema-checked","templated-review","yes","review","exact-unique","valid-h1","37","Answer|BreadcrumbList|ContactPoint|Country|FAQPage|ListItem|OpeningHoursSpecification|Organization|PostalAddress|ProfessionalService|PropertyValue|Question|Service|WebSite","not-date-bearing","yes","P2-monitor","retain index gate; add only verified evidence"
"https://reumlab.com/solution/driving-school/","industry_service","yes","entity-schema-checked","templated-review","yes","review","exact-unique","valid-h1","37","Answer|BreadcrumbList|ContactPoint|Country|FAQPage|ListItem|OpeningHoursSpecification|Organization|PostalAddress|ProfessionalService|PropertyValue|Question|Service|WebSite","not-date-bearing","yes","P2-monitor","retain index gate; add only verified evidence"
"https://reumlab.com/solution/english-academy/","industry_service","yes","entity-schema-checked","templated-review","yes","review","exact-unique","valid-h1","38","Answer|BreadcrumbList|ContactPoint|Country|FAQPage|ListItem|OpeningHoursSpecification|Organization|PostalAddress|ProfessionalService|PropertyValue|Question|Service|WebSite","not-date-bearing","yes","P2-monitor","retain index gate; add only verified evidence"
"https://reumlab.com/solution/esthetic/","industry_service","yes","entity-schema-checked","templated-review","yes","review","exact-unique","valid-h1","37","Answer|BreadcrumbList|ContactPoint|Country|FAQPage|ListItem|OpeningHoursSpecification|Organization|PostalAddress|ProfessionalService|PropertyValue|Question|Service|WebSite","not-date-bearing","yes","P2-monitor","retain index gate; add only verified evidence"
"https://reumlab.com/solution/event-agency/","industry_service","yes","entity-schema-checked","templated-review","yes","yes","exact-unique","valid-h1","37","Answer|BreadcrumbList|ContactPoint|Country|FAQPage|ListItem|OpeningHoursSpecification|Organization|PostalAddress|ProfessionalService|PropertyValue|Question|Service|WebSite","not-date-bearing","yes","P2-monitor","retain index gate; add only verified evidence"
"https://reumlab.com/solution/fishing/","industry_service","yes","entity-schema-checked","templated-review","yes","review","exact-unique","valid-h1","37","Answer|BreadcrumbList|ContactPoint|Country|FAQPage|ListItem|OpeningHoursSpecification|Organization|PostalAddress|ProfessionalService|PropertyValue|Question|Service|WebSite","not-date-bearing","yes","P2-monitor","retain index gate; add only verified evidence"
"https://reumlab.com/solution/fitness/","industry_service","yes","entity-schema-checked","templated-review","yes","review","exact-unique","valid-h1","37","Answer|BreadcrumbList|ContactPoint|Country|FAQPage|ListItem|OpeningHoursSpecification|Organization|PostalAddress|ProfessionalService|PropertyValue|Question|Service|WebSite","not-date-bearing","yes","P2-monitor","retain index gate; add only verified evidence"
"https://reumlab.com/solution/flower/","industry_service","yes","entity-schema-checked","templated-review","yes","review","exact-unique","valid-h1","37","Answer|BreadcrumbList|ContactPoint|Country|FAQPage|ListItem|OpeningHoursSpecification|Organization|PostalAddress|ProfessionalService|PropertyValue|Question|Service|WebSite","not-date-bearing","yes","P2-monitor","retain index gate; add only verified evidence"
"https://reumlab.com/solution/foodtech/","industry_service","yes","entity-schema-checked","templated-review","yes","review","exact-unique","valid-h1","38","Answer|BreadcrumbList|ContactPoint|Country|FAQPage|ListItem|OpeningHoursSpecification|Organization|PostalAddress|ProfessionalService|PropertyValue|Question|Service|WebSite","not-date-bearing","yes","P2-monitor","retain index gate; add only verified evidence"
"https://reumlab.com/solution/franchise/","industry_service","yes","entity-schema-checked","templated-review","yes","review","exact-unique","valid-h1","37","Answer|BreadcrumbList|ContactPoint|Country|FAQPage|ListItem|OpeningHoursSpecification|Organization|PostalAddress|ProfessionalService|PropertyValue|Question|Service|WebSite","not-date-bearing","yes","P2-monitor","retain index gate; add only verified evidence"
"https://reumlab.com/solution/funeral/","industry_service","yes","entity-schema-checked","templated-review","yes","review","exact-unique","valid-h1","37","Answer|BreadcrumbList|ContactPoint|Country|FAQPage|ListItem|OpeningHoursSpecification|Organization|PostalAddress|ProfessionalService|PropertyValue|Question|Service|WebSite","not-date-bearing","yes","P2-monitor","retain index gate; add only verified evidence"
"https://reumlab.com/solution/furniture/","industry_service","yes","entity-schema-checked","templated-review","yes","review","exact-unique","valid-h1","37","Answer|BreadcrumbList|ContactPoint|Country|FAQPage|ListItem|OpeningHoursSpecification|Organization|PostalAddress|ProfessionalService|PropertyValue|Question|Service|WebSite","not-date-bearing","yes","P2-monitor","retain index gate; add only verified evidence"
"https://reumlab.com/solution/game-studio/","industry_service","yes","entity-schema-checked","templated-review","yes","review","exact-unique","valid-h1","37","Answer|BreadcrumbList|ContactPoint|Country|FAQPage|ListItem|OpeningHoursSpecification|Organization|PostalAddress|ProfessionalService|PropertyValue|Question|Service|WebSite","not-date-bearing","yes","P2-monitor","retain index gate; add only verified evidence"
"https://reumlab.com/solution/golf/","industry_service","yes","entity-schema-checked","templated-review","yes","review","exact-unique","valid-h1","37","Answer|BreadcrumbList|ContactPoint|Country|FAQPage|ListItem|OpeningHoursSpecification|Organization|PostalAddress|ProfessionalService|PropertyValue|Question|Service|WebSite","not-date-bearing","yes","P2-monitor","retain index gate; add only verified evidence"
"https://reumlab.com/solution/golf-range/","industry_service","yes","entity-schema-checked","templated-review","yes","review","exact-unique","valid-h1","37","Answer|BreadcrumbList|ContactPoint|Country|FAQPage|ListItem|OpeningHoursSpecification|Organization|PostalAddress|ProfessionalService|PropertyValue|Question|Service|WebSite","not-date-bearing","yes","P2-monitor","retain index gate; add only verified evidence"
"https://reumlab.com/solution/grocery/","industry_service","yes","entity-schema-checked","templated-review","yes","review","exact-unique","valid-h1","37","Answer|BreadcrumbList|ContactPoint|Country|FAQPage|ListItem|OpeningHoursSpecification|Organization|PostalAddress|ProfessionalService|PropertyValue|Question|Service|WebSite","not-date-bearing","yes","P2-monitor","retain index gate; add only verified evidence"
"https://reumlab.com/solution/hair-salon/","industry_service","yes","entity-schema-checked","templated-review","yes","review","exact-unique","valid-h1","37","Answer|BreadcrumbList|ContactPoint|Country|FAQPage|ListItem|OpeningHoursSpecification|Organization|PostalAddress|ProfessionalService|PropertyValue|Question|Service|WebSite","not-date-bearing","yes","P2-monitor","retain index gate; add only verified evidence"
"https://reumlab.com/solution/hospital/","industry_service","yes","entity-schema-checked","templated-review","yes","review","exact-unique","valid-h1","37","Answer|BreadcrumbList|ContactPoint|Country|FAQPage|ListItem|OpeningHoursSpecification|Organization|PostalAddress|ProfessionalService|PropertyValue|Question|Service|WebSite","not-date-bearing","yes","P2-monitor","retain index gate; add only verified evidence"
"https://reumlab.com/solution/","service_or_hub","yes","entity-schema-checked","moderate","yes","review","exact-unique","valid-h1","363","BreadcrumbList|CollectionPage|ContactPoint|Country|ItemList|ListItem|OpeningHoursSpecification|Organization|PostalAddress|ProfessionalService|PropertyValue|WebSite","not-date-bearing","yes","P1","retain and monitor"
"https://reumlab.com/solution/insurance/","industry_service","yes","entity-schema-checked","templated-review","yes","review","exact-unique","valid-h1","37","Answer|BreadcrumbList|ContactPoint|Country|FAQPage|ListItem|OpeningHoursSpecification|Organization|PostalAddress|ProfessionalService|PropertyValue|Question|Service|WebSite","not-date-bearing","yes","P2-monitor","retain index gate; add only verified evidence"
"https://reumlab.com/solution/interior/","industry_service","yes","entity-schema-checked","templated-review","yes","review","exact-unique","valid-h1","38","Answer|BreadcrumbList|ContactPoint|Country|FAQPage|ListItem|OpeningHoursSpecification|Organization|PostalAddress|ProfessionalService|PropertyValue|Question|Service|WebSite","not-date-bearing","yes","P2-monitor","retain index gate; add only verified evidence"
"https://reumlab.com/solution/kids-cafe/","industry_service","yes","entity-schema-checked","templated-review","yes","review","exact-unique","valid-h1","37","Answer|BreadcrumbList|ContactPoint|Country|FAQPage|ListItem|OpeningHoursSpecification|Organization|PostalAddress|ProfessionalService|PropertyValue|Question|Service|WebSite","not-date-bearing","yes","P2-monitor","retain index gate; add only verified evidence"
"https://reumlab.com/solution/labor-hr/","industry_service","yes","entity-schema-checked","templated-review","yes","review","exact-unique","valid-h1","38","Answer|BreadcrumbList|ContactPoint|Country|FAQPage|ListItem|OpeningHoursSpecification|Organization|PostalAddress|ProfessionalService|PropertyValue|Question|Service|WebSite","not-date-bearing","yes","P2-monitor","retain index gate; add only verified evidence"
"https://reumlab.com/solution/laundry/","industry_service","yes","entity-schema-checked","templated-review","yes","review","exact-unique","valid-h1","38","Answer|BreadcrumbList|ContactPoint|Country|FAQPage|ListItem|OpeningHoursSpecification|Organization|PostalAddress|ProfessionalService|PropertyValue|Question|Service|WebSite","not-date-bearing","yes","P2-monitor","retain index gate; add only verified evidence"
"https://reumlab.com/solution/law-firm/","industry_service","yes","entity-schema-checked","templated-review","yes","review","exact-unique","valid-h1","37","Answer|BreadcrumbList|ContactPoint|Country|FAQPage|ListItem|OpeningHoursSpecification|Organization|PostalAddress|ProfessionalService|PropertyValue|Question|Service|WebSite","not-date-bearing","yes","P2-monitor","retain index gate; add only verified evidence"
"https://reumlab.com/solution/liquor-shop/","industry_service","yes","entity-schema-checked","templated-review","yes","review","exact-unique","valid-h1","37","Answer|BreadcrumbList|ContactPoint|Country|FAQPage|ListItem|OpeningHoursSpecification|Organization|PostalAddress|ProfessionalService|PropertyValue|Question|Service|WebSite","not-date-bearing","yes","P2-monitor","retain index gate; add only verified evidence"
"https://reumlab.com/solution/loan/","industry_service","yes","entity-schema-checked","templated-review","yes","yes","exact-unique","valid-h1","37","Answer|BreadcrumbList|ContactPoint|Country|FAQPage|ListItem|OpeningHoursSpecification|Organization|PostalAddress|ProfessionalService|PropertyValue|Question|Service|WebSite","not-date-bearing","yes","P2-monitor","retain index gate; add only verified evidence"
"https://reumlab.com/solution/lodging/","industry_service","yes","entity-schema-checked","templated-review","yes","review","exact-unique","valid-h1","38","Answer|BreadcrumbList|ContactPoint|Country|FAQPage|ListItem|OpeningHoursSpecification|Organization|PostalAddress|ProfessionalService|PropertyValue|Question|Service|WebSite","not-date-bearing","yes","P2-monitor","retain index gate; add only verified evidence"
"https://reumlab.com/solution/logistics/","industry_service","yes","entity-schema-checked","templated-review","yes","review","exact-unique","valid-h1","39","Answer|BreadcrumbList|ContactPoint|Country|FAQPage|ListItem|OpeningHoursSpecification|Organization|PostalAddress|ProfessionalService|PropertyValue|Question|Service|WebSite","not-date-bearing","yes","P2-monitor","retain index gate; add only verified evidence"
"https://reumlab.com/solution/manufacturing/","industry_service","yes","entity-schema-checked","templated-review","yes","review","exact-unique","valid-h1","39","Answer|BreadcrumbList|ContactPoint|Country|FAQPage|ListItem|OpeningHoursSpecification|Organization|PostalAddress|ProfessionalService|PropertyValue|Question|Service|WebSite","not-date-bearing","yes","P2-monitor","retain index gate; add only verified evidence"
"https://reumlab.com/solution/marketing-agency/","industry_service","yes","entity-schema-checked","templated-review","yes","review","exact-unique","valid-h1","37","Answer|BreadcrumbList|ContactPoint|Country|FAQPage|ListItem|OpeningHoursSpecification|Organization|PostalAddress|ProfessionalService|PropertyValue|Question|Service|WebSite","not-date-bearing","yes","P2-monitor","retain index gate; add only verified evidence"
"https://reumlab.com/solution/marketplace/","industry_service","yes","entity-schema-checked","templated-review","yes","review","exact-unique","valid-h1","37","Answer|BreadcrumbList|ContactPoint|Country|FAQPage|ListItem|OpeningHoursSpecification|Organization|PostalAddress|ProfessionalService|PropertyValue|Question|Service|WebSite","not-date-bearing","yes","P2-monitor","retain index gate; add only verified evidence"
"https://reumlab.com/solution/massage/","industry_service","yes","entity-schema-checked","templated-review","yes","review","exact-unique","valid-h1","37","Answer|BreadcrumbList|ContactPoint|Country|FAQPage|ListItem|OpeningHoursSpecification|Organization|PostalAddress|ProfessionalService|PropertyValue|Question|Service|WebSite","not-date-bearing","yes","P2-monitor","retain index gate; add only verified evidence"
"https://reumlab.com/solution/math-academy/","industry_service","yes","entity-schema-checked","templated-review","yes","review","exact-unique","valid-h1","38","Answer|BreadcrumbList|ContactPoint|Country|FAQPage|ListItem|OpeningHoursSpecification|Organization|PostalAddress|ProfessionalService|PropertyValue|Question|Service|WebSite","not-date-bearing","yes","P2-monitor","retain index gate; add only verified evidence"
"https://reumlab.com/solution/moving/","industry_service","yes","entity-schema-checked","templated-review","yes","review","exact-unique","valid-h1","37","Answer|BreadcrumbList|ContactPoint|Country|FAQPage|ListItem|OpeningHoursSpecification|Organization|PostalAddress|ProfessionalService|PropertyValue|Question|Service|WebSite","not-date-bearing","yes","P2-monitor","retain index gate; add only verified evidence"
"https://reumlab.com/solution/music-academy/","industry_service","yes","entity-schema-checked","templated-review","yes","review","exact-unique","valid-h1","38","Answer|BreadcrumbList|ContactPoint|Country|FAQPage|ListItem|OpeningHoursSpecification|Organization|PostalAddress|ProfessionalService|PropertyValue|Question|Service|WebSite","not-date-bearing","yes","P2-monitor","retain index gate; add only verified evidence"
"https://reumlab.com/solution/nail-shop/","industry_service","yes","entity-schema-checked","templated-review","yes","review","exact-unique","valid-h1","37","Answer|BreadcrumbList|ContactPoint|Country|FAQPage|ListItem|OpeningHoursSpecification|Organization|PostalAddress|ProfessionalService|PropertyValue|Question|Service|WebSite","not-date-bearing","yes","P2-monitor","retain index gate; add only verified evidence"
"https://reumlab.com/solution/nonprofit/","industry_service","yes","entity-schema-checked","templated-review","yes","review","exact-unique","valid-h1","37","Answer|BreadcrumbList|ContactPoint|Country|FAQPage|ListItem|OpeningHoursSpecification|Organization|PostalAddress|ProfessionalService|PropertyValue|Question|Service|WebSite","not-date-bearing","yes","P2-monitor","retain index gate; add only verified evidence"
"https://reumlab.com/solution/o2o/","industry_service","yes","entity-schema-checked","templated-review","yes","review","exact-unique","valid-h1","39","Answer|BreadcrumbList|ContactPoint|Country|FAQPage|ListItem|OpeningHoursSpecification|Organization|PostalAddress|ProfessionalService|PropertyValue|Question|Service|WebSite","not-date-bearing","yes","P2-monitor","retain index gate; add only verified evidence"
"https://reumlab.com/solution/optician/","industry_service","yes","entity-schema-checked","templated-review","yes","review","exact-unique","valid-h1","37","Answer|BreadcrumbList|ContactPoint|Country|FAQPage|ListItem|OpeningHoursSpecification|Organization|PostalAddress|ProfessionalService|PropertyValue|Question|Service|WebSite","not-date-bearing","yes","P2-monitor","retain index gate; add only verified evidence"
"https://reumlab.com/solution/oriental-medicine/","industry_service","yes","entity-schema-checked","templated-review","yes","review","exact-unique","valid-h1","37","Answer|BreadcrumbList|ContactPoint|Country|FAQPage|ListItem|OpeningHoursSpecification|Organization|PostalAddress|ProfessionalService|PropertyValue|Question|Service|WebSite","not-date-bearing","yes","P2-monitor","retain index gate; add only verified evidence"
"https://reumlab.com/solution/parking/","industry_service","yes","entity-schema-checked","templated-review","yes","review","exact-unique","valid-h1","37","Answer|BreadcrumbList|ContactPoint|Country|FAQPage|ListItem|OpeningHoursSpecification|Organization|PostalAddress|ProfessionalService|PropertyValue|Question|Service|WebSite","not-date-bearing","yes","P2-monitor","retain index gate; add only verified evidence"
"https://reumlab.com/solution/party-room/","industry_service","yes","entity-schema-checked","templated-review","yes","review","exact-unique","valid-h1","38","Answer|BreadcrumbList|ContactPoint|Country|FAQPage|ListItem|OpeningHoursSpecification|Organization|PostalAddress|ProfessionalService|PropertyValue|Question|Service|WebSite","not-date-bearing","yes","P2-monitor","retain index gate; add only verified evidence"
"https://reumlab.com/solution/patent/","industry_service","yes","entity-schema-checked","templated-review","yes","review","exact-unique","valid-h1","37","Answer|BreadcrumbList|ContactPoint|Country|FAQPage|ListItem|OpeningHoursSpecification|Organization|PostalAddress|ProfessionalService|PropertyValue|Question|Service|WebSite","not-date-bearing","yes","P2-monitor","retain index gate; add only verified evidence"
"https://reumlab.com/solution/pc-cafe/","industry_service","yes","entity-schema-checked","templated-review","yes","review","exact-unique","valid-h1","37","Answer|BreadcrumbList|ContactPoint|Country|FAQPage|ListItem|OpeningHoursSpecification|Organization|PostalAddress|ProfessionalService|PropertyValue|Question|Service|WebSite","not-date-bearing","yes","P2-monitor","retain index gate; add only verified evidence"
"https://reumlab.com/solution/pet/","industry_service","yes","entity-schema-checked","templated-review","yes","review","exact-unique","valid-h1","37","Answer|BreadcrumbList|ContactPoint|Country|FAQPage|ListItem|OpeningHoursSpecification|Organization|PostalAddress|ProfessionalService|PropertyValue|Question|Service|WebSite","not-date-bearing","yes","P2-monitor","retain index gate; add only verified evidence"
"https://reumlab.com/solution/pharmacy/","industry_service","yes","entity-schema-checked","templated-review","yes","review","exact-unique","valid-h1","37","Answer|BreadcrumbList|ContactPoint|Country|FAQPage|ListItem|OpeningHoursSpecification|Organization|PostalAddress|ProfessionalService|PropertyValue|Question|Service|WebSite","not-date-bearing","yes","P2-monitor","retain index gate; add only verified evidence"
"https://reumlab.com/solution/photo-studio/","industry_service","yes","entity-schema-checked","templated-review","yes","review","exact-unique","valid-h1","37","Answer|BreadcrumbList|ContactPoint|Country|FAQPage|ListItem|OpeningHoursSpecification|Organization|PostalAddress|ProfessionalService|PropertyValue|Question|Service|WebSite","not-date-bearing","yes","P2-monitor","retain index gate; add only verified evidence"
"https://reumlab.com/solution/physical-therapy/","industry_service","yes","entity-schema-checked","templated-review","yes","review","exact-unique","valid-h1","37","Answer|BreadcrumbList|ContactPoint|Country|FAQPage|ListItem|OpeningHoursSpecification|Organization|PostalAddress|ProfessionalService|PropertyValue|Question|Service|WebSite","not-date-bearing","yes","P2-monitor","retain index gate; add only verified evidence"
"https://reumlab.com/solution/pilates/","industry_service","yes","entity-schema-checked","templated-review","yes","review","exact-unique","valid-h1","37","Answer|BreadcrumbList|ContactPoint|Country|FAQPage|ListItem|OpeningHoursSpecification|Organization|PostalAddress|ProfessionalService|PropertyValue|Question|Service|WebSite","not-date-bearing","yes","P2-monitor","retain index gate; add only verified evidence"
"https://reumlab.com/solution/postpartum/","industry_service","yes","entity-schema-checked","templated-review","yes","review","exact-unique","valid-h1","37","Answer|BreadcrumbList|ContactPoint|Country|FAQPage|ListItem|OpeningHoursSpecification|Organization|PostalAddress|ProfessionalService|PropertyValue|Question|Service|WebSite","not-date-bearing","yes","P2-monitor","retain index gate; add only verified evidence"
"https://reumlab.com/solution/printing/","industry_service","yes","entity-schema-checked","templated-review","yes","review","exact-unique","valid-h1","37","Answer|BreadcrumbList|ContactPoint|Country|FAQPage|ListItem|OpeningHoursSpecification|Organization|PostalAddress|ProfessionalService|PropertyValue|Question|Service|WebSite","not-date-bearing","yes","P2-monitor","retain index gate; add only verified evidence"
"https://reumlab.com/solution/property-mgmt/","industry_service","yes","entity-schema-checked","templated-review","yes","review","exact-unique","valid-h1","37","Answer|BreadcrumbList|ContactPoint|Country|FAQPage|ListItem|OpeningHoursSpecification|Organization|PostalAddress|ProfessionalService|PropertyValue|Question|Service|WebSite","not-date-bearing","yes","P2-monitor","retain index gate; add only verified evidence"
"https://reumlab.com/solution/psychology/","industry_service","yes","entity-schema-checked","templated-review","yes","review","exact-unique","valid-h1","37","Answer|BreadcrumbList|ContactPoint|Country|FAQPage|ListItem|OpeningHoursSpecification|Organization|PostalAddress|ProfessionalService|PropertyValue|Question|Service|WebSite","not-date-bearing","yes","P2-monitor","retain index gate; add only verified evidence"
"https://reumlab.com/solution/realestate/","industry_service","yes","entity-schema-checked","templated-review","yes","review","exact-unique","valid-h1","38","Answer|BreadcrumbList|ContactPoint|Country|FAQPage|ListItem|OpeningHoursSpecification|Organization|PostalAddress|ProfessionalService|PropertyValue|Question|Service|WebSite","not-date-bearing","yes","P2-monitor","retain index gate; add only verified evidence"
"https://reumlab.com/solution/recruiting/","industry_service","yes","entity-schema-checked","templated-review","yes","review","exact-unique","valid-h1","38","Answer|BreadcrumbList|ContactPoint|Country|FAQPage|ListItem|OpeningHoursSpecification|Organization|PostalAddress|ProfessionalService|PropertyValue|Question|Service|WebSite","not-date-bearing","yes","P2-monitor","retain index gate; add only verified evidence"
"https://reumlab.com/solution/rental/","industry_service","yes","entity-schema-checked","templated-review","yes","review","exact-unique","valid-h1","38","Answer|BreadcrumbList|ContactPoint|Country|FAQPage|ListItem|OpeningHoursSpecification|Organization|PostalAddress|ProfessionalService|PropertyValue|Question|Service|WebSite","not-date-bearing","yes","P2-monitor","retain index gate; add only verified evidence"
"https://reumlab.com/solution/rental-car/","industry_service","yes","entity-schema-checked","templated-review","yes","review","exact-unique","valid-h1","37","Answer|BreadcrumbList|ContactPoint|Country|FAQPage|ListItem|OpeningHoursSpecification|Organization|PostalAddress|ProfessionalService|PropertyValue|Question|Service|WebSite","not-date-bearing","yes","P2-monitor","retain index gate; add only verified evidence"
"https://reumlab.com/solution/resort/","industry_service","yes","entity-schema-checked","templated-review","yes","review","exact-unique","valid-h1","37","Answer|BreadcrumbList|ContactPoint|Country|FAQPage|ListItem|OpeningHoursSpecification|Organization|PostalAddress|ProfessionalService|PropertyValue|Question|Service|WebSite","not-date-bearing","yes","P2-monitor","retain index gate; add only verified evidence"
"https://reumlab.com/solution/restaurant/","industry_service","yes","entity-schema-checked","templated-review","yes","review","exact-unique","valid-h1","39","Answer|BreadcrumbList|ContactPoint|Country|FAQPage|ListItem|OpeningHoursSpecification|Organization|PostalAddress|ProfessionalService|PropertyValue|Question|Service|WebSite","not-date-bearing","yes","P2-monitor","retain index gate; add only verified evidence"
"https://reumlab.com/solution/screen-golf/","industry_service","yes","entity-schema-checked","templated-review","yes","review","exact-unique","valid-h1","37","Answer|BreadcrumbList|ContactPoint|Country|FAQPage|ListItem|OpeningHoursSpecification|Organization|PostalAddress|ProfessionalService|PropertyValue|Question|Service|WebSite","not-date-bearing","yes","P2-monitor","retain index gate; add only verified evidence"
"https://reumlab.com/solution/security/","industry_service","yes","entity-schema-checked","templated-review","yes","yes","exact-unique","valid-h1","38","Answer|BreadcrumbList|ContactPoint|Country|FAQPage|ListItem|OpeningHoursSpecification|Organization|PostalAddress|ProfessionalService|PropertyValue|Question|Service|WebSite","not-date-bearing","yes","P2-monitor","retain index gate; add only verified evidence"
"https://reumlab.com/solution/senior/","industry_service","yes","entity-schema-checked","templated-review","yes","review","exact-unique","valid-h1","37","Answer|BreadcrumbList|ContactPoint|Country|FAQPage|ListItem|OpeningHoursSpecification|Organization|PostalAddress|ProfessionalService|PropertyValue|Question|Service|WebSite","not-date-bearing","yes","P2-monitor","retain index gate; add only verified evidence"
"https://reumlab.com/solution/shopping/","industry_service","yes","entity-schema-checked","templated-review","yes","review","exact-unique","valid-h1","37","Answer|BreadcrumbList|ContactPoint|Country|FAQPage|ListItem|OpeningHoursSpecification|Organization|PostalAddress|ProfessionalService|PropertyValue|Question|Service|WebSite","not-date-bearing","yes","P2-monitor","retain index gate; add only verified evidence"
"https://reumlab.com/solution/sidedish/","industry_service","yes","entity-schema-checked","templated-review","yes","review","exact-unique","valid-h1","38","Answer|BreadcrumbList|ContactPoint|Country|FAQPage|ListItem|OpeningHoursSpecification|Organization|PostalAddress|ProfessionalService|PropertyValue|Question|Service|WebSite","not-date-bearing","yes","P2-monitor","retain index gate; add only verified evidence"
"https://reumlab.com/solution/skin-clinic/","industry_service","yes","entity-schema-checked","templated-review","yes","review","exact-unique","valid-h1","37","Answer|BreadcrumbList|ContactPoint|Country|FAQPage|ListItem|OpeningHoursSpecification|Organization|PostalAddress|ProfessionalService|PropertyValue|Question|Service|WebSite","not-date-bearing","yes","P2-monitor","retain index gate; add only verified evidence"
"https://reumlab.com/solution/solar/","industry_service","yes","entity-schema-checked","templated-review","yes","yes","exact-unique","valid-h1","37","Answer|BreadcrumbList|ContactPoint|Country|FAQPage|ListItem|OpeningHoursSpecification|Organization|PostalAddress|ProfessionalService|PropertyValue|Question|Service|WebSite","not-date-bearing","yes","P2-monitor","retain index gate; add only verified evidence"
"https://reumlab.com/solution/speech/","industry_service","yes","entity-schema-checked","templated-review","yes","review","exact-unique","valid-h1","37","Answer|BreadcrumbList|ContactPoint|Country|FAQPage|ListItem|OpeningHoursSpecification|Organization|PostalAddress|ProfessionalService|PropertyValue|Question|Service|WebSite","not-date-bearing","yes","P2-monitor","retain index gate; add only verified evidence"
"https://reumlab.com/solution/storage/","industry_service","yes","entity-schema-checked","templated-review","yes","review","exact-unique","valid-h1","37","Answer|BreadcrumbList|ContactPoint|Country|FAQPage|ListItem|OpeningHoursSpecification|Organization|PostalAddress|ProfessionalService|PropertyValue|Question|Service|WebSite","not-date-bearing","yes","P2-monitor","retain index gate; add only verified evidence"
"https://reumlab.com/solution/studycafe/","industry_service","yes","entity-schema-checked","templated-review","yes","review","exact-unique","valid-h1","38","Answer|BreadcrumbList|ContactPoint|Country|FAQPage|ListItem|OpeningHoursSpecification|Organization|PostalAddress|ProfessionalService|PropertyValue|Question|Service|WebSite","not-date-bearing","yes","P2-monitor","retain index gate; add only verified evidence"
"https://reumlab.com/solution/subscription/","industry_service","yes","entity-schema-checked","templated-review","yes","review","exact-unique","valid-h1","38","Answer|BreadcrumbList|ContactPoint|Country|FAQPage|ListItem|OpeningHoursSpecification|Organization|PostalAddress|ProfessionalService|PropertyValue|Question|Service|WebSite","not-date-bearing","yes","P2-monitor","retain index gate; add only verified evidence"
"https://reumlab.com/solution/swimming/","industry_service","yes","entity-schema-checked","templated-review","yes","review","exact-unique","valid-h1","37","Answer|BreadcrumbList|ContactPoint|Country|FAQPage|ListItem|OpeningHoursSpecification|Organization|PostalAddress|ProfessionalService|PropertyValue|Question|Service|WebSite","not-date-bearing","yes","P2-monitor","retain index gate; add only verified evidence"
"https://reumlab.com/solution/taekwondo/","industry_service","yes","entity-schema-checked","templated-review","yes","review","exact-unique","valid-h1","37","Answer|BreadcrumbList|ContactPoint|Country|FAQPage|ListItem|OpeningHoursSpecification|Organization|PostalAddress|ProfessionalService|PropertyValue|Question|Service|WebSite","not-date-bearing","yes","P2-monitor","retain index gate; add only verified evidence"
"https://reumlab.com/solution/tailor/","industry_service","yes","entity-schema-checked","templated-review","yes","review","exact-unique","valid-h1","37","Answer|BreadcrumbList|ContactPoint|Country|FAQPage|ListItem|OpeningHoursSpecification|Organization|PostalAddress|ProfessionalService|PropertyValue|Question|Service|WebSite","not-date-bearing","yes","P2-monitor","retain index gate; add only verified evidence"
"https://reumlab.com/solution/tax-accounting/","industry_service","yes","entity-schema-checked","templated-review","yes","review","exact-unique","valid-h1","37","Answer|BreadcrumbList|ContactPoint|Country|FAQPage|ListItem|OpeningHoursSpecification|Organization|PostalAddress|ProfessionalService|PropertyValue|Question|Service|WebSite","not-date-bearing","yes","P2-monitor","retain index gate; add only verified evidence"
"https://reumlab.com/solution/telemedicine/","industry_service","yes","entity-schema-checked","templated-review","yes","review","exact-unique","valid-h1","37","Answer|BreadcrumbList|ContactPoint|Country|FAQPage|ListItem|OpeningHoursSpecification|Organization|PostalAddress|ProfessionalService|PropertyValue|Question|Service|WebSite","not-date-bearing","yes","P2-monitor","retain index gate; add only verified evidence"
"https://reumlab.com/solution/translation/","industry_service","yes","entity-schema-checked","templated-review","yes","yes","exact-unique","valid-h1","37","Answer|BreadcrumbList|ContactPoint|Country|FAQPage|ListItem|OpeningHoursSpecification|Organization|PostalAddress|ProfessionalService|PropertyValue|Question|Service|WebSite","not-date-bearing","yes","P2-monitor","retain index gate; add only verified evidence"
"https://reumlab.com/solution/travel/","industry_service","yes","entity-schema-checked","templated-review","yes","review","exact-unique","valid-h1","37","Answer|BreadcrumbList|ContactPoint|Country|FAQPage|ListItem|OpeningHoursSpecification|Organization|PostalAddress|ProfessionalService|PropertyValue|Question|Service|WebSite","not-date-bearing","yes","P2-monitor","retain index gate; add only verified evidence"
"https://reumlab.com/solution/tutoring/","industry_service","yes","entity-schema-checked","templated-review","yes","review","exact-unique","valid-h1","37","Answer|BreadcrumbList|ContactPoint|Country|FAQPage|ListItem|OpeningHoursSpecification|Organization|PostalAddress|ProfessionalService|PropertyValue|Question|Service|WebSite","not-date-bearing","yes","P2-monitor","retain index gate; add only verified evidence"
"https://reumlab.com/solution/university/","industry_service","yes","entity-schema-checked","templated-review","yes","review","exact-unique","valid-h1","37","Answer|BreadcrumbList|ContactPoint|Country|FAQPage|ListItem|OpeningHoursSpecification|Organization|PostalAddress|ProfessionalService|PropertyValue|Question|Service|WebSite","not-date-bearing","yes","P2-monitor","retain index gate; add only verified evidence"
"https://reumlab.com/solution/unmanned-store/","industry_service","yes","entity-schema-checked","templated-review","yes","review","exact-unique","valid-h1","38","Answer|BreadcrumbList|ContactPoint|Country|FAQPage|ListItem|OpeningHoursSpecification|Organization|PostalAddress|ProfessionalService|PropertyValue|Question|Service|WebSite","not-date-bearing","yes","P2-monitor","retain index gate; add only verified evidence"
"https://reumlab.com/solution/used-car/","industry_service","yes","entity-schema-checked","templated-review","yes","review","exact-unique","valid-h1","38","Answer|BreadcrumbList|ContactPoint|Country|FAQPage|ListItem|OpeningHoursSpecification|Organization|PostalAddress|ProfessionalService|PropertyValue|Question|Service|WebSite","not-date-bearing","yes","P2-monitor","retain index gate; add only verified evidence"
"https://reumlab.com/solution/wedding/","industry_service","yes","entity-schema-checked","templated-review","yes","review","exact-unique","valid-h1","37","Answer|BreadcrumbList|ContactPoint|Country|FAQPage|ListItem|OpeningHoursSpecification|Organization|PostalAddress|ProfessionalService|PropertyValue|Question|Service|WebSite","not-date-bearing","yes","P2-monitor","retain index gate; add only verified evidence"
"https://reumlab.com/solution/wholesale/","industry_service","yes","entity-schema-checked","templated-review","yes","review","exact-unique","valid-h1","38","Answer|BreadcrumbList|ContactPoint|Country|FAQPage|ListItem|OpeningHoursSpecification|Organization|PostalAddress|ProfessionalService|PropertyValue|Question|Service|WebSite","not-date-bearing","yes","P2-monitor","retain index gate; add only verified evidence"
"https://reumlab.com/solution/yoga/","industry_service","yes","entity-schema-checked","templated-review","yes","review","exact-unique","valid-h1","37","Answer|BreadcrumbList|ContactPoint|Country|FAQPage|ListItem|OpeningHoursSpecification|Organization|PostalAddress|ProfessionalService|PropertyValue|Question|Service|WebSite","not-date-bearing","yes","P2-monitor","retain index gate; add only verified evidence"
"https://reumlab.com/source-handover/","service_or_hub","yes","entity-schema-checked","moderate","yes","yes","exact-unique","valid-h1","32","Answer|BreadcrumbList|ContactPoint|Country|FAQPage|ListItem|OpeningHoursSpecification|Organization|PostalAddress|ProfessionalService|PropertyValue|Question|Service|WebSite","not-date-bearing","yes","P1","retain and monitor"
"https://reumlab.com/system/","service_or_hub","yes","entity-schema-checked","moderate","yes","review","exact-unique","valid-h1","36","BreadcrumbList|CollectionPage|ContactPoint|Country|ItemList|ListItem|OpeningHoursSpecification|Organization|PostalAddress|ProfessionalService|PropertyValue|WebSite","not-date-bearing","yes","P1","retain and monitor"
"https://reumlab.com/system/qr-order/","system_service","yes","entity-schema-checked","moderate","yes","review","exact-unique","valid-h1","35","Answer|BreadcrumbList|ContactPoint|Country|FAQPage|ListItem|OpeningHoursSpecification|Organization|PostalAddress|ProfessionalService|PropertyValue|Question|Service|WebSite","not-date-bearing","yes","P2-monitor","retain and monitor"
"https://reumlab.com/system/space-rental/","system_service","yes","entity-schema-checked","moderate","yes","review","exact-unique","valid-h1","35","Answer|BreadcrumbList|ContactPoint|Country|FAQPage|ListItem|OpeningHoursSpecification|Organization|PostalAddress|ProfessionalService|PropertyValue|Question|Service|WebSite","not-date-bearing","yes","P2-monitor","retain and monitor"
"https://reumlab.com/system/subscription-delivery/","system_service","yes","entity-schema-checked","moderate","yes","yes","exact-unique","valid-h1","35","Answer|BreadcrumbList|ContactPoint|Country|FAQPage|ListItem|OpeningHoursSpecification|Organization|PostalAddress|ProfessionalService|PropertyValue|Question|Service|WebSite","not-date-bearing","yes","P2-monitor","retain and monitor"
"https://reumlab.com/system/trade-ops/","system_service","yes","entity-schema-checked","moderate","yes","review","exact-unique","valid-h1","35","Answer|BreadcrumbList|ContactPoint|Country|FAQPage|ListItem|OpeningHoursSpecification|Organization|PostalAddress|ProfessionalService|PropertyValue|Question|Service|WebSite","not-date-bearing","yes","P2-monitor","retain and monitor"
"https://reumlab.com/system/vehicle-visualizer/","system_service","yes","entity-schema-checked","moderate","yes","yes","exact-unique","valid-h1","35","Answer|BreadcrumbList|ContactPoint|Country|FAQPage|ListItem|OpeningHoursSpecification|Organization|PostalAddress|ProfessionalService|PropertyValue|Question|Service|WebSite","not-date-bearing","yes","P2-monitor","retain and monitor"
"https://reumlab.com/system/waiting/","system_service","yes","entity-schema-checked","moderate","yes","yes","exact-unique","valid-h1","35","Answer|BreadcrumbList|ContactPoint|Country|FAQPage|ListItem|OpeningHoursSpecification|Organization|PostalAddress|ProfessionalService|PropertyValue|Question|Service|WebSite","not-date-bearing","yes","P2-monitor","retain and monitor"
"https://reumlab.com/system/workforce/","system_service","yes","entity-schema-checked","moderate","yes","review","exact-unique","valid-h1","35","Answer|BreadcrumbList|ContactPoint|Country|FAQPage|ListItem|OpeningHoursSpecification|Organization|PostalAddress|ProfessionalService|PropertyValue|Question|Service|WebSite","not-date-bearing","yes","P2-monitor","retain and monitor"
"https://reumlab.com/terms/","legal","yes","entity-schema-checked","templated-review","yes","yes","exact-unique","valid-h1","3","","not-date-bearing","yes","P2-monitor","retain index gate; add only verified evidence"
"https://reumlab.com/web-development/dongtan/","region_service","yes","entity-schema-checked","templated-review","yes","yes","exact-unique","valid-h1","40","Answer|BreadcrumbList|ContactPoint|Country|FAQPage|ListItem|OpeningHoursSpecification|Organization|Place|PostalAddress|ProfessionalService|PropertyValue|Question|Service|WebSite","not-date-bearing","yes","P2-monitor","retain index gate; add only verified evidence"
"https://reumlab.com/web-development/hwaseong/","region_service","yes","entity-schema-checked","templated-review","yes","review","exact-unique","valid-h1","40","Answer|BreadcrumbList|ContactPoint|Country|FAQPage|ListItem|OpeningHoursSpecification|Organization|Place|PostalAddress|ProfessionalService|PropertyValue|Question|Service|WebSite","not-date-bearing","yes","P2-monitor","retain index gate; add only verified evidence"
"https://reumlab.com/web-development/","service_or_hub","yes","entity-schema-checked","moderate","yes","yes","exact-unique","valid-h1","44","Answer|BreadcrumbList|ContactPoint|Country|FAQPage|ListItem|OpeningHoursSpecification|Organization|PostalAddress|ProfessionalService|PropertyValue|Question|Service|WebSite","not-date-bearing","yes","P1","retain and monitor"
"https://reumlab.com/web-development/suwon/","region_service","yes","entity-schema-checked","templated-review","yes","review","exact-unique","valid-h1","40","Answer|BreadcrumbList|ContactPoint|Country|FAQPage|ListItem|OpeningHoursSpecification|Organization|Place|PostalAddress|ProfessionalService|PropertyValue|Question|Service|WebSite","not-date-bearing","yes","P2-monitor","retain index gate; add only verified evidence"
"https://reumlab.com/website/adongsangdamsenteo/","industry_service","yes","entity-schema-checked","templated-review","yes","review","exact-unique","valid-h1","35","Answer|BreadcrumbList|ContactPoint|Country|FAQPage|ListItem|OpeningHoursSpecification|Organization|PostalAddress|ProfessionalService|PropertyValue|Question|Service|WebSite","not-date-bearing","yes","P2-monitor","retain index gate; add only verified evidence"
"https://reumlab.com/website/aebgaebaleobche/","industry_service","yes","entity-schema-checked","templated-review","yes","review","exact-unique","valid-h1","35","Answer|BreadcrumbList|ContactPoint|Country|FAQPage|ListItem|OpeningHoursSpecification|Organization|PostalAddress|ProfessionalService|PropertyValue|Question|Service|WebSite","not-date-bearing","yes","P2-monitor","retain index gate; add only verified evidence"
"https://reumlab.com/website/aggijeom/","industry_service","yes","entity-schema-checked","templated-review","yes","review","exact-unique","valid-h1","35","Answer|BreadcrumbList|ContactPoint|Country|FAQPage|ListItem|OpeningHoursSpecification|Organization|PostalAddress|ProfessionalService|PropertyValue|Question|Service|WebSite","not-date-bearing","yes","P2-monitor","retain index gate; add only verified evidence"
"https://reumlab.com/website/angwa/","industry_service","yes","entity-schema-checked","templated-review","yes","review","exact-unique","valid-h1","35","Answer|BreadcrumbList|ContactPoint|Country|FAQPage|ListItem|OpeningHoursSpecification|Organization|PostalAddress|ProfessionalService|PropertyValue|Question|Service|WebSite","not-date-bearing","yes","P2-monitor","retain index gate; add only verified evidence"
"https://reumlab.com/website/angyeongjeom/","industry_service","yes","entity-schema-checked","templated-review","yes","review","exact-unique","valid-h1","35","Answer|BreadcrumbList|ContactPoint|Country|FAQPage|ListItem|OpeningHoursSpecification|Organization|PostalAddress|ProfessionalService|PropertyValue|Question|Service|WebSite","not-date-bearing","yes","P2-monitor","retain index gate; add only verified evidence"
"https://reumlab.com/website/baedeuminteonjang/","industry_service","yes","entity-schema-checked","templated-review","yes","review","exact-unique","valid-h1","35","Answer|BreadcrumbList|ContactPoint|Country|FAQPage|ListItem|OpeningHoursSpecification|Organization|PostalAddress|ProfessionalService|PropertyValue|Question|Service|WebSite","not-date-bearing","yes","P2-monitor","retain index gate; add only verified evidence"
"https://reumlab.com/website/baldalsenteo/","industry_service","yes","entity-schema-checked","templated-review","yes","review","exact-unique","valid-h1","35","Answer|BreadcrumbList|ContactPoint|Country|FAQPage|ListItem|OpeningHoursSpecification|Organization|PostalAddress|ProfessionalService|PropertyValue|Question|Service|WebSite","not-date-bearing","yes","P2-monitor","retain index gate; add only verified evidence"
"https://reumlab.com/website/banchangage/","industry_service","yes","entity-schema-checked","templated-review","yes","review","exact-unique","valid-h1","35","Answer|BreadcrumbList|ContactPoint|Country|FAQPage|ListItem|OpeningHoursSpecification|Organization|PostalAddress|ProfessionalService|PropertyValue|Question|Service|WebSite","not-date-bearing","yes","P2-monitor","retain index gate; add only verified evidence"
"https://reumlab.com/website/bangmunhagseub/","industry_service","yes","entity-schema-checked","templated-review","yes","review","exact-unique","valid-h1","36","Answer|BreadcrumbList|ContactPoint|Country|FAQPage|ListItem|OpeningHoursSpecification|Organization|PostalAddress|ProfessionalService|PropertyValue|Question|Service|WebSite","not-date-bearing","yes","P2-monitor","retain index gate; add only verified evidence"
"https://reumlab.com/website/bangmunyoyangsenteo/","industry_service","yes","entity-schema-checked","templated-review","yes","review","exact-unique","valid-h1","35","Answer|BreadcrumbList|ContactPoint|Country|FAQPage|ListItem|OpeningHoursSpecification|Organization|PostalAddress|ProfessionalService|PropertyValue|Question|Service|WebSite","not-date-bearing","yes","P2-monitor","retain index gate; add only verified evidence"
"https://reumlab.com/website/bangsueobche/","industry_service","yes","entity-schema-checked","templated-review","yes","review","exact-unique","valid-h1","35","Answer|BreadcrumbList|ContactPoint|Country|FAQPage|ListItem|OpeningHoursSpecification|Organization|PostalAddress|ProfessionalService|PropertyValue|Question|Service|WebSite","not-date-bearing","yes","P2-monitor","retain index gate; add only verified evidence"
"https://reumlab.com/website/bangyeogeobche/","industry_service","yes","entity-schema-checked","templated-review","yes","review","exact-unique","valid-h1","35","Answer|BreadcrumbList|ContactPoint|Country|FAQPage|ListItem|OpeningHoursSpecification|Organization|PostalAddress|ProfessionalService|PropertyValue|Question|Service|WebSite","not-date-bearing","yes","P2-monitor","retain index gate; add only verified evidence"
"https://reumlab.com/website/banyeonggusyab/","industry_service","yes","entity-schema-checked","templated-review","yes","review","exact-unique","valid-h1","35","Answer|BreadcrumbList|ContactPoint|Country|FAQPage|ListItem|OpeningHoursSpecification|Organization|PostalAddress|ProfessionalService|PropertyValue|Question|Service|WebSite","not-date-bearing","yes","P2-monitor","retain index gate; add only verified evidence"
"https://reumlab.com/website/beibisiteo/","industry_service","yes","entity-schema-checked","templated-review","yes","review","exact-unique","valid-h1","35","Answer|BreadcrumbList|ContactPoint|Country|FAQPage|ListItem|OpeningHoursSpecification|Organization|PostalAddress|ProfessionalService|PropertyValue|Question|Service|WebSite","not-date-bearing","yes","P2-monitor","retain index gate; add only verified evidence"
"https://reumlab.com/website/beikeori/","industry_service","yes","entity-schema-checked","templated-review","yes","review","exact-unique","valid-h1","35","Answer|BreadcrumbList|ContactPoint|Country|FAQPage|ListItem|OpeningHoursSpecification|Organization|PostalAddress|ProfessionalService|PropertyValue|Question|Service|WebSite","not-date-bearing","yes","P2-monitor","retain index gate; add only verified evidence"
"https://reumlab.com/website/beobmubeobin/","industry_service","yes","entity-schema-checked","templated-review","yes","review","exact-unique","valid-h1","35","Answer|BreadcrumbList|ContactPoint|Country|FAQPage|ListItem|OpeningHoursSpecification|Organization|PostalAddress|ProfessionalService|PropertyValue|Question|Service|WebSite","not-date-bearing","yes","P2-monitor","retain index gate; add only verified evidence"
"https://reumlab.com/website/beobmusa/","industry_service","yes","entity-schema-checked","templated-review","yes","review","exact-unique","valid-h1","35","Answer|BreadcrumbList|ContactPoint|Country|FAQPage|ListItem|OpeningHoursSpecification|Organization|PostalAddress|ProfessionalService|PropertyValue|Question|Service|WebSite","not-date-bearing","yes","P2-monitor","retain index gate; add only verified evidence"
"https://reumlab.com/website/beobryulsamuso/","industry_service","yes","entity-schema-checked","templated-review","yes","review","exact-unique","valid-h1","35","Answer|BreadcrumbList|ContactPoint|Country|FAQPage|ListItem|OpeningHoursSpecification|Organization|PostalAddress|ProfessionalService|PropertyValue|Question|Service|WebSite","not-date-bearing","yes","P2-monitor","retain index gate; add only verified evidence"
"https://reumlab.com/website/beonyeogsamuso/","industry_service","yes","entity-schema-checked","templated-review","yes","review","exact-unique","valid-h1","35","Answer|BreadcrumbList|ContactPoint|Country|FAQPage|ListItem|OpeningHoursSpecification|Organization|PostalAddress|ProfessionalService|PropertyValue|Question|Service|WebSite","not-date-bearing","yes","P2-monitor","retain index gate; add only verified evidence"
"https://reumlab.com/website/beoseuhoesa/","industry_service","yes","entity-schema-checked","templated-review","yes","review","exact-unique","valid-h1","35","Answer|BreadcrumbList|ContactPoint|Country|FAQPage|ListItem|OpeningHoursSpecification|Organization|PostalAddress|ProfessionalService|PropertyValue|Question|Service|WebSite","not-date-bearing","yes","P2-monitor","retain index gate; add only verified evidence"
"https://reumlab.com/website/beulraegbagseumaejang/","industry_service","yes","entity-schema-checked","templated-review","yes","review","exact-unique","valid-h1","35","Answer|BreadcrumbList|ContactPoint|Country|FAQPage|ListItem|OpeningHoursSpecification|Organization|PostalAddress|ProfessionalService|PropertyValue|Question|Service|WebSite","not-date-bearing","yes","P2-monitor","retain index gate; add only verified evidence"
"https://reumlab.com/website/beuraendinghoesa/","industry_service","yes","entity-schema-checked","templated-review","yes","review","exact-unique","valid-h1","35","Answer|BreadcrumbList|ContactPoint|Country|FAQPage|ListItem|OpeningHoursSpecification|Organization|PostalAddress|ProfessionalService|PropertyValue|Question|Service|WebSite","not-date-bearing","yes","P2-monitor","retain index gate; add only verified evidence"
"https://reumlab.com/website/bideeobche/","industry_service","yes","entity-schema-checked","templated-review","yes","review","exact-unique","valid-h1","35","Answer|BreadcrumbList|ContactPoint|Country|FAQPage|ListItem|OpeningHoursSpecification|Organization|PostalAddress|ProfessionalService|PropertyValue|Question|Service|WebSite","not-date-bearing","yes","P2-monitor","retain index gate; add only verified evidence"
"https://reumlab.com/website/binyogigwa/","industry_service","yes","entity-schema-checked","templated-review","yes","review","exact-unique","valid-h1","35","Answer|BreadcrumbList|ContactPoint|Country|FAQPage|ListItem|OpeningHoursSpecification|Organization|PostalAddress|ProfessionalService|PropertyValue|Question|Service|WebSite","not-date-bearing","yes","P2-monitor","retain index gate; add only verified evidence"
"https://reumlab.com/website/boaneobche/","industry_service","yes","entity-schema-checked","templated-review","yes","review","exact-unique","valid-h1","35","Answer|BreadcrumbList|ContactPoint|Country|FAQPage|ListItem|OpeningHoursSpecification|Organization|PostalAddress|ProfessionalService|PropertyValue|Question|Service|WebSite","not-date-bearing","yes","P2-monitor","retain index gate; add only verified evidence"
"https://reumlab.com/website/bogsingjang/","industry_service","yes","entity-schema-checked","templated-review","yes","review","exact-unique","valid-h1","35","Answer|BreadcrumbList|ContactPoint|Country|FAQPage|ListItem|OpeningHoursSpecification|Organization|PostalAddress|ProfessionalService|PropertyValue|Question|Service|WebSite","not-date-bearing","yes","P2-monitor","retain index gate; add only verified evidence"
"https://reumlab.com/website/boheomdaerijeom/","industry_service","yes","entity-schema-checked","templated-review","yes","review","exact-unique","valid-h1","35","Answer|BreadcrumbList|ContactPoint|Country|FAQPage|ListItem|OpeningHoursSpecification|Organization|PostalAddress|ProfessionalService|PropertyValue|Question|Service|WebSite","not-date-bearing","yes","P2-monitor","retain index gate; add only verified evidence"
"https://reumlab.com/website/boilreoeobche/","industry_service","yes","entity-schema-checked","templated-review","yes","review","exact-unique","valid-h1","35","Answer|BreadcrumbList|ContactPoint|Country|FAQPage|ListItem|OpeningHoursSpecification|Organization|PostalAddress|ProfessionalService|PropertyValue|Question|Service|WebSite","not-date-bearing","yes","P2-monitor","retain index gate; add only verified evidence"
"https://reumlab.com/website/bolringjang/","industry_service","yes","entity-schema-checked","templated-review","yes","review","exact-unique","valid-h1","35","Answer|BreadcrumbList|ContactPoint|Country|FAQPage|ListItem|OpeningHoursSpecification|Organization|PostalAddress|ProfessionalService|PropertyValue|Question|Service|WebSite","not-date-bearing","yes","P2-monitor","retain index gate; add only verified evidence"
"https://reumlab.com/website/budongsan/","industry_service","yes","entity-schema-checked","templated-review","yes","review","exact-unique","valid-h1","36","Answer|BreadcrumbList|ContactPoint|Country|FAQPage|ListItem|OpeningHoursSpecification|Organization|PostalAddress|ProfessionalService|PropertyValue|Question|Service|WebSite","not-date-bearing","yes","P2-monitor","retain index gate; add only verified evidence"
"https://reumlab.com/website/budongsankeonseolting/","industry_service","yes","entity-schema-checked","templated-review","yes","review","exact-unique","valid-h1","36","Answer|BreadcrumbList|ContactPoint|Country|FAQPage|ListItem|OpeningHoursSpecification|Organization|PostalAddress|ProfessionalService|PropertyValue|Question|Service|WebSite","not-date-bearing","yes","P2-monitor","retain index gate; add only verified evidence"
"https://reumlab.com/website/bunsigjib/","industry_service","yes","entity-schema-checked","templated-review","yes","review","exact-unique","valid-h1","35","Answer|BreadcrumbList|ContactPoint|Country|FAQPage|ListItem|OpeningHoursSpecification|Organization|PostalAddress|ProfessionalService|PropertyValue|Question|Service|WebSite","not-date-bearing","yes","P2-monitor","retain index gate; add only verified evidence"
"https://reumlab.com/website/bunyangdaehaengsa/","industry_service","yes","entity-schema-checked","templated-review","yes","review","exact-unique","valid-h1","36","Answer|BreadcrumbList|ContactPoint|Country|FAQPage|ListItem|OpeningHoursSpecification|Organization|PostalAddress|ProfessionalService|PropertyValue|Question|Service|WebSite","not-date-bearing","yes","P2-monitor","retain index gate; add only verified evidence"
"https://reumlab.com/website/byeongwon/","industry_service","yes","entity-schema-checked","templated-review","yes","review","exact-unique","valid-h1","35","Answer|BreadcrumbList|ContactPoint|Country|FAQPage|ListItem|OpeningHoursSpecification|Organization|PostalAddress|ProfessionalService|PropertyValue|Question|Service|WebSite","not-date-bearing","yes","P2-monitor","retain index gate; add only verified evidence"
"https://reumlab.com/website/byeonhosa/","industry_service","yes","entity-schema-checked","templated-review","yes","review","exact-unique","valid-h1","35","Answer|BreadcrumbList|ContactPoint|Country|FAQPage|ListItem|OpeningHoursSpecification|Organization|PostalAddress|ProfessionalService|PropertyValue|Question|Service|WebSite","not-date-bearing","yes","P2-monitor","retain index gate; add only verified evidence"
"https://reumlab.com/website/byeonrisa/","industry_service","yes","entity-schema-checked","templated-review","yes","review","exact-unique","valid-h1","35","Answer|BreadcrumbList|ContactPoint|Country|FAQPage|ListItem|OpeningHoursSpecification|Organization|PostalAddress|ProfessionalService|PropertyValue|Question|Service|WebSite","not-date-bearing","yes","P2-monitor","retain index gate; add only verified evidence"
"https://reumlab.com/website/chaegwonchusimeobche/","industry_service","yes","entity-schema-checked","templated-review","yes","review","exact-unique","valid-h1","35","Answer|BreadcrumbList|ContactPoint|Country|FAQPage|ListItem|OpeningHoursSpecification|Organization|PostalAddress|ProfessionalService|PropertyValue|Question|Service|WebSite","not-date-bearing","yes","P2-monitor","retain index gate; add only verified evidence"
"https://reumlab.com/website/changeobkeonseolting/","industry_service","yes","entity-schema-checked","templated-review","yes","review","exact-unique","valid-h1","35","Answer|BreadcrumbList|ContactPoint|Country|FAQPage|ListItem|OpeningHoursSpecification|Organization|PostalAddress|ProfessionalService|PropertyValue|Question|Service|WebSite","not-date-bearing","yes","P2-monitor","retain index gate; add only verified evidence"
"https://reumlab.com/website/changhoeobche/","industry_service","yes","entity-schema-checked","templated-review","yes","review","exact-unique","valid-h1","35","Answer|BreadcrumbList|ContactPoint|Country|FAQPage|ListItem|OpeningHoursSpecification|Organization|PostalAddress|ProfessionalService|PropertyValue|Question|Service|WebSite","not-date-bearing","yes","P2-monitor","retain index gate; add only verified evidence"
"https://reumlab.com/website/cheheommaeul/","industry_service","yes","entity-schema-checked","templated-review","yes","review","exact-unique","valid-h1","35","Answer|BreadcrumbList|ContactPoint|Country|FAQPage|ListItem|OpeningHoursSpecification|Organization|PostalAddress|ProfessionalService|PropertyValue|Question|Service|WebSite","not-date-bearing","yes","P2-monitor","retain index gate; add only verified evidence"
"https://reumlab.com/website/cheolgeoeobche/","industry_service","yes","entity-schema-checked","templated-review","yes","review","exact-unique","valid-h1","35","Answer|BreadcrumbList|ContactPoint|Country|FAQPage|ListItem|OpeningHoursSpecification|Organization|PostalAddress|ProfessionalService|PropertyValue|Question|Service|WebSite","not-date-bearing","yes","P2-monitor","retain index gate; add only verified evidence"
"https://reumlab.com/website/cheongcheobjangeobche/","industry_service","yes","entity-schema-checked","templated-review","yes","review","exact-unique","valid-h1","35","Answer|BreadcrumbList|ContactPoint|Country|FAQPage|ListItem|OpeningHoursSpecification|Organization|PostalAddress|ProfessionalService|PropertyValue|Question|Service|WebSite","not-date-bearing","yes","P2-monitor","retain index gate; add only verified evidence"
"https://reumlab.com/website/cheongsoeobche/","industry_service","yes","entity-schema-checked","templated-review","yes","review","exact-unique","valid-h1","35","Answer|BreadcrumbList|ContactPoint|Country|FAQPage|ListItem|OpeningHoursSpecification|Organization|PostalAddress|ProfessionalService|PropertyValue|Question|Service|WebSite","not-date-bearing","yes","P2-monitor","retain index gate; add only verified evidence"
"https://reumlab.com/website/cheongsonyeonsangdamsenteo/","industry_service","yes","entity-schema-checked","templated-review","yes","review","exact-unique","valid-h1","35","Answer|BreadcrumbList|ContactPoint|Country|FAQPage|ListItem|OpeningHoursSpecification|Organization|PostalAddress|ProfessionalService|PropertyValue|Question|Service|WebSite","not-date-bearing","yes","P2-monitor","retain index gate; add only verified evidence"
"https://reumlab.com/website/chigwa/","industry_service","yes","entity-schema-checked","templated-review","yes","review","exact-unique","valid-h1","35","Answer|BreadcrumbList|ContactPoint|Country|FAQPage|ListItem|OpeningHoursSpecification|Organization|PostalAddress|ProfessionalService|PropertyValue|Question|Service|WebSite","not-date-bearing","yes","P2-monitor","retain index gate; add only verified evidence"
"https://reumlab.com/website/chikinjib/","industry_service","yes","entity-schema-checked","templated-review","yes","review","exact-unique","valid-h1","35","Answer|BreadcrumbList|ContactPoint|Country|FAQPage|ListItem|OpeningHoursSpecification|Organization|PostalAddress|ProfessionalService|PropertyValue|Question|Service|WebSite","not-date-bearing","yes","P2-monitor","retain index gate; add only verified evidence"
"https://reumlab.com/website/chuljangbwipe/","industry_service","yes","entity-schema-checked","templated-review","yes","review","exact-unique","valid-h1","35","Answer|BreadcrumbList|ContactPoint|Country|FAQPage|ListItem|OpeningHoursSpecification|Organization|PostalAddress|ProfessionalService|PropertyValue|Question|Service|WebSite","not-date-bearing","yes","P2-monitor","retain index gate; add only verified evidence"
"https://reumlab.com/website/chulpansa/","industry_service","yes","entity-schema-checked","templated-review","yes","review","exact-unique","valid-h1","35","Answer|BreadcrumbList|ContactPoint|Country|FAQPage|ListItem|OpeningHoursSpecification|Organization|PostalAddress|ProfessionalService|PropertyValue|Question|Service|WebSite","not-date-bearing","yes","P2-monitor","retain index gate; add only verified evidence"
"https://reumlab.com/website/dabryepumeobche/","industry_service","yes","entity-schema-checked","templated-review","yes","review","exact-unique","valid-h1","35","Answer|BreadcrumbList|ContactPoint|Country|FAQPage|ListItem|OpeningHoursSpecification|Organization|PostalAddress|ProfessionalService|PropertyValue|Question|Service|WebSite","not-date-bearing","yes","P2-monitor","retain index gate; add only verified evidence"
"https://reumlab.com/website/danggujang/","industry_service","yes","entity-schema-checked","templated-review","yes","review","exact-unique","valid-h1","35","Answer|BreadcrumbList|ContactPoint|Country|FAQPage|ListItem|OpeningHoursSpecification|Organization|PostalAddress|ProfessionalService|PropertyValue|Question|Service|WebSite","not-date-bearing","yes","P2-monitor","retain index gate; add only verified evidence"
"https://reumlab.com/website/deiteoboggueobche/","industry_service","yes","entity-schema-checked","templated-review","yes","review","exact-unique","valid-h1","35","Answer|BreadcrumbList|ContactPoint|Country|FAQPage|ListItem|OpeningHoursSpecification|Organization|PostalAddress|ProfessionalService|PropertyValue|Question|Service|WebSite","not-date-bearing","yes","P2-monitor","retain index gate; add only verified evidence"
"https://reumlab.com/website/deuronchwalyeongeobche/","industry_service","yes","entity-schema-checked","templated-review","yes","review","exact-unique","valid-h1","35","Answer|BreadcrumbList|ContactPoint|Country|FAQPage|ListItem|OpeningHoursSpecification|Organization|PostalAddress|ProfessionalService|PropertyValue|Question|Service|WebSite","not-date-bearing","yes","P2-monitor","retain index gate; add only verified evidence"
"https://reumlab.com/website/dijainhoesa/","industry_service","yes","entity-schema-checked","templated-review","yes","review","exact-unique","valid-h1","35","Answer|BreadcrumbList|ContactPoint|Country|FAQPage|ListItem|OpeningHoursSpecification|Organization|PostalAddress|ProfessionalService|PropertyValue|Question|Service|WebSite","not-date-bearing","yes","P2-monitor","retain index gate; add only verified evidence"
"https://reumlab.com/website/dobaeeobche/","industry_service","yes","entity-schema-checked","templated-review","yes","review","exact-unique","valid-h1","35","Answer|BreadcrumbList|ContactPoint|Country|FAQPage|ListItem|OpeningHoursSpecification|Organization|PostalAddress|ProfessionalService|PropertyValue|Question|Service|WebSite","not-date-bearing","yes","P2-monitor","retain index gate; add only verified evidence"
"https://reumlab.com/website/doeorageobche/","industry_service","yes","entity-schema-checked","templated-review","yes","review","exact-unique","valid-h1","35","Answer|BreadcrumbList|ContactPoint|Country|FAQPage|ListItem|OpeningHoursSpecification|Organization|PostalAddress|ProfessionalService|PropertyValue|Question|Service|WebSite","not-date-bearing","yes","P2-monitor","retain index gate; add only verified evidence"
"https://reumlab.com/website/dogseosil/","industry_service","yes","entity-schema-checked","templated-review","yes","review","exact-unique","valid-h1","36","Answer|BreadcrumbList|ContactPoint|Country|FAQPage|ListItem|OpeningHoursSpecification|Organization|PostalAddress|ProfessionalService|PropertyValue|Question|Service|WebSite","not-date-bearing","yes","P2-monitor","retain index gate; add only verified evidence"
"https://reumlab.com/website/doljanchieobche/","industry_service","yes","entity-schema-checked","templated-review","yes","review","exact-unique","valid-h1","35","Answer|BreadcrumbList|ContactPoint|Country|FAQPage|ListItem|OpeningHoursSpecification|Organization|PostalAddress|ProfessionalService|PropertyValue|Question|Service|WebSite","not-date-bearing","yes","P2-monitor","retain index gate; add only verified evidence"
"https://reumlab.com/website/domaeeob/","industry_service","yes","entity-schema-checked","templated-review","yes","review","exact-unique","valid-h1","35","Answer|BreadcrumbList|ContactPoint|Country|FAQPage|ListItem|OpeningHoursSpecification|Organization|PostalAddress|ProfessionalService|PropertyValue|Question|Service|WebSite","not-date-bearing","yes","P2-monitor","retain index gate; add only verified evidence"
"https://reumlab.com/website/dongmulbyeongwon/","industry_service","yes","entity-schema-checked","templated-review","yes","review","exact-unique","valid-h1","35","Answer|BreadcrumbList|ContactPoint|Country|FAQPage|ListItem|OpeningHoursSpecification|Organization|PostalAddress|ProfessionalService|PropertyValue|Question|Service|WebSite","not-date-bearing","yes","P2-monitor","retain index gate; add only verified evidence"
"https://reumlab.com/website/dosirageobche/","industry_service","yes","entity-schema-checked","templated-review","yes","review","exact-unique","valid-h1","35","Answer|BreadcrumbList|ContactPoint|Country|FAQPage|ListItem|OpeningHoursSpecification|Organization|PostalAddress|ProfessionalService|PropertyValue|Question|Service|WebSite","not-date-bearing","yes","P2-monitor","retain index gate; add only verified evidence"
"https://reumlab.com/website/dupigwanrisenteo/","industry_service","yes","entity-schema-checked","templated-review","yes","review","exact-unique","valid-h1","35","Answer|BreadcrumbList|ContactPoint|Country|FAQPage|ListItem|OpeningHoursSpecification|Organization|PostalAddress|ProfessionalService|PropertyValue|Question|Service|WebSite","not-date-bearing","yes","P2-monitor","retain index gate; add only verified evidence"
"https://reumlab.com/website/eeokeoneobche/","industry_service","yes","entity-schema-checked","templated-review","yes","review","exact-unique","valid-h1","35","Answer|BreadcrumbList|ContactPoint|Country|FAQPage|ListItem|OpeningHoursSpecification|Organization|PostalAddress|ProfessionalService|PropertyValue|Question|Service|WebSite","not-date-bearing","yes","P2-monitor","retain index gate; add only verified evidence"
"https://reumlab.com/website/eoneochiryosenteo/","industry_service","yes","entity-schema-checked","templated-review","yes","review","exact-unique","valid-h1","35","Answer|BreadcrumbList|ContactPoint|Country|FAQPage|ListItem|OpeningHoursSpecification|Organization|PostalAddress|ProfessionalService|PropertyValue|Question|Service|WebSite","not-date-bearing","yes","P2-monitor","retain index gate; add only verified evidence"
"https://reumlab.com/website/eonronsa/","industry_service","yes","entity-schema-checked","templated-review","yes","review","exact-unique","valid-h1","35","Answer|BreadcrumbList|ContactPoint|Country|FAQPage|ListItem|OpeningHoursSpecification|Organization|PostalAddress|ProfessionalService|PropertyValue|Question|Service|WebSite","not-date-bearing","yes","P2-monitor","retain index gate; add only verified evidence"
"https://reumlab.com/website/eorinijib/","industry_service","yes","entity-schema-checked","templated-review","yes","review","exact-unique","valid-h1","36","Answer|BreadcrumbList|ContactPoint|Country|FAQPage|ListItem|OpeningHoursSpecification|Organization|PostalAddress|ProfessionalService|PropertyValue|Question|Service|WebSite","not-date-bearing","yes","P2-monitor","retain index gate; add only verified evidence"
"https://reumlab.com/website/eseutetig/","industry_service","yes","entity-schema-checked","templated-review","yes","review","exact-unique","valid-h1","35","Answer|BreadcrumbList|ContactPoint|Country|FAQPage|ListItem|OpeningHoursSpecification|Organization|PostalAddress|ProfessionalService|PropertyValue|Question|Service|WebSite","not-date-bearing","yes","P2-monitor","retain index gate; add only verified evidence"
"https://reumlab.com/website/eumaghagwon/","industry_service","yes","entity-schema-checked","templated-review","yes","review","exact-unique","valid-h1","36","Answer|BreadcrumbList|ContactPoint|Country|FAQPage|ListItem|OpeningHoursSpecification|Organization|PostalAddress|ProfessionalService|PropertyValue|Question|Service|WebSite","not-date-bearing","yes","P2-monitor","retain index gate; add only verified evidence"
"https://reumlab.com/website/eumhyangeobche/","industry_service","yes","entity-schema-checked","templated-review","yes","review","exact-unique","valid-h1","35","Answer|BreadcrumbList|ContactPoint|Country|FAQPage|ListItem|OpeningHoursSpecification|Organization|PostalAddress|ProfessionalService|PropertyValue|Question|Service|WebSite","not-date-bearing","yes","P2-monitor","retain index gate; add only verified evidence"
"https://reumlab.com/website/gabangmaejang/","industry_service","yes","entity-schema-checked","templated-review","yes","review","exact-unique","valid-h1","35","Answer|BreadcrumbList|ContactPoint|Country|FAQPage|ListItem|OpeningHoursSpecification|Organization|PostalAddress|ProfessionalService|PropertyValue|Question|Service|WebSite","not-date-bearing","yes","P2-monitor","retain index gate; add only verified evidence"
"https://reumlab.com/website/gagujeom/","industry_service","yes","entity-schema-checked","templated-review","yes","review","exact-unique","valid-h1","35","Answer|BreadcrumbList|ContactPoint|Country|FAQPage|ListItem|OpeningHoursSpecification|Organization|PostalAddress|ProfessionalService|PropertyValue|Question|Service|WebSite","not-date-bearing","yes","P2-monitor","retain index gate; add only verified evidence"
"https://reumlab.com/website/gajeongsangdamso/","industry_service","yes","entity-schema-checked","templated-review","yes","review","exact-unique","valid-h1","35","Answer|BreadcrumbList|ContactPoint|Country|FAQPage|ListItem|OpeningHoursSpecification|Organization|PostalAddress|ProfessionalService|PropertyValue|Question|Service|WebSite","not-date-bearing","yes","P2-monitor","retain index gate; add only verified evidence"
"https://reumlab.com/website/gamjeongpyeonggasa/","industry_service","yes","entity-schema-checked","templated-review","yes","review","exact-unique","valid-h1","35","Answer|BreadcrumbList|ContactPoint|Country|FAQPage|ListItem|OpeningHoursSpecification|Organization|PostalAddress|ProfessionalService|PropertyValue|Question|Service|WebSite","not-date-bearing","yes","P2-monitor","retain index gate; add only verified evidence"
"https://reumlab.com/website/ganbyeongin/","industry_service","yes","entity-schema-checked","templated-review","yes","review","exact-unique","valid-h1","35","Answer|BreadcrumbList|ContactPoint|Country|FAQPage|ListItem|OpeningHoursSpecification|Organization|PostalAddress|ProfessionalService|PropertyValue|Question|Service|WebSite","not-date-bearing","yes","P2-monitor","retain index gate; add only verified evidence"
"https://reumlab.com/website/geimhoesa/","industry_service","yes","entity-schema-checked","templated-review","yes","review","exact-unique","valid-h1","35","Answer|BreadcrumbList|ContactPoint|Country|FAQPage|ListItem|OpeningHoursSpecification|Organization|PostalAddress|ProfessionalService|PropertyValue|Question|Service|WebSite","not-date-bearing","yes","P2-monitor","retain index gate; add only verified evidence"
"https://reumlab.com/website/geonchugsasamuso/","industry_service","yes","entity-schema-checked","templated-review","yes","review","exact-unique","valid-h1","35","Answer|BreadcrumbList|ContactPoint|Country|FAQPage|ListItem|OpeningHoursSpecification|Organization|PostalAddress|ProfessionalService|PropertyValue|Question|Service|WebSite","not-date-bearing","yes","P2-monitor","retain index gate; add only verified evidence"
"https://reumlab.com/website/geonganggeomjinsenteo/","industry_service","yes","entity-schema-checked","templated-review","yes","review","exact-unique","valid-h1","35","Answer|BreadcrumbList|ContactPoint|Country|FAQPage|ListItem|OpeningHoursSpecification|Organization|PostalAddress|ProfessionalService|PropertyValue|Question|Service|WebSite","not-date-bearing","yes","P2-monitor","retain index gate; add only verified evidence"
"https://reumlab.com/website/geongangsigpum/","industry_service","yes","entity-schema-checked","templated-review","yes","review","exact-unique","valid-h1","35","Answer|BreadcrumbList|ContactPoint|Country|FAQPage|ListItem|OpeningHoursSpecification|Organization|PostalAddress|ProfessionalService|PropertyValue|Question|Service|WebSite","not-date-bearing","yes","P2-monitor","retain index gate; add only verified evidence"
"https://reumlab.com/website/geonseolhoesa/","industry_service","yes","entity-schema-checked","templated-review","yes","review","exact-unique","valid-h1","35","Answer|BreadcrumbList|ContactPoint|Country|FAQPage|ListItem|OpeningHoursSpecification|Organization|PostalAddress|ProfessionalService|PropertyValue|Question|Service|WebSite","not-date-bearing","yes","P2-monitor","retain index gate; add only verified evidence"
"https://reumlab.com/website/geseuteuhauseu/","industry_service","yes","entity-schema-checked","templated-review","yes","review","exact-unique","valid-h1","35","Answer|BreadcrumbList|ContactPoint|Country|FAQPage|ListItem|OpeningHoursSpecification|Organization|PostalAddress|ProfessionalService|PropertyValue|Question|Service|WebSite","not-date-bearing","yes","P2-monitor","retain index gate; add only verified evidence"
"https://reumlab.com/website/geulraempingjang/","industry_service","yes","entity-schema-checked","templated-review","yes","review","exact-unique","valid-h1","35","Answer|BreadcrumbList|ContactPoint|Country|FAQPage|ListItem|OpeningHoursSpecification|Organization|PostalAddress|ProfessionalService|PropertyValue|Question|Service|WebSite","not-date-bearing","yes","P2-monitor","retain index gate; add only verified evidence"
"https://reumlab.com/website/geumhyeongeobche/","industry_service","yes","entity-schema-checked","templated-review","yes","review","exact-unique","valid-h1","35","Answer|BreadcrumbList|ContactPoint|Country|FAQPage|ListItem|OpeningHoursSpecification|Organization|PostalAddress|ProfessionalService|PropertyValue|Question|Service|WebSite","not-date-bearing","yes","P2-monitor","retain index gate; add only verified evidence"
"https://reumlab.com/website/geumsoggagongeob/","industry_service","yes","entity-schema-checked","templated-review","yes","review","exact-unique","valid-h1","35","Answer|BreadcrumbList|ContactPoint|Country|FAQPage|ListItem|OpeningHoursSpecification|Organization|PostalAddress|ProfessionalService|PropertyValue|Question|Service|WebSite","not-date-bearing","yes","P2-monitor","retain index gate; add only verified evidence"
"https://reumlab.com/website/gieob/","industry_service","yes","entity-schema-checked","templated-review","yes","review","exact-unique","valid-h1","35","Answer|BreadcrumbList|ContactPoint|Country|FAQPage|ListItem|OpeningHoursSpecification|Organization|PostalAddress|ProfessionalService|PropertyValue|Question|Service|WebSite","not-date-bearing","yes","P2-monitor","retain index gate; add only verified evidence"
"https://reumlab.com/website/gigyejejoeob/","industry_service","yes","entity-schema-checked","templated-review","yes","review","exact-unique","valid-h1","35","Answer|BreadcrumbList|ContactPoint|Country|FAQPage|ListItem|OpeningHoursSpecification|Organization|PostalAddress|ProfessionalService|PropertyValue|Question|Service|WebSite","not-date-bearing","yes","P2-monitor","retain index gate; add only verified evidence"
"https://reumlab.com/website/gogisjib/","industry_service","yes","entity-schema-checked","templated-review","yes","review","exact-unique","valid-h1","35","Answer|BreadcrumbList|ContactPoint|Country|FAQPage|ListItem|OpeningHoursSpecification|Organization|PostalAddress|ProfessionalService|PropertyValue|Question|Service|WebSite","not-date-bearing","yes","P2-monitor","retain index gate; add only verified evidence"
"https://reumlab.com/website/golpeuyeonseubjang/","industry_service","yes","entity-schema-checked","templated-review","yes","review","exact-unique","valid-h1","35","Answer|BreadcrumbList|ContactPoint|Country|FAQPage|ListItem|OpeningHoursSpecification|Organization|PostalAddress|ProfessionalService|PropertyValue|Question|Service|WebSite","not-date-bearing","yes","P2-monitor","retain index gate; add only verified evidence"
"https://reumlab.com/website/gonghangpigeob/","industry_service","yes","entity-schema-checked","templated-review","yes","review","exact-unique","valid-h1","35","Answer|BreadcrumbList|ContactPoint|Country|FAQPage|ListItem|OpeningHoursSpecification|Organization|PostalAddress|ProfessionalService|PropertyValue|Question|Service|WebSite","not-date-bearing","yes","P2-monitor","retain index gate; add only verified evidence"
"https://reumlab.com/website/gonginjunggaesa/","industry_service","yes","entity-schema-checked","templated-review","yes","review","exact-unique","valid-h1","36","Answer|BreadcrumbList|ContactPoint|Country|FAQPage|ListItem|OpeningHoursSpecification|Organization|PostalAddress|ProfessionalService|PropertyValue|Question|Service|WebSite","not-date-bearing","yes","P2-monitor","retain index gate; add only verified evidence"
"https://reumlab.com/website/gongjang/","industry_service","yes","entity-schema-checked","templated-review","yes","review","exact-unique","valid-h1","35","Answer|BreadcrumbList|ContactPoint|Country|FAQPage|ListItem|OpeningHoursSpecification|Organization|PostalAddress|ProfessionalService|PropertyValue|Question|Service|WebSite","not-date-bearing","yes","P2-monitor","retain index gate; add only verified evidence"
"https://reumlab.com/website/gongyeongihoegsa/","industry_service","yes","entity-schema-checked","templated-review","yes","review","exact-unique","valid-h1","35","Answer|BreadcrumbList|ContactPoint|Country|FAQPage|ListItem|OpeningHoursSpecification|Organization|PostalAddress|ProfessionalService|PropertyValue|Question|Service|WebSite","not-date-bearing","yes","P2-monitor","retain index gate; add only verified evidence"
"https://reumlab.com/website/gwanggodaehaengsa/","industry_service","yes","entity-schema-checked","templated-review","yes","review","exact-unique","valid-h1","35","Answer|BreadcrumbList|ContactPoint|Country|FAQPage|ListItem|OpeningHoursSpecification|Organization|PostalAddress|ProfessionalService|PropertyValue|Question|Service|WebSite","not-date-bearing","yes","P2-monitor","retain index gate; add only verified evidence"
"https://reumlab.com/website/gwangwangbeoseu/","industry_service","yes","entity-schema-checked","templated-review","yes","review","exact-unique","valid-h1","35","Answer|BreadcrumbList|ContactPoint|Country|FAQPage|ListItem|OpeningHoursSpecification|Organization|PostalAddress|ProfessionalService|PropertyValue|Question|Service|WebSite","not-date-bearing","yes","P2-monitor","retain index gate; add only verified evidence"
"https://reumlab.com/website/gwangwangnongwon/","industry_service","yes","entity-schema-checked","templated-review","yes","review","exact-unique","valid-h1","35","Answer|BreadcrumbList|ContactPoint|Country|FAQPage|ListItem|OpeningHoursSpecification|Organization|PostalAddress|ProfessionalService|PropertyValue|Question|Service|WebSite","not-date-bearing","yes","P2-monitor","retain index gate; add only verified evidence"
"https://reumlab.com/website/gwansesa/","industry_service","yes","entity-schema-checked","templated-review","yes","review","exact-unique","valid-h1","35","Answer|BreadcrumbList|ContactPoint|Country|FAQPage|ListItem|OpeningHoursSpecification|Organization|PostalAddress|ProfessionalService|PropertyValue|Question|Service|WebSite","not-date-bearing","yes","P2-monitor","retain index gate; add only verified evidence"
"https://reumlab.com/website/gwaoe/","industry_service","yes","entity-schema-checked","templated-review","yes","review","exact-unique","valid-h1","36","Answer|BreadcrumbList|ContactPoint|Country|FAQPage|ListItem|OpeningHoursSpecification|Organization|PostalAddress|ProfessionalService|PropertyValue|Question|Service|WebSite","not-date-bearing","yes","P2-monitor","retain index gate; add only verified evidence"
"https://reumlab.com/website/gyeongbieobche/","industry_service","yes","entity-schema-checked","templated-review","yes","review","exact-unique","valid-h1","35","Answer|BreadcrumbList|ContactPoint|Country|FAQPage|ListItem|OpeningHoursSpecification|Organization|PostalAddress|ProfessionalService|PropertyValue|Question|Service|WebSite","not-date-bearing","yes","P2-monitor","retain index gate; add only verified evidence"
"https://reumlab.com/website/gyeongyeongkeonseolting/","industry_service","yes","entity-schema-checked","templated-review","yes","review","exact-unique","valid-h1","35","Answer|BreadcrumbList|ContactPoint|Country|FAQPage|ListItem|OpeningHoursSpecification|Organization|PostalAddress|ProfessionalService|PropertyValue|Question|Service|WebSite","not-date-bearing","yes","P2-monitor","retain index gate; add only verified evidence"
"https://reumlab.com/website/haengjeongsa/","industry_service","yes","entity-schema-checked","templated-review","yes","review","exact-unique","valid-h1","35","Answer|BreadcrumbList|ContactPoint|Country|FAQPage|ListItem|OpeningHoursSpecification|Organization|PostalAddress|ProfessionalService|PropertyValue|Question|Service|WebSite","not-date-bearing","yes","P2-monitor","retain index gate; add only verified evidence"
"https://reumlab.com/website/haengsadaehaengsa/","industry_service","yes","entity-schema-checked","templated-review","yes","review","exact-unique","valid-h1","35","Answer|BreadcrumbList|ContactPoint|Country|FAQPage|ListItem|OpeningHoursSpecification|Organization|PostalAddress|ProfessionalService|PropertyValue|Question|Service|WebSite","not-date-bearing","yes","P2-monitor","retain index gate; add only verified evidence"
"https://reumlab.com/website/hagwon/","industry_service","yes","entity-schema-checked","templated-review","yes","review","exact-unique","valid-h1","36","Answer|BreadcrumbList|ContactPoint|Country|FAQPage|ListItem|OpeningHoursSpecification|Organization|PostalAddress|ProfessionalService|PropertyValue|Question|Service|WebSite","not-date-bearing","yes","P2-monitor","retain index gate; add only verified evidence"
"https://reumlab.com/website/hanbogjib/","industry_service","yes","entity-schema-checked","templated-review","yes","review","exact-unique","valid-h1","35","Answer|BreadcrumbList|ContactPoint|Country|FAQPage|ListItem|OpeningHoursSpecification|Organization|PostalAddress|ProfessionalService|PropertyValue|Question|Service|WebSite","not-date-bearing","yes","P2-monitor","retain index gate; add only verified evidence"
"https://reumlab.com/website/hanogseutei/","industry_service","yes","entity-schema-checked","templated-review","yes","review","exact-unique","valid-h1","35","Answer|BreadcrumbList|ContactPoint|Country|FAQPage|ListItem|OpeningHoursSpecification|Organization|PostalAddress|ProfessionalService|PropertyValue|Question|Service|WebSite","not-date-bearing","yes","P2-monitor","retain index gate; add only verified evidence"
"https://reumlab.com/website/hansigdang/","industry_service","yes","entity-schema-checked","templated-review","yes","review","exact-unique","valid-h1","35","Answer|BreadcrumbList|ContactPoint|Country|FAQPage|ListItem|OpeningHoursSpecification|Organization|PostalAddress|ProfessionalService|PropertyValue|Question|Service|WebSite","not-date-bearing","yes","P2-monitor","retain index gate; add only verified evidence"
"https://reumlab.com/website/hanuiwon/","industry_service","yes","entity-schema-checked","templated-review","yes","review","exact-unique","valid-h1","35","Answer|BreadcrumbList|ContactPoint|Country|FAQPage|ListItem|OpeningHoursSpecification|Organization|PostalAddress|ProfessionalService|PropertyValue|Question|Service|WebSite","not-date-bearing","yes","P2-monitor","retain index gate; add only verified evidence"
"https://reumlab.com/website/hasugueobche/","industry_service","yes","entity-schema-checked","templated-review","yes","review","exact-unique","valid-h1","35","Answer|BreadcrumbList|ContactPoint|Country|FAQPage|ListItem|OpeningHoursSpecification|Organization|PostalAddress|ProfessionalService|PropertyValue|Question|Service|WebSite","not-date-bearing","yes","P2-monitor","retain index gate; add only verified evidence"
"https://reumlab.com/website/helseujang/","industry_service","yes","entity-schema-checked","templated-review","yes","review","exact-unique","valid-h1","35","Answer|BreadcrumbList|ContactPoint|Country|FAQPage|ListItem|OpeningHoursSpecification|Organization|PostalAddress|ProfessionalService|PropertyValue|Question|Service|WebSite","not-date-bearing","yes","P2-monitor","retain index gate; add only verified evidence"
"https://reumlab.com/website/hoegyesa/","industry_service","yes","entity-schema-checked","templated-review","yes","review","exact-unique","valid-h1","35","Answer|BreadcrumbList|ContactPoint|Country|FAQPage|ListItem|OpeningHoursSpecification|Organization|PostalAddress|ProfessionalService|PropertyValue|Question|Service|WebSite","not-date-bearing","yes","P2-monitor","retain index gate; add only verified evidence"
"https://reumlab.com/website/hoesjib/","industry_service","yes","entity-schema-checked","templated-review","yes","review","exact-unique","valid-h1","35","Answer|BreadcrumbList|ContactPoint|Country|FAQPage|ListItem|OpeningHoursSpecification|Organization|PostalAddress|ProfessionalService|PropertyValue|Question|Service|WebSite","not-date-bearing","yes","P2-monitor","retain index gate; add only verified evidence"
"https://reumlab.com/website/hoseutingeobche/","industry_service","yes","entity-schema-checked","templated-review","yes","review","exact-unique","valid-h1","35","Answer|BreadcrumbList|ContactPoint|Country|FAQPage|ListItem|OpeningHoursSpecification|Organization|PostalAddress|ProfessionalService|PropertyValue|Question|Service|WebSite","not-date-bearing","yes","P2-monitor","retain index gate; add only verified evidence"
"https://reumlab.com/website/hotel/","industry_service","yes","entity-schema-checked","templated-review","yes","review","exact-unique","valid-h1","35","Answer|BreadcrumbList|ContactPoint|Country|FAQPage|ListItem|OpeningHoursSpecification|Organization|PostalAddress|ProfessionalService|PropertyValue|Question|Service|WebSite","not-date-bearing","yes","P2-monitor","retain index gate; add only verified evidence"
"https://reumlab.com/website/hwajangpumjejoeob/","industry_service","yes","entity-schema-checked","templated-review","yes","review","exact-unique","valid-h1","35","Answer|BreadcrumbList|ContactPoint|Country|FAQPage|ListItem|OpeningHoursSpecification|Organization|PostalAddress|ProfessionalService|PropertyValue|Question|Service|WebSite","not-date-bearing","yes","P2-monitor","retain index gate; add only verified evidence"
"https://reumlab.com/website/hwamulunsongeobche/","industry_service","yes","entity-schema-checked","templated-review","yes","review","exact-unique","valid-h1","35","Answer|BreadcrumbList|ContactPoint|Country|FAQPage|ListItem|OpeningHoursSpecification|Organization|PostalAddress|ProfessionalService|PropertyValue|Question|Service|WebSite","not-date-bearing","yes","P2-monitor","retain index gate; add only verified evidence"
"https://reumlab.com/website/hyudaeponmaejang/","industry_service","yes","entity-schema-checked","templated-review","yes","review","exact-unique","valid-h1","35","Answer|BreadcrumbList|ContactPoint|Country|FAQPage|ListItem|OpeningHoursSpecification|Organization|PostalAddress|ProfessionalService|PropertyValue|Question|Service|WebSite","not-date-bearing","yes","P2-monitor","retain index gate; add only verified evidence"
"https://reumlab.com/website/hyuyangrim/","industry_service","yes","entity-schema-checked","templated-review","yes","review","exact-unique","valid-h1","35","Answer|BreadcrumbList|ContactPoint|Country|FAQPage|ListItem|OpeningHoursSpecification|Organization|PostalAddress|ProfessionalService|PropertyValue|Question|Service|WebSite","not-date-bearing","yes","P2-monitor","retain index gate; add only verified evidence"
"https://reumlab.com/website/ibenteueobche/","industry_service","yes","entity-schema-checked","templated-review","yes","review","exact-unique","valid-h1","35","Answer|BreadcrumbList|ContactPoint|Country|FAQPage|ListItem|OpeningHoursSpecification|Organization|PostalAddress|ProfessionalService|PropertyValue|Question|Service|WebSite","not-date-bearing","yes","P2-monitor","retain index gate; add only verified evidence"
"https://reumlab.com/website/ibiinhugwa/","industry_service","yes","entity-schema-checked","templated-review","yes","review","exact-unique","valid-h1","35","Answer|BreadcrumbList|ContactPoint|Country|FAQPage|ListItem|OpeningHoursSpecification|Organization|PostalAddress|ProfessionalService|PropertyValue|Question|Service|WebSite","not-date-bearing","yes","P2-monitor","retain index gate; add only verified evidence"
"https://reumlab.com/website/ibjucheongsoeobche/","industry_service","yes","entity-schema-checked","templated-review","yes","review","exact-unique","valid-h1","36","Answer|BreadcrumbList|ContactPoint|Country|FAQPage|ListItem|OpeningHoursSpecification|Organization|PostalAddress|ProfessionalService|PropertyValue|Question|Service|WebSite","not-date-bearing","yes","P2-monitor","retain index gate; add only verified evidence"
"https://reumlab.com/website/ibsihagwon/","industry_service","yes","entity-schema-checked","templated-review","yes","review","exact-unique","valid-h1","36","Answer|BreadcrumbList|ContactPoint|Country|FAQPage|ListItem|OpeningHoursSpecification|Organization|PostalAddress|ProfessionalService|PropertyValue|Question|Service|WebSite","not-date-bearing","yes","P2-monitor","retain index gate; add only verified evidence"
"https://reumlab.com/website/ilsigdang/","industry_service","yes","entity-schema-checked","templated-review","yes","review","exact-unique","valid-h1","35","Answer|BreadcrumbList|ContactPoint|Country|FAQPage|ListItem|OpeningHoursSpecification|Organization|PostalAddress|ProfessionalService|PropertyValue|Question|Service|WebSite","not-date-bearing","yes","P2-monitor","retain index gate; add only verified evidence"
"https://reumlab.com/website/","service_or_hub","yes","entity-schema-checked","moderate","yes","yes","exact-unique","valid-h1","39","Answer|BreadcrumbList|ContactPoint|Country|FAQPage|ListItem|OpeningHoursSpecification|Organization|PostalAddress|ProfessionalService|PropertyValue|Question|Service|WebSite","not-date-bearing","yes","P1","retain and monitor"
"https://reumlab.com/website/inswaeeobche/","industry_service","yes","entity-schema-checked","templated-review","yes","review","exact-unique","valid-h1","35","Answer|BreadcrumbList|ContactPoint|Country|FAQPage|ListItem|OpeningHoursSpecification|Organization|PostalAddress|ProfessionalService|PropertyValue|Question|Service|WebSite","not-date-bearing","yes","P2-monitor","retain index gate; add only verified evidence"
"https://reumlab.com/website/inswaeso/","industry_service","yes","entity-schema-checked","templated-review","yes","review","exact-unique","valid-h1","35","Answer|BreadcrumbList|ContactPoint|Country|FAQPage|ListItem|OpeningHoursSpecification|Organization|PostalAddress|ProfessionalService|PropertyValue|Question|Service|WebSite","not-date-bearing","yes","P2-monitor","retain index gate; add only verified evidence"
"https://reumlab.com/website/interieoeobche/","industry_service","yes","entity-schema-checked","templated-review","yes","review","exact-unique","valid-h1","35","Answer|BreadcrumbList|ContactPoint|Country|FAQPage|ListItem|OpeningHoursSpecification|Organization|PostalAddress|ProfessionalService|PropertyValue|Question|Service|WebSite","not-date-bearing","yes","P2-monitor","retain index gate; add only verified evidence"
"https://reumlab.com/website/interieosopumsyab/","industry_service","yes","entity-schema-checked","templated-review","yes","review","exact-unique","valid-h1","35","Answer|BreadcrumbList|ContactPoint|Country|FAQPage|ListItem|OpeningHoursSpecification|Organization|PostalAddress|ProfessionalService|PropertyValue|Question|Service|WebSite","not-date-bearing","yes","P2-monitor","retain index gate; add only verified evidence"
"https://reumlab.com/website/isaeobche/","industry_service","yes","entity-schema-checked","templated-review","yes","review","exact-unique","valid-h1","36","Answer|BreadcrumbList|ContactPoint|Country|FAQPage|ListItem|OpeningHoursSpecification|Organization|PostalAddress|ProfessionalService|PropertyValue|Question|Service|WebSite","not-date-bearing","yes","P2-monitor","retain index gate; add only verified evidence"
"https://reumlab.com/website/it-company/","industry_service","yes","entity-schema-checked","templated-review","yes","review","exact-unique","valid-h1","35","Answer|BreadcrumbList|ContactPoint|Country|FAQPage|ListItem|OpeningHoursSpecification|Organization|PostalAddress|ProfessionalService|PropertyValue|Question|Service|WebSite","not-date-bearing","yes","P2-monitor","retain index gate; add only verified evidence"
"https://reumlab.com/website/jadongcha-jeongbiso/","industry_service","yes","entity-schema-checked","templated-review","yes","review","exact-unique","valid-h1","35","Answer|BreadcrumbList|ContactPoint|Country|FAQPage|ListItem|OpeningHoursSpecification|Organization|PostalAddress|ProfessionalService|PropertyValue|Question|Service|WebSite","not-date-bearing","yes","P2-monitor","retain index gate; add only verified evidence"
"https://reumlab.com/website/jadongchabupumjejoeob/","industry_service","yes","entity-schema-checked","templated-review","yes","review","exact-unique","valid-h1","35","Answer|BreadcrumbList|ContactPoint|Country|FAQPage|ListItem|OpeningHoursSpecification|Organization|PostalAddress|ProfessionalService|PropertyValue|Question|Service|WebSite","not-date-bearing","yes","P2-monitor","retain index gate; add only verified evidence"
"https://reumlab.com/website/jadongchagongeobsa/","industry_service","yes","entity-schema-checked","templated-review","yes","review","exact-unique","valid-h1","35","Answer|BreadcrumbList|ContactPoint|Country|FAQPage|ListItem|OpeningHoursSpecification|Organization|PostalAddress|ProfessionalService|PropertyValue|Question|Service|WebSite","not-date-bearing","yes","P2-monitor","retain index gate; add only verified evidence"
"https://reumlab.com/website/jadongchagwangtaegeobche/","industry_service","yes","entity-schema-checked","templated-review","yes","review","exact-unique","valid-h1","35","Answer|BreadcrumbList|ContactPoint|Country|FAQPage|ListItem|OpeningHoursSpecification|Organization|PostalAddress|ProfessionalService|PropertyValue|Question|Service|WebSite","not-date-bearing","yes","P2-monitor","retain index gate; add only verified evidence"
"https://reumlab.com/website/jadongchatyuningsyab/","industry_service","yes","entity-schema-checked","templated-review","yes","review","exact-unique","valid-h1","35","Answer|BreadcrumbList|ContactPoint|Country|FAQPage|ListItem|OpeningHoursSpecification|Organization|PostalAddress|ProfessionalService|PropertyValue|Question|Service|WebSite","not-date-bearing","yes","P2-monitor","retain index gate; add only verified evidence"
"https://reumlab.com/website/jadongchayurieobche/","industry_service","yes","entity-schema-checked","templated-review","yes","review","exact-unique","valid-h1","35","Answer|BreadcrumbList|ContactPoint|Country|FAQPage|ListItem|OpeningHoursSpecification|Organization|PostalAddress|ProfessionalService|PropertyValue|Question|Service|WebSite","not-date-bearing","yes","P2-monitor","retain index gate; add only verified evidence"
"https://reumlab.com/website/jaegabogjisenteo/","industry_service","yes","entity-schema-checked","templated-review","yes","review","exact-unique","valid-h1","35","Answer|BreadcrumbList|ContactPoint|Country|FAQPage|ListItem|OpeningHoursSpecification|Organization|PostalAddress|ProfessionalService|PropertyValue|Question|Service|WebSite","not-date-bearing","yes","P2-monitor","retain index gate; add only verified evidence"
"https://reumlab.com/website/jaehwaluihaggwa/","industry_service","yes","entity-schema-checked","templated-review","yes","review","exact-unique","valid-h1","35","Answer|BreadcrumbList|ContactPoint|Country|FAQPage|ListItem|OpeningHoursSpecification|Organization|PostalAddress|ProfessionalService|PropertyValue|Question|Service|WebSite","not-date-bearing","yes","P2-monitor","retain index gate; add only verified evidence"
"https://reumlab.com/website/jajeongeomaejang/","industry_service","yes","entity-schema-checked","templated-review","yes","review","exact-unique","valid-h1","35","Answer|BreadcrumbList|ContactPoint|Country|FAQPage|ListItem|OpeningHoursSpecification|Organization|PostalAddress|ProfessionalService|PropertyValue|Question|Service|WebSite","not-date-bearing","yes","P2-monitor","retain index gate; add only verified evidence"
"https://reumlab.com/website/jangaeinbogjigwan/","industry_service","yes","entity-schema-checked","templated-review","yes","review","exact-unique","valid-h1","35","Answer|BreadcrumbList|ContactPoint|Country|FAQPage|ListItem|OpeningHoursSpecification|Organization|PostalAddress|ProfessionalService|PropertyValue|Question|Service|WebSite","not-date-bearing","yes","P2-monitor","retain index gate; add only verified evidence"
"https://reumlab.com/website/jangryesigjang/","industry_service","yes","entity-schema-checked","templated-review","yes","review","exact-unique","valid-h1","35","Answer|BreadcrumbList|ContactPoint|Country|FAQPage|ListItem|OpeningHoursSpecification|Organization|PostalAddress|ProfessionalService|PropertyValue|Question|Service|WebSite","not-date-bearing","yes","P2-monitor","retain index gate; add only verified evidence"
"https://reumlab.com/website/jejoeob/","industry_service","yes","entity-schema-checked","templated-review","yes","review","exact-unique","valid-h1","35","Answer|BreadcrumbList|ContactPoint|Country|FAQPage|ListItem|OpeningHoursSpecification|Organization|PostalAddress|ProfessionalService|PropertyValue|Question|Service|WebSite","not-date-bearing","yes","P2-monitor","retain index gate; add only verified evidence"
"https://reumlab.com/website/jeonghyeongoegwa/","industry_service","yes","entity-schema-checked","templated-review","yes","review","exact-unique","valid-h1","35","Answer|BreadcrumbList|ContactPoint|Country|FAQPage|ListItem|OpeningHoursSpecification|Organization|PostalAddress|ProfessionalService|PropertyValue|Question|Service|WebSite","not-date-bearing","yes","P2-monitor","retain index gate; add only verified evidence"
"https://reumlab.com/website/jeongigongsaeobche/","industry_service","yes","entity-schema-checked","templated-review","yes","review","exact-unique","valid-h1","35","Answer|BreadcrumbList|ContactPoint|Country|FAQPage|ListItem|OpeningHoursSpecification|Organization|PostalAddress|ProfessionalService|PropertyValue|Question|Service|WebSite","not-date-bearing","yes","P2-monitor","retain index gate; add only verified evidence"
"https://reumlab.com/website/jeongsingeonganguihaggwa/","industry_service","yes","entity-schema-checked","templated-review","yes","review","exact-unique","valid-h1","35","Answer|BreadcrumbList|ContactPoint|Country|FAQPage|ListItem|OpeningHoursSpecification|Organization|PostalAddress|ProfessionalService|PropertyValue|Question|Service|WebSite","not-date-bearing","yes","P2-monitor","retain index gate; add only verified evidence"
"https://reumlab.com/website/jeongsugieobche/","industry_service","yes","entity-schema-checked","templated-review","yes","review","exact-unique","valid-h1","35","Answer|BreadcrumbList|ContactPoint|Country|FAQPage|ListItem|OpeningHoursSpecification|Organization|PostalAddress|ProfessionalService|PropertyValue|Question|Service|WebSite","not-date-bearing","yes","P2-monitor","retain index gate; add only verified evidence"
"https://reumlab.com/website/jeonjabupumjejoeob/","industry_service","yes","entity-schema-checked","templated-review","yes","review","exact-unique","valid-h1","35","Answer|BreadcrumbList|ContactPoint|Country|FAQPage|ListItem|OpeningHoursSpecification|Organization|PostalAddress|ProfessionalService|PropertyValue|Question|Service|WebSite","not-date-bearing","yes","P2-monitor","retain index gate; add only verified evidence"
"https://reumlab.com/website/jeonjajepummaejang/","industry_service","yes","entity-schema-checked","templated-review","yes","review","exact-unique","valid-h1","35","Answer|BreadcrumbList|ContactPoint|Country|FAQPage|ListItem|OpeningHoursSpecification|Organization|PostalAddress|ProfessionalService|PropertyValue|Question|Service|WebSite","not-date-bearing","yes","P2-monitor","retain index gate; add only verified evidence"
"https://reumlab.com/website/jeonmungeonseoleob/","industry_service","yes","entity-schema-checked","templated-review","yes","review","exact-unique","valid-h1","35","Answer|BreadcrumbList|ContactPoint|Country|FAQPage|ListItem|OpeningHoursSpecification|Organization|PostalAddress|ProfessionalService|PropertyValue|Question|Service|WebSite","not-date-bearing","yes","P2-monitor","retain index gate; add only verified evidence"
"https://reumlab.com/website/jeonsigihoegsa/","industry_service","yes","entity-schema-checked","templated-review","yes","review","exact-unique","valid-h1","35","Answer|BreadcrumbList|ContactPoint|Country|FAQPage|ListItem|OpeningHoursSpecification|Organization|PostalAddress|ProfessionalService|PropertyValue|Question|Service|WebSite","not-date-bearing","yes","P2-monitor","retain index gate; add only verified evidence"
"https://reumlab.com/website/jeontongsijang/","industry_service","yes","entity-schema-checked","templated-review","yes","review","exact-unique","valid-h1","35","Answer|BreadcrumbList|ContactPoint|Country|FAQPage|ListItem|OpeningHoursSpecification|Organization|PostalAddress|ProfessionalService|PropertyValue|Question|Service|WebSite","not-date-bearing","yes","P2-monitor","retain index gate; add only verified evidence"
"https://reumlab.com/website/jigeobjeonmunhaggyo/","industry_service","yes","entity-schema-checked","templated-review","yes","review","exact-unique","valid-h1","36","Answer|BreadcrumbList|ContactPoint|Country|FAQPage|ListItem|OpeningHoursSpecification|Organization|PostalAddress|ProfessionalService|PropertyValue|Question|Service|WebSite","not-date-bearing","yes","P2-monitor","retain index gate; add only verified evidence"
"https://reumlab.com/website/jogyeongeobche/","industry_service","yes","entity-schema-checked","templated-review","yes","review","exact-unique","valid-h1","35","Answer|BreadcrumbList|ContactPoint|Country|FAQPage|ListItem|OpeningHoursSpecification|Organization|PostalAddress|ProfessionalService|PropertyValue|Question|Service|WebSite","not-date-bearing","yes","P2-monitor","retain index gate; add only verified evidence"
"https://reumlab.com/website/jomyeongeobche/","industry_service","yes","entity-schema-checked","templated-review","yes","review","exact-unique","valid-h1","35","Answer|BreadcrumbList|ContactPoint|Country|FAQPage|ListItem|OpeningHoursSpecification|Organization|PostalAddress|ProfessionalService|PropertyValue|Question|Service|WebSite","not-date-bearing","yes","P2-monitor","retain index gate; add only verified evidence"
"https://reumlab.com/website/jonghabgeonseoleob/","industry_service","yes","entity-schema-checked","templated-review","yes","review","exact-unique","valid-h1","35","Answer|BreadcrumbList|ContactPoint|Country|FAQPage|ListItem|OpeningHoursSpecification|Organization|PostalAddress|ProfessionalService|PropertyValue|Question|Service|WebSite","not-date-bearing","yes","P2-monitor","retain index gate; add only verified evidence"
"https://reumlab.com/website/jonghabyutongeob/","industry_service","yes","entity-schema-checked","templated-review","yes","review","exact-unique","valid-h1","35","Answer|BreadcrumbList|ContactPoint|Country|FAQPage|ListItem|OpeningHoursSpecification|Organization|PostalAddress|ProfessionalService|PropertyValue|Question|Service|WebSite","not-date-bearing","yes","P2-monitor","retain index gate; add only verified evidence"
"https://reumlab.com/website/juchajang/","industry_service","yes","entity-schema-checked","templated-review","yes","review","exact-unique","valid-h1","35","Answer|BreadcrumbList|ContactPoint|Country|FAQPage|ListItem|OpeningHoursSpecification|Organization|PostalAddress|ProfessionalService|PropertyValue|Question|Service|WebSite","not-date-bearing","yes","P2-monitor","retain index gate; add only verified evidence"
"https://reumlab.com/website/jueolrisyab/","industry_service","yes","entity-schema-checked","templated-review","yes","review","exact-unique","valid-h1","35","Answer|BreadcrumbList|ContactPoint|Country|FAQPage|ListItem|OpeningHoursSpecification|Organization|PostalAddress|ProfessionalService|PropertyValue|Question|Service|WebSite","not-date-bearing","yes","P2-monitor","retain index gate; add only verified evidence"
"https://reumlab.com/website/juganbohosenteo/","industry_service","yes","entity-schema-checked","templated-review","yes","review","exact-unique","valid-h1","35","Answer|BreadcrumbList|ContactPoint|Country|FAQPage|ListItem|OpeningHoursSpecification|Organization|PostalAddress|ProfessionalService|PropertyValue|Question|Service|WebSite","not-date-bearing","yes","P2-monitor","retain index gate; add only verified evidence"
"https://reumlab.com/website/jujissudojang/","industry_service","yes","entity-schema-checked","templated-review","yes","review","exact-unique","valid-h1","36","Answer|BreadcrumbList|ContactPoint|Country|FAQPage|ListItem|OpeningHoursSpecification|Organization|PostalAddress|ProfessionalService|PropertyValue|Question|Service|WebSite","not-date-bearing","yes","P2-monitor","retain index gate; add only verified evidence"
"https://reumlab.com/website/junggochamaemaeeobche/","industry_service","yes","entity-schema-checked","templated-review","yes","review","exact-unique","valid-h1","35","Answer|BreadcrumbList|ContactPoint|Country|FAQPage|ListItem|OpeningHoursSpecification|Organization|PostalAddress|ProfessionalService|PropertyValue|Question|Service|WebSite","not-date-bearing","yes","P2-monitor","retain index gate; add only verified evidence"
"https://reumlab.com/website/junggomaejang/","industry_service","yes","entity-schema-checked","templated-review","yes","review","exact-unique","valid-h1","35","Answer|BreadcrumbList|ContactPoint|Country|FAQPage|ListItem|OpeningHoursSpecification|Organization|PostalAddress|ProfessionalService|PropertyValue|Question|Service|WebSite","not-date-bearing","yes","P2-monitor","retain index gate; add only verified evidence"
"https://reumlab.com/website/jungsigdang/","industry_service","yes","entity-schema-checked","templated-review","yes","review","exact-unique","valid-h1","35","Answer|BreadcrumbList|ContactPoint|Country|FAQPage|ListItem|OpeningHoursSpecification|Organization|PostalAddress|ProfessionalService|PropertyValue|Question|Service|WebSite","not-date-bearing","yes","P2-monitor","retain index gate; add only verified evidence"
"https://reumlab.com/website/kaempingjang/","industry_service","yes","entity-schema-checked","templated-review","yes","review","exact-unique","valid-h1","35","Answer|BreadcrumbList|ContactPoint|Country|FAQPage|ListItem|OpeningHoursSpecification|Organization|PostalAddress|ProfessionalService|PropertyValue|Question|Service|WebSite","not-date-bearing","yes","P2-monitor","retain index gate; add only verified evidence"
"https://reumlab.com/website/kaempingpensyeon/","industry_service","yes","entity-schema-checked","templated-review","yes","review","exact-unique","valid-h1","35","Answer|BreadcrumbList|ContactPoint|Country|FAQPage|ListItem|OpeningHoursSpecification|Organization|PostalAddress|ProfessionalService|PropertyValue|Question|Service|WebSite","not-date-bearing","yes","P2-monitor","retain index gate; add only verified evidence"
"https://reumlab.com/website/kape/","industry_service","yes","entity-schema-checked","templated-review","yes","review","exact-unique","valid-h1","35","Answer|BreadcrumbList|ContactPoint|Country|FAQPage|ListItem|OpeningHoursSpecification|Organization|PostalAddress|ProfessionalService|PropertyValue|Question|Service|WebSite","not-date-bearing","yes","P2-monitor","retain index gate; add only verified evidence"
"https://reumlab.com/website/kasenteo/","industry_service","yes","entity-schema-checked","templated-review","yes","review","exact-unique","valid-h1","35","Answer|BreadcrumbList|ContactPoint|Country|FAQPage|ListItem|OpeningHoursSpecification|Organization|PostalAddress|ProfessionalService|PropertyValue|Question|Service|WebSite","not-date-bearing","yes","P2-monitor","retain index gate; add only verified evidence"
"https://reumlab.com/website/keiteoring/","industry_service","yes","entity-schema-checked","templated-review","yes","review","exact-unique","valid-h1","35","Answer|BreadcrumbList|ContactPoint|Country|FAQPage|ListItem|OpeningHoursSpecification|Organization|PostalAddress|ProfessionalService|PropertyValue|Question|Service|WebSite","not-date-bearing","yes","P2-monitor","retain index gate; add only verified evidence"
"https://reumlab.com/website/keompyuteosurieobche/","industry_service","yes","entity-schema-checked","templated-review","yes","review","exact-unique","valid-h1","35","Answer|BreadcrumbList|ContactPoint|Country|FAQPage|ListItem|OpeningHoursSpecification|Organization|PostalAddress|ProfessionalService|PropertyValue|Question|Service|WebSite","not-date-bearing","yes","P2-monitor","retain index gate; add only verified evidence"
"https://reumlab.com/website/keulraimingjim/","industry_service","yes","entity-schema-checked","templated-review","yes","review","exact-unique","valid-h1","35","Answer|BreadcrumbList|ContactPoint|Country|FAQPage|ListItem|OpeningHoursSpecification|Organization|PostalAddress|ProfessionalService|PropertyValue|Question|Service|WebSite","not-date-bearing","yes","P2-monitor","retain index gate; add only verified evidence"
"https://reumlab.com/website/keuroseupis/","industry_service","yes","entity-schema-checked","templated-review","yes","review","exact-unique","valid-h1","35","Answer|BreadcrumbList|ContactPoint|Country|FAQPage|ListItem|OpeningHoursSpecification|Organization|PostalAddress|ProfessionalService|PropertyValue|Question|Service|WebSite","not-date-bearing","yes","P2-monitor","retain index gate; add only verified evidence"
"https://reumlab.com/website/kkochjib/","industry_service","yes","entity-schema-checked","templated-review","yes","review","exact-unique","valid-h1","35","Answer|BreadcrumbList|ContactPoint|Country|FAQPage|ListItem|OpeningHoursSpecification|Organization|PostalAddress|ProfessionalService|PropertyValue|Question|Service|WebSite","not-date-bearing","yes","P2-monitor","retain index gate; add only verified evidence"
"https://reumlab.com/website/kodinghagwon/","industry_service","yes","entity-schema-checked","templated-review","yes","review","exact-unique","valid-h1","36","Answer|BreadcrumbList|ContactPoint|Country|FAQPage|ListItem|OpeningHoursSpecification|Organization|PostalAddress|ProfessionalService|PropertyValue|Question|Service|WebSite","not-date-bearing","yes","P2-monitor","retain index gate; add only verified evidence"
"https://reumlab.com/website/koinsetagso/","industry_service","yes","entity-schema-checked","templated-review","yes","review","exact-unique","valid-h1","35","Answer|BreadcrumbList|ContactPoint|Country|FAQPage|ListItem|OpeningHoursSpecification|Organization|PostalAddress|ProfessionalService|PropertyValue|Question|Service|WebSite","not-date-bearing","yes","P2-monitor","retain index gate; add only verified evidence"
"https://reumlab.com/website/kwigseobiseu/","industry_service","yes","entity-schema-checked","templated-review","yes","review","exact-unique","valid-h1","35","Answer|BreadcrumbList|ContactPoint|Country|FAQPage|ListItem|OpeningHoursSpecification|Organization|PostalAddress|ProfessionalService|PropertyValue|Question|Service|WebSite","not-date-bearing","yes","P2-monitor","retain index gate; add only verified evidence"
"https://reumlab.com/website/majchumjeongjang/","industry_service","yes","entity-schema-checked","templated-review","yes","review","exact-unique","valid-h1","35","Answer|BreadcrumbList|ContactPoint|Country|FAQPage|ListItem|OpeningHoursSpecification|Organization|PostalAddress|ProfessionalService|PropertyValue|Question|Service|WebSite","not-date-bearing","yes","P2-monitor","retain index gate; add only verified evidence"
"https://reumlab.com/website/maketingdaehaengsa/","industry_service","yes","entity-schema-checked","templated-review","yes","review","exact-unique","valid-h1","35","Answer|BreadcrumbList|ContactPoint|Country|FAQPage|ListItem|OpeningHoursSpecification|Organization|PostalAddress|ProfessionalService|PropertyValue|Question|Service|WebSite","not-date-bearing","yes","P2-monitor","retain index gate; add only verified evidence"
"https://reumlab.com/website/masajisyab/","industry_service","yes","entity-schema-checked","templated-review","yes","review","exact-unique","valid-h1","35","Answer|BreadcrumbList|ContactPoint|Country|FAQPage|ListItem|OpeningHoursSpecification|Organization|PostalAddress|ProfessionalService|PropertyValue|Question|Service|WebSite","not-date-bearing","yes","P2-monitor","retain index gate; add only verified evidence"
"https://reumlab.com/website/mateu/","industry_service","yes","entity-schema-checked","templated-review","yes","review","exact-unique","valid-h1","35","Answer|BreadcrumbList|ContactPoint|Country|FAQPage|ListItem|OpeningHoursSpecification|Organization|PostalAddress|ProfessionalService|PropertyValue|Question|Service|WebSite","not-date-bearing","yes","P2-monitor","retain index gate; add only verified evidence"
"https://reumlab.com/website/mcn-agency/","industry_service","yes","entity-schema-checked","templated-review","yes","review","exact-unique","valid-h1","35","Answer|BreadcrumbList|ContactPoint|Country|FAQPage|ListItem|OpeningHoursSpecification|Organization|PostalAddress|ProfessionalService|PropertyValue|Question|Service|WebSite","not-date-bearing","yes","P2-monitor","retain index gate; add only verified evidence"
"https://reumlab.com/website/meikeueobsyab/","industry_service","yes","entity-schema-checked","templated-review","yes","review","exact-unique","valid-h1","35","Answer|BreadcrumbList|ContactPoint|Country|FAQPage|ListItem|OpeningHoursSpecification|Organization|PostalAddress|ProfessionalService|PropertyValue|Question|Service|WebSite","not-date-bearing","yes","P2-monitor","retain index gate; add only verified evidence"
"https://reumlab.com/website/minbag/","industry_service","yes","entity-schema-checked","templated-review","yes","review","exact-unique","valid-h1","35","Answer|BreadcrumbList|ContactPoint|Country|FAQPage|ListItem|OpeningHoursSpecification|Organization|PostalAddress|ProfessionalService|PropertyValue|Question|Service|WebSite","not-date-bearing","yes","P2-monitor","retain index gate; add only verified evidence"
"https://reumlab.com/website/misulhagwon/","industry_service","yes","entity-schema-checked","templated-review","yes","review","exact-unique","valid-h1","36","Answer|BreadcrumbList|ContactPoint|Country|FAQPage|ListItem|OpeningHoursSpecification|Organization|PostalAddress|ProfessionalService|PropertyValue|Question|Service|WebSite","not-date-bearing","yes","P2-monitor","retain index gate; add only verified evidence"
"https://reumlab.com/website/miyongsil/","industry_service","yes","entity-schema-checked","templated-review","yes","review","exact-unique","valid-h1","35","Answer|BreadcrumbList|ContactPoint|Country|FAQPage|ListItem|OpeningHoursSpecification|Organization|PostalAddress|ProfessionalService|PropertyValue|Question|Service|WebSite","not-date-bearing","yes","P2-monitor","retain index gate; add only verified evidence"
"https://reumlab.com/website/motel/","industry_service","yes","entity-schema-checked","templated-review","yes","review","exact-unique","valid-h1","35","Answer|BreadcrumbList|ContactPoint|Country|FAQPage|ListItem|OpeningHoursSpecification|Organization|PostalAddress|ProfessionalService|PropertyValue|Question|Service|WebSite","not-date-bearing","yes","P2-monitor","retain index gate; add only verified evidence"
"https://reumlab.com/website/mulryuhoesa/","industry_service","yes","entity-schema-checked","templated-review","yes","review","exact-unique","valid-h1","35","Answer|BreadcrumbList|ContactPoint|Country|FAQPage|ListItem|OpeningHoursSpecification|Organization|PostalAddress|ProfessionalService|PropertyValue|Question|Service|WebSite","not-date-bearing","yes","P2-monitor","retain index gate; add only verified evidence"
"https://reumlab.com/website/muyeoghoesa/","industry_service","yes","entity-schema-checked","templated-review","yes","review","exact-unique","valid-h1","35","Answer|BreadcrumbList|ContactPoint|Country|FAQPage|ListItem|OpeningHoursSpecification|Organization|PostalAddress|ProfessionalService|PropertyValue|Question|Service|WebSite","not-date-bearing","yes","P2-monitor","retain index gate; add only verified evidence"
"https://reumlab.com/website/naegwa/","industry_service","yes","entity-schema-checked","templated-review","yes","review","exact-unique","valid-h1","35","Answer|BreadcrumbList|ContactPoint|Country|FAQPage|ListItem|OpeningHoursSpecification|Organization|PostalAddress|ProfessionalService|PropertyValue|Question|Service|WebSite","not-date-bearing","yes","P2-monitor","retain index gate; add only verified evidence"
"https://reumlab.com/website/nakksiteo/","industry_service","yes","entity-schema-checked","templated-review","yes","review","exact-unique","valid-h1","35","Answer|BreadcrumbList|ContactPoint|Country|FAQPage|ListItem|OpeningHoursSpecification|Organization|PostalAddress|ProfessionalService|PropertyValue|Question|Service|WebSite","not-date-bearing","yes","P2-monitor","retain index gate; add only verified evidence"
"https://reumlab.com/website/neilsyab/","industry_service","yes","entity-schema-checked","templated-review","yes","review","exact-unique","valid-h1","35","Answer|BreadcrumbList|ContactPoint|Country|FAQPage|ListItem|OpeningHoursSpecification|Organization|PostalAddress|ProfessionalService|PropertyValue|Question|Service|WebSite","not-date-bearing","yes","P2-monitor","retain index gate; add only verified evidence"
"https://reumlab.com/website/noinbogjigwan/","industry_service","yes","entity-schema-checked","templated-review","yes","review","exact-unique","valid-h1","35","Answer|BreadcrumbList|ContactPoint|Country|FAQPage|ListItem|OpeningHoursSpecification|Organization|PostalAddress|ProfessionalService|PropertyValue|Question|Service|WebSite","not-date-bearing","yes","P2-monitor","retain index gate; add only verified evidence"
"https://reumlab.com/website/nomusa/","industry_service","yes","entity-schema-checked","templated-review","yes","review","exact-unique","valid-h1","35","Answer|BreadcrumbList|ContactPoint|Country|FAQPage|ListItem|OpeningHoursSpecification|Organization|PostalAddress|ProfessionalService|PropertyValue|Question|Service|WebSite","not-date-bearing","yes","P2-monitor","retain index gate; add only verified evidence"
"https://reumlab.com/website/nongsanmulpanmae/","industry_service","yes","entity-schema-checked","templated-review","yes","review","exact-unique","valid-h1","35","Answer|BreadcrumbList|ContactPoint|Country|FAQPage|ListItem|OpeningHoursSpecification|Organization|PostalAddress|ProfessionalService|PropertyValue|Question|Service|WebSite","not-date-bearing","yes","P2-monitor","retain index gate; add only verified evidence"
"https://reumlab.com/website/nusutamjieobche/","industry_service","yes","entity-schema-checked","templated-review","yes","review","exact-unique","valid-h1","35","Answer|BreadcrumbList|ContactPoint|Country|FAQPage|ListItem|OpeningHoursSpecification|Organization|PostalAddress|ProfessionalService|PropertyValue|Question|Service|WebSite","not-date-bearing","yes","P2-monitor","retain index gate; add only verified evidence"
"https://reumlab.com/website/onrainsyopingmol/","industry_service","yes","entity-schema-checked","templated-review","yes","review","exact-unique","valid-h1","35","Answer|BreadcrumbList|ContactPoint|Country|FAQPage|ListItem|OpeningHoursSpecification|Organization|PostalAddress|ProfessionalService|PropertyValue|Question|Service|WebSite","not-date-bearing","yes","P2-monitor","retain index gate; add only verified evidence"
"https://reumlab.com/website/otobaimaejang/","industry_service","yes","entity-schema-checked","templated-review","yes","review","exact-unique","valid-h1","35","Answer|BreadcrumbList|ContactPoint|Country|FAQPage|ListItem|OpeningHoursSpecification|Organization|PostalAddress|ProfessionalService|PropertyValue|Question|Service|WebSite","not-date-bearing","yes","P2-monitor","retain index gate; add only verified evidence"
"https://reumlab.com/website/panchogmuleobche/","industry_service","yes","entity-schema-checked","templated-review","yes","review","exact-unique","valid-h1","35","Answer|BreadcrumbList|ContactPoint|Country|FAQPage|ListItem|OpeningHoursSpecification|Organization|PostalAddress|ProfessionalService|PropertyValue|Question|Service|WebSite","not-date-bearing","yes","P2-monitor","retain index gate; add only verified evidence"
"https://reumlab.com/website/patirum/","industry_service","yes","entity-schema-checked","templated-review","yes","review","exact-unique","valid-h1","35","Answer|BreadcrumbList|ContactPoint|Country|FAQPage|ListItem|OpeningHoursSpecification|Organization|PostalAddress|ProfessionalService|PropertyValue|Question|Service|WebSite","not-date-bearing","yes","P2-monitor","retain index gate; add only verified evidence"
"https://reumlab.com/website/pensyeon/","industry_service","yes","entity-schema-checked","templated-review","yes","review","exact-unique","valid-h1","35","Answer|BreadcrumbList|ContactPoint|Country|FAQPage|ListItem|OpeningHoursSpecification|Organization|PostalAddress|ProfessionalService|PropertyValue|Question|Service|WebSite","not-date-bearing","yes","P2-monitor","retain index gate; add only verified evidence"
"https://reumlab.com/website/peoseuneolkeolreo/","industry_service","yes","entity-schema-checked","templated-review","yes","review","exact-unique","valid-h1","35","Answer|BreadcrumbList|ContactPoint|Country|FAQPage|ListItem|OpeningHoursSpecification|Organization|PostalAddress|ProfessionalService|PropertyValue|Question|Service|WebSite","not-date-bearing","yes","P2-monitor","retain index gate; add only verified evidence"
"https://reumlab.com/website/peulraseutigjejoeob/","industry_service","yes","entity-schema-checked","templated-review","yes","review","exact-unique","valid-h1","35","Answer|BreadcrumbList|ContactPoint|Country|FAQPage|ListItem|OpeningHoursSpecification|Organization|PostalAddress|ProfessionalService|PropertyValue|Question|Service|WebSite","not-date-bearing","yes","P2-monitor","retain index gate; add only verified evidence"
"https://reumlab.com/website/peulrawosyab/","industry_service","yes","entity-schema-checked","templated-review","yes","review","exact-unique","valid-h1","35","Answer|BreadcrumbList|ContactPoint|Country|FAQPage|ListItem|OpeningHoursSpecification|Organization|PostalAddress|ProfessionalService|PropertyValue|Question|Service|WebSite","not-date-bearing","yes","P2-monitor","retain index gate; add only verified evidence"
"https://reumlab.com/website/pianohagwon/","industry_service","yes","entity-schema-checked","templated-review","yes","review","exact-unique","valid-h1","36","Answer|BreadcrumbList|ContactPoint|Country|FAQPage|ListItem|OpeningHoursSpecification|Organization|PostalAddress|ProfessionalService|PropertyValue|Question|Service|WebSite","not-date-bearing","yes","P2-monitor","retain index gate; add only verified evidence"
"https://reumlab.com/website/pibugwa/","industry_service","yes","entity-schema-checked","templated-review","yes","review","exact-unique","valid-h1","35","Answer|BreadcrumbList|ContactPoint|Country|FAQPage|ListItem|OpeningHoursSpecification|Organization|PostalAddress|ProfessionalService|PropertyValue|Question|Service|WebSite","not-date-bearing","yes","P2-monitor","retain index gate; add only verified evidence"
"https://reumlab.com/website/pibugwanrisyab/","industry_service","yes","entity-schema-checked","templated-review","yes","review","exact-unique","valid-h1","35","Answer|BreadcrumbList|ContactPoint|Country|FAQPage|ListItem|OpeningHoursSpecification|Organization|PostalAddress|ProfessionalService|PropertyValue|Question|Service|WebSite","not-date-bearing","yes","P2-monitor","retain index gate; add only verified evidence"
"https://reumlab.com/website/pijajib/","industry_service","yes","entity-schema-checked","templated-review","yes","review","exact-unique","valid-h1","35","Answer|BreadcrumbList|ContactPoint|Country|FAQPage|ListItem|OpeningHoursSpecification|Organization|PostalAddress|ProfessionalService|PropertyValue|Question|Service|WebSite","not-date-bearing","yes","P2-monitor","retain index gate; add only verified evidence"
"https://reumlab.com/website/pilrateseu/","industry_service","yes","entity-schema-checked","templated-review","yes","review","exact-unique","valid-h1","35","Answer|BreadcrumbList|ContactPoint|Country|FAQPage|ListItem|OpeningHoursSpecification|Organization|PostalAddress|ProfessionalService|PropertyValue|Question|Service|WebSite","not-date-bearing","yes","P2-monitor","retain index gate; add only verified evidence"
"https://reumlab.com/website/pojangjaejejoeob/","industry_service","yes","entity-schema-checked","templated-review","yes","review","exact-unique","valid-h1","35","Answer|BreadcrumbList|ContactPoint|Country|FAQPage|ListItem|OpeningHoursSpecification|Organization|PostalAddress|ProfessionalService|PropertyValue|Question|Service|WebSite","not-date-bearing","yes","P2-monitor","retain index gate; add only verified evidence"
"https://reumlab.com/website/potobuseueobche/","industry_service","yes","entity-schema-checked","templated-review","yes","review","exact-unique","valid-h1","35","Answer|BreadcrumbList|ContactPoint|Country|FAQPage|ListItem|OpeningHoursSpecification|Organization|PostalAddress|ProfessionalService|PropertyValue|Question|Service|WebSite","not-date-bearing","yes","P2-monitor","retain index gate; add only verified evidence"
"https://reumlab.com/website/pt-shop/","industry_service","yes","entity-schema-checked","templated-review","yes","review","exact-unique","valid-h1","35","Answer|BreadcrumbList|ContactPoint|Country|FAQPage|ListItem|OpeningHoursSpecification|Organization|PostalAddress|ProfessionalService|PropertyValue|Question|Service|WebSite","not-date-bearing","yes","P2-monitor","retain index gate; add only verified evidence"
"https://reumlab.com/website/pudeuteureog/","industry_service","yes","entity-schema-checked","templated-review","yes","review","exact-unique","valid-h1","35","Answer|BreadcrumbList|ContactPoint|Country|FAQPage|ListItem|OpeningHoursSpecification|Organization|PostalAddress|ProfessionalService|PropertyValue|Question|Service|WebSite","not-date-bearing","yes","P2-monitor","retain index gate; add only verified evidence"
"https://reumlab.com/website/pulbilra/","industry_service","yes","entity-schema-checked","templated-review","yes","review","exact-unique","valid-h1","35","Answer|BreadcrumbList|ContactPoint|Country|FAQPage|ListItem|OpeningHoursSpecification|Organization|PostalAddress|ProfessionalService|PropertyValue|Question|Service|WebSite","not-date-bearing","yes","P2-monitor","retain index gate; add only verified evidence"
"https://reumlab.com/website/pyegimulcheorieobche/","industry_service","yes","entity-schema-checked","templated-review","yes","review","exact-unique","valid-h1","35","Answer|BreadcrumbList|ContactPoint|Country|FAQPage|ListItem|OpeningHoursSpecification|Organization|PostalAddress|ProfessionalService|PropertyValue|Question|Service|WebSite","not-date-bearing","yes","P2-monitor","retain index gate; add only verified evidence"
"https://reumlab.com/website/pyeonuijeom/","industry_service","yes","entity-schema-checked","templated-review","yes","review","exact-unique","valid-h1","35","Answer|BreadcrumbList|ContactPoint|Country|FAQPage|ListItem|OpeningHoursSpecification|Organization|PostalAddress|ProfessionalService|PropertyValue|Question|Service|WebSite","not-date-bearing","yes","P2-monitor","retain index gate; add only verified evidence"
"https://reumlab.com/website/rejeoseupocheu/","industry_service","yes","entity-schema-checked","templated-review","yes","review","exact-unique","valid-h1","35","Answer|BreadcrumbList|ContactPoint|Country|FAQPage|ListItem|OpeningHoursSpecification|Organization|PostalAddress|ProfessionalService|PropertyValue|Question|Service|WebSite","not-date-bearing","yes","P2-monitor","retain index gate; add only verified evidence"
"https://reumlab.com/website/rentaleobche/","industry_service","yes","entity-schema-checked","templated-review","yes","review","exact-unique","valid-h1","35","Answer|BreadcrumbList|ContactPoint|Country|FAQPage|ListItem|OpeningHoursSpecification|Organization|PostalAddress|ProfessionalService|PropertyValue|Question|Service|WebSite","not-date-bearing","yes","P2-monitor","retain index gate; add only verified evidence"
"https://reumlab.com/website/renteoka/","industry_service","yes","entity-schema-checked","templated-review","yes","review","exact-unique","valid-h1","35","Answer|BreadcrumbList|ContactPoint|Country|FAQPage|ListItem|OpeningHoursSpecification|Organization|PostalAddress|ProfessionalService|PropertyValue|Question|Service|WebSite","not-date-bearing","yes","P2-monitor","retain index gate; add only verified evidence"
"https://reumlab.com/website/rijoteu/","industry_service","yes","entity-schema-checked","templated-review","yes","review","exact-unique","valid-h1","35","Answer|BreadcrumbList|ContactPoint|Country|FAQPage|ListItem|OpeningHoursSpecification|Organization|PostalAddress|ProfessionalService|PropertyValue|Question|Service|WebSite","not-date-bearing","yes","P2-monitor","retain index gate; add only verified evidence"
"https://reumlab.com/website/rimodelringeobche/","industry_service","yes","entity-schema-checked","templated-review","yes","review","exact-unique","valid-h1","35","Answer|BreadcrumbList|ContactPoint|Country|FAQPage|ListItem|OpeningHoursSpecification|Organization|PostalAddress|ProfessionalService|PropertyValue|Question|Service|WebSite","not-date-bearing","yes","P2-monitor","retain index gate; add only verified evidence"
"https://reumlab.com/website/sahoebogjigwan/","industry_service","yes","entity-schema-checked","templated-review","yes","review","exact-unique","valid-h1","35","Answer|BreadcrumbList|ContactPoint|Country|FAQPage|ListItem|OpeningHoursSpecification|Organization|PostalAddress|ProfessionalService|PropertyValue|Question|Service|WebSite","not-date-bearing","yes","P2-monitor","retain index gate; add only verified evidence"
"https://reumlab.com/website/sajingwan/","industry_service","yes","entity-schema-checked","templated-review","yes","review","exact-unique","valid-h1","35","Answer|BreadcrumbList|ContactPoint|Country|FAQPage|ListItem|OpeningHoursSpecification|Organization|PostalAddress|ProfessionalService|PropertyValue|Question|Service|WebSite","not-date-bearing","yes","P2-monitor","retain index gate; add only verified evidence"
"https://reumlab.com/website/sanbuingwa/","industry_service","yes","entity-schema-checked","templated-review","yes","review","exact-unique","valid-h1","35","Answer|BreadcrumbList|ContactPoint|Country|FAQPage|ListItem|OpeningHoursSpecification|Organization|PostalAddress|ProfessionalService|PropertyValue|Question|Service|WebSite","not-date-bearing","yes","P2-monitor","retain index gate; add only verified evidence"
"https://reumlab.com/website/saneobjangbieobche/","industry_service","yes","entity-schema-checked","templated-review","yes","review","exact-unique","valid-h1","35","Answer|BreadcrumbList|ContactPoint|Country|FAQPage|ListItem|OpeningHoursSpecification|Organization|PostalAddress|ProfessionalService|PropertyValue|Question|Service|WebSite","not-date-bearing","yes","P2-monitor","retain index gate; add only verified evidence"
"https://reumlab.com/website/sangjohoesa/","industry_service","yes","entity-schema-checked","templated-review","yes","review","exact-unique","valid-h1","35","Answer|BreadcrumbList|ContactPoint|Country|FAQPage|ListItem|OpeningHoursSpecification|Organization|PostalAddress|ProfessionalService|PropertyValue|Question|Service|WebSite","not-date-bearing","yes","P2-monitor","retain index gate; add only verified evidence"
"https://reumlab.com/website/sanhudoumi/","industry_service","yes","entity-schema-checked","templated-review","yes","review","exact-unique","valid-h1","35","Answer|BreadcrumbList|ContactPoint|Country|FAQPage|ListItem|OpeningHoursSpecification|Organization|PostalAddress|ProfessionalService|PropertyValue|Question|Service|WebSite","not-date-bearing","yes","P2-monitor","retain index gate; add only verified evidence"
"https://reumlab.com/website/sanhujoriwon/","industry_service","yes","entity-schema-checked","templated-review","yes","review","exact-unique","valid-h1","35","Answer|BreadcrumbList|ContactPoint|Country|FAQPage|ListItem|OpeningHoursSpecification|Organization|PostalAddress|ProfessionalService|PropertyValue|Question|Service|WebSite","not-date-bearing","yes","P2-monitor","retain index gate; add only verified evidence"
"https://reumlab.com/website/sechajang/","industry_service","yes","entity-schema-checked","templated-review","yes","review","exact-unique","valid-h1","35","Answer|BreadcrumbList|ContactPoint|Country|FAQPage|ListItem|OpeningHoursSpecification|Organization|PostalAddress|ProfessionalService|PropertyValue|Question|Service|WebSite","not-date-bearing","yes","P2-monitor","retain index gate; add only verified evidence"
"https://reumlab.com/website/semusa/","industry_service","yes","entity-schema-checked","templated-review","yes","review","exact-unique","valid-h1","35","Answer|BreadcrumbList|ContactPoint|Country|FAQPage|ListItem|OpeningHoursSpecification|Organization|PostalAddress|ProfessionalService|PropertyValue|Question|Service|WebSite","not-date-bearing","yes","P2-monitor","retain index gate; add only verified evidence"
"https://reumlab.com/website/seojeom/","industry_service","yes","entity-schema-checked","templated-review","yes","review","exact-unique","valid-h1","35","Answer|BreadcrumbList|ContactPoint|Country|FAQPage|ListItem|OpeningHoursSpecification|Organization|PostalAddress|ProfessionalService|PropertyValue|Question|Service|WebSite","not-date-bearing","yes","P2-monitor","retain index gate; add only verified evidence"
"https://reumlab.com/website/seolbieobche/","industry_service","yes","entity-schema-checked","templated-review","yes","review","exact-unique","valid-h1","35","Answer|BreadcrumbList|ContactPoint|Country|FAQPage|ListItem|OpeningHoursSpecification|Organization|PostalAddress|ProfessionalService|PropertyValue|Question|Service|WebSite","not-date-bearing","yes","P2-monitor","retain index gate; add only verified evidence"
"https://reumlab.com/website/seomyujejoeob/","industry_service","yes","entity-schema-checked","templated-review","yes","review","exact-unique","valid-h1","35","Answer|BreadcrumbList|ContactPoint|Country|FAQPage|ListItem|OpeningHoursSpecification|Organization|PostalAddress|ProfessionalService|PropertyValue|Question|Service|WebSite","not-date-bearing","yes","P2-monitor","retain index gate; add only verified evidence"
"https://reumlab.com/website/seonghyeongoegwa/","industry_service","yes","entity-schema-checked","templated-review","yes","review","exact-unique","valid-h1","35","Answer|BreadcrumbList|ContactPoint|Country|FAQPage|ListItem|OpeningHoursSpecification|Organization|PostalAddress|ProfessionalService|PropertyValue|Question|Service|WebSite","not-date-bearing","yes","P2-monitor","retain index gate; add only verified evidence"
"https://reumlab.com/website/setagso/","industry_service","yes","entity-schema-checked","templated-review","yes","review","exact-unique","valid-h1","35","Answer|BreadcrumbList|ContactPoint|Country|FAQPage|ListItem|OpeningHoursSpecification|Organization|PostalAddress|ProfessionalService|PropertyValue|Question|Service|WebSite","not-date-bearing","yes","P2-monitor","retain index gate; add only verified evidence"
"https://reumlab.com/website/seukeuringolpeu/","industry_service","yes","entity-schema-checked","templated-review","yes","review","exact-unique","valid-h1","35","Answer|BreadcrumbList|ContactPoint|Country|FAQPage|ListItem|OpeningHoursSpecification|Organization|PostalAddress|ProfessionalService|PropertyValue|Question|Service|WebSite","not-date-bearing","yes","P2-monitor","retain index gate; add only verified evidence"
"https://reumlab.com/website/seungmajang/","industry_service","yes","entity-schema-checked","templated-review","yes","review","exact-unique","valid-h1","35","Answer|BreadcrumbList|ContactPoint|Country|FAQPage|ListItem|OpeningHoursSpecification|Organization|PostalAddress|ProfessionalService|PropertyValue|Question|Service|WebSite","not-date-bearing","yes","P2-monitor","retain index gate; add only verified evidence"
"https://reumlab.com/website/seupa/","industry_service","yes","entity-schema-checked","templated-review","yes","review","exact-unique","valid-h1","35","Answer|BreadcrumbList|ContactPoint|Country|FAQPage|ListItem|OpeningHoursSpecification|Organization|PostalAddress|ProfessionalService|PropertyValue|Question|Service|WebSite","not-date-bearing","yes","P2-monitor","retain index gate; add only verified evidence"
"https://reumlab.com/website/seutateueob/","industry_service","yes","entity-schema-checked","templated-review","yes","review","exact-unique","valid-h1","35","Answer|BreadcrumbList|ContactPoint|Country|FAQPage|ListItem|OpeningHoursSpecification|Organization|PostalAddress|ProfessionalService|PropertyValue|Question|Service|WebSite","not-date-bearing","yes","P2-monitor","retain index gate; add only verified evidence"
"https://reumlab.com/website/seuteodikape/","industry_service","yes","entity-schema-checked","templated-review","yes","review","exact-unique","valid-h1","36","Answer|BreadcrumbList|ContactPoint|Country|FAQPage|ListItem|OpeningHoursSpecification|Organization|PostalAddress|ProfessionalService|PropertyValue|Question|Service|WebSite","not-date-bearing","yes","P2-monitor","retain index gate; add only verified evidence"
"https://reumlab.com/website/seutyudio/","industry_service","yes","entity-schema-checked","templated-review","yes","review","exact-unique","valid-h1","35","Answer|BreadcrumbList|ContactPoint|Country|FAQPage|ListItem|OpeningHoursSpecification|Organization|PostalAddress|ProfessionalService|PropertyValue|Question|Service|WebSite","not-date-bearing","yes","P2-monitor","retain index gate; add only verified evidence"
"https://reumlab.com/website/sigdang/","industry_service","yes","entity-schema-checked","templated-review","yes","review","exact-unique","valid-h1","35","Answer|BreadcrumbList|ContactPoint|Country|FAQPage|ListItem|OpeningHoursSpecification|Organization|PostalAddress|ProfessionalService|PropertyValue|Question|Service|WebSite","not-date-bearing","yes","P2-monitor","retain index gate; add only verified evidence"
"https://reumlab.com/website/sigpumgagongeob/","industry_service","yes","entity-schema-checked","templated-review","yes","review","exact-unique","valid-h1","35","Answer|BreadcrumbList|ContactPoint|Country|FAQPage|ListItem|OpeningHoursSpecification|Organization|PostalAddress|ProfessionalService|PropertyValue|Question|Service|WebSite","not-date-bearing","yes","P2-monitor","retain index gate; add only verified evidence"
"https://reumlab.com/website/sigpumjejoeob/","industry_service","yes","entity-schema-checked","templated-review","yes","review","exact-unique","valid-h1","35","Answer|BreadcrumbList|ContactPoint|Country|FAQPage|ListItem|OpeningHoursSpecification|Organization|PostalAddress|ProfessionalService|PropertyValue|Question|Service|WebSite","not-date-bearing","yes","P2-monitor","retain index gate; add only verified evidence"
"https://reumlab.com/website/silbeotaun/","industry_service","yes","entity-schema-checked","templated-review","yes","review","exact-unique","valid-h1","35","Answer|BreadcrumbList|ContactPoint|Country|FAQPage|ListItem|OpeningHoursSpecification|Organization|PostalAddress|ProfessionalService|PropertyValue|Question|Service|WebSite","not-date-bearing","yes","P2-monitor","retain index gate; add only verified evidence"
"https://reumlab.com/website/simrisangdamsenteo/","industry_service","yes","entity-schema-checked","templated-review","yes","review","exact-unique","valid-h1","35","Answer|BreadcrumbList|ContactPoint|Country|FAQPage|ListItem|OpeningHoursSpecification|Organization|PostalAddress|ProfessionalService|PropertyValue|Question|Service|WebSite","not-date-bearing","yes","P2-monitor","retain index gate; add only verified evidence"
"https://reumlab.com/website/sinbalmaejang/","industry_service","yes","entity-schema-checked","templated-review","yes","review","exact-unique","valid-h1","35","Answer|BreadcrumbList|ContactPoint|Country|FAQPage|ListItem|OpeningHoursSpecification|Organization|PostalAddress|ProfessionalService|PropertyValue|Question|Service|WebSite","not-date-bearing","yes","P2-monitor","retain index gate; add only verified evidence"
"https://reumlab.com/website/sinchadilreo/","industry_service","yes","entity-schema-checked","templated-review","yes","review","exact-unique","valid-h1","35","Answer|BreadcrumbList|ContactPoint|Country|FAQPage|ListItem|OpeningHoursSpecification|Organization|PostalAddress|ProfessionalService|PropertyValue|Question|Service|WebSite","not-date-bearing","yes","P2-monitor","retain index gate; add only verified evidence"
"https://reumlab.com/website/singyeongoegwa/","industry_service","yes","entity-schema-checked","templated-review","yes","review","exact-unique","valid-h1","35","Answer|BreadcrumbList|ContactPoint|Country|FAQPage|ListItem|OpeningHoursSpecification|Organization|PostalAddress|ProfessionalService|PropertyValue|Question|Service|WebSite","not-date-bearing","yes","P2-monitor","retain index gate; add only verified evidence"
"https://reumlab.com/website/sinyongjeongbohoesa/","industry_service","yes","entity-schema-checked","templated-review","yes","review","exact-unique","valid-h1","35","Answer|BreadcrumbList|ContactPoint|Country|FAQPage|ListItem|OpeningHoursSpecification|Organization|PostalAddress|ProfessionalService|PropertyValue|Question|Service|WebSite","not-date-bearing","yes","P2-monitor","retain index gate; add only verified evidence"
"https://reumlab.com/website/soagwa/","industry_service","yes","entity-schema-checked","templated-review","yes","review","exact-unique","valid-h1","35","Answer|BreadcrumbList|ContactPoint|Country|FAQPage|ListItem|OpeningHoursSpecification|Organization|PostalAddress|ProfessionalService|PropertyValue|Question|Service|WebSite","not-date-bearing","yes","P2-monitor","retain index gate; add only verified evidence"
"https://reumlab.com/website/sodogeobche/","industry_service","yes","entity-schema-checked","templated-review","yes","review","exact-unique","valid-h1","35","Answer|BreadcrumbList|ContactPoint|Country|FAQPage|ListItem|OpeningHoursSpecification|Organization|PostalAddress|ProfessionalService|PropertyValue|Question|Service|WebSite","not-date-bearing","yes","P2-monitor","retain index gate; add only verified evidence"
"https://reumlab.com/website/sognunsseobsyab/","industry_service","yes","entity-schema-checked","templated-review","yes","review","exact-unique","valid-h1","35","Answer|BreadcrumbList|ContactPoint|Country|FAQPage|ListItem|OpeningHoursSpecification|Organization|PostalAddress|ProfessionalService|PropertyValue|Question|Service|WebSite","not-date-bearing","yes","P2-monitor","retain index gate; add only verified evidence"
"https://reumlab.com/website/solrusyeoneobche/","industry_service","yes","entity-schema-checked","templated-review","yes","review","exact-unique","valid-h1","35","Answer|BreadcrumbList|ContactPoint|Country|FAQPage|ListItem|OpeningHoursSpecification|Organization|PostalAddress|ProfessionalService|PropertyValue|Question|Service|WebSite","not-date-bearing","yes","P2-monitor","retain index gate; add only verified evidence"
"https://reumlab.com/website/somaeeob/","industry_service","yes","entity-schema-checked","templated-review","yes","review","exact-unique","valid-h1","35","Answer|BreadcrumbList|ContactPoint|Country|FAQPage|ListItem|OpeningHoursSpecification|Organization|PostalAddress|ProfessionalService|PropertyValue|Question|Service|WebSite","not-date-bearing","yes","P2-monitor","retain index gate; add only verified evidence"
"https://reumlab.com/website/sonhaesajeongsa/","industry_service","yes","entity-schema-checked","templated-review","yes","review","exact-unique","valid-h1","35","Answer|BreadcrumbList|ContactPoint|Country|FAQPage|ListItem|OpeningHoursSpecification|Organization|PostalAddress|ProfessionalService|PropertyValue|Question|Service|WebSite","not-date-bearing","yes","P2-monitor","retain index gate; add only verified evidence"
"https://reumlab.com/website/sonsechajang/","industry_service","yes","entity-schema-checked","templated-review","yes","review","exact-unique","valid-h1","35","Answer|BreadcrumbList|ContactPoint|Country|FAQPage|ListItem|OpeningHoursSpecification|Organization|PostalAddress|ProfessionalService|PropertyValue|Question|Service|WebSite","not-date-bearing","yes","P2-monitor","retain index gate; add only verified evidence"
"https://reumlab.com/website/sopeuteuweeogaebalsa/","industry_service","yes","entity-schema-checked","templated-review","yes","review","exact-unique","valid-h1","35","Answer|BreadcrumbList|ContactPoint|Country|FAQPage|ListItem|OpeningHoursSpecification|Organization|PostalAddress|ProfessionalService|PropertyValue|Question|Service|WebSite","not-date-bearing","yes","P2-monitor","retain index gate; add only verified evidence"
"https://reumlab.com/website/suhaghagwon/","industry_service","yes","entity-schema-checked","templated-review","yes","review","exact-unique","valid-h1","36","Answer|BreadcrumbList|ContactPoint|Country|FAQPage|ListItem|OpeningHoursSpecification|Organization|PostalAddress|ProfessionalService|PropertyValue|Question|Service|WebSite","not-date-bearing","yes","P2-monitor","retain index gate; add only verified evidence"
"https://reumlab.com/website/suibpanmaeeob/","industry_service","yes","entity-schema-checked","templated-review","yes","review","exact-unique","valid-h1","35","Answer|BreadcrumbList|ContactPoint|Country|FAQPage|ListItem|OpeningHoursSpecification|Organization|PostalAddress|ProfessionalService|PropertyValue|Question|Service|WebSite","not-date-bearing","yes","P2-monitor","retain index gate; add only verified evidence"
"https://reumlab.com/website/suyeongjang/","industry_service","yes","entity-schema-checked","templated-review","yes","review","exact-unique","valid-h1","35","Answer|BreadcrumbList|ContactPoint|Country|FAQPage|ListItem|OpeningHoursSpecification|Organization|PostalAddress|ProfessionalService|PropertyValue|Question|Service|WebSite","not-date-bearing","yes","P2-monitor","retain index gate; add only verified evidence"
"https://reumlab.com/website/syopingmol/","industry_service","yes","entity-schema-checked","templated-review","yes","review","exact-unique","valid-h1","35","Answer|BreadcrumbList|ContactPoint|Country|FAQPage|ListItem|OpeningHoursSpecification|Organization|PostalAddress|ProfessionalService|PropertyValue|Question|Service|WebSite","not-date-bearing","yes","P2-monitor","retain index gate; add only verified evidence"
"https://reumlab.com/website/taegbaeeobche/","industry_service","yes","entity-schema-checked","templated-review","yes","review","exact-unique","valid-h1","35","Answer|BreadcrumbList|ContactPoint|Country|FAQPage|ListItem|OpeningHoursSpecification|Organization|PostalAddress|ProfessionalService|PropertyValue|Question|Service|WebSite","not-date-bearing","yes","P2-monitor","retain index gate; add only verified evidence"
"https://reumlab.com/website/taegwondojang/","industry_service","yes","entity-schema-checked","templated-review","yes","review","exact-unique","valid-h1","36","Answer|BreadcrumbList|ContactPoint|Country|FAQPage|ListItem|OpeningHoursSpecification|Organization|PostalAddress|ProfessionalService|PropertyValue|Question|Service|WebSite","not-date-bearing","yes","P2-monitor","retain index gate; add only verified evidence"
"https://reumlab.com/website/taieomaejang/","industry_service","yes","entity-schema-checked","templated-review","yes","review","exact-unique","valid-h1","35","Answer|BreadcrumbList|ContactPoint|Country|FAQPage|ListItem|OpeningHoursSpecification|Organization|PostalAddress|ProfessionalService|PropertyValue|Question|Service|WebSite","not-date-bearing","yes","P2-monitor","retain index gate; add only verified evidence"
"https://reumlab.com/website/taileobche/","industry_service","yes","entity-schema-checked","templated-review","yes","review","exact-unique","valid-h1","35","Answer|BreadcrumbList|ContactPoint|Country|FAQPage|ListItem|OpeningHoursSpecification|Organization|PostalAddress|ProfessionalService|PropertyValue|Question|Service|WebSite","not-date-bearing","yes","P2-monitor","retain index gate; add only verified evidence"
"https://reumlab.com/website/temapakeu/","industry_service","yes","entity-schema-checked","templated-review","yes","review","exact-unique","valid-h1","35","Answer|BreadcrumbList|ContactPoint|Country|FAQPage|ListItem|OpeningHoursSpecification|Organization|PostalAddress|ProfessionalService|PropertyValue|Question|Service|WebSite","not-date-bearing","yes","P2-monitor","retain index gate; add only verified evidence"
"https://reumlab.com/website/teniseujang/","industry_service","yes","entity-schema-checked","templated-review","yes","review","exact-unique","valid-h1","35","Answer|BreadcrumbList|ContactPoint|Country|FAQPage|ListItem|OpeningHoursSpecification|Organization|PostalAddress|ProfessionalService|PropertyValue|Question|Service|WebSite","not-date-bearing","yes","P2-monitor","retain index gate; add only verified evidence"
"https://reumlab.com/website/teugheosamuso/","industry_service","yes","entity-schema-checked","templated-review","yes","review","exact-unique","valid-h1","35","Answer|BreadcrumbList|ContactPoint|Country|FAQPage|ListItem|OpeningHoursSpecification|Organization|PostalAddress|ProfessionalService|PropertyValue|Question|Service|WebSite","not-date-bearing","yes","P2-monitor","retain index gate; add only verified evidence"
"https://reumlab.com/website/tomoghoesa/","industry_service","yes","entity-schema-checked","templated-review","yes","review","exact-unique","valid-h1","35","Answer|BreadcrumbList|ContactPoint|Country|FAQPage|ListItem|OpeningHoursSpecification|Organization|PostalAddress|ProfessionalService|PropertyValue|Question|Service|WebSite","not-date-bearing","yes","P2-monitor","retain index gate; add only verified evidence"
"https://reumlab.com/website/tongjeunguihaggwa/","industry_service","yes","entity-schema-checked","templated-review","yes","review","exact-unique","valid-h1","35","Answer|BreadcrumbList|ContactPoint|Country|FAQPage|ListItem|OpeningHoursSpecification|Organization|PostalAddress|ProfessionalService|PropertyValue|Question|Service|WebSite","not-date-bearing","yes","P2-monitor","retain index gate; add only verified evidence"
"https://reumlab.com/website/tteogjib/","industry_service","yes","entity-schema-checked","templated-review","yes","review","exact-unique","valid-h1","35","Answer|BreadcrumbList|ContactPoint|Country|FAQPage|ListItem|OpeningHoursSpecification|Organization|PostalAddress|ProfessionalService|PropertyValue|Question|Service|WebSite","not-date-bearing","yes","P2-monitor","retain index gate; add only verified evidence"
"https://reumlab.com/website/uiryogigijejoeob/","industry_service","yes","entity-schema-checked","templated-review","yes","review","exact-unique","valid-h1","35","Answer|BreadcrumbList|ContactPoint|Country|FAQPage|ListItem|OpeningHoursSpecification|Organization|PostalAddress|ProfessionalService|PropertyValue|Question|Service|WebSite","not-date-bearing","yes","P2-monitor","retain index gate; add only verified evidence"
"https://reumlab.com/website/uiryumaejang/","industry_service","yes","entity-schema-checked","templated-review","yes","review","exact-unique","valid-h1","35","Answer|BreadcrumbList|ContactPoint|Country|FAQPage|ListItem|OpeningHoursSpecification|Organization|PostalAddress|ProfessionalService|PropertyValue|Question|Service|WebSite","not-date-bearing","yes","P2-monitor","retain index gate; add only verified evidence"
"https://reumlab.com/website/unjeonhagwon/","industry_service","yes","entity-schema-checked","templated-review","yes","review","exact-unique","valid-h1","36","Answer|BreadcrumbList|ContactPoint|Country|FAQPage|ListItem|OpeningHoursSpecification|Organization|PostalAddress|ProfessionalService|PropertyValue|Question|Service|WebSite","not-date-bearing","yes","P2-monitor","retain index gate; add only verified evidence"
"https://reumlab.com/website/wagsingsyab/","industry_service","yes","entity-schema-checked","templated-review","yes","review","exact-unique","valid-h1","35","Answer|BreadcrumbList|ContactPoint|Country|FAQPage|ListItem|OpeningHoursSpecification|Organization|PostalAddress|ProfessionalService|PropertyValue|Question|Service|WebSite","not-date-bearing","yes","P2-monitor","retain index gate; add only verified evidence"
"https://reumlab.com/website/wangujeom/","industry_service","yes","entity-schema-checked","templated-review","yes","review","exact-unique","valid-h1","35","Answer|BreadcrumbList|ContactPoint|Country|FAQPage|ListItem|OpeningHoursSpecification|Organization|PostalAddress|ProfessionalService|PropertyValue|Question|Service|WebSite","not-date-bearing","yes","P2-monitor","retain index gate; add only verified evidence"
"https://reumlab.com/website/webeijeonsi/","industry_service","yes","entity-schema-checked","templated-review","yes","review","exact-unique","valid-h1","35","Answer|BreadcrumbList|ContactPoint|Country|FAQPage|ListItem|OpeningHoursSpecification|Organization|PostalAddress|ProfessionalService|PropertyValue|Question|Service|WebSite","not-date-bearing","yes","P2-monitor","retain index gate; add only verified evidence"
"https://reumlab.com/website/wedingdeureseusyab/","industry_service","yes","entity-schema-checked","templated-review","yes","review","exact-unique","valid-h1","35","Answer|BreadcrumbList|ContactPoint|Country|FAQPage|ListItem|OpeningHoursSpecification|Organization|PostalAddress|ProfessionalService|PropertyValue|Question|Service|WebSite","not-date-bearing","yes","P2-monitor","retain index gate; add only verified evidence"
"https://reumlab.com/website/wedinghol/","industry_service","yes","entity-schema-checked","templated-review","yes","review","exact-unique","valid-h1","35","Answer|BreadcrumbList|ContactPoint|Country|FAQPage|ListItem|OpeningHoursSpecification|Organization|PostalAddress|ProfessionalService|PropertyValue|Question|Service|WebSite","not-date-bearing","yes","P2-monitor","retain index gate; add only verified evidence"
"https://reumlab.com/website/wedingpeulraeneo/","industry_service","yes","entity-schema-checked","templated-review","yes","review","exact-unique","valid-h1","35","Answer|BreadcrumbList|ContactPoint|Country|FAQPage|ListItem|OpeningHoursSpecification|Organization|PostalAddress|ProfessionalService|PropertyValue|Question|Service|WebSite","not-date-bearing","yes","P2-monitor","retain index gate; add only verified evidence"
"https://reumlab.com/website/wedingseutyudio/","industry_service","yes","entity-schema-checked","templated-review","yes","review","exact-unique","valid-h1","35","Answer|BreadcrumbList|ContactPoint|Country|FAQPage|ListItem|OpeningHoursSpecification|Organization|PostalAddress|ProfessionalService|PropertyValue|Question|Service|WebSite","not-date-bearing","yes","P2-monitor","retain index gate; add only verified evidence"
"https://reumlab.com/website/woteopakeu/","industry_service","yes","entity-schema-checked","templated-review","yes","review","exact-unique","valid-h1","35","Answer|BreadcrumbList|ContactPoint|Country|FAQPage|ListItem|OpeningHoursSpecification|Organization|PostalAddress|ProfessionalService|PropertyValue|Question|Service|WebSite","not-date-bearing","yes","P2-monitor","retain index gate; add only verified evidence"
"https://reumlab.com/website/yaggug/","industry_service","yes","entity-schema-checked","templated-review","yes","review","exact-unique","valid-h1","35","Answer|BreadcrumbList|ContactPoint|Country|FAQPage|ListItem|OpeningHoursSpecification|Organization|PostalAddress|ProfessionalService|PropertyValue|Question|Service|WebSite","not-date-bearing","yes","P2-monitor","retain index gate; add only verified evidence"
"https://reumlab.com/website/yangsigdang/","industry_service","yes","entity-schema-checked","templated-review","yes","review","exact-unique","valid-h1","35","Answer|BreadcrumbList|ContactPoint|Country|FAQPage|ListItem|OpeningHoursSpecification|Organization|PostalAddress|ProfessionalService|PropertyValue|Question|Service|WebSite","not-date-bearing","yes","P2-monitor","retain index gate; add only verified evidence"
"https://reumlab.com/website/yeohaengsa/","industry_service","yes","entity-schema-checked","templated-review","yes","review","exact-unique","valid-h1","35","Answer|BreadcrumbList|ContactPoint|Country|FAQPage|ListItem|OpeningHoursSpecification|Organization|PostalAddress|ProfessionalService|PropertyValue|Question|Service|WebSite","not-date-bearing","yes","P2-monitor","retain index gate; add only verified evidence"
"https://reumlab.com/website/yeolsoeeobche/","industry_service","yes","entity-schema-checked","templated-review","yes","review","exact-unique","valid-h1","35","Answer|BreadcrumbList|ContactPoint|Country|FAQPage|ListItem|OpeningHoursSpecification|Organization|PostalAddress|ProfessionalService|PropertyValue|Question|Service|WebSite","not-date-bearing","yes","P2-monitor","retain index gate; add only verified evidence"
"https://reumlab.com/website/yeongeohagwon/","industry_service","yes","entity-schema-checked","templated-review","yes","review","exact-unique","valid-h1","36","Answer|BreadcrumbList|ContactPoint|Country|FAQPage|ListItem|OpeningHoursSpecification|Organization|PostalAddress|ProfessionalService|PropertyValue|Question|Service|WebSite","not-date-bearing","yes","P2-monitor","retain index gate; add only verified evidence"
"https://reumlab.com/website/yeongsangjejageobche/","industry_service","yes","entity-schema-checked","templated-review","yes","review","exact-unique","valid-h1","35","Answer|BreadcrumbList|ContactPoint|Country|FAQPage|ListItem|OpeningHoursSpecification|Organization|PostalAddress|ProfessionalService|PropertyValue|Question|Service|WebSite","not-date-bearing","yes","P2-monitor","retain index gate; add only verified evidence"
"https://reumlab.com/website/yeonguso/","industry_service","yes","entity-schema-checked","templated-review","yes","review","exact-unique","valid-h1","35","Answer|BreadcrumbList|ContactPoint|Country|FAQPage|ListItem|OpeningHoursSpecification|Organization|PostalAddress|ProfessionalService|PropertyValue|Question|Service|WebSite","not-date-bearing","yes","P2-monitor","retain index gate; add only verified evidence"
"https://reumlab.com/website/yogawon/","industry_service","yes","entity-schema-checked","templated-review","yes","review","exact-unique","valid-h1","35","Answer|BreadcrumbList|ContactPoint|Country|FAQPage|ListItem|OpeningHoursSpecification|Organization|PostalAddress|ProfessionalService|PropertyValue|Question|Service|WebSite","not-date-bearing","yes","P2-monitor","retain index gate; add only verified evidence"
"https://reumlab.com/website/yongdaleobche/","industry_service","yes","entity-schema-checked","templated-review","yes","review","exact-unique","valid-h1","35","Answer|BreadcrumbList|ContactPoint|Country|FAQPage|ListItem|OpeningHoursSpecification|Organization|PostalAddress|ProfessionalService|PropertyValue|Question|Service|WebSite","not-date-bearing","yes","P2-monitor","retain index gate; add only verified evidence"
"https://reumlab.com/website/yongjeobeobche/","industry_service","yes","entity-schema-checked","templated-review","yes","review","exact-unique","valid-h1","35","Answer|BreadcrumbList|ContactPoint|Country|FAQPage|ListItem|OpeningHoursSpecification|Organization|PostalAddress|ProfessionalService|PropertyValue|Question|Service|WebSite","not-date-bearing","yes","P2-monitor","retain index gate; add only verified evidence"
"https://reumlab.com/website/yorihagwon/","industry_service","yes","entity-schema-checked","templated-review","yes","review","exact-unique","valid-h1","36","Answer|BreadcrumbList|ContactPoint|Country|FAQPage|ListItem|OpeningHoursSpecification|Organization|PostalAddress|ProfessionalService|PropertyValue|Question|Service|WebSite","not-date-bearing","yes","P2-monitor","retain index gate; add only verified evidence"
"https://reumlab.com/website/yoyangbyeongwon/","industry_service","yes","entity-schema-checked","templated-review","yes","review","exact-unique","valid-h1","35","Answer|BreadcrumbList|ContactPoint|Country|FAQPage|ListItem|OpeningHoursSpecification|Organization|PostalAddress|ProfessionalService|PropertyValue|Question|Service|WebSite","not-date-bearing","yes","P2-monitor","retain index gate; add only verified evidence"
"https://reumlab.com/website/yoyangwon/","industry_service","yes","entity-schema-checked","templated-review","yes","review","exact-unique","valid-h1","35","Answer|BreadcrumbList|ContactPoint|Country|FAQPage|ListItem|OpeningHoursSpecification|Organization|PostalAddress|ProfessionalService|PropertyValue|Question|Service|WebSite","not-date-bearing","yes","P2-monitor","retain index gate; add only verified evidence"
"https://reumlab.com/website/yuchiwon/","industry_service","yes","entity-schema-checked","templated-review","yes","review","exact-unique","valid-h1","36","Answer|BreadcrumbList|ContactPoint|Country|FAQPage|ListItem|OpeningHoursSpecification|Organization|PostalAddress|ProfessionalService|PropertyValue|Question|Service|WebSite","not-date-bearing","yes","P2-monitor","retain index gate; add only verified evidence"
"https://reumlab.com/website/yuhagwon/","industry_service","yes","entity-schema-checked","templated-review","yes","review","exact-unique","valid-h1","36","Answer|BreadcrumbList|ContactPoint|Country|FAQPage|ListItem|OpeningHoursSpecification|Organization|PostalAddress|ProfessionalService|PropertyValue|Question|Service|WebSite","not-date-bearing","yes","P2-monitor","retain index gate; add only verified evidence"
"https://reumlab.com/website/yuramseon/","industry_service","yes","entity-schema-checked","templated-review","yes","review","exact-unique","valid-h1","35","Answer|BreadcrumbList|ContactPoint|Country|FAQPage|ListItem|OpeningHoursSpecification|Organization|PostalAddress|ProfessionalService|PropertyValue|Question|Service|WebSite","not-date-bearing","yes","P2-monitor","retain index gate; add only verified evidence"
"https://reumlab.com/website/yutongkeonseolting/","industry_service","yes","entity-schema-checked","templated-review","yes","review","exact-unique","valid-h1","35","Answer|BreadcrumbList|ContactPoint|Country|FAQPage|ListItem|OpeningHoursSpecification|Organization|PostalAddress|ProfessionalService|PropertyValue|Question|Service|WebSite","not-date-bearing","yes","P2-monitor","retain index gate; add only verified evidence"
"https://reumlab.com/website/yutyubeujejagsa/","industry_service","yes","entity-schema-checked","templated-review","yes","review","exact-unique","valid-h1","35","Answer|BreadcrumbList|ContactPoint|Country|FAQPage|ListItem|OpeningHoursSpecification|Organization|PostalAddress|ProfessionalService|PropertyValue|Question|Service|WebSite","not-date-bearing","yes","P2-monitor","retain index gate; add only verified evidence"
"https://reumlab.com/website-agency/","service_or_hub","yes","entity-schema-checked","moderate","yes","yes","exact-unique","valid-h1","33","Answer|BreadcrumbList|ContactPoint|Country|FAQPage|ListItem|OpeningHoursSpecification|Organization|PostalAddress|ProfessionalService|PropertyValue|Question|Service|WebSite","not-date-bearing","yes","P1","retain and monitor"
"https://reumlab.com/windows-app-development/","service_or_hub","yes","entity-schema-checked","moderate","yes","yes","exact-unique","valid-h1","29","Answer|BreadcrumbList|ContactPoint|Country|FAQPage|ListItem|OpeningHoursSpecification|Organization|PostalAddress|ProfessionalService|PropertyValue|Question|Service|WebSite","not-date-bearing","yes","P1","retain and monitor"
