"url","intent_cluster","decision","target","status","reason"
"https://reumlab.com/404","legacy","redirect","/404.html","404","consolidate legacy signal without a chain"
"https://reumlab.com/404/","legacy","redirect","/404.html","404","consolidate legacy signal without a chain"
"https://reumlab.com/privacy.html","legacy","redirect","/privacy/","301","consolidate legacy signal without a chain"
"https://reumlab.com/terms.html","legacy","redirect","/terms/","301","consolidate legacy signal without a chain"
"https://reumlab.com/refund.html","legacy","redirect","/refund/","301","consolidate legacy signal without a chain"
"https://reumlab.com/스타트업MVP","legacy","redirect","/mvp/","301","consolidate legacy signal without a chain"
"https://reumlab.com/스타트업MVP/","legacy","redirect","/mvp/","301","consolidate legacy signal without a chain"
"https://reumlab.com/스타트업mvp","legacy","redirect","/mvp/","301","consolidate legacy signal without a chain"
"https://reumlab.com/스타트업mvp/","legacy","redirect","/mvp/","301","consolidate legacy signal without a chain"
"https://reumlab.com/앱개발","legacy","redirect","/flutter/","301","consolidate legacy signal without a chain"
"https://reumlab.com/앱개발/","legacy","redirect","/flutter/","301","consolidate legacy signal without a chain"
"https://reumlab.com/솔루션SaaS","legacy","redirect","/ai-development/","301","consolidate legacy signal without a chain"
"https://reumlab.com/솔루션SaaS/","legacy","redirect","/ai-development/","301","consolidate legacy signal without a chain"
"https://reumlab.com/AI서비스개발","legacy","redirect","/ai-development/","301","consolidate legacy signal without a chain"
"https://reumlab.com/AI서비스개발/","legacy","redirect","/ai-development/","301","consolidate legacy signal without a chain"
"https://reumlab.com/bootcamp/ai-app","legacy","redirect","/ai-development/","301","consolidate legacy signal without a chain"
"https://reumlab.com/bootcamp/ai-app/","legacy","redirect","/ai-development/","301","consolidate legacy signal without a chain"
"https://reumlab.com/consultation","legacy","redirect","/#contact","301","consolidate legacy signal without a chain"
"https://reumlab.com/consultation/","legacy","redirect","/#contact","301","consolidate legacy signal without a chain"
"https://reumlab.com/portfolio","legacy","redirect","/portfolio/","301","consolidate legacy signal without a chain"
"https://reumlab.com/portfolio/*","legacy","redirect","/portfolio/","301","consolidate legacy signal without a chain"
"https://reumlab.com/l/suwon-app-dev","legacy","redirect","/app-development/suwon/","301","consolidate legacy signal without a chain"
"https://reumlab.com/l/suwon-app-dev/","legacy","redirect","/app-development/suwon/","301","consolidate legacy signal without a chain"
"https://reumlab.com/l/suwon-app-dev-out","legacy","redirect","/app-development/suwon/","301","consolidate legacy signal without a chain"
"https://reumlab.com/l/suwon-app-dev-out/","legacy","redirect","/app-development/suwon/","301","consolidate legacy signal without a chain"
"https://reumlab.com/l/suwon-app-dev-cost","legacy","redirect","/app-development/suwon/","301","consolidate legacy signal without a chain"
"https://reumlab.com/l/suwon-app-dev-cost/","legacy","redirect","/app-development/suwon/","301","consolidate legacy signal without a chain"
"https://reumlab.com/l/suwon-app-dev-quote","legacy","redirect","/app-development/suwon/","301","consolidate legacy signal without a chain"
"https://reumlab.com/l/suwon-app-dev-quote/","legacy","redirect","/app-development/suwon/","301","consolidate legacy signal without a chain"
"https://reumlab.com/l/bundang-app-dev","legacy","redirect","/app-development/bundang/","301","consolidate legacy signal without a chain"
"https://reumlab.com/l/bundang-app-dev/","legacy","redirect","/app-development/bundang/","301","consolidate legacy signal without a chain"
"https://reumlab.com/l/seongnam-app-dev","legacy","redirect","/app-development/seongnam/","301","consolidate legacy signal without a chain"
"https://reumlab.com/l/seongnam-app-dev/","legacy","redirect","/app-development/seongnam/","301","consolidate legacy signal without a chain"
"https://reumlab.com/l/seongnam-app-dev-out","legacy","redirect","/app-development/seongnam/","301","consolidate legacy signal without a chain"
"https://reumlab.com/l/seongnam-app-dev-out/","legacy","redirect","/app-development/seongnam/","301","consolidate legacy signal without a chain"
"https://reumlab.com/l/seongnam-app-dev-cost","legacy","redirect","/app-development/seongnam/","301","consolidate legacy signal without a chain"
"https://reumlab.com/l/seongnam-app-dev-cost/","legacy","redirect","/app-development/seongnam/","301","consolidate legacy signal without a chain"
"https://reumlab.com/l/seongnam-app-dev-quote","legacy","redirect","/app-development/seongnam/","301","consolidate legacy signal without a chain"
"https://reumlab.com/l/seongnam-app-dev-quote/","legacy","redirect","/app-development/seongnam/","301","consolidate legacy signal without a chain"
"https://reumlab.com/l/suwon-web-dev","legacy","redirect","/web-development/suwon/","301","consolidate legacy signal without a chain"
"https://reumlab.com/l/suwon-web-dev/","legacy","redirect","/web-development/suwon/","301","consolidate legacy signal without a chain"
"https://reumlab.com/l/suwon-web-dev-cost","legacy","redirect","/web-development/suwon/","301","consolidate legacy signal without a chain"
"https://reumlab.com/l/suwon-web-dev-cost/","legacy","redirect","/web-development/suwon/","301","consolidate legacy signal without a chain"
"https://reumlab.com/l/suwon-web-dev-quote","legacy","redirect","/web-development/suwon/","301","consolidate legacy signal without a chain"
"https://reumlab.com/l/suwon-web-dev-quote/","legacy","redirect","/web-development/suwon/","301","consolidate legacy signal without a chain"
"https://reumlab.com/l/suwon-homepage-dev","legacy","redirect","/web-development/suwon/","301","consolidate legacy signal without a chain"
"https://reumlab.com/l/suwon-homepage-dev/","legacy","redirect","/web-development/suwon/","301","consolidate legacy signal without a chain"
"https://reumlab.com/l/suwon-homepage-dev-cost","legacy","redirect","/web-development/suwon/","301","consolidate legacy signal without a chain"
"https://reumlab.com/l/suwon-homepage-dev-cost/","legacy","redirect","/web-development/suwon/","301","consolidate legacy signal without a chain"
"https://reumlab.com/l/suwon-homepage-dev-quote","legacy","redirect","/web-development/suwon/","301","consolidate legacy signal without a chain"
"https://reumlab.com/l/suwon-homepage-dev-quote/","legacy","redirect","/web-development/suwon/","301","consolidate legacy signal without a chain"
"https://reumlab.com/l/suwon-website-dev","legacy","redirect","/web-development/suwon/","301","consolidate legacy signal without a chain"
"https://reumlab.com/l/suwon-website-dev/","legacy","redirect","/web-development/suwon/","301","consolidate legacy signal without a chain"
"https://reumlab.com/l/suwon-landing-page","legacy","redirect","/web-development/suwon/","301","consolidate legacy signal without a chain"
"https://reumlab.com/l/suwon-landing-page/","legacy","redirect","/web-development/suwon/","301","consolidate legacy signal without a chain"
"https://reumlab.com/l/suwon-landing-page-cost","legacy","redirect","/web-development/suwon/","301","consolidate legacy signal without a chain"
"https://reumlab.com/l/suwon-landing-page-cost/","legacy","redirect","/web-development/suwon/","301","consolidate legacy signal without a chain"
"https://reumlab.com/l/suwon-landing-page-quote","legacy","redirect","/web-development/suwon/","301","consolidate legacy signal without a chain"
"https://reumlab.com/l/suwon-landing-page-quote/","legacy","redirect","/web-development/suwon/","301","consolidate legacy signal without a chain"
"https://reumlab.com/l/gangnam-landing-page-quote","legacy","redirect","/web-development/gangnam/","301","consolidate legacy signal without a chain"
"https://reumlab.com/l/gangnam-landing-page-quote/","legacy","redirect","/web-development/gangnam/","301","consolidate legacy signal without a chain"
"https://reumlab.com/l/seongnam-web-dev","legacy","redirect","/web-development/seongnam/","301","consolidate legacy signal without a chain"
"https://reumlab.com/l/seongnam-web-dev/","legacy","redirect","/web-development/seongnam/","301","consolidate legacy signal without a chain"
"https://reumlab.com/l/seongnam-homepage-dev","legacy","redirect","/web-development/seongnam/","301","consolidate legacy signal without a chain"
"https://reumlab.com/l/seongnam-homepage-dev/","legacy","redirect","/web-development/seongnam/","301","consolidate legacy signal without a chain"
"https://reumlab.com/l/seongnam-website-dev","legacy","redirect","/web-development/seongnam/","301","consolidate legacy signal without a chain"
"https://reumlab.com/l/seongnam-website-dev/","legacy","redirect","/web-development/seongnam/","301","consolidate legacy signal without a chain"
"https://reumlab.com/l/seongnam-landing-page","legacy","redirect","/web-development/seongnam/","301","consolidate legacy signal without a chain"
"https://reumlab.com/l/seongnam-landing-page/","legacy","redirect","/web-development/seongnam/","301","consolidate legacy signal without a chain"
"https://reumlab.com/l/seongnam-web-dev-cost","legacy","redirect","/web-development/seongnam/","301","consolidate legacy signal without a chain"
"https://reumlab.com/l/seongnam-web-dev-cost/","legacy","redirect","/web-development/seongnam/","301","consolidate legacy signal without a chain"
"https://reumlab.com/l/seongnam-web-dev-quote","legacy","redirect","/web-development/seongnam/","301","consolidate legacy signal without a chain"
"https://reumlab.com/l/seongnam-web-dev-quote/","legacy","redirect","/web-development/seongnam/","301","consolidate legacy signal without a chain"
"https://reumlab.com/l/seongnam-homepage-dev-cost","legacy","redirect","/web-development/seongnam/","301","consolidate legacy signal without a chain"
"https://reumlab.com/l/seongnam-homepage-dev-cost/","legacy","redirect","/web-development/seongnam/","301","consolidate legacy signal without a chain"
"https://reumlab.com/l/seongnam-homepage-dev-quote","legacy","redirect","/web-development/seongnam/","301","consolidate legacy signal without a chain"
"https://reumlab.com/l/seongnam-homepage-dev-quote/","legacy","redirect","/web-development/seongnam/","301","consolidate legacy signal without a chain"
"https://reumlab.com/l/seongnam-landing-page-cost","legacy","redirect","/web-development/seongnam/","301","consolidate legacy signal without a chain"
"https://reumlab.com/l/seongnam-landing-page-cost/","legacy","redirect","/web-development/seongnam/","301","consolidate legacy signal without a chain"
"https://reumlab.com/l/seongnam-landing-page-quote","legacy","redirect","/web-development/seongnam/","301","consolidate legacy signal without a chain"
"https://reumlab.com/l/seongnam-landing-page-quote/","legacy","redirect","/web-development/seongnam/","301","consolidate legacy signal without a chain"
"https://reumlab.com/l/suwon-mvp-dev","legacy","redirect","/mvp/suwon/","301","consolidate legacy signal without a chain"
"https://reumlab.com/l/suwon-mvp-dev/","legacy","redirect","/mvp/suwon/","301","consolidate legacy signal without a chain"
"https://reumlab.com/l/seongnam-mvp-dev","legacy","redirect","/mvp/seongnam/","301","consolidate legacy signal without a chain"
"https://reumlab.com/l/seongnam-mvp-dev/","legacy","redirect","/mvp/seongnam/","301","consolidate legacy signal without a chain"
"https://reumlab.com/l/app-dev-*","legacy","redirect","/guide/app-cost/","301","consolidate legacy signal without a chain"
"https://reumlab.com/l/mobile-app-*","legacy","redirect","/guide/app-cost/","301","consolidate legacy signal without a chain"
"https://reumlab.com/l/homepage-dev-*","legacy","redirect","/guide/web-cost/","301","consolidate legacy signal without a chain"
"https://reumlab.com/l/web-dev-*","legacy","redirect","/guide/web-cost/","301","consolidate legacy signal without a chain"
"https://reumlab.com/l/landing-page-*","legacy","redirect","/guide/web-cost/","301","consolidate legacy signal without a chain"
"https://reumlab.com/l/website-dev-*","legacy","redirect","/guide/web-cost/","301","consolidate legacy signal without a chain"
"https://reumlab.com/l/responsive-web-*","legacy","redirect","/guide/web-cost/","301","consolidate legacy signal without a chain"
"https://reumlab.com/l/mvp-dev-*","legacy","redirect","/guide/mvp-cost/","301","consolidate legacy signal without a chain"
"https://reumlab.com/l/shopping-mall-*","legacy","redirect","/l/shopping-mall-cost/","301","consolidate legacy signal without a chain"
"https://reumlab.com/l/service-plan-*","legacy","redirect","/l/service-plan-cost/","301","consolidate legacy signal without a chain"
"https://reumlab.com/blog/앱-개발-비용-*","legacy","redirect","/guide/app-cost/","301","consolidate legacy signal without a chain"
"https://reumlab.com/blog/앱-개발-기간-*","legacy","redirect","/guide/app-cost/","301","consolidate legacy signal without a chain"
"https://reumlab.com/blog/앱-개발-견적-*","legacy","redirect","/guide/quote/","301","consolidate legacy signal without a chain"
"https://reumlab.com/blog/앱-개발-비전공자-*","legacy","redirect","/guide/non-developer-app/","301","consolidate legacy signal without a chain"
"https://reumlab.com/blog/앱-개발-실패-예방-*","legacy","redirect","/guide/outsourcing-cost/","301","consolidate legacy signal without a chain"
"https://reumlab.com/blog/앱-개발-외주-*","legacy","redirect","/app-development/","301","consolidate legacy signal without a chain"
"https://reumlab.com/blog/홈페이지-제작-비용-*","legacy","redirect","/guide/web-cost/","301","consolidate legacy signal without a chain"
"https://reumlab.com/blog/홈페이지-제작-견적-*","legacy","redirect","/guide/web-cost/","301","consolidate legacy signal without a chain"
"https://reumlab.com/blog/홈페이지-제작-seo-*","legacy","redirect","/web-development/","301","consolidate legacy signal without a chain"
"https://reumlab.com/blog/홈페이지-제작-디자인-*","legacy","redirect","/web-development/","301","consolidate legacy signal without a chain"
"https://reumlab.com/blog/홈페이지-제작-템플릿-*","legacy","redirect","/web-development/","301","consolidate legacy signal without a chain"
"https://reumlab.com/blog/홈페이지-제작-업체-*","legacy","redirect","/web-development/","301","consolidate legacy signal without a chain"
"https://reumlab.com/blog/웹개발-비용-*","legacy","redirect","/guide/web-cost/","301","consolidate legacy signal without a chain"
"https://reumlab.com/blog/웹개발-외주-*","legacy","redirect","/web-development/","301","consolidate legacy signal without a chain"
"https://reumlab.com/blog/웹개발-회사-*","legacy","redirect","/web-development/","301","consolidate legacy signal without a chain"
"https://reumlab.com/blog/웹개발-기술-*","legacy","redirect","/web-development/","301","consolidate legacy signal without a chain"
"https://reumlab.com/blog/웹개발-인턴-*","legacy","redirect","/web-development/","301","consolidate legacy signal without a chain"
"https://reumlab.com/blog/웹개발-학원-*","legacy","redirect","/web-development/","301","consolidate legacy signal without a chain"
"https://reumlab.com/blog/랜딩페이지-제작-*","legacy","redirect","/web-development/","301","consolidate legacy signal without a chain"
"https://reumlab.com/blog/랜딩페이지-비용-*","legacy","redirect","/guide/web-cost/","301","consolidate legacy signal without a chain"
"https://reumlab.com/blog/랜딩페이지-seo-*","legacy","redirect","/web-development/","301","consolidate legacy signal without a chain"
"https://reumlab.com/blog/랜딩페이지-전환율-*","legacy","redirect","/web-development/","301","consolidate legacy signal without a chain"
"https://reumlab.com/blog/랜딩페이지-디자인-*","legacy","redirect","/web-development/","301","consolidate legacy signal without a chain"
"https://reumlab.com/blog/랜딩페이지-마케팅-*","legacy","redirect","/web-development/","301","consolidate legacy signal without a chain"
"https://reumlab.com/blog/flutter-비용-*","legacy","redirect","/guide/flutter-cost/","301","consolidate legacy signal without a chain"
"https://reumlab.com/blog/flutter-mvp-*","legacy","redirect","/flutter/","301","consolidate legacy signal without a chain"
"https://reumlab.com/blog/flutter-단점-*","legacy","redirect","/flutter/","301","consolidate legacy signal without a chain"
"https://reumlab.com/blog/flutter-장점-*","legacy","redirect","/flutter/","301","consolidate legacy signal without a chain"
"https://reumlab.com/blog/flutter-크로스-*","legacy","redirect","/flutter/","301","consolidate legacy signal without a chain"
"https://reumlab.com/blog/flutter-배우기-*","legacy","redirect","/flutter/","301","consolidate legacy signal without a chain"
"https://reumlab.com/blog/mvp-비용-*","legacy","redirect","/guide/mvp-cost/","301","consolidate legacy signal without a chain"
"https://reumlab.com/blog/mvp-기간-*","legacy","redirect","/guide/mvp-cost/","301","consolidate legacy signal without a chain"
"https://reumlab.com/blog/mvp-검증-*","legacy","redirect","/mvp/","301","consolidate legacy signal without a chain"
"https://reumlab.com/blog/mvp-전략-*","legacy","redirect","/mvp/","301","consolidate legacy signal without a chain"
"https://reumlab.com/blog/mvp-아이디어-*","legacy","redirect","/mvp/","301","consolidate legacy signal without a chain"
"https://reumlab.com/blog/mvp-시장-*","legacy","redirect","/mvp/","301","consolidate legacy signal without a chain"
"https://reumlab.com/blog/외주개발-비용-*","legacy","redirect","/guide/outsourcing-cost/","301","consolidate legacy signal without a chain"
"https://reumlab.com/blog/외주개발-업체-*","legacy","redirect","/app-development/","301","consolidate legacy signal without a chain"
"https://reumlab.com/blog/외주개발-계약-*","legacy","redirect","/source-handover/","301","consolidate legacy signal without a chain"
"https://reumlab.com/blog/외주개발-일정-*","legacy","redirect","/app-development/","301","consolidate legacy signal without a chain"
"https://reumlab.com/blog/외주개발-품질-*","legacy","redirect","/source-handover/","301","consolidate legacy signal without a chain"
"https://reumlab.com/blog/외주개발-유지보수-*","legacy","redirect","/source-handover/","301","consolidate legacy signal without a chain"
"https://reumlab.com/blog/ai개발-비용-*","legacy","redirect","/ai-development/","301","consolidate legacy signal without a chain"
"https://reumlab.com/blog/ai개발-챗봇-*","legacy","redirect","/guide/chatbot-cost/","301","consolidate legacy signal without a chain"
"https://reumlab.com/blog/ai개발-ml-*","legacy","redirect","/ai-development/","301","consolidate legacy signal without a chain"
"https://reumlab.com/blog/ai개발-학습-*","legacy","redirect","/ai-development/","301","consolidate legacy signal without a chain"
"https://reumlab.com/blog/ai개발-기술-*","legacy","redirect","/ai-development/","301","consolidate legacy signal without a chain"
"https://reumlab.com/blog/ai개발-외주-*","legacy","redirect","/ai-development/","301","consolidate legacy signal without a chain"
"https://reumlab.com/blog/데이터분석-비용-*","legacy","redirect","/ai-development/","301","consolidate legacy signal without a chain"
"https://reumlab.com/blog/데이터분석-학원-*","legacy","redirect","/ai-development/","301","consolidate legacy signal without a chain"
"https://reumlab.com/blog/-16","legacy","redirect","/blog/","301","consolidate legacy signal without a chain"
"https://reumlab.com/blog/-16/","legacy","redirect","/blog/","301","consolidate legacy signal without a chain"
"https://reumlab.com/blog/-seo-18","legacy","redirect","/web-development/","301","consolidate legacy signal without a chain"
"https://reumlab.com/blog/-seo-18/","legacy","redirect","/web-development/","301","consolidate legacy signal without a chain"
"https://reumlab.com/blog/flutter-14","legacy","redirect","/flutter/","301","consolidate legacy signal without a chain"
"https://reumlab.com/blog/flutter-14/","legacy","redirect","/flutter/","301","consolidate legacy signal without a chain"
"https://reumlab.com/blog/mvp-22","legacy","redirect","/mvp/","301","consolidate legacy signal without a chain"
"https://reumlab.com/blog/mvp-22/","legacy","redirect","/mvp/","301","consolidate legacy signal without a chain"
"https://reumlab.com/l/app-dev-cost/","legacy_landing","redirect","/guide/app-cost/","301","expanded from /l/app-dev-*; consolidate query variant"
"https://reumlab.com/l/app-dev-quote/","legacy_landing","redirect","/guide/app-cost/","301","expanded from /l/app-dev-*; consolidate query variant"
"https://reumlab.com/l/app-dev-price/","legacy_landing","redirect","/guide/app-cost/","301","expanded from /l/app-dev-*; consolidate query variant"
"https://reumlab.com/l/app-dev-production-cost/","legacy_landing","redirect","/guide/app-cost/","301","expanded from /l/app-dev-*; consolidate query variant"
"https://reumlab.com/l/app-dev-dev-cost/","legacy_landing","redirect","/guide/app-cost/","301","expanded from /l/app-dev-*; consolidate query variant"
"https://reumlab.com/l/app-dev-quote-inquiry/","legacy_landing","redirect","/guide/app-cost/","301","expanded from /l/app-dev-*; consolidate query variant"
"https://reumlab.com/l/app-dev-cost-consult/","legacy_landing","redirect","/guide/app-cost/","301","expanded from /l/app-dev-*; consolidate query variant"
"https://reumlab.com/l/app-dev-out-source-cost/","legacy_landing","redirect","/guide/app-cost/","301","expanded from /l/app-dev-*; consolidate query variant"
"https://reumlab.com/l/app-dev-out-cost/","legacy_landing","redirect","/guide/app-cost/","301","expanded from /l/app-dev-*; consolidate query variant"
"https://reumlab.com/l/app-dev-out-quote/","legacy_landing","redirect","/guide/app-cost/","301","expanded from /l/app-dev-*; consolidate query variant"
"https://reumlab.com/l/app-dev-out-price/","legacy_landing","redirect","/guide/app-cost/","301","expanded from /l/app-dev-*; consolidate query variant"
"https://reumlab.com/l/app-dev-out-production-cost/","legacy_landing","redirect","/guide/app-cost/","301","expanded from /l/app-dev-*; consolidate query variant"
"https://reumlab.com/l/app-dev-out-dev-cost/","legacy_landing","redirect","/guide/app-cost/","301","expanded from /l/app-dev-*; consolidate query variant"
"https://reumlab.com/l/app-dev-out-quote-inquiry/","legacy_landing","redirect","/guide/app-cost/","301","expanded from /l/app-dev-*; consolidate query variant"
"https://reumlab.com/l/app-dev-out-cost-consult/","legacy_landing","redirect","/guide/app-cost/","301","expanded from /l/app-dev-*; consolidate query variant"
"https://reumlab.com/l/app-dev-out-out-source-cost/","legacy_landing","redirect","/guide/app-cost/","301","expanded from /l/app-dev-*; consolidate query variant"
"https://reumlab.com/l/mobile-app-cost/","legacy_landing","redirect","/guide/app-cost/","301","expanded from /l/mobile-app-*; consolidate query variant"
"https://reumlab.com/l/mobile-app-quote/","legacy_landing","redirect","/guide/app-cost/","301","expanded from /l/mobile-app-*; consolidate query variant"
"https://reumlab.com/l/mobile-app-price/","legacy_landing","redirect","/guide/app-cost/","301","expanded from /l/mobile-app-*; consolidate query variant"
"https://reumlab.com/l/mobile-app-production-cost/","legacy_landing","redirect","/guide/app-cost/","301","expanded from /l/mobile-app-*; consolidate query variant"
"https://reumlab.com/l/mobile-app-dev-cost/","legacy_landing","redirect","/guide/app-cost/","301","expanded from /l/mobile-app-*; consolidate query variant"
"https://reumlab.com/l/mobile-app-quote-inquiry/","legacy_landing","redirect","/guide/app-cost/","301","expanded from /l/mobile-app-*; consolidate query variant"
"https://reumlab.com/l/mobile-app-cost-consult/","legacy_landing","redirect","/guide/app-cost/","301","expanded from /l/mobile-app-*; consolidate query variant"
"https://reumlab.com/l/mobile-app-out-source-cost/","legacy_landing","redirect","/guide/app-cost/","301","expanded from /l/mobile-app-*; consolidate query variant"
"https://reumlab.com/l/homepage-dev-cost/","legacy_landing","redirect","/guide/web-cost/","301","expanded from /l/homepage-dev-*; consolidate query variant"
"https://reumlab.com/l/homepage-dev-quote/","legacy_landing","redirect","/guide/web-cost/","301","expanded from /l/homepage-dev-*; consolidate query variant"
"https://reumlab.com/l/homepage-dev-price/","legacy_landing","redirect","/guide/web-cost/","301","expanded from /l/homepage-dev-*; consolidate query variant"
"https://reumlab.com/l/homepage-dev-production-cost/","legacy_landing","redirect","/guide/web-cost/","301","expanded from /l/homepage-dev-*; consolidate query variant"
"https://reumlab.com/l/homepage-dev-dev-cost/","legacy_landing","redirect","/guide/web-cost/","301","expanded from /l/homepage-dev-*; consolidate query variant"
"https://reumlab.com/l/homepage-dev-quote-inquiry/","legacy_landing","redirect","/guide/web-cost/","301","expanded from /l/homepage-dev-*; consolidate query variant"
"https://reumlab.com/l/homepage-dev-cost-consult/","legacy_landing","redirect","/guide/web-cost/","301","expanded from /l/homepage-dev-*; consolidate query variant"
"https://reumlab.com/l/homepage-dev-out-source-cost/","legacy_landing","redirect","/guide/web-cost/","301","expanded from /l/homepage-dev-*; consolidate query variant"
"https://reumlab.com/l/web-dev-cost/","legacy_landing","redirect","/guide/web-cost/","301","expanded from /l/web-dev-*; consolidate query variant"
"https://reumlab.com/l/web-dev-quote/","legacy_landing","redirect","/guide/web-cost/","301","expanded from /l/web-dev-*; consolidate query variant"
"https://reumlab.com/l/web-dev-price/","legacy_landing","redirect","/guide/web-cost/","301","expanded from /l/web-dev-*; consolidate query variant"
"https://reumlab.com/l/web-dev-production-cost/","legacy_landing","redirect","/guide/web-cost/","301","expanded from /l/web-dev-*; consolidate query variant"
"https://reumlab.com/l/web-dev-dev-cost/","legacy_landing","redirect","/guide/web-cost/","301","expanded from /l/web-dev-*; consolidate query variant"
"https://reumlab.com/l/web-dev-quote-inquiry/","legacy_landing","redirect","/guide/web-cost/","301","expanded from /l/web-dev-*; consolidate query variant"
"https://reumlab.com/l/web-dev-cost-consult/","legacy_landing","redirect","/guide/web-cost/","301","expanded from /l/web-dev-*; consolidate query variant"
"https://reumlab.com/l/web-dev-out-source-cost/","legacy_landing","redirect","/guide/web-cost/","301","expanded from /l/web-dev-*; consolidate query variant"
"https://reumlab.com/l/web-dev-simple-cost/","legacy_landing","redirect","/guide/web-cost/","301","expanded from /l/web-dev-*; consolidate query variant"
"https://reumlab.com/l/web-dev-simple-quote/","legacy_landing","redirect","/guide/web-cost/","301","expanded from /l/web-dev-*; consolidate query variant"
"https://reumlab.com/l/web-dev-simple-price/","legacy_landing","redirect","/guide/web-cost/","301","expanded from /l/web-dev-*; consolidate query variant"
"https://reumlab.com/l/web-dev-simple-production-cost/","legacy_landing","redirect","/guide/web-cost/","301","expanded from /l/web-dev-*; consolidate query variant"
"https://reumlab.com/l/web-dev-simple-dev-cost/","legacy_landing","redirect","/guide/web-cost/","301","expanded from /l/web-dev-*; consolidate query variant"
"https://reumlab.com/l/web-dev-simple-quote-inquiry/","legacy_landing","redirect","/guide/web-cost/","301","expanded from /l/web-dev-*; consolidate query variant"
"https://reumlab.com/l/web-dev-simple-cost-consult/","legacy_landing","redirect","/guide/web-cost/","301","expanded from /l/web-dev-*; consolidate query variant"
"https://reumlab.com/l/web-dev-simple-out-source-cost/","legacy_landing","redirect","/guide/web-cost/","301","expanded from /l/web-dev-*; consolidate query variant"
"https://reumlab.com/l/landing-page-cost/","legacy_landing","redirect","/guide/web-cost/","301","expanded from /l/landing-page-*; consolidate query variant"
"https://reumlab.com/l/landing-page-quote/","legacy_landing","redirect","/guide/web-cost/","301","expanded from /l/landing-page-*; consolidate query variant"
"https://reumlab.com/l/landing-page-price/","legacy_landing","redirect","/guide/web-cost/","301","expanded from /l/landing-page-*; consolidate query variant"
"https://reumlab.com/l/landing-page-production-cost/","legacy_landing","redirect","/guide/web-cost/","301","expanded from /l/landing-page-*; consolidate query variant"
"https://reumlab.com/l/landing-page-dev-cost/","legacy_landing","redirect","/guide/web-cost/","301","expanded from /l/landing-page-*; consolidate query variant"
"https://reumlab.com/l/landing-page-quote-inquiry/","legacy_landing","redirect","/guide/web-cost/","301","expanded from /l/landing-page-*; consolidate query variant"
"https://reumlab.com/l/landing-page-cost-consult/","legacy_landing","redirect","/guide/web-cost/","301","expanded from /l/landing-page-*; consolidate query variant"
"https://reumlab.com/l/landing-page-out-source-cost/","legacy_landing","redirect","/guide/web-cost/","301","expanded from /l/landing-page-*; consolidate query variant"
"https://reumlab.com/l/website-dev-cost/","legacy_landing","redirect","/guide/web-cost/","301","expanded from /l/website-dev-*; consolidate query variant"
"https://reumlab.com/l/website-dev-quote/","legacy_landing","redirect","/guide/web-cost/","301","expanded from /l/website-dev-*; consolidate query variant"
"https://reumlab.com/l/website-dev-price/","legacy_landing","redirect","/guide/web-cost/","301","expanded from /l/website-dev-*; consolidate query variant"
"https://reumlab.com/l/website-dev-production-cost/","legacy_landing","redirect","/guide/web-cost/","301","expanded from /l/website-dev-*; consolidate query variant"
"https://reumlab.com/l/website-dev-dev-cost/","legacy_landing","redirect","/guide/web-cost/","301","expanded from /l/website-dev-*; consolidate query variant"
"https://reumlab.com/l/website-dev-quote-inquiry/","legacy_landing","redirect","/guide/web-cost/","301","expanded from /l/website-dev-*; consolidate query variant"
"https://reumlab.com/l/website-dev-cost-consult/","legacy_landing","redirect","/guide/web-cost/","301","expanded from /l/website-dev-*; consolidate query variant"
"https://reumlab.com/l/website-dev-out-source-cost/","legacy_landing","redirect","/guide/web-cost/","301","expanded from /l/website-dev-*; consolidate query variant"
"https://reumlab.com/l/responsive-web-cost/","legacy_landing","redirect","/guide/web-cost/","301","expanded from /l/responsive-web-*; consolidate query variant"
"https://reumlab.com/l/responsive-web-quote/","legacy_landing","redirect","/guide/web-cost/","301","expanded from /l/responsive-web-*; consolidate query variant"
"https://reumlab.com/l/responsive-web-price/","legacy_landing","redirect","/guide/web-cost/","301","expanded from /l/responsive-web-*; consolidate query variant"
"https://reumlab.com/l/responsive-web-production-cost/","legacy_landing","redirect","/guide/web-cost/","301","expanded from /l/responsive-web-*; consolidate query variant"
"https://reumlab.com/l/responsive-web-dev-cost/","legacy_landing","redirect","/guide/web-cost/","301","expanded from /l/responsive-web-*; consolidate query variant"
"https://reumlab.com/l/responsive-web-quote-inquiry/","legacy_landing","redirect","/guide/web-cost/","301","expanded from /l/responsive-web-*; consolidate query variant"
"https://reumlab.com/l/responsive-web-cost-consult/","legacy_landing","redirect","/guide/web-cost/","301","expanded from /l/responsive-web-*; consolidate query variant"
"https://reumlab.com/l/responsive-web-out-source-cost/","legacy_landing","redirect","/guide/web-cost/","301","expanded from /l/responsive-web-*; consolidate query variant"
"https://reumlab.com/l/mvp-dev-cost/","legacy_landing","redirect","/guide/mvp-cost/","301","expanded from /l/mvp-dev-*; consolidate query variant"
"https://reumlab.com/l/mvp-dev-quote/","legacy_landing","redirect","/guide/mvp-cost/","301","expanded from /l/mvp-dev-*; consolidate query variant"
"https://reumlab.com/l/mvp-dev-price/","legacy_landing","redirect","/guide/mvp-cost/","301","expanded from /l/mvp-dev-*; consolidate query variant"
"https://reumlab.com/l/mvp-dev-production-cost/","legacy_landing","redirect","/guide/mvp-cost/","301","expanded from /l/mvp-dev-*; consolidate query variant"
"https://reumlab.com/l/mvp-dev-dev-cost/","legacy_landing","redirect","/guide/mvp-cost/","301","expanded from /l/mvp-dev-*; consolidate query variant"
"https://reumlab.com/l/mvp-dev-quote-inquiry/","legacy_landing","redirect","/guide/mvp-cost/","301","expanded from /l/mvp-dev-*; consolidate query variant"
"https://reumlab.com/l/mvp-dev-cost-consult/","legacy_landing","redirect","/guide/mvp-cost/","301","expanded from /l/mvp-dev-*; consolidate query variant"
"https://reumlab.com/l/mvp-dev-out-source-cost/","legacy_landing","redirect","/guide/mvp-cost/","301","expanded from /l/mvp-dev-*; consolidate query variant"
"https://reumlab.com/l/shopping-mall-quote/","legacy_landing","redirect","/l/shopping-mall-cost/","301","expanded from /l/shopping-mall-*; consolidate query variant"
"https://reumlab.com/l/shopping-mall-price/","legacy_landing","redirect","/l/shopping-mall-cost/","301","expanded from /l/shopping-mall-*; consolidate query variant"
"https://reumlab.com/l/shopping-mall-production-cost/","legacy_landing","redirect","/l/shopping-mall-cost/","301","expanded from /l/shopping-mall-*; consolidate query variant"
"https://reumlab.com/l/shopping-mall-dev-cost/","legacy_landing","redirect","/l/shopping-mall-cost/","301","expanded from /l/shopping-mall-*; consolidate query variant"
"https://reumlab.com/l/shopping-mall-quote-inquiry/","legacy_landing","redirect","/l/shopping-mall-cost/","301","expanded from /l/shopping-mall-*; consolidate query variant"
"https://reumlab.com/l/shopping-mall-cost-consult/","legacy_landing","redirect","/l/shopping-mall-cost/","301","expanded from /l/shopping-mall-*; consolidate query variant"
"https://reumlab.com/l/shopping-mall-out-source-cost/","legacy_landing","redirect","/l/shopping-mall-cost/","301","expanded from /l/shopping-mall-*; consolidate query variant"
"https://reumlab.com/l/service-plan-quote/","legacy_landing","redirect","/l/service-plan-cost/","301","expanded from /l/service-plan-*; consolidate query variant"
"https://reumlab.com/l/service-plan-price/","legacy_landing","redirect","/l/service-plan-cost/","301","expanded from /l/service-plan-*; consolidate query variant"
"https://reumlab.com/l/service-plan-production-cost/","legacy_landing","redirect","/l/service-plan-cost/","301","expanded from /l/service-plan-*; consolidate query variant"
"https://reumlab.com/l/service-plan-dev-cost/","legacy_landing","redirect","/l/service-plan-cost/","301","expanded from /l/service-plan-*; consolidate query variant"
"https://reumlab.com/l/service-plan-quote-inquiry/","legacy_landing","redirect","/l/service-plan-cost/","301","expanded from /l/service-plan-*; consolidate query variant"
"https://reumlab.com/l/service-plan-cost-consult/","legacy_landing","redirect","/l/service-plan-cost/","301","expanded from /l/service-plan-*; consolidate query variant"
"https://reumlab.com/l/service-plan-out-source-cost/","legacy_landing","redirect","/l/service-plan-cost/","301","expanded from /l/service-plan-*; consolidate query variant"
"https://reumlab.com/academy-shopping-mall/","service_or_hub","retain","https://reumlab.com/academy-shopping-mall/","200","self-canonical indexable page"
"https://reumlab.com/admin-page-development/","service_or_hub","retain","https://reumlab.com/admin-page-development/","200","self-canonical indexable page"
"https://reumlab.com/ai-automation/","service_or_hub","retain","https://reumlab.com/ai-automation/","200","self-canonical indexable page"
"https://reumlab.com/ai-development/ansan/","region_service","retain_noindex","https://reumlab.com/ai-development/ansan/","200","quality/index gate"
"https://reumlab.com/ai-development/anyang/","region_service","retain_noindex","https://reumlab.com/ai-development/anyang/","200","quality/index gate"
"https://reumlab.com/ai-development/asan/","region_service","retain_noindex","https://reumlab.com/ai-development/asan/","200","quality/index gate"
"https://reumlab.com/ai-development/bucheon/","region_service","retain_noindex","https://reumlab.com/ai-development/bucheon/","200","quality/index gate"
"https://reumlab.com/ai-development/bundang/","region_service","retain_noindex","https://reumlab.com/ai-development/bundang/","200","quality/index gate"
"https://reumlab.com/ai-development/busan/","region_service","retain_noindex","https://reumlab.com/ai-development/busan/","200","quality/index gate"
"https://reumlab.com/ai-development/changwon/","region_service","retain_noindex","https://reumlab.com/ai-development/changwon/","200","quality/index gate"
"https://reumlab.com/ai-development/cheonan/","region_service","retain_noindex","https://reumlab.com/ai-development/cheonan/","200","quality/index gate"
"https://reumlab.com/ai-development/cheongju/","region_service","retain_noindex","https://reumlab.com/ai-development/cheongju/","200","quality/index gate"
"https://reumlab.com/ai-development/chuncheon/","region_service","retain_noindex","https://reumlab.com/ai-development/chuncheon/","200","quality/index gate"
"https://reumlab.com/ai-development/chungju/","region_service","retain_noindex","https://reumlab.com/ai-development/chungju/","200","quality/index gate"
"https://reumlab.com/ai-development/daegu/","region_service","retain_noindex","https://reumlab.com/ai-development/daegu/","200","quality/index gate"
"https://reumlab.com/ai-development/daejeon/","region_service","retain_noindex","https://reumlab.com/ai-development/daejeon/","200","quality/index gate"
"https://reumlab.com/ai-development/dongtan/","region_service","retain","https://reumlab.com/ai-development/dongtan/","200","self-canonical indexable page"
"https://reumlab.com/ai-development/gangdong/","region_service","retain_noindex","https://reumlab.com/ai-development/gangdong/","200","quality/index gate"
"https://reumlab.com/ai-development/gangnam/","region_service","retain_noindex","https://reumlab.com/ai-development/gangnam/","200","quality/index gate"
"https://reumlab.com/ai-development/gangneung/","region_service","retain_noindex","https://reumlab.com/ai-development/gangneung/","200","quality/index gate"
"https://reumlab.com/ai-development/geoje/","region_service","retain_noindex","https://reumlab.com/ai-development/geoje/","200","quality/index gate"
"https://reumlab.com/ai-development/gimhae/","region_service","retain_noindex","https://reumlab.com/ai-development/gimhae/","200","quality/index gate"
"https://reumlab.com/ai-development/gimpo/","region_service","retain_noindex","https://reumlab.com/ai-development/gimpo/","200","quality/index gate"
"https://reumlab.com/ai-development/goyang/","region_service","retain_noindex","https://reumlab.com/ai-development/goyang/","200","quality/index gate"
"https://reumlab.com/ai-development/gumi/","region_service","retain_noindex","https://reumlab.com/ai-development/gumi/","200","quality/index gate"
"https://reumlab.com/ai-development/gunpo/","region_service","retain_noindex","https://reumlab.com/ai-development/gunpo/","200","quality/index gate"
"https://reumlab.com/ai-development/gunsan/","region_service","retain_noindex","https://reumlab.com/ai-development/gunsan/","200","quality/index gate"
"https://reumlab.com/ai-development/gwacheon/","region_service","retain_noindex","https://reumlab.com/ai-development/gwacheon/","200","quality/index gate"
"https://reumlab.com/ai-development/gwangjin/","region_service","retain_noindex","https://reumlab.com/ai-development/gwangjin/","200","quality/index gate"
"https://reumlab.com/ai-development/gwangju/","region_service","retain_noindex","https://reumlab.com/ai-development/gwangju/","200","quality/index gate"
"https://reumlab.com/ai-development/gwangmyeong/","region_service","retain_noindex","https://reumlab.com/ai-development/gwangmyeong/","200","quality/index gate"
"https://reumlab.com/ai-development/gwangyang/","region_service","retain_noindex","https://reumlab.com/ai-development/gwangyang/","200","quality/index gate"
"https://reumlab.com/ai-development/gyeongju/","region_service","retain_noindex","https://reumlab.com/ai-development/gyeongju/","200","quality/index gate"
"https://reumlab.com/ai-development/gyeongsan/","region_service","retain_noindex","https://reumlab.com/ai-development/gyeongsan/","200","quality/index gate"
"https://reumlab.com/ai-development/haeundae/","region_service","retain_noindex","https://reumlab.com/ai-development/haeundae/","200","quality/index gate"
"https://reumlab.com/ai-development/hanam/","region_service","retain_noindex","https://reumlab.com/ai-development/hanam/","200","quality/index gate"
"https://reumlab.com/ai-development/hwaseong/","region_service","retain","https://reumlab.com/ai-development/hwaseong/","200","self-canonical indexable page"
"https://reumlab.com/ai-development/icheon/","region_service","retain_noindex","https://reumlab.com/ai-development/icheon/","200","quality/index gate"
"https://reumlab.com/ai-development/iksan/","region_service","retain_noindex","https://reumlab.com/ai-development/iksan/","200","quality/index gate"
"https://reumlab.com/ai-development/incheon/","region_service","retain_noindex","https://reumlab.com/ai-development/incheon/","200","quality/index gate"
"https://reumlab.com/ai-development/","service_or_hub","retain","https://reumlab.com/ai-development/","200","self-canonical indexable page"
"https://reumlab.com/ai-development/jeju/","region_service","retain_noindex","https://reumlab.com/ai-development/jeju/","200","quality/index gate"
"https://reumlab.com/ai-development/jeonju/","region_service","retain_noindex","https://reumlab.com/ai-development/jeonju/","200","quality/index gate"
"https://reumlab.com/ai-development/jinju/","region_service","retain_noindex","https://reumlab.com/ai-development/jinju/","200","quality/index gate"
"https://reumlab.com/ai-development/jongno/","region_service","retain_noindex","https://reumlab.com/ai-development/jongno/","200","quality/index gate"
"https://reumlab.com/ai-development/mapo/","region_service","retain_noindex","https://reumlab.com/ai-development/mapo/","200","quality/index gate"
"https://reumlab.com/ai-development/mokpo/","region_service","retain_noindex","https://reumlab.com/ai-development/mokpo/","200","quality/index gate"
"https://reumlab.com/ai-development/namyangju/","region_service","retain_noindex","https://reumlab.com/ai-development/namyangju/","200","quality/index gate"
"https://reumlab.com/ai-development/nowon/","region_service","retain_noindex","https://reumlab.com/ai-development/nowon/","200","quality/index gate"
"https://reumlab.com/ai-development/osan/","region_service","retain_noindex","https://reumlab.com/ai-development/osan/","200","quality/index gate"
"https://reumlab.com/ai-development/paju/","region_service","retain_noindex","https://reumlab.com/ai-development/paju/","200","quality/index gate"
"https://reumlab.com/ai-development/pangyo/","region_service","retain_noindex","https://reumlab.com/ai-development/pangyo/","200","quality/index gate"
"https://reumlab.com/ai-development/pohang/","region_service","retain_noindex","https://reumlab.com/ai-development/pohang/","200","quality/index gate"
"https://reumlab.com/ai-development/pyeongtaek/","region_service","retain_noindex","https://reumlab.com/ai-development/pyeongtaek/","200","quality/index gate"
"https://reumlab.com/ai-development/sejong/","region_service","retain_noindex","https://reumlab.com/ai-development/sejong/","200","quality/index gate"
"https://reumlab.com/ai-development/seocho/","region_service","retain_noindex","https://reumlab.com/ai-development/seocho/","200","quality/index gate"
"https://reumlab.com/ai-development/seogwipo/","region_service","retain_noindex","https://reumlab.com/ai-development/seogwipo/","200","quality/index gate"
"https://reumlab.com/ai-development/seongnam/","region_service","retain_noindex","https://reumlab.com/ai-development/seongnam/","200","quality/index gate"
"https://reumlab.com/ai-development/seongsu/","region_service","retain_noindex","https://reumlab.com/ai-development/seongsu/","200","quality/index gate"
"https://reumlab.com/ai-development/seosan/","region_service","retain_noindex","https://reumlab.com/ai-development/seosan/","200","quality/index gate"
"https://reumlab.com/ai-development/sokcho/","region_service","retain_noindex","https://reumlab.com/ai-development/sokcho/","200","quality/index gate"
"https://reumlab.com/ai-development/songpa/","region_service","retain_noindex","https://reumlab.com/ai-development/songpa/","200","quality/index gate"
"https://reumlab.com/ai-development/suncheon/","region_service","retain_noindex","https://reumlab.com/ai-development/suncheon/","200","quality/index gate"
"https://reumlab.com/ai-development/suwon/","region_service","retain","https://reumlab.com/ai-development/suwon/","200","self-canonical indexable page"
"https://reumlab.com/ai-development/tongyeong/","region_service","retain_noindex","https://reumlab.com/ai-development/tongyeong/","200","quality/index gate"
"https://reumlab.com/ai-development/uijeongbu/","region_service","retain_noindex","https://reumlab.com/ai-development/uijeongbu/","200","quality/index gate"
"https://reumlab.com/ai-development/uiwang/","region_service","retain_noindex","https://reumlab.com/ai-development/uiwang/","200","quality/index gate"
"https://reumlab.com/ai-development/ulsan/","region_service","retain_noindex","https://reumlab.com/ai-development/ulsan/","200","quality/index gate"
"https://reumlab.com/ai-development/wonju/","region_service","retain_noindex","https://reumlab.com/ai-development/wonju/","200","quality/index gate"
"https://reumlab.com/ai-development/yangsan/","region_service","retain_noindex","https://reumlab.com/ai-development/yangsan/","200","quality/index gate"
"https://reumlab.com/ai-development/yeosu/","region_service","retain_noindex","https://reumlab.com/ai-development/yeosu/","200","quality/index gate"
"https://reumlab.com/ai-development/yeouido/","region_service","retain_noindex","https://reumlab.com/ai-development/yeouido/","200","quality/index gate"
"https://reumlab.com/ai-development/yongin/","region_service","retain_noindex","https://reumlab.com/ai-development/yongin/","200","quality/index gate"
"https://reumlab.com/ai-development/yongsan/","region_service","retain_noindex","https://reumlab.com/ai-development/yongsan/","200","quality/index gate"
"https://reumlab.com/AI서비스개발/","service_or_hub","retain_noindex","https://reumlab.com/ai-development/","200","quality/index gate"
"https://reumlab.com/app/academy/","industry_service","retain","https://reumlab.com/app/academy/","200","self-canonical indexable page"
"https://reumlab.com/app/agriculture/","industry_service","retain","https://reumlab.com/app/agriculture/","200","self-canonical indexable page"
"https://reumlab.com/app/animal-hospital/","industry_service","retain","https://reumlab.com/app/animal-hospital/","200","self-canonical indexable page"
"https://reumlab.com/app/art-academy/","industry_service","retain","https://reumlab.com/app/art-academy/","200","self-canonical indexable page"
"https://reumlab.com/app/b2b-saas/","industry_service","retain","https://reumlab.com/app/b2b-saas/","200","self-canonical indexable page"
"https://reumlab.com/app/bakery/","industry_service","retain","https://reumlab.com/app/bakery/","200","self-canonical indexable page"
"https://reumlab.com/app/billiards/","industry_service","retain","https://reumlab.com/app/billiards/","200","self-canonical indexable page"
"https://reumlab.com/app/booking/","industry_service","retain","https://reumlab.com/app/booking/","200","self-canonical indexable page"
"https://reumlab.com/app/bookstore/","industry_service","retain","https://reumlab.com/app/bookstore/","200","self-canonical indexable page"
"https://reumlab.com/app/butcher/","industry_service","retain","https://reumlab.com/app/butcher/","200","self-canonical indexable page"
"https://reumlab.com/app/cafe/","industry_service","retain","https://reumlab.com/app/cafe/","200","self-canonical indexable page"
"https://reumlab.com/app/camping/","industry_service","retain","https://reumlab.com/app/camping/","200","self-canonical indexable page"
"https://reumlab.com/app/car-repair/","industry_service","retain","https://reumlab.com/app/car-repair/","200","self-canonical indexable page"
"https://reumlab.com/app/car-wash/","industry_service","retain","https://reumlab.com/app/car-wash/","200","self-canonical indexable page"
"https://reumlab.com/app/catering/","industry_service","retain","https://reumlab.com/app/catering/","200","self-canonical indexable page"
"https://reumlab.com/app/childcare/","industry_service","retain","https://reumlab.com/app/childcare/","200","self-canonical indexable page"
"https://reumlab.com/app/church/","industry_service","retain","https://reumlab.com/app/church/","200","self-canonical indexable page"
"https://reumlab.com/app/cleaning/","industry_service","retain","https://reumlab.com/app/cleaning/","200","self-canonical indexable page"
"https://reumlab.com/app/climbing/","industry_service","retain","https://reumlab.com/app/climbing/","200","self-canonical indexable page"
"https://reumlab.com/app/cloud-kitchen/","industry_service","retain","https://reumlab.com/app/cloud-kitchen/","200","self-canonical indexable page"
"https://reumlab.com/app/coin-laundry/","industry_service","retain","https://reumlab.com/app/coin-laundry/","200","self-canonical indexable page"
"https://reumlab.com/app/community/","industry_service","retain","https://reumlab.com/app/community/","200","self-canonical indexable page"
"https://reumlab.com/app/construction/","industry_service","retain","https://reumlab.com/app/construction/","200","self-canonical indexable page"
"https://reumlab.com/app/cooking-class/","industry_service","retain","https://reumlab.com/app/cooking-class/","200","self-canonical indexable page"
"https://reumlab.com/app/coworking/","industry_service","retain","https://reumlab.com/app/coworking/","200","self-canonical indexable page"
"https://reumlab.com/app/creator/","industry_service","retain","https://reumlab.com/app/creator/","200","self-canonical indexable page"
"https://reumlab.com/app/dance-academy/","industry_service","retain","https://reumlab.com/app/dance-academy/","200","self-canonical indexable page"
"https://reumlab.com/app/delivery/","industry_service","retain","https://reumlab.com/app/delivery/","200","self-canonical indexable page"
"https://reumlab.com/app/dental/","industry_service","retain","https://reumlab.com/app/dental/","200","self-canonical indexable page"
"https://reumlab.com/app/driving-school/","industry_service","retain","https://reumlab.com/app/driving-school/","200","self-canonical indexable page"
"https://reumlab.com/app/english-academy/","industry_service","retain","https://reumlab.com/app/english-academy/","200","self-canonical indexable page"
"https://reumlab.com/app/esthetic/","industry_service","retain","https://reumlab.com/app/esthetic/","200","self-canonical indexable page"
"https://reumlab.com/app/event-agency/","industry_service","retain","https://reumlab.com/app/event-agency/","200","self-canonical indexable page"
"https://reumlab.com/app/fishing/","industry_service","retain","https://reumlab.com/app/fishing/","200","self-canonical indexable page"
"https://reumlab.com/app/fitness/","industry_service","retain","https://reumlab.com/app/fitness/","200","self-canonical indexable page"
"https://reumlab.com/app/flower/","industry_service","retain","https://reumlab.com/app/flower/","200","self-canonical indexable page"
"https://reumlab.com/app/foodtech/","industry_service","retain","https://reumlab.com/app/foodtech/","200","self-canonical indexable page"
"https://reumlab.com/app/franchise/","industry_service","retain","https://reumlab.com/app/franchise/","200","self-canonical indexable page"
"https://reumlab.com/app/funeral/","industry_service","retain","https://reumlab.com/app/funeral/","200","self-canonical indexable page"
"https://reumlab.com/app/furniture/","industry_service","retain","https://reumlab.com/app/furniture/","200","self-canonical indexable page"
"https://reumlab.com/app/game-studio/","industry_service","retain","https://reumlab.com/app/game-studio/","200","self-canonical indexable page"
"https://reumlab.com/app/golf/","industry_service","retain","https://reumlab.com/app/golf/","200","self-canonical indexable page"
"https://reumlab.com/app/golf-range/","industry_service","retain","https://reumlab.com/app/golf-range/","200","self-canonical indexable page"
"https://reumlab.com/app/grocery/","industry_service","retain","https://reumlab.com/app/grocery/","200","self-canonical indexable page"
"https://reumlab.com/app/hair-salon/","industry_service","retain","https://reumlab.com/app/hair-salon/","200","self-canonical indexable page"
"https://reumlab.com/app/hospital/","industry_service","retain","https://reumlab.com/app/hospital/","200","self-canonical indexable page"
"https://reumlab.com/app/","service_or_hub","retain","https://reumlab.com/app/","200","self-canonical indexable page"
"https://reumlab.com/app/insurance/","industry_service","retain","https://reumlab.com/app/insurance/","200","self-canonical indexable page"
"https://reumlab.com/app/interior/","industry_service","retain","https://reumlab.com/app/interior/","200","self-canonical indexable page"
"https://reumlab.com/app/kids-cafe/","industry_service","retain","https://reumlab.com/app/kids-cafe/","200","self-canonical indexable page"
"https://reumlab.com/app/labor-hr/","industry_service","retain","https://reumlab.com/app/labor-hr/","200","self-canonical indexable page"
"https://reumlab.com/app/laundry/","industry_service","retain","https://reumlab.com/app/laundry/","200","self-canonical indexable page"
"https://reumlab.com/app/law-firm/","industry_service","retain","https://reumlab.com/app/law-firm/","200","self-canonical indexable page"
"https://reumlab.com/app/liquor-shop/","industry_service","retain","https://reumlab.com/app/liquor-shop/","200","self-canonical indexable page"
"https://reumlab.com/app/loan/","industry_service","retain","https://reumlab.com/app/loan/","200","self-canonical indexable page"
"https://reumlab.com/app/lodging/","industry_service","retain","https://reumlab.com/app/lodging/","200","self-canonical indexable page"
"https://reumlab.com/app/logistics/","industry_service","retain","https://reumlab.com/app/logistics/","200","self-canonical indexable page"
"https://reumlab.com/app/manufacturing/","industry_service","retain","https://reumlab.com/app/manufacturing/","200","self-canonical indexable page"
"https://reumlab.com/app/marketing-agency/","industry_service","retain","https://reumlab.com/app/marketing-agency/","200","self-canonical indexable page"
"https://reumlab.com/app/marketplace/","industry_service","retain","https://reumlab.com/app/marketplace/","200","self-canonical indexable page"
"https://reumlab.com/app/massage/","industry_service","retain","https://reumlab.com/app/massage/","200","self-canonical indexable page"
"https://reumlab.com/app/math-academy/","industry_service","retain","https://reumlab.com/app/math-academy/","200","self-canonical indexable page"
"https://reumlab.com/app/moving/","industry_service","retain","https://reumlab.com/app/moving/","200","self-canonical indexable page"
"https://reumlab.com/app/music-academy/","industry_service","retain","https://reumlab.com/app/music-academy/","200","self-canonical indexable page"
"https://reumlab.com/app/nail-shop/","industry_service","retain","https://reumlab.com/app/nail-shop/","200","self-canonical indexable page"
"https://reumlab.com/app/nonprofit/","industry_service","retain","https://reumlab.com/app/nonprofit/","200","self-canonical indexable page"
"https://reumlab.com/app/o2o/","industry_service","retain","https://reumlab.com/app/o2o/","200","self-canonical indexable page"
"https://reumlab.com/app/optician/","industry_service","retain","https://reumlab.com/app/optician/","200","self-canonical indexable page"
"https://reumlab.com/app/oriental-medicine/","industry_service","retain","https://reumlab.com/app/oriental-medicine/","200","self-canonical indexable page"
"https://reumlab.com/app/parking/","industry_service","retain","https://reumlab.com/app/parking/","200","self-canonical indexable page"
"https://reumlab.com/app/party-room/","industry_service","retain","https://reumlab.com/app/party-room/","200","self-canonical indexable page"
"https://reumlab.com/app/patent/","industry_service","retain","https://reumlab.com/app/patent/","200","self-canonical indexable page"
"https://reumlab.com/app/pc-cafe/","industry_service","retain","https://reumlab.com/app/pc-cafe/","200","self-canonical indexable page"
"https://reumlab.com/app/pet/","industry_service","retain","https://reumlab.com/app/pet/","200","self-canonical indexable page"
"https://reumlab.com/app/pharmacy/","industry_service","retain","https://reumlab.com/app/pharmacy/","200","self-canonical indexable page"
"https://reumlab.com/app/photo-studio/","industry_service","retain","https://reumlab.com/app/photo-studio/","200","self-canonical indexable page"
"https://reumlab.com/app/physical-therapy/","industry_service","retain","https://reumlab.com/app/physical-therapy/","200","self-canonical indexable page"
"https://reumlab.com/app/pilates/","industry_service","retain","https://reumlab.com/app/pilates/","200","self-canonical indexable page"
"https://reumlab.com/app/postpartum/","industry_service","retain","https://reumlab.com/app/postpartum/","200","self-canonical indexable page"
"https://reumlab.com/app/printing/","industry_service","retain","https://reumlab.com/app/printing/","200","self-canonical indexable page"
"https://reumlab.com/app/property-mgmt/","industry_service","retain","https://reumlab.com/app/property-mgmt/","200","self-canonical indexable page"
"https://reumlab.com/app/psychology/","industry_service","retain","https://reumlab.com/app/psychology/","200","self-canonical indexable page"
"https://reumlab.com/app/realestate/","industry_service","retain","https://reumlab.com/app/realestate/","200","self-canonical indexable page"
"https://reumlab.com/app/recruiting/","industry_service","retain","https://reumlab.com/app/recruiting/","200","self-canonical indexable page"
"https://reumlab.com/app/rental/","industry_service","retain","https://reumlab.com/app/rental/","200","self-canonical indexable page"
"https://reumlab.com/app/rental-car/","industry_service","retain","https://reumlab.com/app/rental-car/","200","self-canonical indexable page"
"https://reumlab.com/app/resort/","industry_service","retain","https://reumlab.com/app/resort/","200","self-canonical indexable page"
"https://reumlab.com/app/restaurant/","industry_service","retain","https://reumlab.com/app/restaurant/","200","self-canonical indexable page"
"https://reumlab.com/app/screen-golf/","industry_service","retain","https://reumlab.com/app/screen-golf/","200","self-canonical indexable page"
"https://reumlab.com/app/security/","industry_service","retain","https://reumlab.com/app/security/","200","self-canonical indexable page"
"https://reumlab.com/app/senior/","industry_service","retain","https://reumlab.com/app/senior/","200","self-canonical indexable page"
"https://reumlab.com/app/shopping/","industry_service","retain","https://reumlab.com/app/shopping/","200","self-canonical indexable page"
"https://reumlab.com/app/sidedish/","industry_service","retain","https://reumlab.com/app/sidedish/","200","self-canonical indexable page"
"https://reumlab.com/app/skin-clinic/","industry_service","retain","https://reumlab.com/app/skin-clinic/","200","self-canonical indexable page"
"https://reumlab.com/app/solar/","industry_service","retain","https://reumlab.com/app/solar/","200","self-canonical indexable page"
"https://reumlab.com/app/speech/","industry_service","retain","https://reumlab.com/app/speech/","200","self-canonical indexable page"
"https://reumlab.com/app/storage/","industry_service","retain","https://reumlab.com/app/storage/","200","self-canonical indexable page"
"https://reumlab.com/app/studycafe/","industry_service","retain","https://reumlab.com/app/studycafe/","200","self-canonical indexable page"
"https://reumlab.com/app/subscription/","industry_service","retain","https://reumlab.com/app/subscription/","200","self-canonical indexable page"
"https://reumlab.com/app/swimming/","industry_service","retain","https://reumlab.com/app/swimming/","200","self-canonical indexable page"
"https://reumlab.com/app/taekwondo/","industry_service","retain","https://reumlab.com/app/taekwondo/","200","self-canonical indexable page"
"https://reumlab.com/app/tailor/","industry_service","retain","https://reumlab.com/app/tailor/","200","self-canonical indexable page"
"https://reumlab.com/app/tax-accounting/","industry_service","retain","https://reumlab.com/app/tax-accounting/","200","self-canonical indexable page"
"https://reumlab.com/app/telemedicine/","industry_service","retain","https://reumlab.com/app/telemedicine/","200","self-canonical indexable page"
"https://reumlab.com/app/translation/","industry_service","retain","https://reumlab.com/app/translation/","200","self-canonical indexable page"
"https://reumlab.com/app/travel/","industry_service","retain","https://reumlab.com/app/travel/","200","self-canonical indexable page"
"https://reumlab.com/app/tutoring/","industry_service","retain","https://reumlab.com/app/tutoring/","200","self-canonical indexable page"
"https://reumlab.com/app/university/","industry_service","retain","https://reumlab.com/app/university/","200","self-canonical indexable page"
"https://reumlab.com/app/unmanned-store/","industry_service","retain","https://reumlab.com/app/unmanned-store/","200","self-canonical indexable page"
"https://reumlab.com/app/used-car/","industry_service","retain","https://reumlab.com/app/used-car/","200","self-canonical indexable page"
"https://reumlab.com/app/wedding/","industry_service","retain","https://reumlab.com/app/wedding/","200","self-canonical indexable page"
"https://reumlab.com/app/wholesale/","industry_service","retain","https://reumlab.com/app/wholesale/","200","self-canonical indexable page"
"https://reumlab.com/app/yoga/","industry_service","retain","https://reumlab.com/app/yoga/","200","self-canonical indexable page"
"https://reumlab.com/app-agency/","service_or_hub","retain","https://reumlab.com/app-agency/","200","self-canonical indexable page"
"https://reumlab.com/app-development/ansan/","region_service","retain_noindex","https://reumlab.com/app-development/ansan/","200","quality/index gate"
"https://reumlab.com/app-development/anyang/","region_service","retain_noindex","https://reumlab.com/app-development/anyang/","200","quality/index gate"
"https://reumlab.com/app-development/asan/","region_service","retain_noindex","https://reumlab.com/app-development/asan/","200","quality/index gate"
"https://reumlab.com/app-development/bucheon/","region_service","retain_noindex","https://reumlab.com/app-development/bucheon/","200","quality/index gate"
"https://reumlab.com/app-development/bundang/","region_service","retain_noindex","https://reumlab.com/app-development/bundang/","200","quality/index gate"
"https://reumlab.com/app-development/busan/","region_service","retain_noindex","https://reumlab.com/app-development/busan/","200","quality/index gate"
"https://reumlab.com/app-development/changwon/","region_service","retain_noindex","https://reumlab.com/app-development/changwon/","200","quality/index gate"
"https://reumlab.com/app-development/cheonan/","region_service","retain_noindex","https://reumlab.com/app-development/cheonan/","200","quality/index gate"
"https://reumlab.com/app-development/cheongju/","region_service","retain_noindex","https://reumlab.com/app-development/cheongju/","200","quality/index gate"
"https://reumlab.com/app-development/chuncheon/","region_service","retain_noindex","https://reumlab.com/app-development/chuncheon/","200","quality/index gate"
"https://reumlab.com/app-development/chungju/","region_service","retain_noindex","https://reumlab.com/app-development/chungju/","200","quality/index gate"
"https://reumlab.com/app-development/daegu/","region_service","retain_noindex","https://reumlab.com/app-development/daegu/","200","quality/index gate"
"https://reumlab.com/app-development/daejeon/","region_service","retain_noindex","https://reumlab.com/app-development/daejeon/","200","quality/index gate"
"https://reumlab.com/app-development/dongtan/","region_service","retain","https://reumlab.com/app-development/dongtan/","200","self-canonical indexable page"
"https://reumlab.com/app-development/gangdong/","region_service","retain_noindex","https://reumlab.com/app-development/gangdong/","200","quality/index gate"
"https://reumlab.com/app-development/gangnam/","region_service","retain_noindex","https://reumlab.com/app-development/gangnam/","200","quality/index gate"
"https://reumlab.com/app-development/gangneung/","region_service","retain_noindex","https://reumlab.com/app-development/gangneung/","200","quality/index gate"
"https://reumlab.com/app-development/geoje/","region_service","retain_noindex","https://reumlab.com/app-development/geoje/","200","quality/index gate"
"https://reumlab.com/app-development/gimhae/","region_service","retain_noindex","https://reumlab.com/app-development/gimhae/","200","quality/index gate"
"https://reumlab.com/app-development/gimpo/","region_service","retain_noindex","https://reumlab.com/app-development/gimpo/","200","quality/index gate"
"https://reumlab.com/app-development/goyang/","region_service","retain_noindex","https://reumlab.com/app-development/goyang/","200","quality/index gate"
"https://reumlab.com/app-development/gumi/","region_service","retain_noindex","https://reumlab.com/app-development/gumi/","200","quality/index gate"
"https://reumlab.com/app-development/gunpo/","region_service","retain_noindex","https://reumlab.com/app-development/gunpo/","200","quality/index gate"
"https://reumlab.com/app-development/gunsan/","region_service","retain_noindex","https://reumlab.com/app-development/gunsan/","200","quality/index gate"
"https://reumlab.com/app-development/gwacheon/","region_service","retain_noindex","https://reumlab.com/app-development/gwacheon/","200","quality/index gate"
"https://reumlab.com/app-development/gwangjin/","region_service","retain_noindex","https://reumlab.com/app-development/gwangjin/","200","quality/index gate"
"https://reumlab.com/app-development/gwangju/","region_service","retain_noindex","https://reumlab.com/app-development/gwangju/","200","quality/index gate"
"https://reumlab.com/app-development/gwangmyeong/","region_service","retain_noindex","https://reumlab.com/app-development/gwangmyeong/","200","quality/index gate"
"https://reumlab.com/app-development/gwangyang/","region_service","retain_noindex","https://reumlab.com/app-development/gwangyang/","200","quality/index gate"
"https://reumlab.com/app-development/gyeongju/","region_service","retain_noindex","https://reumlab.com/app-development/gyeongju/","200","quality/index gate"
"https://reumlab.com/app-development/gyeongsan/","region_service","retain_noindex","https://reumlab.com/app-development/gyeongsan/","200","quality/index gate"
"https://reumlab.com/app-development/haeundae/","region_service","retain_noindex","https://reumlab.com/app-development/haeundae/","200","quality/index gate"
"https://reumlab.com/app-development/hanam/","region_service","retain_noindex","https://reumlab.com/app-development/hanam/","200","quality/index gate"
"https://reumlab.com/app-development/hwaseong/","region_service","retain","https://reumlab.com/app-development/hwaseong/","200","self-canonical indexable page"
"https://reumlab.com/app-development/icheon/","region_service","retain_noindex","https://reumlab.com/app-development/icheon/","200","quality/index gate"
"https://reumlab.com/app-development/iksan/","region_service","retain_noindex","https://reumlab.com/app-development/iksan/","200","quality/index gate"
"https://reumlab.com/app-development/incheon/","region_service","retain_noindex","https://reumlab.com/app-development/incheon/","200","quality/index gate"
"https://reumlab.com/app-development/","service_or_hub","retain","https://reumlab.com/app-development/","200","self-canonical indexable page"
"https://reumlab.com/app-development/jeju/","region_service","retain_noindex","https://reumlab.com/app-development/jeju/","200","quality/index gate"
"https://reumlab.com/app-development/jeonju/","region_service","retain_noindex","https://reumlab.com/app-development/jeonju/","200","quality/index gate"
"https://reumlab.com/app-development/jinju/","region_service","retain_noindex","https://reumlab.com/app-development/jinju/","200","quality/index gate"
"https://reumlab.com/app-development/jongno/","region_service","retain_noindex","https://reumlab.com/app-development/jongno/","200","quality/index gate"
"https://reumlab.com/app-development/mapo/","region_service","retain_noindex","https://reumlab.com/app-development/mapo/","200","quality/index gate"
"https://reumlab.com/app-development/mokpo/","region_service","retain_noindex","https://reumlab.com/app-development/mokpo/","200","quality/index gate"
"https://reumlab.com/app-development/namyangju/","region_service","retain_noindex","https://reumlab.com/app-development/namyangju/","200","quality/index gate"
"https://reumlab.com/app-development/nowon/","region_service","retain_noindex","https://reumlab.com/app-development/nowon/","200","quality/index gate"
"https://reumlab.com/app-development/osan/","region_service","retain_noindex","https://reumlab.com/app-development/osan/","200","quality/index gate"
"https://reumlab.com/app-development/paju/","region_service","retain_noindex","https://reumlab.com/app-development/paju/","200","quality/index gate"
"https://reumlab.com/app-development/pangyo/","region_service","retain_noindex","https://reumlab.com/app-development/pangyo/","200","quality/index gate"
"https://reumlab.com/app-development/pohang/","region_service","retain_noindex","https://reumlab.com/app-development/pohang/","200","quality/index gate"
"https://reumlab.com/app-development/pyeongtaek/","region_service","retain_noindex","https://reumlab.com/app-development/pyeongtaek/","200","quality/index gate"
"https://reumlab.com/app-development/sejong/","region_service","retain_noindex","https://reumlab.com/app-development/sejong/","200","quality/index gate"
"https://reumlab.com/app-development/seocho/","region_service","retain_noindex","https://reumlab.com/app-development/seocho/","200","quality/index gate"
"https://reumlab.com/app-development/seogwipo/","region_service","retain_noindex","https://reumlab.com/app-development/seogwipo/","200","quality/index gate"
"https://reumlab.com/app-development/seongnam/","region_service","retain_noindex","https://reumlab.com/app-development/seongnam/","200","quality/index gate"
"https://reumlab.com/app-development/seongsu/","region_service","retain_noindex","https://reumlab.com/app-development/seongsu/","200","quality/index gate"
"https://reumlab.com/app-development/seosan/","region_service","retain_noindex","https://reumlab.com/app-development/seosan/","200","quality/index gate"
"https://reumlab.com/app-development/sokcho/","region_service","retain_noindex","https://reumlab.com/app-development/sokcho/","200","quality/index gate"
"https://reumlab.com/app-development/songpa/","region_service","retain_noindex","https://reumlab.com/app-development/songpa/","200","quality/index gate"
"https://reumlab.com/app-development/suncheon/","region_service","retain_noindex","https://reumlab.com/app-development/suncheon/","200","quality/index gate"
"https://reumlab.com/app-development/suwon/","region_service","retain","https://reumlab.com/app-development/suwon/","200","self-canonical indexable page"
"https://reumlab.com/app-development/tongyeong/","region_service","retain_noindex","https://reumlab.com/app-development/tongyeong/","200","quality/index gate"
"https://reumlab.com/app-development/uijeongbu/","region_service","retain_noindex","https://reumlab.com/app-development/uijeongbu/","200","quality/index gate"
"https://reumlab.com/app-development/uiwang/","region_service","retain_noindex","https://reumlab.com/app-development/uiwang/","200","quality/index gate"
"https://reumlab.com/app-development/ulsan/","region_service","retain_noindex","https://reumlab.com/app-development/ulsan/","200","quality/index gate"
"https://reumlab.com/app-development/wonju/","region_service","retain_noindex","https://reumlab.com/app-development/wonju/","200","quality/index gate"
"https://reumlab.com/app-development/yangsan/","region_service","retain_noindex","https://reumlab.com/app-development/yangsan/","200","quality/index gate"
"https://reumlab.com/app-development/yeosu/","region_service","retain_noindex","https://reumlab.com/app-development/yeosu/","200","quality/index gate"
"https://reumlab.com/app-development/yeouido/","region_service","retain_noindex","https://reumlab.com/app-development/yeouido/","200","quality/index gate"
"https://reumlab.com/app-development/yongin/","region_service","retain_noindex","https://reumlab.com/app-development/yongin/","200","quality/index gate"
"https://reumlab.com/app-development/yongsan/","region_service","retain_noindex","https://reumlab.com/app-development/yongsan/","200","quality/index gate"
"https://reumlab.com/assets/admin-guide-example.html","service_or_hub","retain_noindex","https://reumlab.com/assets/admin-guide-example.html","200","quality/index gate"
"https://reumlab.com/blog/academy-management-app/","blog","retain","https://reumlab.com/blog/academy-management-app/","200","self-canonical indexable page"
"https://reumlab.com/blog/clinic-reservation-app/","blog","retain","https://reumlab.com/blog/clinic-reservation-app/","200","self-canonical indexable page"
"https://reumlab.com/blog/dongtan-reservation-app/","blog","retain","https://reumlab.com/blog/dongtan-reservation-app/","200","self-canonical indexable page"
"https://reumlab.com/blog/flutter-oeju-jangdanjeom/","blog","retain","https://reumlab.com/blog/flutter-oeju-jangdanjeom/","200","self-canonical indexable page"
"https://reumlab.com/blog/gym-membership-app/","blog","retain","https://reumlab.com/blog/gym-membership-app/","200","self-canonical indexable page"
"https://reumlab.com/blog/hwaseong-dongtan-business-web/","blog","retain","https://reumlab.com/blog/hwaseong-dongtan-business-web/","200","self-canonical indexable page"
"https://reumlab.com/blog/","blog_hub","retain","https://reumlab.com/blog/","200","self-canonical indexable page"
"https://reumlab.com/blog/mvp-cost-before-quote/","blog","retain","https://reumlab.com/blog/mvp-cost-before-quote/","200","self-canonical indexable page"
"https://reumlab.com/blog/restaurant-order-app/","blog","retain","https://reumlab.com/blog/restaurant-order-app/","200","self-canonical indexable page"
"https://reumlab.com/blog/suwon-app-gaebal-upche/","blog","retain","https://reumlab.com/blog/suwon-app-gaebal-upche/","200","self-canonical indexable page"
"https://reumlab.com/blog/website-or-app-first/","blog","retain","https://reumlab.com/blog/website-or-app-first/","200","self-canonical indexable page"
"https://reumlab.com/cafe24-limit/","service_or_hub","retain","https://reumlab.com/cafe24-limit/","200","self-canonical indexable page"
"https://reumlab.com/compare/flutter-vs-react-native/","comparison","retain","https://reumlab.com/compare/flutter-vs-react-native/","200","self-canonical indexable page"
"https://reumlab.com/compare/outsourcing-vs-inhouse/","comparison","retain","https://reumlab.com/compare/outsourcing-vs-inhouse/","200","self-canonical indexable page"
"https://reumlab.com/compare/outsourcing-vs-nocode/","comparison","retain","https://reumlab.com/compare/outsourcing-vs-nocode/","200","self-canonical indexable page"
"https://reumlab.com/cost/academy/","industry_cost","retain","https://reumlab.com/cost/academy/","200","self-canonical indexable page"
"https://reumlab.com/cost/agriculture/","industry_cost","retain","https://reumlab.com/cost/agriculture/","200","self-canonical indexable page"
"https://reumlab.com/cost/animal-hospital/","industry_cost","retain","https://reumlab.com/cost/animal-hospital/","200","self-canonical indexable page"
"https://reumlab.com/cost/art-academy/","industry_cost","retain","https://reumlab.com/cost/art-academy/","200","self-canonical indexable page"
"https://reumlab.com/cost/b2b-saas/","industry_cost","retain","https://reumlab.com/cost/b2b-saas/","200","self-canonical indexable page"
"https://reumlab.com/cost/bakery/","industry_cost","retain","https://reumlab.com/cost/bakery/","200","self-canonical indexable page"
"https://reumlab.com/cost/billiards/","industry_cost","retain","https://reumlab.com/cost/billiards/","200","self-canonical indexable page"
"https://reumlab.com/cost/booking/","industry_cost","retain","https://reumlab.com/cost/booking/","200","self-canonical indexable page"
"https://reumlab.com/cost/bookstore/","industry_cost","retain","https://reumlab.com/cost/bookstore/","200","self-canonical indexable page"
"https://reumlab.com/cost/butcher/","industry_cost","retain","https://reumlab.com/cost/butcher/","200","self-canonical indexable page"
"https://reumlab.com/cost/cafe/","industry_cost","retain","https://reumlab.com/cost/cafe/","200","self-canonical indexable page"
"https://reumlab.com/cost/camping/","industry_cost","retain","https://reumlab.com/cost/camping/","200","self-canonical indexable page"
"https://reumlab.com/cost/car-repair/","industry_cost","retain","https://reumlab.com/cost/car-repair/","200","self-canonical indexable page"
"https://reumlab.com/cost/car-wash/","industry_cost","retain","https://reumlab.com/cost/car-wash/","200","self-canonical indexable page"
"https://reumlab.com/cost/catering/","industry_cost","retain","https://reumlab.com/cost/catering/","200","self-canonical indexable page"
"https://reumlab.com/cost/childcare/","industry_cost","retain","https://reumlab.com/cost/childcare/","200","self-canonical indexable page"
"https://reumlab.com/cost/church/","industry_cost","retain","https://reumlab.com/cost/church/","200","self-canonical indexable page"
"https://reumlab.com/cost/cleaning/","industry_cost","retain","https://reumlab.com/cost/cleaning/","200","self-canonical indexable page"
"https://reumlab.com/cost/climbing/","industry_cost","retain","https://reumlab.com/cost/climbing/","200","self-canonical indexable page"
"https://reumlab.com/cost/cloud-kitchen/","industry_cost","retain","https://reumlab.com/cost/cloud-kitchen/","200","self-canonical indexable page"
"https://reumlab.com/cost/coin-laundry/","industry_cost","retain","https://reumlab.com/cost/coin-laundry/","200","self-canonical indexable page"
"https://reumlab.com/cost/community/","industry_cost","retain","https://reumlab.com/cost/community/","200","self-canonical indexable page"
"https://reumlab.com/cost/construction/","industry_cost","retain","https://reumlab.com/cost/construction/","200","self-canonical indexable page"
"https://reumlab.com/cost/cooking-class/","industry_cost","retain","https://reumlab.com/cost/cooking-class/","200","self-canonical indexable page"
"https://reumlab.com/cost/coworking/","industry_cost","retain","https://reumlab.com/cost/coworking/","200","self-canonical indexable page"
"https://reumlab.com/cost/creator/","industry_cost","retain","https://reumlab.com/cost/creator/","200","self-canonical indexable page"
"https://reumlab.com/cost/dance-academy/","industry_cost","retain","https://reumlab.com/cost/dance-academy/","200","self-canonical indexable page"
"https://reumlab.com/cost/delivery/","industry_cost","retain","https://reumlab.com/cost/delivery/","200","self-canonical indexable page"
"https://reumlab.com/cost/dental/","industry_cost","retain","https://reumlab.com/cost/dental/","200","self-canonical indexable page"
"https://reumlab.com/cost/driving-school/","industry_cost","retain","https://reumlab.com/cost/driving-school/","200","self-canonical indexable page"
"https://reumlab.com/cost/english-academy/","industry_cost","retain","https://reumlab.com/cost/english-academy/","200","self-canonical indexable page"
"https://reumlab.com/cost/esthetic/","industry_cost","retain","https://reumlab.com/cost/esthetic/","200","self-canonical indexable page"
"https://reumlab.com/cost/event-agency/","industry_cost","retain","https://reumlab.com/cost/event-agency/","200","self-canonical indexable page"
"https://reumlab.com/cost/fishing/","industry_cost","retain","https://reumlab.com/cost/fishing/","200","self-canonical indexable page"
"https://reumlab.com/cost/fitness/","industry_cost","retain","https://reumlab.com/cost/fitness/","200","self-canonical indexable page"
"https://reumlab.com/cost/flower/","industry_cost","retain","https://reumlab.com/cost/flower/","200","self-canonical indexable page"
"https://reumlab.com/cost/foodtech/","industry_cost","retain","https://reumlab.com/cost/foodtech/","200","self-canonical indexable page"
"https://reumlab.com/cost/franchise/","industry_cost","retain","https://reumlab.com/cost/franchise/","200","self-canonical indexable page"
"https://reumlab.com/cost/funeral/","industry_cost","retain","https://reumlab.com/cost/funeral/","200","self-canonical indexable page"
"https://reumlab.com/cost/furniture/","industry_cost","retain","https://reumlab.com/cost/furniture/","200","self-canonical indexable page"
"https://reumlab.com/cost/game-studio/","industry_cost","retain","https://reumlab.com/cost/game-studio/","200","self-canonical indexable page"
"https://reumlab.com/cost/golf/","industry_cost","retain","https://reumlab.com/cost/golf/","200","self-canonical indexable page"
"https://reumlab.com/cost/golf-range/","industry_cost","retain","https://reumlab.com/cost/golf-range/","200","self-canonical indexable page"
"https://reumlab.com/cost/grocery/","industry_cost","retain","https://reumlab.com/cost/grocery/","200","self-canonical indexable page"
"https://reumlab.com/cost/hair-salon/","industry_cost","retain","https://reumlab.com/cost/hair-salon/","200","self-canonical indexable page"
"https://reumlab.com/cost/hospital/","industry_cost","retain","https://reumlab.com/cost/hospital/","200","self-canonical indexable page"
"https://reumlab.com/cost/","service_or_hub","retain","https://reumlab.com/cost/","200","self-canonical indexable page"
"https://reumlab.com/cost/insurance/","industry_cost","retain","https://reumlab.com/cost/insurance/","200","self-canonical indexable page"
"https://reumlab.com/cost/interior/","industry_cost","retain","https://reumlab.com/cost/interior/","200","self-canonical indexable page"
"https://reumlab.com/cost/kids-cafe/","industry_cost","retain","https://reumlab.com/cost/kids-cafe/","200","self-canonical indexable page"
"https://reumlab.com/cost/labor-hr/","industry_cost","retain","https://reumlab.com/cost/labor-hr/","200","self-canonical indexable page"
"https://reumlab.com/cost/laundry/","industry_cost","retain","https://reumlab.com/cost/laundry/","200","self-canonical indexable page"
"https://reumlab.com/cost/law-firm/","industry_cost","retain","https://reumlab.com/cost/law-firm/","200","self-canonical indexable page"
"https://reumlab.com/cost/liquor-shop/","industry_cost","retain","https://reumlab.com/cost/liquor-shop/","200","self-canonical indexable page"
"https://reumlab.com/cost/loan/","industry_cost","retain","https://reumlab.com/cost/loan/","200","self-canonical indexable page"
"https://reumlab.com/cost/lodging/","industry_cost","retain","https://reumlab.com/cost/lodging/","200","self-canonical indexable page"
"https://reumlab.com/cost/logistics/","industry_cost","retain","https://reumlab.com/cost/logistics/","200","self-canonical indexable page"
"https://reumlab.com/cost/manufacturing/","industry_cost","retain","https://reumlab.com/cost/manufacturing/","200","self-canonical indexable page"
"https://reumlab.com/cost/marketing-agency/","industry_cost","retain","https://reumlab.com/cost/marketing-agency/","200","self-canonical indexable page"
"https://reumlab.com/cost/marketplace/","industry_cost","retain","https://reumlab.com/cost/marketplace/","200","self-canonical indexable page"
"https://reumlab.com/cost/massage/","industry_cost","retain","https://reumlab.com/cost/massage/","200","self-canonical indexable page"
"https://reumlab.com/cost/math-academy/","industry_cost","retain","https://reumlab.com/cost/math-academy/","200","self-canonical indexable page"
"https://reumlab.com/cost/moving/","industry_cost","retain","https://reumlab.com/cost/moving/","200","self-canonical indexable page"
"https://reumlab.com/cost/music-academy/","industry_cost","retain","https://reumlab.com/cost/music-academy/","200","self-canonical indexable page"
"https://reumlab.com/cost/nail-shop/","industry_cost","retain","https://reumlab.com/cost/nail-shop/","200","self-canonical indexable page"
"https://reumlab.com/cost/nonprofit/","industry_cost","retain","https://reumlab.com/cost/nonprofit/","200","self-canonical indexable page"
"https://reumlab.com/cost/o2o/","industry_cost","retain","https://reumlab.com/cost/o2o/","200","self-canonical indexable page"
"https://reumlab.com/cost/optician/","industry_cost","retain","https://reumlab.com/cost/optician/","200","self-canonical indexable page"
"https://reumlab.com/cost/oriental-medicine/","industry_cost","retain","https://reumlab.com/cost/oriental-medicine/","200","self-canonical indexable page"
"https://reumlab.com/cost/parking/","industry_cost","retain","https://reumlab.com/cost/parking/","200","self-canonical indexable page"
"https://reumlab.com/cost/party-room/","industry_cost","retain","https://reumlab.com/cost/party-room/","200","self-canonical indexable page"
"https://reumlab.com/cost/patent/","industry_cost","retain","https://reumlab.com/cost/patent/","200","self-canonical indexable page"
"https://reumlab.com/cost/pc-cafe/","industry_cost","retain","https://reumlab.com/cost/pc-cafe/","200","self-canonical indexable page"
"https://reumlab.com/cost/pet/","industry_cost","retain","https://reumlab.com/cost/pet/","200","self-canonical indexable page"
"https://reumlab.com/cost/pharmacy/","industry_cost","retain","https://reumlab.com/cost/pharmacy/","200","self-canonical indexable page"
"https://reumlab.com/cost/photo-studio/","industry_cost","retain","https://reumlab.com/cost/photo-studio/","200","self-canonical indexable page"
"https://reumlab.com/cost/physical-therapy/","industry_cost","retain","https://reumlab.com/cost/physical-therapy/","200","self-canonical indexable page"
"https://reumlab.com/cost/pilates/","industry_cost","retain","https://reumlab.com/cost/pilates/","200","self-canonical indexable page"
"https://reumlab.com/cost/postpartum/","industry_cost","retain","https://reumlab.com/cost/postpartum/","200","self-canonical indexable page"
"https://reumlab.com/cost/printing/","industry_cost","retain","https://reumlab.com/cost/printing/","200","self-canonical indexable page"
"https://reumlab.com/cost/property-mgmt/","industry_cost","retain","https://reumlab.com/cost/property-mgmt/","200","self-canonical indexable page"
"https://reumlab.com/cost/psychology/","industry_cost","retain","https://reumlab.com/cost/psychology/","200","self-canonical indexable page"
"https://reumlab.com/cost/realestate/","industry_cost","retain","https://reumlab.com/cost/realestate/","200","self-canonical indexable page"
"https://reumlab.com/cost/recruiting/","industry_cost","retain","https://reumlab.com/cost/recruiting/","200","self-canonical indexable page"
"https://reumlab.com/cost/rental/","industry_cost","retain","https://reumlab.com/cost/rental/","200","self-canonical indexable page"
"https://reumlab.com/cost/rental-car/","industry_cost","retain","https://reumlab.com/cost/rental-car/","200","self-canonical indexable page"
"https://reumlab.com/cost/resort/","industry_cost","retain","https://reumlab.com/cost/resort/","200","self-canonical indexable page"
"https://reumlab.com/cost/restaurant/","industry_cost","retain","https://reumlab.com/cost/restaurant/","200","self-canonical indexable page"
"https://reumlab.com/cost/screen-golf/","industry_cost","retain","https://reumlab.com/cost/screen-golf/","200","self-canonical indexable page"
"https://reumlab.com/cost/security/","industry_cost","retain","https://reumlab.com/cost/security/","200","self-canonical indexable page"
"https://reumlab.com/cost/senior/","industry_cost","retain","https://reumlab.com/cost/senior/","200","self-canonical indexable page"
"https://reumlab.com/cost/shopping/","industry_cost","retain","https://reumlab.com/cost/shopping/","200","self-canonical indexable page"
"https://reumlab.com/cost/sidedish/","industry_cost","retain","https://reumlab.com/cost/sidedish/","200","self-canonical indexable page"
"https://reumlab.com/cost/skin-clinic/","industry_cost","retain","https://reumlab.com/cost/skin-clinic/","200","self-canonical indexable page"
"https://reumlab.com/cost/solar/","industry_cost","retain","https://reumlab.com/cost/solar/","200","self-canonical indexable page"
"https://reumlab.com/cost/speech/","industry_cost","retain","https://reumlab.com/cost/speech/","200","self-canonical indexable page"
"https://reumlab.com/cost/storage/","industry_cost","retain","https://reumlab.com/cost/storage/","200","self-canonical indexable page"
"https://reumlab.com/cost/studycafe/","industry_cost","retain","https://reumlab.com/cost/studycafe/","200","self-canonical indexable page"
"https://reumlab.com/cost/subscription/","industry_cost","retain","https://reumlab.com/cost/subscription/","200","self-canonical indexable page"
"https://reumlab.com/cost/swimming/","industry_cost","retain","https://reumlab.com/cost/swimming/","200","self-canonical indexable page"
"https://reumlab.com/cost/taekwondo/","industry_cost","retain","https://reumlab.com/cost/taekwondo/","200","self-canonical indexable page"
"https://reumlab.com/cost/tailor/","industry_cost","retain","https://reumlab.com/cost/tailor/","200","self-canonical indexable page"
"https://reumlab.com/cost/tax-accounting/","industry_cost","retain","https://reumlab.com/cost/tax-accounting/","200","self-canonical indexable page"
"https://reumlab.com/cost/telemedicine/","industry_cost","retain","https://reumlab.com/cost/telemedicine/","200","self-canonical indexable page"
"https://reumlab.com/cost/translation/","industry_cost","retain","https://reumlab.com/cost/translation/","200","self-canonical indexable page"
"https://reumlab.com/cost/travel/","industry_cost","retain","https://reumlab.com/cost/travel/","200","self-canonical indexable page"
"https://reumlab.com/cost/tutoring/","industry_cost","retain","https://reumlab.com/cost/tutoring/","200","self-canonical indexable page"
"https://reumlab.com/cost/university/","industry_cost","retain","https://reumlab.com/cost/university/","200","self-canonical indexable page"
"https://reumlab.com/cost/unmanned-store/","industry_cost","retain","https://reumlab.com/cost/unmanned-store/","200","self-canonical indexable page"
"https://reumlab.com/cost/used-car/","industry_cost","retain","https://reumlab.com/cost/used-car/","200","self-canonical indexable page"
"https://reumlab.com/cost/wedding/","industry_cost","retain","https://reumlab.com/cost/wedding/","200","self-canonical indexable page"
"https://reumlab.com/cost/wholesale/","industry_cost","retain","https://reumlab.com/cost/wholesale/","200","self-canonical indexable page"
"https://reumlab.com/cost/yoga/","industry_cost","retain","https://reumlab.com/cost/yoga/","200","self-canonical indexable page"
"https://reumlab.com/data-seo/","service_or_hub","retain","https://reumlab.com/data-seo/","200","self-canonical indexable page"
"https://reumlab.com/enterprise-ai/","service_or_hub","retain","https://reumlab.com/enterprise-ai/","200","self-canonical indexable page"
"https://reumlab.com/erp/","service_or_hub","retain","https://reumlab.com/erp/","200","self-canonical indexable page"
"https://reumlab.com/flutter/ansan/","service_or_hub","retain_noindex","https://reumlab.com/flutter/ansan/","200","quality/index gate"
"https://reumlab.com/flutter/anyang/","service_or_hub","retain_noindex","https://reumlab.com/flutter/anyang/","200","quality/index gate"
"https://reumlab.com/flutter/asan/","service_or_hub","retain_noindex","https://reumlab.com/flutter/asan/","200","quality/index gate"
"https://reumlab.com/flutter/bucheon/","service_or_hub","retain_noindex","https://reumlab.com/flutter/bucheon/","200","quality/index gate"
"https://reumlab.com/flutter/bundang/","service_or_hub","retain_noindex","https://reumlab.com/flutter/bundang/","200","quality/index gate"
"https://reumlab.com/flutter/busan/","service_or_hub","retain_noindex","https://reumlab.com/flutter/busan/","200","quality/index gate"
"https://reumlab.com/flutter/changwon/","service_or_hub","retain_noindex","https://reumlab.com/flutter/changwon/","200","quality/index gate"
"https://reumlab.com/flutter/cheonan/","service_or_hub","retain_noindex","https://reumlab.com/flutter/cheonan/","200","quality/index gate"
"https://reumlab.com/flutter/cheongju/","service_or_hub","retain_noindex","https://reumlab.com/flutter/cheongju/","200","quality/index gate"
"https://reumlab.com/flutter/chuncheon/","service_or_hub","retain_noindex","https://reumlab.com/flutter/chuncheon/","200","quality/index gate"
"https://reumlab.com/flutter/chungju/","service_or_hub","retain_noindex","https://reumlab.com/flutter/chungju/","200","quality/index gate"
"https://reumlab.com/flutter/daegu/","service_or_hub","retain_noindex","https://reumlab.com/flutter/daegu/","200","quality/index gate"
"https://reumlab.com/flutter/daejeon/","service_or_hub","retain_noindex","https://reumlab.com/flutter/daejeon/","200","quality/index gate"
"https://reumlab.com/flutter/dongtan/","service_or_hub","retain","https://reumlab.com/flutter/dongtan/","200","self-canonical indexable page"
"https://reumlab.com/flutter/gangdong/","service_or_hub","retain_noindex","https://reumlab.com/flutter/gangdong/","200","quality/index gate"
"https://reumlab.com/flutter/gangnam/","service_or_hub","retain_noindex","https://reumlab.com/flutter/gangnam/","200","quality/index gate"
"https://reumlab.com/flutter/gangneung/","service_or_hub","retain_noindex","https://reumlab.com/flutter/gangneung/","200","quality/index gate"
"https://reumlab.com/flutter/geoje/","service_or_hub","retain_noindex","https://reumlab.com/flutter/geoje/","200","quality/index gate"
"https://reumlab.com/flutter/gimhae/","service_or_hub","retain_noindex","https://reumlab.com/flutter/gimhae/","200","quality/index gate"
"https://reumlab.com/flutter/gimpo/","service_or_hub","retain_noindex","https://reumlab.com/flutter/gimpo/","200","quality/index gate"
"https://reumlab.com/flutter/goyang/","service_or_hub","retain_noindex","https://reumlab.com/flutter/goyang/","200","quality/index gate"
"https://reumlab.com/flutter/gumi/","service_or_hub","retain_noindex","https://reumlab.com/flutter/gumi/","200","quality/index gate"
"https://reumlab.com/flutter/gunpo/","service_or_hub","retain_noindex","https://reumlab.com/flutter/gunpo/","200","quality/index gate"
"https://reumlab.com/flutter/gunsan/","service_or_hub","retain_noindex","https://reumlab.com/flutter/gunsan/","200","quality/index gate"
"https://reumlab.com/flutter/gwacheon/","service_or_hub","retain_noindex","https://reumlab.com/flutter/gwacheon/","200","quality/index gate"
"https://reumlab.com/flutter/gwangjin/","service_or_hub","retain_noindex","https://reumlab.com/flutter/gwangjin/","200","quality/index gate"
"https://reumlab.com/flutter/gwangju/","service_or_hub","retain_noindex","https://reumlab.com/flutter/gwangju/","200","quality/index gate"
"https://reumlab.com/flutter/gwangmyeong/","service_or_hub","retain_noindex","https://reumlab.com/flutter/gwangmyeong/","200","quality/index gate"
"https://reumlab.com/flutter/gwangyang/","service_or_hub","retain_noindex","https://reumlab.com/flutter/gwangyang/","200","quality/index gate"
"https://reumlab.com/flutter/gyeongju/","service_or_hub","retain_noindex","https://reumlab.com/flutter/gyeongju/","200","quality/index gate"
"https://reumlab.com/flutter/gyeongsan/","service_or_hub","retain_noindex","https://reumlab.com/flutter/gyeongsan/","200","quality/index gate"
"https://reumlab.com/flutter/haeundae/","service_or_hub","retain_noindex","https://reumlab.com/flutter/haeundae/","200","quality/index gate"
"https://reumlab.com/flutter/hanam/","service_or_hub","retain_noindex","https://reumlab.com/flutter/hanam/","200","quality/index gate"
"https://reumlab.com/flutter/hwaseong/","service_or_hub","retain","https://reumlab.com/flutter/hwaseong/","200","self-canonical indexable page"
"https://reumlab.com/flutter/icheon/","service_or_hub","retain_noindex","https://reumlab.com/flutter/icheon/","200","quality/index gate"
"https://reumlab.com/flutter/iksan/","service_or_hub","retain_noindex","https://reumlab.com/flutter/iksan/","200","quality/index gate"
"https://reumlab.com/flutter/incheon/","service_or_hub","retain_noindex","https://reumlab.com/flutter/incheon/","200","quality/index gate"
"https://reumlab.com/flutter/","service_or_hub","retain","https://reumlab.com/flutter/","200","self-canonical indexable page"
"https://reumlab.com/flutter/jeju/","service_or_hub","retain_noindex","https://reumlab.com/flutter/jeju/","200","quality/index gate"
"https://reumlab.com/flutter/jeonju/","service_or_hub","retain_noindex","https://reumlab.com/flutter/jeonju/","200","quality/index gate"
"https://reumlab.com/flutter/jinju/","service_or_hub","retain_noindex","https://reumlab.com/flutter/jinju/","200","quality/index gate"
"https://reumlab.com/flutter/jongno/","service_or_hub","retain_noindex","https://reumlab.com/flutter/jongno/","200","quality/index gate"
"https://reumlab.com/flutter/mapo/","service_or_hub","retain_noindex","https://reumlab.com/flutter/mapo/","200","quality/index gate"
"https://reumlab.com/flutter/mokpo/","service_or_hub","retain_noindex","https://reumlab.com/flutter/mokpo/","200","quality/index gate"
"https://reumlab.com/flutter/namyangju/","service_or_hub","retain_noindex","https://reumlab.com/flutter/namyangju/","200","quality/index gate"
"https://reumlab.com/flutter/nowon/","service_or_hub","retain_noindex","https://reumlab.com/flutter/nowon/","200","quality/index gate"
"https://reumlab.com/flutter/osan/","service_or_hub","retain_noindex","https://reumlab.com/flutter/osan/","200","quality/index gate"
"https://reumlab.com/flutter/paju/","service_or_hub","retain_noindex","https://reumlab.com/flutter/paju/","200","quality/index gate"
"https://reumlab.com/flutter/pangyo/","service_or_hub","retain_noindex","https://reumlab.com/flutter/pangyo/","200","quality/index gate"
"https://reumlab.com/flutter/pohang/","service_or_hub","retain_noindex","https://reumlab.com/flutter/pohang/","200","quality/index gate"
"https://reumlab.com/flutter/pyeongtaek/","service_or_hub","retain_noindex","https://reumlab.com/flutter/pyeongtaek/","200","quality/index gate"
"https://reumlab.com/flutter/sejong/","service_or_hub","retain_noindex","https://reumlab.com/flutter/sejong/","200","quality/index gate"
"https://reumlab.com/flutter/seocho/","service_or_hub","retain_noindex","https://reumlab.com/flutter/seocho/","200","quality/index gate"
"https://reumlab.com/flutter/seogwipo/","service_or_hub","retain_noindex","https://reumlab.com/flutter/seogwipo/","200","quality/index gate"
"https://reumlab.com/flutter/seongnam/","service_or_hub","retain_noindex","https://reumlab.com/flutter/seongnam/","200","quality/index gate"
"https://reumlab.com/flutter/seongsu/","service_or_hub","retain_noindex","https://reumlab.com/flutter/seongsu/","200","quality/index gate"
"https://reumlab.com/flutter/seosan/","service_or_hub","retain_noindex","https://reumlab.com/flutter/seosan/","200","quality/index gate"
"https://reumlab.com/flutter/sokcho/","service_or_hub","retain_noindex","https://reumlab.com/flutter/sokcho/","200","quality/index gate"
"https://reumlab.com/flutter/songpa/","service_or_hub","retain_noindex","https://reumlab.com/flutter/songpa/","200","quality/index gate"
"https://reumlab.com/flutter/suncheon/","service_or_hub","retain_noindex","https://reumlab.com/flutter/suncheon/","200","quality/index gate"
"https://reumlab.com/flutter/suwon/","service_or_hub","retain","https://reumlab.com/flutter/suwon/","200","self-canonical indexable page"
"https://reumlab.com/flutter/tongyeong/","service_or_hub","retain_noindex","https://reumlab.com/flutter/tongyeong/","200","quality/index gate"
"https://reumlab.com/flutter/uijeongbu/","service_or_hub","retain_noindex","https://reumlab.com/flutter/uijeongbu/","200","quality/index gate"
"https://reumlab.com/flutter/uiwang/","service_or_hub","retain_noindex","https://reumlab.com/flutter/uiwang/","200","quality/index gate"
"https://reumlab.com/flutter/ulsan/","service_or_hub","retain_noindex","https://reumlab.com/flutter/ulsan/","200","quality/index gate"
"https://reumlab.com/flutter/wonju/","service_or_hub","retain_noindex","https://reumlab.com/flutter/wonju/","200","quality/index gate"
"https://reumlab.com/flutter/yangsan/","service_or_hub","retain_noindex","https://reumlab.com/flutter/yangsan/","200","quality/index gate"
"https://reumlab.com/flutter/yeosu/","service_or_hub","retain_noindex","https://reumlab.com/flutter/yeosu/","200","quality/index gate"
"https://reumlab.com/flutter/yeouido/","service_or_hub","retain_noindex","https://reumlab.com/flutter/yeouido/","200","quality/index gate"
"https://reumlab.com/flutter/yongin/","service_or_hub","retain_noindex","https://reumlab.com/flutter/yongin/","200","quality/index gate"
"https://reumlab.com/flutter/yongsan/","service_or_hub","retain_noindex","https://reumlab.com/flutter/yongsan/","200","quality/index gate"
"https://reumlab.com/flutter-development/","service_or_hub","retain","https://reumlab.com/flutter-development/","200","self-canonical indexable page"
"https://reumlab.com/guide/academy-app-guide/","guide","retain","https://reumlab.com/guide/academy-app-guide/","200","self-canonical indexable page"
"https://reumlab.com/guide/agency-choice/","guide","retain","https://reumlab.com/guide/agency-choice/","200","self-canonical indexable page"
"https://reumlab.com/guide/ai-automation-guide/","guide","retain","https://reumlab.com/guide/ai-automation-guide/","200","self-canonical indexable page"
"https://reumlab.com/guide/app-cost/","guide","retain","https://reumlab.com/guide/app-cost/","200","self-canonical indexable page"
"https://reumlab.com/guide/app-duration/","guide","retain","https://reumlab.com/guide/app-duration/","200","self-canonical indexable page"
"https://reumlab.com/guide/b2b-saas-guide/","guide","retain","https://reumlab.com/guide/b2b-saas-guide/","200","self-canonical indexable page"
"https://reumlab.com/guide/booking-app-guide/","guide","retain","https://reumlab.com/guide/booking-app-guide/","200","self-canonical indexable page"
"https://reumlab.com/guide/cafe-app-guide/","guide","retain","https://reumlab.com/guide/cafe-app-guide/","200","self-canonical indexable page"
"https://reumlab.com/guide/chatbot-cost/","guide","retain","https://reumlab.com/guide/chatbot-cost/","200","self-canonical indexable page"
"https://reumlab.com/guide/cleaning-app-guide/","guide","retain","https://reumlab.com/guide/cleaning-app-guide/","200","self-canonical indexable page"
"https://reumlab.com/guide/community-app-guide/","guide","retain","https://reumlab.com/guide/community-app-guide/","200","self-canonical indexable page"
"https://reumlab.com/guide/delivery-app-guide/","guide","retain","https://reumlab.com/guide/delivery-app-guide/","200","self-canonical indexable page"
"https://reumlab.com/guide/dental-app-guide/","guide","retain","https://reumlab.com/guide/dental-app-guide/","200","self-canonical indexable page"
"https://reumlab.com/guide/dev-process/","guide","retain","https://reumlab.com/guide/dev-process/","200","self-canonical indexable page"
"https://reumlab.com/guide/dongtan-hwaseong/","guide","retain","https://reumlab.com/guide/dongtan-hwaseong/","200","self-canonical indexable page"
"https://reumlab.com/guide/enterprise-ai-adoption/","guide","retain","https://reumlab.com/guide/enterprise-ai-adoption/","200","self-canonical indexable page"
"https://reumlab.com/guide/enterprise-ai-cost/","guide","retain","https://reumlab.com/guide/enterprise-ai-cost/","200","self-canonical indexable page"
"https://reumlab.com/guide/erp-cost/","guide","retain","https://reumlab.com/guide/erp-cost/","200","self-canonical indexable page"
"https://reumlab.com/guide/fitness-app-guide/","guide","retain","https://reumlab.com/guide/fitness-app-guide/","200","self-canonical indexable page"
"https://reumlab.com/guide/flutter-cost/","guide","retain","https://reumlab.com/guide/flutter-cost/","200","self-canonical indexable page"
"https://reumlab.com/guide/hair-salon-app-guide/","guide","retain","https://reumlab.com/guide/hair-salon-app-guide/","200","self-canonical indexable page"
"https://reumlab.com/guide/hospital-app-guide/","guide","retain","https://reumlab.com/guide/hospital-app-guide/","200","self-canonical indexable page"
"https://reumlab.com/guide/","guide_hub","retain","https://reumlab.com/guide/","200","self-canonical indexable page"
"https://reumlab.com/guide/interior-app-guide/","guide","retain","https://reumlab.com/guide/interior-app-guide/","200","self-canonical indexable page"
"https://reumlab.com/guide/kids-cafe-app-guide/","guide","retain","https://reumlab.com/guide/kids-cafe-app-guide/","200","self-canonical indexable page"
"https://reumlab.com/guide/lodging-app-guide/","guide","retain","https://reumlab.com/guide/lodging-app-guide/","200","self-canonical indexable page"
"https://reumlab.com/guide/manufacturing-app-guide/","guide","retain","https://reumlab.com/guide/manufacturing-app-guide/","200","self-canonical indexable page"
"https://reumlab.com/guide/mvp-cost/","guide","retain","https://reumlab.com/guide/mvp-cost/","200","self-canonical indexable page"
"https://reumlab.com/guide/mvp-priority/","guide","retain","https://reumlab.com/guide/mvp-priority/","200","self-canonical indexable page"
"https://reumlab.com/guide/non-developer-app/","guide","retain","https://reumlab.com/guide/non-developer-app/","200","self-canonical indexable page"
"https://reumlab.com/guide/outsourcing-checklist/","guide","retain","https://reumlab.com/guide/outsourcing-checklist/","200","self-canonical indexable page"
"https://reumlab.com/guide/outsourcing-cost/","guide","retain","https://reumlab.com/guide/outsourcing-cost/","200","self-canonical indexable page"
"https://reumlab.com/guide/pet-app-guide/","guide","retain","https://reumlab.com/guide/pet-app-guide/","200","self-canonical indexable page"
"https://reumlab.com/guide/pilates-app-guide/","guide","retain","https://reumlab.com/guide/pilates-app-guide/","200","self-canonical indexable page"
"https://reumlab.com/guide/quote/","guide","retain","https://reumlab.com/guide/quote/","200","self-canonical indexable page"
"https://reumlab.com/guide/rag-development/","guide","retain","https://reumlab.com/guide/rag-development/","200","self-canonical indexable page"
"https://reumlab.com/guide/realestate-app-guide/","guide","retain","https://reumlab.com/guide/realestate-app-guide/","200","self-canonical indexable page"
"https://reumlab.com/guide/restaurant-app-guide/","guide","retain","https://reumlab.com/guide/restaurant-app-guide/","200","self-canonical indexable page"
"https://reumlab.com/guide/shopping-app-guide/","guide","retain","https://reumlab.com/guide/shopping-app-guide/","200","self-canonical indexable page"
"https://reumlab.com/guide/startup-mvp/","guide","retain","https://reumlab.com/guide/startup-mvp/","200","self-canonical indexable page"
"https://reumlab.com/guide/studycafe-app-guide/","guide","retain","https://reumlab.com/guide/studycafe-app-guide/","200","self-canonical indexable page"
"https://reumlab.com/guide/subscription-app-guide/","guide","retain","https://reumlab.com/guide/subscription-app-guide/","200","self-canonical indexable page"
"https://reumlab.com/guide/taekwondo-app-guide/","guide","retain","https://reumlab.com/guide/taekwondo-app-guide/","200","self-canonical indexable page"
"https://reumlab.com/guide/web-cost/","guide","retain","https://reumlab.com/guide/web-cost/","200","self-canonical indexable page"
"https://reumlab.com/guide/wedding-app-guide/","guide","retain","https://reumlab.com/guide/wedding-app-guide/","200","self-canonical indexable page"
"https://reumlab.com/guide/wholesale-app-guide/","guide","retain","https://reumlab.com/guide/wholesale-app-guide/","200","self-canonical indexable page"
"https://reumlab.com/h/academy/","keyword_hub","retain","https://reumlab.com/h/academy/","200","self-canonical indexable page"
"https://reumlab.com/h/anyang/","keyword_hub","retain_noindex","https://reumlab.com/h/anyang/","200","quality/index gate"
"https://reumlab.com/h/app-dev/","keyword_hub","retain_noindex","https://reumlab.com/h/app-dev/","200","quality/index gate"
"https://reumlab.com/h/app-dev-cost/","keyword_hub","retain_noindex","https://reumlab.com/h/app-dev-cost/","200","quality/index gate"
"https://reumlab.com/h/app-dev-out/","keyword_hub","retain_noindex","https://reumlab.com/h/app-dev-out/","200","quality/index gate"
"https://reumlab.com/h/bucheon/","keyword_hub","retain_noindex","https://reumlab.com/h/bucheon/","200","quality/index gate"
"https://reumlab.com/h/bundang/","keyword_hub","retain_noindex","https://reumlab.com/h/bundang/","200","quality/index gate"
"https://reumlab.com/h/cafe/","keyword_hub","retain","https://reumlab.com/h/cafe/","200","self-canonical indexable page"
"https://reumlab.com/h/gangnam/","keyword_hub","retain_noindex","https://reumlab.com/h/gangnam/","200","quality/index gate"
"https://reumlab.com/h/gangnam-homepage/","keyword_hub","retain_noindex","https://reumlab.com/h/gangnam-homepage/","200","quality/index gate"
"https://reumlab.com/h/gym/","keyword_hub","retain","https://reumlab.com/h/gym/","200","self-canonical indexable page"
"https://reumlab.com/h/homepage-dev/","keyword_hub","retain_noindex","https://reumlab.com/h/homepage-dev/","200","quality/index gate"
"https://reumlab.com/h/homepage-quote/","keyword_hub","retain_noindex","https://reumlab.com/h/homepage-quote/","200","quality/index gate"
"https://reumlab.com/h/hospital/","keyword_hub","retain_noindex","https://reumlab.com/h/hospital/","200","quality/index gate"
"https://reumlab.com/h/ilsan/","keyword_hub","retain_noindex","https://reumlab.com/h/ilsan/","200","quality/index gate"
"https://reumlab.com/h/incheon/","keyword_hub","retain_noindex","https://reumlab.com/h/incheon/","200","quality/index gate"
"https://reumlab.com/h/landing-page/","keyword_hub","retain_noindex","https://reumlab.com/h/landing-page/","200","quality/index gate"
"https://reumlab.com/h/landing-page-cost/","keyword_hub","retain_noindex","https://reumlab.com/h/landing-page-cost/","200","quality/index gate"
"https://reumlab.com/h/lodging/","keyword_hub","retain_noindex","https://reumlab.com/h/lodging/","200","quality/index gate"
"https://reumlab.com/h/mobile-app/","keyword_hub","retain_noindex","https://reumlab.com/h/app-dev/","200","quality/index gate"
"https://reumlab.com/h/mvp-dev/","keyword_hub","retain_noindex","https://reumlab.com/h/mvp-dev/","200","quality/index gate"
"https://reumlab.com/h/pangyo/","keyword_hub","retain_noindex","https://reumlab.com/h/pangyo/","200","quality/index gate"
"https://reumlab.com/h/realestate/","keyword_hub","retain_noindex","https://reumlab.com/h/realestate/","200","quality/index gate"
"https://reumlab.com/h/responsive-web/","keyword_hub","retain_noindex","https://reumlab.com/h/responsive-web/","200","quality/index gate"
"https://reumlab.com/h/restaurant/","keyword_hub","retain","https://reumlab.com/h/restaurant/","200","self-canonical indexable page"
"https://reumlab.com/h/seongnam/","keyword_hub","retain_noindex","https://reumlab.com/h/seongnam/","200","quality/index gate"
"https://reumlab.com/h/service-plan/","keyword_hub","retain","https://reumlab.com/h/service-plan/","200","self-canonical indexable page"
"https://reumlab.com/h/shopping/","keyword_hub","retain_noindex","https://reumlab.com/h/shopping/","200","quality/index gate"
"https://reumlab.com/h/shopping-mall/","keyword_hub","retain","https://reumlab.com/h/shopping-mall/","200","self-canonical indexable page"
"https://reumlab.com/h/startup/","keyword_hub","retain_noindex","https://reumlab.com/h/startup/","200","quality/index gate"
"https://reumlab.com/h/startup-app-dev/","keyword_hub","retain_noindex","https://reumlab.com/h/startup-app-dev/","200","quality/index gate"
"https://reumlab.com/h/suwon/","keyword_hub","retain","https://reumlab.com/h/suwon/","200","self-canonical indexable page"
"https://reumlab.com/h/suwon-app-dev/","keyword_hub","retain_noindex","https://reumlab.com/h/suwon-app-dev/","200","quality/index gate"
"https://reumlab.com/h/web-dev/","keyword_hub","retain_noindex","https://reumlab.com/h/web-dev/","200","quality/index gate"
"https://reumlab.com/h/web-dev-cost/","keyword_hub","retain_noindex","https://reumlab.com/h/web-dev-cost/","200","quality/index gate"
"https://reumlab.com/h/web-dev-simple/","keyword_hub","retain_noindex","https://reumlab.com/h/web-dev-simple/","200","quality/index gate"
"https://reumlab.com/h/website-dev/","keyword_hub","retain_noindex","https://reumlab.com/h/website-dev/","200","quality/index gate"
"https://reumlab.com/h/yongin/","keyword_hub","retain_noindex","https://reumlab.com/h/yongin/","200","quality/index gate"
"https://reumlab.com/","home","retain","https://reumlab.com/","200","self-canonical indexable page"
"https://reumlab.com/l/academy-app-dev/","legacy_landing","retain_noindex","https://reumlab.com/l/academy-app-dev/","200","quality/index gate"
"https://reumlab.com/l/academy-app-dev-out/","legacy_landing","retain_noindex","https://reumlab.com/l/academy-app-dev-out/","200","quality/index gate"
"https://reumlab.com/l/academy-homepage-dev/","legacy_landing","retain_noindex","https://reumlab.com/l/academy-homepage-dev/","200","quality/index gate"
"https://reumlab.com/l/academy-landing-page/","legacy_landing","retain_noindex","https://reumlab.com/l/academy-landing-page/","200","quality/index gate"
"https://reumlab.com/l/academy-mvp-dev/","legacy_landing","retain_noindex","https://reumlab.com/l/academy-mvp-dev/","200","quality/index gate"
"https://reumlab.com/l/academy-shopping-mall/","legacy_landing","retain","https://reumlab.com/l/academy-shopping-mall/","200","self-canonical indexable page"
"https://reumlab.com/l/academy-web-dev/","legacy_landing","retain_noindex","https://reumlab.com/l/academy-web-dev/","200","quality/index gate"
"https://reumlab.com/l/academy-website-dev/","legacy_landing","retain_noindex","https://reumlab.com/l/academy-website-dev/","200","quality/index gate"
"https://reumlab.com/l/anyang-app-dev/","legacy_landing","retain_noindex","https://reumlab.com/l/anyang-app-dev/","200","quality/index gate"
"https://reumlab.com/l/anyang-app-dev-cost/","legacy_landing","retain_noindex","https://reumlab.com/l/anyang-app-dev-cost/","200","quality/index gate"
"https://reumlab.com/l/anyang-app-dev-out/","legacy_landing","retain_noindex","https://reumlab.com/l/anyang-app-dev-out/","200","quality/index gate"
"https://reumlab.com/l/anyang-app-dev-quote/","legacy_landing","retain_noindex","https://reumlab.com/l/anyang-app-dev-quote/","200","quality/index gate"
"https://reumlab.com/l/anyang-homepage-dev/","legacy_landing","retain_noindex","https://reumlab.com/l/anyang-homepage-dev/","200","quality/index gate"
"https://reumlab.com/l/anyang-homepage-dev-cost/","legacy_landing","retain_noindex","https://reumlab.com/l/anyang-homepage-dev-cost/","200","quality/index gate"
"https://reumlab.com/l/anyang-homepage-dev-quote/","legacy_landing","retain_noindex","https://reumlab.com/l/anyang-homepage-dev-quote/","200","quality/index gate"
"https://reumlab.com/l/anyang-landing-page/","legacy_landing","retain_noindex","https://reumlab.com/l/anyang-landing-page/","200","quality/index gate"
"https://reumlab.com/l/anyang-landing-page-cost/","legacy_landing","retain_noindex","https://reumlab.com/l/anyang-landing-page-cost/","200","quality/index gate"
"https://reumlab.com/l/anyang-landing-page-quote/","legacy_landing","retain_noindex","https://reumlab.com/l/anyang-landing-page-quote/","200","quality/index gate"
"https://reumlab.com/l/anyang-mvp-dev/","legacy_landing","retain_noindex","https://reumlab.com/l/anyang-mvp-dev/","200","quality/index gate"
"https://reumlab.com/l/anyang-shopping-mall/","legacy_landing","retain_noindex","https://reumlab.com/l/anyang-shopping-mall/","200","quality/index gate"
"https://reumlab.com/l/anyang-web-dev/","legacy_landing","retain_noindex","https://reumlab.com/l/anyang-web-dev/","200","quality/index gate"
"https://reumlab.com/l/anyang-web-dev-cost/","legacy_landing","retain_noindex","https://reumlab.com/l/anyang-web-dev-cost/","200","quality/index gate"
"https://reumlab.com/l/anyang-web-dev-quote/","legacy_landing","retain_noindex","https://reumlab.com/l/anyang-web-dev-quote/","200","quality/index gate"
"https://reumlab.com/l/anyang-website-dev/","legacy_landing","retain_noindex","https://reumlab.com/l/anyang-website-dev/","200","quality/index gate"
"https://reumlab.com/l/bucheon-app-dev/","legacy_landing","retain_noindex","https://reumlab.com/l/bucheon-app-dev/","200","quality/index gate"
"https://reumlab.com/l/bucheon-app-dev-cost/","legacy_landing","retain_noindex","https://reumlab.com/l/bucheon-app-dev-cost/","200","quality/index gate"
"https://reumlab.com/l/bucheon-app-dev-out/","legacy_landing","retain_noindex","https://reumlab.com/l/bucheon-app-dev-out/","200","quality/index gate"
"https://reumlab.com/l/bucheon-app-dev-quote/","legacy_landing","retain_noindex","https://reumlab.com/l/bucheon-app-dev-quote/","200","quality/index gate"
"https://reumlab.com/l/bucheon-homepage-dev/","legacy_landing","retain_noindex","https://reumlab.com/l/bucheon-homepage-dev/","200","quality/index gate"
"https://reumlab.com/l/bucheon-homepage-dev-cost/","legacy_landing","retain_noindex","https://reumlab.com/l/bucheon-homepage-dev-cost/","200","quality/index gate"
"https://reumlab.com/l/bucheon-homepage-dev-quote/","legacy_landing","retain_noindex","https://reumlab.com/l/bucheon-homepage-dev-quote/","200","quality/index gate"
"https://reumlab.com/l/bucheon-landing-page/","legacy_landing","retain_noindex","https://reumlab.com/l/bucheon-landing-page/","200","quality/index gate"
"https://reumlab.com/l/bucheon-landing-page-cost/","legacy_landing","retain_noindex","https://reumlab.com/l/bucheon-landing-page-cost/","200","quality/index gate"
"https://reumlab.com/l/bucheon-landing-page-quote/","legacy_landing","retain_noindex","https://reumlab.com/l/bucheon-landing-page-quote/","200","quality/index gate"
"https://reumlab.com/l/bucheon-mvp-dev/","legacy_landing","retain_noindex","https://reumlab.com/l/bucheon-mvp-dev/","200","quality/index gate"
"https://reumlab.com/l/bucheon-shopping-mall/","legacy_landing","retain_noindex","https://reumlab.com/l/bucheon-shopping-mall/","200","quality/index gate"
"https://reumlab.com/l/bucheon-web-dev/","legacy_landing","retain_noindex","https://reumlab.com/l/bucheon-web-dev/","200","quality/index gate"
"https://reumlab.com/l/bucheon-web-dev-cost/","legacy_landing","retain_noindex","https://reumlab.com/l/bucheon-web-dev-cost/","200","quality/index gate"
"https://reumlab.com/l/bucheon-web-dev-quote/","legacy_landing","retain_noindex","https://reumlab.com/l/bucheon-web-dev-quote/","200","quality/index gate"
"https://reumlab.com/l/bucheon-website-dev/","legacy_landing","retain_noindex","https://reumlab.com/l/bucheon-website-dev/","200","quality/index gate"
"https://reumlab.com/l/bundang-app-dev-cost/","legacy_landing","retain_noindex","https://reumlab.com/l/bundang-app-dev-cost/","200","quality/index gate"
"https://reumlab.com/l/bundang-app-dev-out/","legacy_landing","retain_noindex","https://reumlab.com/l/bundang-app-dev-out/","200","quality/index gate"
"https://reumlab.com/l/bundang-app-dev-quote/","legacy_landing","retain_noindex","https://reumlab.com/l/bundang-app-dev-quote/","200","quality/index gate"
"https://reumlab.com/l/bundang-homepage-dev/","legacy_landing","retain_noindex","https://reumlab.com/l/bundang-homepage-dev/","200","quality/index gate"
"https://reumlab.com/l/bundang-homepage-dev-cost/","legacy_landing","retain_noindex","https://reumlab.com/l/bundang-homepage-dev-cost/","200","quality/index gate"
"https://reumlab.com/l/bundang-homepage-dev-quote/","legacy_landing","retain_noindex","https://reumlab.com/l/bundang-homepage-dev-quote/","200","quality/index gate"
"https://reumlab.com/l/bundang-landing-page/","legacy_landing","retain_noindex","https://reumlab.com/l/bundang-landing-page/","200","quality/index gate"
"https://reumlab.com/l/bundang-landing-page-cost/","legacy_landing","retain_noindex","https://reumlab.com/l/bundang-landing-page-cost/","200","quality/index gate"
"https://reumlab.com/l/bundang-landing-page-quote/","legacy_landing","retain_noindex","https://reumlab.com/l/bundang-landing-page-quote/","200","quality/index gate"
"https://reumlab.com/l/bundang-mvp-dev/","legacy_landing","retain_noindex","https://reumlab.com/l/bundang-mvp-dev/","200","quality/index gate"
"https://reumlab.com/l/bundang-shopping-mall/","legacy_landing","retain_noindex","https://reumlab.com/l/bundang-shopping-mall/","200","quality/index gate"
"https://reumlab.com/l/bundang-web-dev/","legacy_landing","retain_noindex","https://reumlab.com/l/bundang-web-dev/","200","quality/index gate"
"https://reumlab.com/l/bundang-web-dev-cost/","legacy_landing","retain_noindex","https://reumlab.com/l/bundang-web-dev-cost/","200","quality/index gate"
"https://reumlab.com/l/bundang-web-dev-quote/","legacy_landing","retain_noindex","https://reumlab.com/l/bundang-web-dev-quote/","200","quality/index gate"
"https://reumlab.com/l/bundang-website-dev/","legacy_landing","retain_noindex","https://reumlab.com/l/bundang-website-dev/","200","quality/index gate"
"https://reumlab.com/l/cafe-app-dev/","legacy_landing","retain_noindex","https://reumlab.com/l/cafe-app-dev/","200","quality/index gate"
"https://reumlab.com/l/cafe-app-dev-out/","legacy_landing","retain","https://reumlab.com/l/cafe-app-dev-out/","200","self-canonical indexable page"
"https://reumlab.com/l/cafe-homepage-dev/","legacy_landing","retain_noindex","https://reumlab.com/l/cafe-homepage-dev/","200","quality/index gate"
"https://reumlab.com/l/cafe-landing-page/","legacy_landing","retain_noindex","https://reumlab.com/l/cafe-landing-page/","200","quality/index gate"
"https://reumlab.com/l/cafe-mvp-dev/","legacy_landing","retain_noindex","https://reumlab.com/l/cafe-mvp-dev/","200","quality/index gate"
"https://reumlab.com/l/cafe-shopping-mall/","legacy_landing","retain_noindex","https://reumlab.com/l/cafe-shopping-mall/","200","quality/index gate"
"https://reumlab.com/l/cafe-web-dev/","legacy_landing","retain_noindex","https://reumlab.com/l/cafe-web-dev/","200","quality/index gate"
"https://reumlab.com/l/cafe-website-dev/","legacy_landing","retain_noindex","https://reumlab.com/l/cafe-website-dev/","200","quality/index gate"
"https://reumlab.com/l/gangnam-app-dev/","legacy_landing","retain_noindex","https://reumlab.com/l/gangnam-app-dev/","200","quality/index gate"
"https://reumlab.com/l/gangnam-app-dev-cost/","legacy_landing","retain_noindex","https://reumlab.com/l/gangnam-app-dev-cost/","200","quality/index gate"
"https://reumlab.com/l/gangnam-app-dev-out/","legacy_landing","retain_noindex","https://reumlab.com/l/gangnam-app-dev-out/","200","quality/index gate"
"https://reumlab.com/l/gangnam-app-dev-quote/","legacy_landing","retain_noindex","https://reumlab.com/l/gangnam-app-dev-quote/","200","quality/index gate"
"https://reumlab.com/l/gangnam-homepage-dev/","legacy_landing","retain_noindex","https://reumlab.com/l/gangnam-homepage-dev/","200","quality/index gate"
"https://reumlab.com/l/gangnam-homepage-dev-cost/","legacy_landing","retain_noindex","https://reumlab.com/l/gangnam-homepage-dev-cost/","200","quality/index gate"
"https://reumlab.com/l/gangnam-homepage-dev-quote/","legacy_landing","retain_noindex","https://reumlab.com/l/gangnam-homepage-dev-quote/","200","quality/index gate"
"https://reumlab.com/l/gangnam-landing-page/","legacy_landing","retain_noindex","https://reumlab.com/l/gangnam-landing-page/","200","quality/index gate"
"https://reumlab.com/l/gangnam-landing-page-cost/","legacy_landing","retain_noindex","https://reumlab.com/l/gangnam-landing-page-cost/","200","quality/index gate"
"https://reumlab.com/l/gangnam-mvp-dev/","legacy_landing","retain_noindex","https://reumlab.com/l/gangnam-mvp-dev/","200","quality/index gate"
"https://reumlab.com/l/gangnam-shopping-mall/","legacy_landing","retain_noindex","https://reumlab.com/l/gangnam-shopping-mall/","200","quality/index gate"
"https://reumlab.com/l/gangnam-web-dev/","legacy_landing","retain_noindex","https://reumlab.com/l/gangnam-web-dev/","200","quality/index gate"
"https://reumlab.com/l/gangnam-web-dev-cost/","legacy_landing","retain_noindex","https://reumlab.com/l/gangnam-web-dev-cost/","200","quality/index gate"
"https://reumlab.com/l/gangnam-web-dev-quote/","legacy_landing","retain_noindex","https://reumlab.com/l/gangnam-web-dev-quote/","200","quality/index gate"
"https://reumlab.com/l/gangnam-website-dev/","legacy_landing","retain_noindex","https://reumlab.com/l/gangnam-website-dev/","200","quality/index gate"
"https://reumlab.com/l/gym-app-dev/","legacy_landing","retain_noindex","https://reumlab.com/l/gym-app-dev/","200","quality/index gate"
"https://reumlab.com/l/gym-app-dev-out/","legacy_landing","retain_noindex","https://reumlab.com/l/gym-app-dev-out/","200","quality/index gate"
"https://reumlab.com/l/gym-homepage-dev/","legacy_landing","retain_noindex","https://reumlab.com/l/gym-homepage-dev/","200","quality/index gate"
"https://reumlab.com/l/gym-landing-page/","legacy_landing","retain_noindex","https://reumlab.com/l/gym-landing-page/","200","quality/index gate"
"https://reumlab.com/l/gym-mvp-dev/","legacy_landing","retain_noindex","https://reumlab.com/l/gym-mvp-dev/","200","quality/index gate"
"https://reumlab.com/l/gym-shopping-mall/","legacy_landing","retain_noindex","https://reumlab.com/l/gym-shopping-mall/","200","quality/index gate"
"https://reumlab.com/l/gym-web-dev/","legacy_landing","retain","https://reumlab.com/l/gym-web-dev/","200","self-canonical indexable page"
"https://reumlab.com/l/gym-website-dev/","legacy_landing","retain_noindex","https://reumlab.com/l/gym-website-dev/","200","quality/index gate"
"https://reumlab.com/l/hospital-app-dev/","legacy_landing","retain_noindex","https://reumlab.com/l/hospital-app-dev/","200","quality/index gate"
"https://reumlab.com/l/hospital-app-dev-out/","legacy_landing","retain_noindex","https://reumlab.com/l/hospital-app-dev-out/","200","quality/index gate"
"https://reumlab.com/l/hospital-homepage-dev/","legacy_landing","retain_noindex","https://reumlab.com/l/hospital-homepage-dev/","200","quality/index gate"
"https://reumlab.com/l/hospital-landing-page/","legacy_landing","retain_noindex","https://reumlab.com/l/hospital-landing-page/","200","quality/index gate"
"https://reumlab.com/l/hospital-mvp-dev/","legacy_landing","retain_noindex","https://reumlab.com/l/hospital-mvp-dev/","200","quality/index gate"
"https://reumlab.com/l/hospital-shopping-mall/","legacy_landing","retain_noindex","https://reumlab.com/l/hospital-shopping-mall/","200","quality/index gate"
"https://reumlab.com/l/hospital-web-dev/","legacy_landing","retain_noindex","https://reumlab.com/l/hospital-web-dev/","200","quality/index gate"
"https://reumlab.com/l/hospital-website-dev/","legacy_landing","retain_noindex","https://reumlab.com/l/hospital-website-dev/","200","quality/index gate"
"https://reumlab.com/l/ilsan-app-dev/","legacy_landing","retain_noindex","https://reumlab.com/l/ilsan-app-dev/","200","quality/index gate"
"https://reumlab.com/l/ilsan-app-dev-cost/","legacy_landing","retain_noindex","https://reumlab.com/l/ilsan-app-dev-cost/","200","quality/index gate"
"https://reumlab.com/l/ilsan-app-dev-out/","legacy_landing","retain_noindex","https://reumlab.com/l/ilsan-app-dev-out/","200","quality/index gate"
"https://reumlab.com/l/ilsan-app-dev-quote/","legacy_landing","retain_noindex","https://reumlab.com/l/ilsan-app-dev-quote/","200","quality/index gate"
"https://reumlab.com/l/ilsan-homepage-dev/","legacy_landing","retain_noindex","https://reumlab.com/l/ilsan-homepage-dev/","200","quality/index gate"
"https://reumlab.com/l/ilsan-homepage-dev-cost/","legacy_landing","retain_noindex","https://reumlab.com/l/ilsan-homepage-dev-cost/","200","quality/index gate"
"https://reumlab.com/l/ilsan-homepage-dev-quote/","legacy_landing","retain_noindex","https://reumlab.com/l/ilsan-homepage-dev-quote/","200","quality/index gate"
"https://reumlab.com/l/ilsan-landing-page/","legacy_landing","retain_noindex","https://reumlab.com/l/ilsan-landing-page/","200","quality/index gate"
"https://reumlab.com/l/ilsan-landing-page-cost/","legacy_landing","retain_noindex","https://reumlab.com/l/ilsan-landing-page-cost/","200","quality/index gate"
"https://reumlab.com/l/ilsan-landing-page-quote/","legacy_landing","retain_noindex","https://reumlab.com/l/ilsan-landing-page-quote/","200","quality/index gate"
"https://reumlab.com/l/ilsan-mvp-dev/","legacy_landing","retain_noindex","https://reumlab.com/l/ilsan-mvp-dev/","200","quality/index gate"
"https://reumlab.com/l/ilsan-shopping-mall/","legacy_landing","retain_noindex","https://reumlab.com/l/ilsan-shopping-mall/","200","quality/index gate"
"https://reumlab.com/l/ilsan-web-dev/","legacy_landing","retain_noindex","https://reumlab.com/l/ilsan-web-dev/","200","quality/index gate"
"https://reumlab.com/l/ilsan-web-dev-cost/","legacy_landing","retain_noindex","https://reumlab.com/l/ilsan-web-dev-cost/","200","quality/index gate"
"https://reumlab.com/l/ilsan-web-dev-quote/","legacy_landing","retain_noindex","https://reumlab.com/l/ilsan-web-dev-quote/","200","quality/index gate"
"https://reumlab.com/l/ilsan-website-dev/","legacy_landing","retain_noindex","https://reumlab.com/l/ilsan-website-dev/","200","quality/index gate"
"https://reumlab.com/l/incheon-app-dev/","legacy_landing","retain_noindex","https://reumlab.com/l/incheon-app-dev/","200","quality/index gate"
"https://reumlab.com/l/incheon-app-dev-cost/","legacy_landing","retain_noindex","https://reumlab.com/l/incheon-app-dev-cost/","200","quality/index gate"
"https://reumlab.com/l/incheon-app-dev-out/","legacy_landing","retain_noindex","https://reumlab.com/l/incheon-app-dev-out/","200","quality/index gate"
"https://reumlab.com/l/incheon-app-dev-quote/","legacy_landing","retain_noindex","https://reumlab.com/l/incheon-app-dev-quote/","200","quality/index gate"
"https://reumlab.com/l/incheon-homepage-dev/","legacy_landing","retain_noindex","https://reumlab.com/l/incheon-homepage-dev/","200","quality/index gate"
"https://reumlab.com/l/incheon-homepage-dev-cost/","legacy_landing","retain_noindex","https://reumlab.com/l/incheon-homepage-dev-cost/","200","quality/index gate"
"https://reumlab.com/l/incheon-homepage-dev-quote/","legacy_landing","retain_noindex","https://reumlab.com/l/incheon-homepage-dev-quote/","200","quality/index gate"
"https://reumlab.com/l/incheon-landing-page/","legacy_landing","retain_noindex","https://reumlab.com/l/incheon-landing-page/","200","quality/index gate"
"https://reumlab.com/l/incheon-landing-page-cost/","legacy_landing","retain_noindex","https://reumlab.com/l/incheon-landing-page-cost/","200","quality/index gate"
"https://reumlab.com/l/incheon-landing-page-quote/","legacy_landing","retain_noindex","https://reumlab.com/l/incheon-landing-page-quote/","200","quality/index gate"
"https://reumlab.com/l/incheon-mvp-dev/","legacy_landing","retain_noindex","https://reumlab.com/l/incheon-mvp-dev/","200","quality/index gate"
"https://reumlab.com/l/incheon-shopping-mall/","legacy_landing","retain_noindex","https://reumlab.com/l/incheon-shopping-mall/","200","quality/index gate"
"https://reumlab.com/l/incheon-web-dev/","legacy_landing","retain_noindex","https://reumlab.com/l/incheon-web-dev/","200","quality/index gate"
"https://reumlab.com/l/incheon-web-dev-cost/","legacy_landing","retain_noindex","https://reumlab.com/l/incheon-web-dev-cost/","200","quality/index gate"
"https://reumlab.com/l/incheon-web-dev-quote/","legacy_landing","retain_noindex","https://reumlab.com/l/incheon-web-dev-quote/","200","quality/index gate"
"https://reumlab.com/l/incheon-website-dev/","legacy_landing","retain_noindex","https://reumlab.com/l/incheon-website-dev/","200","quality/index gate"
"https://reumlab.com/l/lodging-app-dev/","legacy_landing","retain_noindex","https://reumlab.com/l/lodging-app-dev/","200","quality/index gate"
"https://reumlab.com/l/lodging-app-dev-out/","legacy_landing","retain_noindex","https://reumlab.com/l/lodging-app-dev-out/","200","quality/index gate"
"https://reumlab.com/l/lodging-homepage-dev/","legacy_landing","retain_noindex","https://reumlab.com/l/lodging-homepage-dev/","200","quality/index gate"
"https://reumlab.com/l/lodging-landing-page/","legacy_landing","retain_noindex","https://reumlab.com/l/lodging-landing-page/","200","quality/index gate"
"https://reumlab.com/l/lodging-mvp-dev/","legacy_landing","retain_noindex","https://reumlab.com/l/lodging-mvp-dev/","200","quality/index gate"
"https://reumlab.com/l/lodging-shopping-mall/","legacy_landing","retain_noindex","https://reumlab.com/l/lodging-shopping-mall/","200","quality/index gate"
"https://reumlab.com/l/lodging-web-dev/","legacy_landing","retain_noindex","https://reumlab.com/l/lodging-web-dev/","200","quality/index gate"
"https://reumlab.com/l/lodging-website-dev/","legacy_landing","retain_noindex","https://reumlab.com/l/lodging-website-dev/","200","quality/index gate"
"https://reumlab.com/l/pangyo-app-dev/","legacy_landing","retain_noindex","https://reumlab.com/l/pangyo-app-dev/","200","quality/index gate"
"https://reumlab.com/l/pangyo-app-dev-cost/","legacy_landing","retain_noindex","https://reumlab.com/l/pangyo-app-dev-cost/","200","quality/index gate"
"https://reumlab.com/l/pangyo-app-dev-out/","legacy_landing","retain_noindex","https://reumlab.com/l/pangyo-app-dev-out/","200","quality/index gate"
"https://reumlab.com/l/pangyo-app-dev-quote/","legacy_landing","retain_noindex","https://reumlab.com/l/pangyo-app-dev-quote/","200","quality/index gate"
"https://reumlab.com/l/pangyo-homepage-dev/","legacy_landing","retain_noindex","https://reumlab.com/l/pangyo-homepage-dev/","200","quality/index gate"
"https://reumlab.com/l/pangyo-homepage-dev-cost/","legacy_landing","retain_noindex","https://reumlab.com/l/pangyo-homepage-dev-cost/","200","quality/index gate"
"https://reumlab.com/l/pangyo-homepage-dev-quote/","legacy_landing","retain_noindex","https://reumlab.com/l/pangyo-homepage-dev-quote/","200","quality/index gate"
"https://reumlab.com/l/pangyo-landing-page/","legacy_landing","retain_noindex","https://reumlab.com/l/pangyo-landing-page/","200","quality/index gate"
"https://reumlab.com/l/pangyo-landing-page-cost/","legacy_landing","retain_noindex","https://reumlab.com/l/pangyo-landing-page-cost/","200","quality/index gate"
"https://reumlab.com/l/pangyo-landing-page-quote/","legacy_landing","retain_noindex","https://reumlab.com/l/pangyo-landing-page-quote/","200","quality/index gate"
"https://reumlab.com/l/pangyo-mvp-dev/","legacy_landing","retain_noindex","https://reumlab.com/l/pangyo-mvp-dev/","200","quality/index gate"
"https://reumlab.com/l/pangyo-shopping-mall/","legacy_landing","retain_noindex","https://reumlab.com/l/pangyo-shopping-mall/","200","quality/index gate"
"https://reumlab.com/l/pangyo-web-dev/","legacy_landing","retain_noindex","https://reumlab.com/l/pangyo-web-dev/","200","quality/index gate"
"https://reumlab.com/l/pangyo-web-dev-cost/","legacy_landing","retain_noindex","https://reumlab.com/l/pangyo-web-dev-cost/","200","quality/index gate"
"https://reumlab.com/l/pangyo-web-dev-quote/","legacy_landing","retain_noindex","https://reumlab.com/l/pangyo-web-dev-quote/","200","quality/index gate"
"https://reumlab.com/l/pangyo-website-dev/","legacy_landing","retain_noindex","https://reumlab.com/l/pangyo-website-dev/","200","quality/index gate"
"https://reumlab.com/l/realestate-app-dev/","legacy_landing","retain_noindex","https://reumlab.com/l/realestate-app-dev/","200","quality/index gate"
"https://reumlab.com/l/realestate-app-dev-out/","legacy_landing","retain_noindex","https://reumlab.com/l/realestate-app-dev-out/","200","quality/index gate"
"https://reumlab.com/l/realestate-homepage-dev/","legacy_landing","retain_noindex","https://reumlab.com/l/realestate-homepage-dev/","200","quality/index gate"
"https://reumlab.com/l/realestate-landing-page/","legacy_landing","retain_noindex","https://reumlab.com/l/realestate-landing-page/","200","quality/index gate"
"https://reumlab.com/l/realestate-mvp-dev/","legacy_landing","retain_noindex","https://reumlab.com/l/realestate-mvp-dev/","200","quality/index gate"
"https://reumlab.com/l/realestate-shopping-mall/","legacy_landing","retain_noindex","https://reumlab.com/l/realestate-shopping-mall/","200","quality/index gate"
"https://reumlab.com/l/realestate-web-dev/","legacy_landing","retain_noindex","https://reumlab.com/l/realestate-web-dev/","200","quality/index gate"
"https://reumlab.com/l/realestate-website-dev/","legacy_landing","retain_noindex","https://reumlab.com/l/realestate-website-dev/","200","quality/index gate"
"https://reumlab.com/l/restaurant-app-dev/","legacy_landing","retain_noindex","https://reumlab.com/l/restaurant-app-dev/","200","quality/index gate"
"https://reumlab.com/l/restaurant-app-dev-out/","legacy_landing","retain_noindex","https://reumlab.com/l/restaurant-app-dev-out/","200","quality/index gate"
"https://reumlab.com/l/restaurant-homepage-dev/","legacy_landing","retain_noindex","https://reumlab.com/l/restaurant-homepage-dev/","200","quality/index gate"
"https://reumlab.com/l/restaurant-landing-page/","legacy_landing","retain_noindex","https://reumlab.com/l/restaurant-landing-page/","200","quality/index gate"
"https://reumlab.com/l/restaurant-mvp-dev/","legacy_landing","retain_noindex","https://reumlab.com/l/restaurant-mvp-dev/","200","quality/index gate"
"https://reumlab.com/l/restaurant-shopping-mall/","legacy_landing","retain_noindex","https://reumlab.com/l/restaurant-shopping-mall/","200","quality/index gate"
"https://reumlab.com/l/restaurant-web-dev/","legacy_landing","retain_noindex","https://reumlab.com/l/restaurant-web-dev/","200","quality/index gate"
"https://reumlab.com/l/restaurant-website-dev/","legacy_landing","retain","https://reumlab.com/l/restaurant-website-dev/","200","self-canonical indexable page"
"https://reumlab.com/l/seongnam-shopping-mall/","legacy_landing","retain_noindex","https://reumlab.com/l/seongnam-shopping-mall/","200","quality/index gate"
"https://reumlab.com/l/service-plan-cost/","legacy_landing","retain","https://reumlab.com/l/service-plan-cost/","200","self-canonical indexable page"
"https://reumlab.com/l/shopping-app-dev/","legacy_landing","retain_noindex","https://reumlab.com/l/shopping-app-dev/","200","quality/index gate"
"https://reumlab.com/l/shopping-app-dev-out/","legacy_landing","retain_noindex","https://reumlab.com/l/shopping-app-dev-out/","200","quality/index gate"
"https://reumlab.com/l/shopping-homepage-dev/","legacy_landing","retain_noindex","https://reumlab.com/l/shopping-homepage-dev/","200","quality/index gate"
"https://reumlab.com/l/shopping-landing-page/","legacy_landing","retain_noindex","https://reumlab.com/l/shopping-landing-page/","200","quality/index gate"
"https://reumlab.com/l/shopping-mall-cost/","legacy_landing","retain","https://reumlab.com/l/shopping-mall-cost/","200","self-canonical indexable page"
"https://reumlab.com/l/shopping-mvp-dev/","legacy_landing","retain_noindex","https://reumlab.com/l/shopping-mvp-dev/","200","quality/index gate"
"https://reumlab.com/l/shopping-shopping-mall/","legacy_landing","retain_noindex","https://reumlab.com/l/shopping-shopping-mall/","200","quality/index gate"
"https://reumlab.com/l/shopping-web-dev/","legacy_landing","retain_noindex","https://reumlab.com/l/shopping-web-dev/","200","quality/index gate"
"https://reumlab.com/l/shopping-website-dev/","legacy_landing","retain_noindex","https://reumlab.com/l/shopping-website-dev/","200","quality/index gate"
"https://reumlab.com/l/startup-app-dev/","legacy_landing","retain_noindex","https://reumlab.com/l/startup-app-dev/","200","quality/index gate"
"https://reumlab.com/l/startup-app-dev-out/","legacy_landing","retain_noindex","https://reumlab.com/l/startup-app-dev-out/","200","quality/index gate"
"https://reumlab.com/l/startup-homepage-dev/","legacy_landing","retain_noindex","https://reumlab.com/l/startup-homepage-dev/","200","quality/index gate"
"https://reumlab.com/l/startup-landing-page/","legacy_landing","retain_noindex","https://reumlab.com/l/startup-landing-page/","200","quality/index gate"
"https://reumlab.com/l/startup-mvp-dev/","legacy_landing","retain_noindex","https://reumlab.com/l/startup-mvp-dev/","200","quality/index gate"
"https://reumlab.com/l/startup-shopping-mall/","legacy_landing","retain_noindex","https://reumlab.com/l/startup-shopping-mall/","200","quality/index gate"
"https://reumlab.com/l/startup-web-dev/","legacy_landing","retain_noindex","https://reumlab.com/l/startup-web-dev/","200","quality/index gate"
"https://reumlab.com/l/startup-website-dev/","legacy_landing","retain_noindex","https://reumlab.com/l/startup-website-dev/","200","quality/index gate"
"https://reumlab.com/l/suwon-shopping-mall/","legacy_landing","retain","https://reumlab.com/l/suwon-shopping-mall/","200","self-canonical indexable page"
"https://reumlab.com/l/yongin-app-dev/","legacy_landing","retain_noindex","https://reumlab.com/l/yongin-app-dev/","200","quality/index gate"
"https://reumlab.com/l/yongin-app-dev-cost/","legacy_landing","retain_noindex","https://reumlab.com/l/yongin-app-dev-cost/","200","quality/index gate"
"https://reumlab.com/l/yongin-app-dev-out/","legacy_landing","retain_noindex","https://reumlab.com/l/yongin-app-dev-out/","200","quality/index gate"
"https://reumlab.com/l/yongin-app-dev-quote/","legacy_landing","retain_noindex","https://reumlab.com/l/yongin-app-dev-quote/","200","quality/index gate"
"https://reumlab.com/l/yongin-homepage-dev/","legacy_landing","retain_noindex","https://reumlab.com/l/yongin-homepage-dev/","200","quality/index gate"
"https://reumlab.com/l/yongin-homepage-dev-cost/","legacy_landing","retain_noindex","https://reumlab.com/l/yongin-homepage-dev-cost/","200","quality/index gate"
"https://reumlab.com/l/yongin-homepage-dev-quote/","legacy_landing","retain_noindex","https://reumlab.com/l/yongin-homepage-dev-quote/","200","quality/index gate"
"https://reumlab.com/l/yongin-landing-page/","legacy_landing","retain_noindex","https://reumlab.com/l/yongin-landing-page/","200","quality/index gate"
"https://reumlab.com/l/yongin-landing-page-cost/","legacy_landing","retain_noindex","https://reumlab.com/l/yongin-landing-page-cost/","200","quality/index gate"
"https://reumlab.com/l/yongin-landing-page-quote/","legacy_landing","retain_noindex","https://reumlab.com/l/yongin-landing-page-quote/","200","quality/index gate"
"https://reumlab.com/l/yongin-mvp-dev/","legacy_landing","retain_noindex","https://reumlab.com/l/yongin-mvp-dev/","200","quality/index gate"
"https://reumlab.com/l/yongin-shopping-mall/","legacy_landing","retain_noindex","https://reumlab.com/l/yongin-shopping-mall/","200","quality/index gate"
"https://reumlab.com/l/yongin-web-dev/","legacy_landing","retain_noindex","https://reumlab.com/l/yongin-web-dev/","200","quality/index gate"
"https://reumlab.com/l/yongin-web-dev-cost/","legacy_landing","retain_noindex","https://reumlab.com/l/yongin-web-dev-cost/","200","quality/index gate"
"https://reumlab.com/l/yongin-web-dev-quote/","legacy_landing","retain_noindex","https://reumlab.com/l/yongin-web-dev-quote/","200","quality/index gate"
"https://reumlab.com/l/yongin-website-dev/","legacy_landing","retain_noindex","https://reumlab.com/l/yongin-website-dev/","200","quality/index gate"
"https://reumlab.com/maintenance/","service_or_hub","retain","https://reumlab.com/maintenance/","200","self-canonical indexable page"
"https://reumlab.com/mvp/ansan/","region_service","retain_noindex","https://reumlab.com/mvp/ansan/","200","quality/index gate"
"https://reumlab.com/mvp/anyang/","region_service","retain_noindex","https://reumlab.com/mvp/anyang/","200","quality/index gate"
"https://reumlab.com/mvp/asan/","region_service","retain_noindex","https://reumlab.com/mvp/asan/","200","quality/index gate"
"https://reumlab.com/mvp/bucheon/","region_service","retain_noindex","https://reumlab.com/mvp/bucheon/","200","quality/index gate"
"https://reumlab.com/mvp/bundang/","region_service","retain_noindex","https://reumlab.com/mvp/bundang/","200","quality/index gate"
"https://reumlab.com/mvp/busan/","region_service","retain_noindex","https://reumlab.com/mvp/busan/","200","quality/index gate"
"https://reumlab.com/mvp/changwon/","region_service","retain_noindex","https://reumlab.com/mvp/changwon/","200","quality/index gate"
"https://reumlab.com/mvp/cheonan/","region_service","retain_noindex","https://reumlab.com/mvp/cheonan/","200","quality/index gate"
"https://reumlab.com/mvp/cheongju/","region_service","retain_noindex","https://reumlab.com/mvp/cheongju/","200","quality/index gate"
"https://reumlab.com/mvp/chuncheon/","region_service","retain_noindex","https://reumlab.com/mvp/chuncheon/","200","quality/index gate"
"https://reumlab.com/mvp/chungju/","region_service","retain_noindex","https://reumlab.com/mvp/chungju/","200","quality/index gate"
"https://reumlab.com/mvp/daegu/","region_service","retain_noindex","https://reumlab.com/mvp/daegu/","200","quality/index gate"
"https://reumlab.com/mvp/daejeon/","region_service","retain_noindex","https://reumlab.com/mvp/daejeon/","200","quality/index gate"
"https://reumlab.com/mvp/dongtan/","region_service","retain","https://reumlab.com/mvp/dongtan/","200","self-canonical indexable page"
"https://reumlab.com/mvp/gangdong/","region_service","retain_noindex","https://reumlab.com/mvp/gangdong/","200","quality/index gate"
"https://reumlab.com/mvp/gangnam/","region_service","retain_noindex","https://reumlab.com/mvp/gangnam/","200","quality/index gate"
"https://reumlab.com/mvp/gangneung/","region_service","retain_noindex","https://reumlab.com/mvp/gangneung/","200","quality/index gate"
"https://reumlab.com/mvp/geoje/","region_service","retain_noindex","https://reumlab.com/mvp/geoje/","200","quality/index gate"
"https://reumlab.com/mvp/gimhae/","region_service","retain_noindex","https://reumlab.com/mvp/gimhae/","200","quality/index gate"
"https://reumlab.com/mvp/gimpo/","region_service","retain_noindex","https://reumlab.com/mvp/gimpo/","200","quality/index gate"
"https://reumlab.com/mvp/goyang/","region_service","retain_noindex","https://reumlab.com/mvp/goyang/","200","quality/index gate"
"https://reumlab.com/mvp/gumi/","region_service","retain_noindex","https://reumlab.com/mvp/gumi/","200","quality/index gate"
"https://reumlab.com/mvp/gunpo/","region_service","retain_noindex","https://reumlab.com/mvp/gunpo/","200","quality/index gate"
"https://reumlab.com/mvp/gunsan/","region_service","retain_noindex","https://reumlab.com/mvp/gunsan/","200","quality/index gate"
"https://reumlab.com/mvp/gwacheon/","region_service","retain_noindex","https://reumlab.com/mvp/gwacheon/","200","quality/index gate"
"https://reumlab.com/mvp/gwangjin/","region_service","retain_noindex","https://reumlab.com/mvp/gwangjin/","200","quality/index gate"
"https://reumlab.com/mvp/gwangju/","region_service","retain_noindex","https://reumlab.com/mvp/gwangju/","200","quality/index gate"
"https://reumlab.com/mvp/gwangmyeong/","region_service","retain_noindex","https://reumlab.com/mvp/gwangmyeong/","200","quality/index gate"
"https://reumlab.com/mvp/gwangyang/","region_service","retain_noindex","https://reumlab.com/mvp/gwangyang/","200","quality/index gate"
"https://reumlab.com/mvp/gyeongju/","region_service","retain_noindex","https://reumlab.com/mvp/gyeongju/","200","quality/index gate"
"https://reumlab.com/mvp/gyeongsan/","region_service","retain_noindex","https://reumlab.com/mvp/gyeongsan/","200","quality/index gate"
"https://reumlab.com/mvp/haeundae/","region_service","retain_noindex","https://reumlab.com/mvp/haeundae/","200","quality/index gate"
"https://reumlab.com/mvp/hanam/","region_service","retain_noindex","https://reumlab.com/mvp/hanam/","200","quality/index gate"
"https://reumlab.com/mvp/hwaseong/","region_service","retain","https://reumlab.com/mvp/hwaseong/","200","self-canonical indexable page"
"https://reumlab.com/mvp/icheon/","region_service","retain_noindex","https://reumlab.com/mvp/icheon/","200","quality/index gate"
"https://reumlab.com/mvp/iksan/","region_service","retain_noindex","https://reumlab.com/mvp/iksan/","200","quality/index gate"
"https://reumlab.com/mvp/incheon/","region_service","retain_noindex","https://reumlab.com/mvp/incheon/","200","quality/index gate"
"https://reumlab.com/mvp/","service_or_hub","retain","https://reumlab.com/mvp/","200","self-canonical indexable page"
"https://reumlab.com/mvp/jeju/","region_service","retain_noindex","https://reumlab.com/mvp/jeju/","200","quality/index gate"
"https://reumlab.com/mvp/jeonju/","region_service","retain_noindex","https://reumlab.com/mvp/jeonju/","200","quality/index gate"
"https://reumlab.com/mvp/jinju/","region_service","retain_noindex","https://reumlab.com/mvp/jinju/","200","quality/index gate"
"https://reumlab.com/mvp/jongno/","region_service","retain_noindex","https://reumlab.com/mvp/jongno/","200","quality/index gate"
"https://reumlab.com/mvp/mapo/","region_service","retain_noindex","https://reumlab.com/mvp/mapo/","200","quality/index gate"
"https://reumlab.com/mvp/mokpo/","region_service","retain_noindex","https://reumlab.com/mvp/mokpo/","200","quality/index gate"
"https://reumlab.com/mvp/namyangju/","region_service","retain_noindex","https://reumlab.com/mvp/namyangju/","200","quality/index gate"
"https://reumlab.com/mvp/nowon/","region_service","retain_noindex","https://reumlab.com/mvp/nowon/","200","quality/index gate"
"https://reumlab.com/mvp/osan/","region_service","retain_noindex","https://reumlab.com/mvp/osan/","200","quality/index gate"
"https://reumlab.com/mvp/paju/","region_service","retain_noindex","https://reumlab.com/mvp/paju/","200","quality/index gate"
"https://reumlab.com/mvp/pangyo/","region_service","retain_noindex","https://reumlab.com/mvp/pangyo/","200","quality/index gate"
"https://reumlab.com/mvp/pohang/","region_service","retain_noindex","https://reumlab.com/mvp/pohang/","200","quality/index gate"
"https://reumlab.com/mvp/pyeongtaek/","region_service","retain_noindex","https://reumlab.com/mvp/pyeongtaek/","200","quality/index gate"
"https://reumlab.com/mvp/sejong/","region_service","retain_noindex","https://reumlab.com/mvp/sejong/","200","quality/index gate"
"https://reumlab.com/mvp/seocho/","region_service","retain_noindex","https://reumlab.com/mvp/seocho/","200","quality/index gate"
"https://reumlab.com/mvp/seogwipo/","region_service","retain_noindex","https://reumlab.com/mvp/seogwipo/","200","quality/index gate"
"https://reumlab.com/mvp/seongnam/","region_service","retain_noindex","https://reumlab.com/mvp/seongnam/","200","quality/index gate"
"https://reumlab.com/mvp/seongsu/","region_service","retain_noindex","https://reumlab.com/mvp/seongsu/","200","quality/index gate"
"https://reumlab.com/mvp/seosan/","region_service","retain_noindex","https://reumlab.com/mvp/seosan/","200","quality/index gate"
"https://reumlab.com/mvp/sokcho/","region_service","retain_noindex","https://reumlab.com/mvp/sokcho/","200","quality/index gate"
"https://reumlab.com/mvp/songpa/","region_service","retain_noindex","https://reumlab.com/mvp/songpa/","200","quality/index gate"
"https://reumlab.com/mvp/suncheon/","region_service","retain_noindex","https://reumlab.com/mvp/suncheon/","200","quality/index gate"
"https://reumlab.com/mvp/suwon/","region_service","retain","https://reumlab.com/mvp/suwon/","200","self-canonical indexable page"
"https://reumlab.com/mvp/tongyeong/","region_service","retain_noindex","https://reumlab.com/mvp/tongyeong/","200","quality/index gate"
"https://reumlab.com/mvp/uijeongbu/","region_service","retain_noindex","https://reumlab.com/mvp/uijeongbu/","200","quality/index gate"
"https://reumlab.com/mvp/uiwang/","region_service","retain_noindex","https://reumlab.com/mvp/uiwang/","200","quality/index gate"
"https://reumlab.com/mvp/ulsan/","region_service","retain_noindex","https://reumlab.com/mvp/ulsan/","200","quality/index gate"
"https://reumlab.com/mvp/wonju/","region_service","retain_noindex","https://reumlab.com/mvp/wonju/","200","quality/index gate"
"https://reumlab.com/mvp/yangsan/","region_service","retain_noindex","https://reumlab.com/mvp/yangsan/","200","quality/index gate"
"https://reumlab.com/mvp/yeosu/","region_service","retain_noindex","https://reumlab.com/mvp/yeosu/","200","quality/index gate"
"https://reumlab.com/mvp/yeouido/","region_service","retain_noindex","https://reumlab.com/mvp/yeouido/","200","quality/index gate"
"https://reumlab.com/mvp/yongin/","region_service","retain_noindex","https://reumlab.com/mvp/yongin/","200","quality/index gate"
"https://reumlab.com/mvp/yongsan/","region_service","retain_noindex","https://reumlab.com/mvp/yongsan/","200","quality/index gate"
"https://reumlab.com/mvp-development/","service_or_hub","retain","https://reumlab.com/mvp-development/","200","self-canonical indexable page"
"https://reumlab.com/nocode-limit/","service_or_hub","retain","https://reumlab.com/nocode-limit/","200","self-canonical indexable page"
"https://reumlab.com/platform/","service_or_hub","retain","https://reumlab.com/platform/","200","self-canonical indexable page"
"https://reumlab.com/portfolio/ai-sales/","case","retain","https://reumlab.com/portfolio/ai-sales/","200","self-canonical indexable page"
"https://reumlab.com/portfolio/ai-work-hub/","case","retain","https://reumlab.com/portfolio/ai-work-hub/","200","self-canonical indexable page"
"https://reumlab.com/portfolio/b2b-lead/","case","retain","https://reumlab.com/portfolio/b2b-lead/","200","self-canonical indexable page"
"https://reumlab.com/portfolio/data-crawl/","case","retain","https://reumlab.com/portfolio/data-crawl/","200","self-canonical indexable page"
"https://reumlab.com/portfolio/digital-market/","case","retain","https://reumlab.com/portfolio/digital-market/","200","self-canonical indexable page"
"https://reumlab.com/portfolio/edu-erp/","case","retain","https://reumlab.com/portfolio/edu-erp/","200","self-canonical indexable page"
"https://reumlab.com/portfolio/edu-review/","case","retain","https://reumlab.com/portfolio/edu-review/","200","self-canonical indexable page"
"https://reumlab.com/portfolio/gov-search/","case","retain","https://reumlab.com/portfolio/gov-search/","200","self-canonical indexable page"
"https://reumlab.com/portfolio/","case_hub","retain","https://reumlab.com/portfolio/","200","self-canonical indexable page"
"https://reumlab.com/portfolio/life-match/","case","retain","https://reumlab.com/portfolio/life-match/","200","self-canonical indexable page"
"https://reumlab.com/portfolio/pseo-engine/","case","retain","https://reumlab.com/portfolio/pseo-engine/","200","self-canonical indexable page"
"https://reumlab.com/portfolio/quote-doc/","case","retain","https://reumlab.com/portfolio/quote-doc/","200","self-canonical indexable page"
"https://reumlab.com/portfolio/research-writer/","case","retain","https://reumlab.com/portfolio/research-writer/","200","self-canonical indexable page"
"https://reumlab.com/portfolio/sns-content/","case","retain","https://reumlab.com/portfolio/sns-content/","200","self-canonical indexable page"
"https://reumlab.com/portfolio/soho-saas/","case","retain","https://reumlab.com/portfolio/soho-saas/","200","self-canonical indexable page"
"https://reumlab.com/portfolio/space-booking/","case","retain","https://reumlab.com/portfolio/space-booking/","200","self-canonical indexable page"
"https://reumlab.com/privacy/","legal","retain","https://reumlab.com/privacy/","200","self-canonical indexable page"
"https://reumlab.com/realestate-landing/","service_or_hub","retain","https://reumlab.com/realestate-landing/","200","self-canonical indexable page"
"https://reumlab.com/refund/","legal","retain","https://reumlab.com/refund/","200","self-canonical indexable page"
"https://reumlab.com/renewal/","service_or_hub","retain","https://reumlab.com/renewal/","200","self-canonical indexable page"
"https://reumlab.com/reservation-commerce/","service_or_hub","retain","https://reumlab.com/reservation-commerce/","200","self-canonical indexable page"
"https://reumlab.com/service-renewal/","service_or_hub","retain","https://reumlab.com/service-renewal/","200","self-canonical indexable page"
"https://reumlab.com/soho/","service_or_hub","retain","https://reumlab.com/soho/","200","self-canonical indexable page"
"https://reumlab.com/solution/academy/","industry_service","retain","https://reumlab.com/solution/academy/","200","self-canonical indexable page"
"https://reumlab.com/solution/agriculture/","industry_service","retain","https://reumlab.com/solution/agriculture/","200","self-canonical indexable page"
"https://reumlab.com/solution/animal-hospital/","industry_service","retain","https://reumlab.com/solution/animal-hospital/","200","self-canonical indexable page"
"https://reumlab.com/solution/art-academy/","industry_service","retain","https://reumlab.com/solution/art-academy/","200","self-canonical indexable page"
"https://reumlab.com/solution/b2b-saas/","industry_service","retain","https://reumlab.com/solution/b2b-saas/","200","self-canonical indexable page"
"https://reumlab.com/solution/bakery/","industry_service","retain","https://reumlab.com/solution/bakery/","200","self-canonical indexable page"
"https://reumlab.com/solution/billiards/","industry_service","retain","https://reumlab.com/solution/billiards/","200","self-canonical indexable page"
"https://reumlab.com/solution/booking/","industry_service","retain","https://reumlab.com/solution/booking/","200","self-canonical indexable page"
"https://reumlab.com/solution/bookstore/","industry_service","retain","https://reumlab.com/solution/bookstore/","200","self-canonical indexable page"
"https://reumlab.com/solution/butcher/","industry_service","retain","https://reumlab.com/solution/butcher/","200","self-canonical indexable page"
"https://reumlab.com/solution/cafe/","industry_service","retain","https://reumlab.com/solution/cafe/","200","self-canonical indexable page"
"https://reumlab.com/solution/camping/","industry_service","retain","https://reumlab.com/solution/camping/","200","self-canonical indexable page"
"https://reumlab.com/solution/car-repair/","industry_service","retain","https://reumlab.com/solution/car-repair/","200","self-canonical indexable page"
"https://reumlab.com/solution/car-wash/","industry_service","retain","https://reumlab.com/solution/car-wash/","200","self-canonical indexable page"
"https://reumlab.com/solution/catering/","industry_service","retain","https://reumlab.com/solution/catering/","200","self-canonical indexable page"
"https://reumlab.com/solution/childcare/","industry_service","retain","https://reumlab.com/solution/childcare/","200","self-canonical indexable page"
"https://reumlab.com/solution/church/","industry_service","retain","https://reumlab.com/solution/church/","200","self-canonical indexable page"
"https://reumlab.com/solution/cleaning/","industry_service","retain","https://reumlab.com/solution/cleaning/","200","self-canonical indexable page"
"https://reumlab.com/solution/climbing/","industry_service","retain","https://reumlab.com/solution/climbing/","200","self-canonical indexable page"
"https://reumlab.com/solution/cloud-kitchen/","industry_service","retain","https://reumlab.com/solution/cloud-kitchen/","200","self-canonical indexable page"
"https://reumlab.com/solution/coin-laundry/","industry_service","retain","https://reumlab.com/solution/coin-laundry/","200","self-canonical indexable page"
"https://reumlab.com/solution/community/","industry_service","retain","https://reumlab.com/solution/community/","200","self-canonical indexable page"
"https://reumlab.com/solution/construction/","industry_service","retain","https://reumlab.com/solution/construction/","200","self-canonical indexable page"
"https://reumlab.com/solution/cooking-class/","industry_service","retain","https://reumlab.com/solution/cooking-class/","200","self-canonical indexable page"
"https://reumlab.com/solution/coworking/","industry_service","retain","https://reumlab.com/solution/coworking/","200","self-canonical indexable page"
"https://reumlab.com/solution/creator/","industry_service","retain","https://reumlab.com/solution/creator/","200","self-canonical indexable page"
"https://reumlab.com/solution/dance-academy/","industry_service","retain","https://reumlab.com/solution/dance-academy/","200","self-canonical indexable page"
"https://reumlab.com/solution/delivery/","industry_service","retain","https://reumlab.com/solution/delivery/","200","self-canonical indexable page"
"https://reumlab.com/solution/dental/","industry_service","retain","https://reumlab.com/solution/dental/","200","self-canonical indexable page"
"https://reumlab.com/solution/driving-school/","industry_service","retain","https://reumlab.com/solution/driving-school/","200","self-canonical indexable page"
"https://reumlab.com/solution/english-academy/","industry_service","retain","https://reumlab.com/solution/english-academy/","200","self-canonical indexable page"
"https://reumlab.com/solution/esthetic/","industry_service","retain","https://reumlab.com/solution/esthetic/","200","self-canonical indexable page"
"https://reumlab.com/solution/event-agency/","industry_service","retain","https://reumlab.com/solution/event-agency/","200","self-canonical indexable page"
"https://reumlab.com/solution/fishing/","industry_service","retain","https://reumlab.com/solution/fishing/","200","self-canonical indexable page"
"https://reumlab.com/solution/fitness/","industry_service","retain","https://reumlab.com/solution/fitness/","200","self-canonical indexable page"
"https://reumlab.com/solution/flower/","industry_service","retain","https://reumlab.com/solution/flower/","200","self-canonical indexable page"
"https://reumlab.com/solution/foodtech/","industry_service","retain","https://reumlab.com/solution/foodtech/","200","self-canonical indexable page"
"https://reumlab.com/solution/franchise/","industry_service","retain","https://reumlab.com/solution/franchise/","200","self-canonical indexable page"
"https://reumlab.com/solution/funeral/","industry_service","retain","https://reumlab.com/solution/funeral/","200","self-canonical indexable page"
"https://reumlab.com/solution/furniture/","industry_service","retain","https://reumlab.com/solution/furniture/","200","self-canonical indexable page"
"https://reumlab.com/solution/game-studio/","industry_service","retain","https://reumlab.com/solution/game-studio/","200","self-canonical indexable page"
"https://reumlab.com/solution/golf/","industry_service","retain","https://reumlab.com/solution/golf/","200","self-canonical indexable page"
"https://reumlab.com/solution/golf-range/","industry_service","retain","https://reumlab.com/solution/golf-range/","200","self-canonical indexable page"
"https://reumlab.com/solution/grocery/","industry_service","retain","https://reumlab.com/solution/grocery/","200","self-canonical indexable page"
"https://reumlab.com/solution/hair-salon/","industry_service","retain","https://reumlab.com/solution/hair-salon/","200","self-canonical indexable page"
"https://reumlab.com/solution/hospital/","industry_service","retain","https://reumlab.com/solution/hospital/","200","self-canonical indexable page"
"https://reumlab.com/solution/","service_or_hub","retain","https://reumlab.com/solution/","200","self-canonical indexable page"
"https://reumlab.com/solution/insurance/","industry_service","retain","https://reumlab.com/solution/insurance/","200","self-canonical indexable page"
"https://reumlab.com/solution/interior/","industry_service","retain","https://reumlab.com/solution/interior/","200","self-canonical indexable page"
"https://reumlab.com/solution/kids-cafe/","industry_service","retain","https://reumlab.com/solution/kids-cafe/","200","self-canonical indexable page"
"https://reumlab.com/solution/labor-hr/","industry_service","retain","https://reumlab.com/solution/labor-hr/","200","self-canonical indexable page"
"https://reumlab.com/solution/laundry/","industry_service","retain","https://reumlab.com/solution/laundry/","200","self-canonical indexable page"
"https://reumlab.com/solution/law-firm/","industry_service","retain","https://reumlab.com/solution/law-firm/","200","self-canonical indexable page"
"https://reumlab.com/solution/liquor-shop/","industry_service","retain","https://reumlab.com/solution/liquor-shop/","200","self-canonical indexable page"
"https://reumlab.com/solution/loan/","industry_service","retain","https://reumlab.com/solution/loan/","200","self-canonical indexable page"
"https://reumlab.com/solution/lodging/","industry_service","retain","https://reumlab.com/solution/lodging/","200","self-canonical indexable page"
"https://reumlab.com/solution/logistics/","industry_service","retain","https://reumlab.com/solution/logistics/","200","self-canonical indexable page"
"https://reumlab.com/solution/manufacturing/","industry_service","retain","https://reumlab.com/solution/manufacturing/","200","self-canonical indexable page"
"https://reumlab.com/solution/marketing-agency/","industry_service","retain","https://reumlab.com/solution/marketing-agency/","200","self-canonical indexable page"
"https://reumlab.com/solution/marketplace/","industry_service","retain","https://reumlab.com/solution/marketplace/","200","self-canonical indexable page"
"https://reumlab.com/solution/massage/","industry_service","retain","https://reumlab.com/solution/massage/","200","self-canonical indexable page"
"https://reumlab.com/solution/math-academy/","industry_service","retain","https://reumlab.com/solution/math-academy/","200","self-canonical indexable page"
"https://reumlab.com/solution/moving/","industry_service","retain","https://reumlab.com/solution/moving/","200","self-canonical indexable page"
"https://reumlab.com/solution/music-academy/","industry_service","retain","https://reumlab.com/solution/music-academy/","200","self-canonical indexable page"
"https://reumlab.com/solution/nail-shop/","industry_service","retain","https://reumlab.com/solution/nail-shop/","200","self-canonical indexable page"
"https://reumlab.com/solution/nonprofit/","industry_service","retain","https://reumlab.com/solution/nonprofit/","200","self-canonical indexable page"
"https://reumlab.com/solution/o2o/","industry_service","retain","https://reumlab.com/solution/o2o/","200","self-canonical indexable page"
"https://reumlab.com/solution/optician/","industry_service","retain","https://reumlab.com/solution/optician/","200","self-canonical indexable page"
"https://reumlab.com/solution/oriental-medicine/","industry_service","retain","https://reumlab.com/solution/oriental-medicine/","200","self-canonical indexable page"
"https://reumlab.com/solution/parking/","industry_service","retain","https://reumlab.com/solution/parking/","200","self-canonical indexable page"
"https://reumlab.com/solution/party-room/","industry_service","retain","https://reumlab.com/solution/party-room/","200","self-canonical indexable page"
"https://reumlab.com/solution/patent/","industry_service","retain","https://reumlab.com/solution/patent/","200","self-canonical indexable page"
"https://reumlab.com/solution/pc-cafe/","industry_service","retain","https://reumlab.com/solution/pc-cafe/","200","self-canonical indexable page"
"https://reumlab.com/solution/pet/","industry_service","retain","https://reumlab.com/solution/pet/","200","self-canonical indexable page"
"https://reumlab.com/solution/pharmacy/","industry_service","retain","https://reumlab.com/solution/pharmacy/","200","self-canonical indexable page"
"https://reumlab.com/solution/photo-studio/","industry_service","retain","https://reumlab.com/solution/photo-studio/","200","self-canonical indexable page"
"https://reumlab.com/solution/physical-therapy/","industry_service","retain","https://reumlab.com/solution/physical-therapy/","200","self-canonical indexable page"
"https://reumlab.com/solution/pilates/","industry_service","retain","https://reumlab.com/solution/pilates/","200","self-canonical indexable page"
"https://reumlab.com/solution/postpartum/","industry_service","retain","https://reumlab.com/solution/postpartum/","200","self-canonical indexable page"
"https://reumlab.com/solution/printing/","industry_service","retain","https://reumlab.com/solution/printing/","200","self-canonical indexable page"
"https://reumlab.com/solution/property-mgmt/","industry_service","retain","https://reumlab.com/solution/property-mgmt/","200","self-canonical indexable page"
"https://reumlab.com/solution/psychology/","industry_service","retain","https://reumlab.com/solution/psychology/","200","self-canonical indexable page"
"https://reumlab.com/solution/realestate/","industry_service","retain","https://reumlab.com/solution/realestate/","200","self-canonical indexable page"
"https://reumlab.com/solution/recruiting/","industry_service","retain","https://reumlab.com/solution/recruiting/","200","self-canonical indexable page"
"https://reumlab.com/solution/rental/","industry_service","retain","https://reumlab.com/solution/rental/","200","self-canonical indexable page"
"https://reumlab.com/solution/rental-car/","industry_service","retain","https://reumlab.com/solution/rental-car/","200","self-canonical indexable page"
"https://reumlab.com/solution/resort/","industry_service","retain","https://reumlab.com/solution/resort/","200","self-canonical indexable page"
"https://reumlab.com/solution/restaurant/","industry_service","retain","https://reumlab.com/solution/restaurant/","200","self-canonical indexable page"
"https://reumlab.com/solution/screen-golf/","industry_service","retain","https://reumlab.com/solution/screen-golf/","200","self-canonical indexable page"
"https://reumlab.com/solution/security/","industry_service","retain","https://reumlab.com/solution/security/","200","self-canonical indexable page"
"https://reumlab.com/solution/senior/","industry_service","retain","https://reumlab.com/solution/senior/","200","self-canonical indexable page"
"https://reumlab.com/solution/shopping/","industry_service","retain","https://reumlab.com/solution/shopping/","200","self-canonical indexable page"
"https://reumlab.com/solution/sidedish/","industry_service","retain","https://reumlab.com/solution/sidedish/","200","self-canonical indexable page"
"https://reumlab.com/solution/skin-clinic/","industry_service","retain","https://reumlab.com/solution/skin-clinic/","200","self-canonical indexable page"
"https://reumlab.com/solution/solar/","industry_service","retain","https://reumlab.com/solution/solar/","200","self-canonical indexable page"
"https://reumlab.com/solution/speech/","industry_service","retain","https://reumlab.com/solution/speech/","200","self-canonical indexable page"
"https://reumlab.com/solution/storage/","industry_service","retain","https://reumlab.com/solution/storage/","200","self-canonical indexable page"
"https://reumlab.com/solution/studycafe/","industry_service","retain","https://reumlab.com/solution/studycafe/","200","self-canonical indexable page"
"https://reumlab.com/solution/subscription/","industry_service","retain","https://reumlab.com/solution/subscription/","200","self-canonical indexable page"
"https://reumlab.com/solution/swimming/","industry_service","retain","https://reumlab.com/solution/swimming/","200","self-canonical indexable page"
"https://reumlab.com/solution/taekwondo/","industry_service","retain","https://reumlab.com/solution/taekwondo/","200","self-canonical indexable page"
"https://reumlab.com/solution/tailor/","industry_service","retain","https://reumlab.com/solution/tailor/","200","self-canonical indexable page"
"https://reumlab.com/solution/tax-accounting/","industry_service","retain","https://reumlab.com/solution/tax-accounting/","200","self-canonical indexable page"
"https://reumlab.com/solution/telemedicine/","industry_service","retain","https://reumlab.com/solution/telemedicine/","200","self-canonical indexable page"
"https://reumlab.com/solution/translation/","industry_service","retain","https://reumlab.com/solution/translation/","200","self-canonical indexable page"
"https://reumlab.com/solution/travel/","industry_service","retain","https://reumlab.com/solution/travel/","200","self-canonical indexable page"
"https://reumlab.com/solution/tutoring/","industry_service","retain","https://reumlab.com/solution/tutoring/","200","self-canonical indexable page"
"https://reumlab.com/solution/university/","industry_service","retain","https://reumlab.com/solution/university/","200","self-canonical indexable page"
"https://reumlab.com/solution/unmanned-store/","industry_service","retain","https://reumlab.com/solution/unmanned-store/","200","self-canonical indexable page"
"https://reumlab.com/solution/used-car/","industry_service","retain","https://reumlab.com/solution/used-car/","200","self-canonical indexable page"
"https://reumlab.com/solution/wedding/","industry_service","retain","https://reumlab.com/solution/wedding/","200","self-canonical indexable page"
"https://reumlab.com/solution/wholesale/","industry_service","retain","https://reumlab.com/solution/wholesale/","200","self-canonical indexable page"
"https://reumlab.com/solution/yoga/","industry_service","retain","https://reumlab.com/solution/yoga/","200","self-canonical indexable page"
"https://reumlab.com/source-handover/","service_or_hub","retain","https://reumlab.com/source-handover/","200","self-canonical indexable page"
"https://reumlab.com/system/","service_or_hub","retain","https://reumlab.com/system/","200","self-canonical indexable page"
"https://reumlab.com/system/qr-order/","system_service","retain","https://reumlab.com/system/qr-order/","200","self-canonical indexable page"
"https://reumlab.com/system/space-rental/","system_service","retain","https://reumlab.com/system/space-rental/","200","self-canonical indexable page"
"https://reumlab.com/system/subscription-delivery/","system_service","retain","https://reumlab.com/system/subscription-delivery/","200","self-canonical indexable page"
"https://reumlab.com/system/trade-ops/","system_service","retain","https://reumlab.com/system/trade-ops/","200","self-canonical indexable page"
"https://reumlab.com/system/vehicle-visualizer/","system_service","retain","https://reumlab.com/system/vehicle-visualizer/","200","self-canonical indexable page"
"https://reumlab.com/system/waiting/","system_service","retain","https://reumlab.com/system/waiting/","200","self-canonical indexable page"
"https://reumlab.com/system/workforce/","system_service","retain","https://reumlab.com/system/workforce/","200","self-canonical indexable page"
"https://reumlab.com/terms/","legal","retain","https://reumlab.com/terms/","200","self-canonical indexable page"
"https://reumlab.com/web-development/ansan/","region_service","retain_noindex","https://reumlab.com/web-development/ansan/","200","quality/index gate"
"https://reumlab.com/web-development/anyang/","region_service","retain_noindex","https://reumlab.com/web-development/anyang/","200","quality/index gate"
"https://reumlab.com/web-development/asan/","region_service","retain_noindex","https://reumlab.com/web-development/asan/","200","quality/index gate"
"https://reumlab.com/web-development/bucheon/","region_service","retain_noindex","https://reumlab.com/web-development/bucheon/","200","quality/index gate"
"https://reumlab.com/web-development/bundang/","region_service","retain_noindex","https://reumlab.com/web-development/bundang/","200","quality/index gate"
"https://reumlab.com/web-development/busan/","region_service","retain_noindex","https://reumlab.com/web-development/busan/","200","quality/index gate"
"https://reumlab.com/web-development/changwon/","region_service","retain_noindex","https://reumlab.com/web-development/changwon/","200","quality/index gate"
"https://reumlab.com/web-development/cheonan/","region_service","retain_noindex","https://reumlab.com/web-development/cheonan/","200","quality/index gate"
"https://reumlab.com/web-development/cheongju/","region_service","retain_noindex","https://reumlab.com/web-development/cheongju/","200","quality/index gate"
"https://reumlab.com/web-development/chuncheon/","region_service","retain_noindex","https://reumlab.com/web-development/chuncheon/","200","quality/index gate"
"https://reumlab.com/web-development/chungju/","region_service","retain_noindex","https://reumlab.com/web-development/chungju/","200","quality/index gate"
"https://reumlab.com/web-development/daegu/","region_service","retain_noindex","https://reumlab.com/web-development/daegu/","200","quality/index gate"
"https://reumlab.com/web-development/daejeon/","region_service","retain_noindex","https://reumlab.com/web-development/daejeon/","200","quality/index gate"
"https://reumlab.com/web-development/dongtan/","region_service","retain","https://reumlab.com/web-development/dongtan/","200","self-canonical indexable page"
"https://reumlab.com/web-development/gangdong/","region_service","retain_noindex","https://reumlab.com/web-development/gangdong/","200","quality/index gate"
"https://reumlab.com/web-development/gangnam/","region_service","retain_noindex","https://reumlab.com/web-development/gangnam/","200","quality/index gate"
"https://reumlab.com/web-development/gangneung/","region_service","retain_noindex","https://reumlab.com/web-development/gangneung/","200","quality/index gate"
"https://reumlab.com/web-development/geoje/","region_service","retain_noindex","https://reumlab.com/web-development/geoje/","200","quality/index gate"
"https://reumlab.com/web-development/gimhae/","region_service","retain_noindex","https://reumlab.com/web-development/gimhae/","200","quality/index gate"
"https://reumlab.com/web-development/gimpo/","region_service","retain_noindex","https://reumlab.com/web-development/gimpo/","200","quality/index gate"
"https://reumlab.com/web-development/goyang/","region_service","retain_noindex","https://reumlab.com/web-development/goyang/","200","quality/index gate"
"https://reumlab.com/web-development/gumi/","region_service","retain_noindex","https://reumlab.com/web-development/gumi/","200","quality/index gate"
"https://reumlab.com/web-development/gunpo/","region_service","retain_noindex","https://reumlab.com/web-development/gunpo/","200","quality/index gate"
"https://reumlab.com/web-development/gunsan/","region_service","retain_noindex","https://reumlab.com/web-development/gunsan/","200","quality/index gate"
"https://reumlab.com/web-development/gwacheon/","region_service","retain_noindex","https://reumlab.com/web-development/gwacheon/","200","quality/index gate"
"https://reumlab.com/web-development/gwangjin/","region_service","retain_noindex","https://reumlab.com/web-development/gwangjin/","200","quality/index gate"
"https://reumlab.com/web-development/gwangju/","region_service","retain_noindex","https://reumlab.com/web-development/gwangju/","200","quality/index gate"
"https://reumlab.com/web-development/gwangmyeong/","region_service","retain_noindex","https://reumlab.com/web-development/gwangmyeong/","200","quality/index gate"
"https://reumlab.com/web-development/gwangyang/","region_service","retain_noindex","https://reumlab.com/web-development/gwangyang/","200","quality/index gate"
"https://reumlab.com/web-development/gyeongju/","region_service","retain_noindex","https://reumlab.com/web-development/gyeongju/","200","quality/index gate"
"https://reumlab.com/web-development/gyeongsan/","region_service","retain_noindex","https://reumlab.com/web-development/gyeongsan/","200","quality/index gate"
"https://reumlab.com/web-development/haeundae/","region_service","retain_noindex","https://reumlab.com/web-development/haeundae/","200","quality/index gate"
"https://reumlab.com/web-development/hanam/","region_service","retain_noindex","https://reumlab.com/web-development/hanam/","200","quality/index gate"
"https://reumlab.com/web-development/hwaseong/","region_service","retain","https://reumlab.com/web-development/hwaseong/","200","self-canonical indexable page"
"https://reumlab.com/web-development/icheon/","region_service","retain_noindex","https://reumlab.com/web-development/icheon/","200","quality/index gate"
"https://reumlab.com/web-development/iksan/","region_service","retain_noindex","https://reumlab.com/web-development/iksan/","200","quality/index gate"
"https://reumlab.com/web-development/incheon/","region_service","retain_noindex","https://reumlab.com/web-development/incheon/","200","quality/index gate"
"https://reumlab.com/web-development/","service_or_hub","retain","https://reumlab.com/web-development/","200","self-canonical indexable page"
"https://reumlab.com/web-development/jeju/","region_service","retain_noindex","https://reumlab.com/web-development/jeju/","200","quality/index gate"
"https://reumlab.com/web-development/jeonju/","region_service","retain_noindex","https://reumlab.com/web-development/jeonju/","200","quality/index gate"
"https://reumlab.com/web-development/jinju/","region_service","retain_noindex","https://reumlab.com/web-development/jinju/","200","quality/index gate"
"https://reumlab.com/web-development/jongno/","region_service","retain_noindex","https://reumlab.com/web-development/jongno/","200","quality/index gate"
"https://reumlab.com/web-development/mapo/","region_service","retain_noindex","https://reumlab.com/web-development/mapo/","200","quality/index gate"
"https://reumlab.com/web-development/mokpo/","region_service","retain_noindex","https://reumlab.com/web-development/mokpo/","200","quality/index gate"
"https://reumlab.com/web-development/namyangju/","region_service","retain_noindex","https://reumlab.com/web-development/namyangju/","200","quality/index gate"
"https://reumlab.com/web-development/nowon/","region_service","retain_noindex","https://reumlab.com/web-development/nowon/","200","quality/index gate"
"https://reumlab.com/web-development/osan/","region_service","retain_noindex","https://reumlab.com/web-development/osan/","200","quality/index gate"
"https://reumlab.com/web-development/paju/","region_service","retain_noindex","https://reumlab.com/web-development/paju/","200","quality/index gate"
"https://reumlab.com/web-development/pangyo/","region_service","retain_noindex","https://reumlab.com/web-development/pangyo/","200","quality/index gate"
"https://reumlab.com/web-development/pohang/","region_service","retain_noindex","https://reumlab.com/web-development/pohang/","200","quality/index gate"
"https://reumlab.com/web-development/pyeongtaek/","region_service","retain_noindex","https://reumlab.com/web-development/pyeongtaek/","200","quality/index gate"
"https://reumlab.com/web-development/sejong/","region_service","retain_noindex","https://reumlab.com/web-development/sejong/","200","quality/index gate"
"https://reumlab.com/web-development/seocho/","region_service","retain_noindex","https://reumlab.com/web-development/seocho/","200","quality/index gate"
"https://reumlab.com/web-development/seogwipo/","region_service","retain_noindex","https://reumlab.com/web-development/seogwipo/","200","quality/index gate"
"https://reumlab.com/web-development/seongnam/","region_service","retain_noindex","https://reumlab.com/web-development/seongnam/","200","quality/index gate"
"https://reumlab.com/web-development/seongsu/","region_service","retain_noindex","https://reumlab.com/web-development/seongsu/","200","quality/index gate"
"https://reumlab.com/web-development/seosan/","region_service","retain_noindex","https://reumlab.com/web-development/seosan/","200","quality/index gate"
"https://reumlab.com/web-development/sokcho/","region_service","retain_noindex","https://reumlab.com/web-development/sokcho/","200","quality/index gate"
"https://reumlab.com/web-development/songpa/","region_service","retain_noindex","https://reumlab.com/web-development/songpa/","200","quality/index gate"
"https://reumlab.com/web-development/suncheon/","region_service","retain_noindex","https://reumlab.com/web-development/suncheon/","200","quality/index gate"
"https://reumlab.com/web-development/suwon/","region_service","retain","https://reumlab.com/web-development/suwon/","200","self-canonical indexable page"
"https://reumlab.com/web-development/tongyeong/","region_service","retain_noindex","https://reumlab.com/web-development/tongyeong/","200","quality/index gate"
"https://reumlab.com/web-development/uijeongbu/","region_service","retain_noindex","https://reumlab.com/web-development/uijeongbu/","200","quality/index gate"
"https://reumlab.com/web-development/uiwang/","region_service","retain_noindex","https://reumlab.com/web-development/uiwang/","200","quality/index gate"
"https://reumlab.com/web-development/ulsan/","region_service","retain_noindex","https://reumlab.com/web-development/ulsan/","200","quality/index gate"
"https://reumlab.com/web-development/wonju/","region_service","retain_noindex","https://reumlab.com/web-development/wonju/","200","quality/index gate"
"https://reumlab.com/web-development/yangsan/","region_service","retain_noindex","https://reumlab.com/web-development/yangsan/","200","quality/index gate"
"https://reumlab.com/web-development/yeosu/","region_service","retain_noindex","https://reumlab.com/web-development/yeosu/","200","quality/index gate"
"https://reumlab.com/web-development/yeouido/","region_service","retain_noindex","https://reumlab.com/web-development/yeouido/","200","quality/index gate"
"https://reumlab.com/web-development/yongin/","region_service","retain_noindex","https://reumlab.com/web-development/yongin/","200","quality/index gate"
"https://reumlab.com/web-development/yongsan/","region_service","retain_noindex","https://reumlab.com/web-development/yongsan/","200","quality/index gate"
"https://reumlab.com/website/adongsangdamsenteo/","industry_service","retain","https://reumlab.com/website/adongsangdamsenteo/","200","self-canonical indexable page"
"https://reumlab.com/website/aebgaebaleobche/","industry_service","retain","https://reumlab.com/website/aebgaebaleobche/","200","self-canonical indexable page"
"https://reumlab.com/website/aggijeom/","industry_service","retain","https://reumlab.com/website/aggijeom/","200","self-canonical indexable page"
"https://reumlab.com/website/angwa/","industry_service","retain","https://reumlab.com/website/angwa/","200","self-canonical indexable page"
"https://reumlab.com/website/angyeongjeom/","industry_service","retain","https://reumlab.com/website/angyeongjeom/","200","self-canonical indexable page"
"https://reumlab.com/website/baedeuminteonjang/","industry_service","retain","https://reumlab.com/website/baedeuminteonjang/","200","self-canonical indexable page"
"https://reumlab.com/website/baldalsenteo/","industry_service","retain","https://reumlab.com/website/baldalsenteo/","200","self-canonical indexable page"
"https://reumlab.com/website/banchangage/","industry_service","retain","https://reumlab.com/website/banchangage/","200","self-canonical indexable page"
"https://reumlab.com/website/bangmunhagseub/","industry_service","retain","https://reumlab.com/website/bangmunhagseub/","200","self-canonical indexable page"
"https://reumlab.com/website/bangmunyoyangsenteo/","industry_service","retain","https://reumlab.com/website/bangmunyoyangsenteo/","200","self-canonical indexable page"
"https://reumlab.com/website/bangsueobche/","industry_service","retain","https://reumlab.com/website/bangsueobche/","200","self-canonical indexable page"
"https://reumlab.com/website/bangyeogeobche/","industry_service","retain","https://reumlab.com/website/bangyeogeobche/","200","self-canonical indexable page"
"https://reumlab.com/website/banyeonggusyab/","industry_service","retain","https://reumlab.com/website/banyeonggusyab/","200","self-canonical indexable page"
"https://reumlab.com/website/beibisiteo/","industry_service","retain","https://reumlab.com/website/beibisiteo/","200","self-canonical indexable page"
"https://reumlab.com/website/beikeori/","industry_service","retain","https://reumlab.com/website/beikeori/","200","self-canonical indexable page"
"https://reumlab.com/website/beobmubeobin/","industry_service","retain","https://reumlab.com/website/beobmubeobin/","200","self-canonical indexable page"
"https://reumlab.com/website/beobmusa/","industry_service","retain","https://reumlab.com/website/beobmusa/","200","self-canonical indexable page"
"https://reumlab.com/website/beobryulsamuso/","industry_service","retain","https://reumlab.com/website/beobryulsamuso/","200","self-canonical indexable page"
"https://reumlab.com/website/beonyeogsamuso/","industry_service","retain","https://reumlab.com/website/beonyeogsamuso/","200","self-canonical indexable page"
"https://reumlab.com/website/beoseuhoesa/","industry_service","retain","https://reumlab.com/website/beoseuhoesa/","200","self-canonical indexable page"
"https://reumlab.com/website/beulraegbagseumaejang/","industry_service","retain","https://reumlab.com/website/beulraegbagseumaejang/","200","self-canonical indexable page"
"https://reumlab.com/website/beuraendinghoesa/","industry_service","retain","https://reumlab.com/website/beuraendinghoesa/","200","self-canonical indexable page"
"https://reumlab.com/website/bideeobche/","industry_service","retain","https://reumlab.com/website/bideeobche/","200","self-canonical indexable page"
"https://reumlab.com/website/binyogigwa/","industry_service","retain","https://reumlab.com/website/binyogigwa/","200","self-canonical indexable page"
"https://reumlab.com/website/boaneobche/","industry_service","retain","https://reumlab.com/website/boaneobche/","200","self-canonical indexable page"
"https://reumlab.com/website/bogsingjang/","industry_service","retain","https://reumlab.com/website/bogsingjang/","200","self-canonical indexable page"
"https://reumlab.com/website/boheomdaerijeom/","industry_service","retain","https://reumlab.com/website/boheomdaerijeom/","200","self-canonical indexable page"
"https://reumlab.com/website/boilreoeobche/","industry_service","retain","https://reumlab.com/website/boilreoeobche/","200","self-canonical indexable page"
"https://reumlab.com/website/bolringjang/","industry_service","retain","https://reumlab.com/website/bolringjang/","200","self-canonical indexable page"
"https://reumlab.com/website/budongsan/","industry_service","retain","https://reumlab.com/website/budongsan/","200","self-canonical indexable page"
"https://reumlab.com/website/budongsankeonseolting/","industry_service","retain","https://reumlab.com/website/budongsankeonseolting/","200","self-canonical indexable page"
"https://reumlab.com/website/bunsigjib/","industry_service","retain","https://reumlab.com/website/bunsigjib/","200","self-canonical indexable page"
"https://reumlab.com/website/bunyangdaehaengsa/","industry_service","retain","https://reumlab.com/website/bunyangdaehaengsa/","200","self-canonical indexable page"
"https://reumlab.com/website/byeongwon/","industry_service","retain","https://reumlab.com/website/byeongwon/","200","self-canonical indexable page"
"https://reumlab.com/website/byeonhosa/","industry_service","retain","https://reumlab.com/website/byeonhosa/","200","self-canonical indexable page"
"https://reumlab.com/website/byeonrisa/","industry_service","retain","https://reumlab.com/website/byeonrisa/","200","self-canonical indexable page"
"https://reumlab.com/website/chaegwonchusimeobche/","industry_service","retain","https://reumlab.com/website/chaegwonchusimeobche/","200","self-canonical indexable page"
"https://reumlab.com/website/changeobkeonseolting/","industry_service","retain","https://reumlab.com/website/changeobkeonseolting/","200","self-canonical indexable page"
"https://reumlab.com/website/changhoeobche/","industry_service","retain","https://reumlab.com/website/changhoeobche/","200","self-canonical indexable page"
"https://reumlab.com/website/cheheommaeul/","industry_service","retain","https://reumlab.com/website/cheheommaeul/","200","self-canonical indexable page"
"https://reumlab.com/website/cheolgeoeobche/","industry_service","retain","https://reumlab.com/website/cheolgeoeobche/","200","self-canonical indexable page"
"https://reumlab.com/website/cheongcheobjangeobche/","industry_service","retain","https://reumlab.com/website/cheongcheobjangeobche/","200","self-canonical indexable page"
"https://reumlab.com/website/cheongsoeobche/","industry_service","retain","https://reumlab.com/website/cheongsoeobche/","200","self-canonical indexable page"
"https://reumlab.com/website/cheongsonyeonsangdamsenteo/","industry_service","retain","https://reumlab.com/website/cheongsonyeonsangdamsenteo/","200","self-canonical indexable page"
"https://reumlab.com/website/chigwa/","industry_service","retain","https://reumlab.com/website/chigwa/","200","self-canonical indexable page"
"https://reumlab.com/website/chikinjib/","industry_service","retain","https://reumlab.com/website/chikinjib/","200","self-canonical indexable page"
"https://reumlab.com/website/chuljangbwipe/","industry_service","retain","https://reumlab.com/website/chuljangbwipe/","200","self-canonical indexable page"
"https://reumlab.com/website/chulpansa/","industry_service","retain","https://reumlab.com/website/chulpansa/","200","self-canonical indexable page"
"https://reumlab.com/website/dabryepumeobche/","industry_service","retain","https://reumlab.com/website/dabryepumeobche/","200","self-canonical indexable page"
"https://reumlab.com/website/danggujang/","industry_service","retain","https://reumlab.com/website/danggujang/","200","self-canonical indexable page"
"https://reumlab.com/website/deiteoboggueobche/","industry_service","retain","https://reumlab.com/website/deiteoboggueobche/","200","self-canonical indexable page"
"https://reumlab.com/website/deuronchwalyeongeobche/","industry_service","retain","https://reumlab.com/website/deuronchwalyeongeobche/","200","self-canonical indexable page"
"https://reumlab.com/website/dijainhoesa/","industry_service","retain","https://reumlab.com/website/dijainhoesa/","200","self-canonical indexable page"
"https://reumlab.com/website/dobaeeobche/","industry_service","retain","https://reumlab.com/website/dobaeeobche/","200","self-canonical indexable page"
"https://reumlab.com/website/doeorageobche/","industry_service","retain","https://reumlab.com/website/doeorageobche/","200","self-canonical indexable page"
"https://reumlab.com/website/dogseosil/","industry_service","retain","https://reumlab.com/website/dogseosil/","200","self-canonical indexable page"
"https://reumlab.com/website/doljanchieobche/","industry_service","retain","https://reumlab.com/website/doljanchieobche/","200","self-canonical indexable page"
"https://reumlab.com/website/domaeeob/","industry_service","retain","https://reumlab.com/website/domaeeob/","200","self-canonical indexable page"
"https://reumlab.com/website/dongmulbyeongwon/","industry_service","retain","https://reumlab.com/website/dongmulbyeongwon/","200","self-canonical indexable page"
"https://reumlab.com/website/dosirageobche/","industry_service","retain","https://reumlab.com/website/dosirageobche/","200","self-canonical indexable page"
"https://reumlab.com/website/dupigwanrisenteo/","industry_service","retain","https://reumlab.com/website/dupigwanrisenteo/","200","self-canonical indexable page"
"https://reumlab.com/website/eeokeoneobche/","industry_service","retain","https://reumlab.com/website/eeokeoneobche/","200","self-canonical indexable page"
"https://reumlab.com/website/eoneochiryosenteo/","industry_service","retain","https://reumlab.com/website/eoneochiryosenteo/","200","self-canonical indexable page"
"https://reumlab.com/website/eonronsa/","industry_service","retain","https://reumlab.com/website/eonronsa/","200","self-canonical indexable page"
"https://reumlab.com/website/eorinijib/","industry_service","retain","https://reumlab.com/website/eorinijib/","200","self-canonical indexable page"
"https://reumlab.com/website/eseutetig/","industry_service","retain","https://reumlab.com/website/eseutetig/","200","self-canonical indexable page"
"https://reumlab.com/website/eumaghagwon/","industry_service","retain","https://reumlab.com/website/eumaghagwon/","200","self-canonical indexable page"
"https://reumlab.com/website/eumhyangeobche/","industry_service","retain","https://reumlab.com/website/eumhyangeobche/","200","self-canonical indexable page"
"https://reumlab.com/website/gabangmaejang/","industry_service","retain","https://reumlab.com/website/gabangmaejang/","200","self-canonical indexable page"
"https://reumlab.com/website/gagujeom/","industry_service","retain","https://reumlab.com/website/gagujeom/","200","self-canonical indexable page"
"https://reumlab.com/website/gajeongsangdamso/","industry_service","retain","https://reumlab.com/website/gajeongsangdamso/","200","self-canonical indexable page"
"https://reumlab.com/website/gamjeongpyeonggasa/","industry_service","retain","https://reumlab.com/website/gamjeongpyeonggasa/","200","self-canonical indexable page"
"https://reumlab.com/website/ganbyeongin/","industry_service","retain","https://reumlab.com/website/ganbyeongin/","200","self-canonical indexable page"
"https://reumlab.com/website/geimhoesa/","industry_service","retain","https://reumlab.com/website/geimhoesa/","200","self-canonical indexable page"
"https://reumlab.com/website/geonchugsasamuso/","industry_service","retain","https://reumlab.com/website/geonchugsasamuso/","200","self-canonical indexable page"
"https://reumlab.com/website/geonganggeomjinsenteo/","industry_service","retain","https://reumlab.com/website/geonganggeomjinsenteo/","200","self-canonical indexable page"
"https://reumlab.com/website/geongangsigpum/","industry_service","retain","https://reumlab.com/website/geongangsigpum/","200","self-canonical indexable page"
"https://reumlab.com/website/geonseolhoesa/","industry_service","retain","https://reumlab.com/website/geonseolhoesa/","200","self-canonical indexable page"
"https://reumlab.com/website/geseuteuhauseu/","industry_service","retain","https://reumlab.com/website/geseuteuhauseu/","200","self-canonical indexable page"
"https://reumlab.com/website/geulraempingjang/","industry_service","retain","https://reumlab.com/website/geulraempingjang/","200","self-canonical indexable page"
"https://reumlab.com/website/geumhyeongeobche/","industry_service","retain","https://reumlab.com/website/geumhyeongeobche/","200","self-canonical indexable page"
"https://reumlab.com/website/geumsoggagongeob/","industry_service","retain","https://reumlab.com/website/geumsoggagongeob/","200","self-canonical indexable page"
"https://reumlab.com/website/gieob/","industry_service","retain","https://reumlab.com/website/gieob/","200","self-canonical indexable page"
"https://reumlab.com/website/gigyejejoeob/","industry_service","retain","https://reumlab.com/website/gigyejejoeob/","200","self-canonical indexable page"
"https://reumlab.com/website/gogisjib/","industry_service","retain","https://reumlab.com/website/gogisjib/","200","self-canonical indexable page"
"https://reumlab.com/website/golpeuyeonseubjang/","industry_service","retain","https://reumlab.com/website/golpeuyeonseubjang/","200","self-canonical indexable page"
"https://reumlab.com/website/gonghangpigeob/","industry_service","retain","https://reumlab.com/website/gonghangpigeob/","200","self-canonical indexable page"
"https://reumlab.com/website/gonginjunggaesa/","industry_service","retain","https://reumlab.com/website/gonginjunggaesa/","200","self-canonical indexable page"
"https://reumlab.com/website/gongjang/","industry_service","retain","https://reumlab.com/website/gongjang/","200","self-canonical indexable page"
"https://reumlab.com/website/gongyeongihoegsa/","industry_service","retain","https://reumlab.com/website/gongyeongihoegsa/","200","self-canonical indexable page"
"https://reumlab.com/website/gwanggodaehaengsa/","industry_service","retain","https://reumlab.com/website/gwanggodaehaengsa/","200","self-canonical indexable page"
"https://reumlab.com/website/gwangwangbeoseu/","industry_service","retain","https://reumlab.com/website/gwangwangbeoseu/","200","self-canonical indexable page"
"https://reumlab.com/website/gwangwangnongwon/","industry_service","retain","https://reumlab.com/website/gwangwangnongwon/","200","self-canonical indexable page"
"https://reumlab.com/website/gwansesa/","industry_service","retain","https://reumlab.com/website/gwansesa/","200","self-canonical indexable page"
"https://reumlab.com/website/gwaoe/","industry_service","retain","https://reumlab.com/website/gwaoe/","200","self-canonical indexable page"
"https://reumlab.com/website/gyeongbieobche/","industry_service","retain","https://reumlab.com/website/gyeongbieobche/","200","self-canonical indexable page"
"https://reumlab.com/website/gyeongyeongkeonseolting/","industry_service","retain","https://reumlab.com/website/gyeongyeongkeonseolting/","200","self-canonical indexable page"
"https://reumlab.com/website/haengjeongsa/","industry_service","retain","https://reumlab.com/website/haengjeongsa/","200","self-canonical indexable page"
"https://reumlab.com/website/haengsadaehaengsa/","industry_service","retain","https://reumlab.com/website/haengsadaehaengsa/","200","self-canonical indexable page"
"https://reumlab.com/website/hagwon/","industry_service","retain","https://reumlab.com/website/hagwon/","200","self-canonical indexable page"
"https://reumlab.com/website/hanbogjib/","industry_service","retain","https://reumlab.com/website/hanbogjib/","200","self-canonical indexable page"
"https://reumlab.com/website/hanogseutei/","industry_service","retain","https://reumlab.com/website/hanogseutei/","200","self-canonical indexable page"
"https://reumlab.com/website/hansigdang/","industry_service","retain","https://reumlab.com/website/hansigdang/","200","self-canonical indexable page"
"https://reumlab.com/website/hanuiwon/","industry_service","retain","https://reumlab.com/website/hanuiwon/","200","self-canonical indexable page"
"https://reumlab.com/website/hasugueobche/","industry_service","retain","https://reumlab.com/website/hasugueobche/","200","self-canonical indexable page"
"https://reumlab.com/website/helseujang/","industry_service","retain","https://reumlab.com/website/helseujang/","200","self-canonical indexable page"
"https://reumlab.com/website/hoegyesa/","industry_service","retain","https://reumlab.com/website/hoegyesa/","200","self-canonical indexable page"
"https://reumlab.com/website/hoesjib/","industry_service","retain","https://reumlab.com/website/hoesjib/","200","self-canonical indexable page"
"https://reumlab.com/website/hoseutingeobche/","industry_service","retain","https://reumlab.com/website/hoseutingeobche/","200","self-canonical indexable page"
"https://reumlab.com/website/hotel/","industry_service","retain","https://reumlab.com/website/hotel/","200","self-canonical indexable page"
"https://reumlab.com/website/hwajangpumjejoeob/","industry_service","retain","https://reumlab.com/website/hwajangpumjejoeob/","200","self-canonical indexable page"
"https://reumlab.com/website/hwamulunsongeobche/","industry_service","retain","https://reumlab.com/website/hwamulunsongeobche/","200","self-canonical indexable page"
"https://reumlab.com/website/hyudaeponmaejang/","industry_service","retain","https://reumlab.com/website/hyudaeponmaejang/","200","self-canonical indexable page"
"https://reumlab.com/website/hyuyangrim/","industry_service","retain","https://reumlab.com/website/hyuyangrim/","200","self-canonical indexable page"
"https://reumlab.com/website/ibenteueobche/","industry_service","retain","https://reumlab.com/website/ibenteueobche/","200","self-canonical indexable page"
"https://reumlab.com/website/ibiinhugwa/","industry_service","retain","https://reumlab.com/website/ibiinhugwa/","200","self-canonical indexable page"
"https://reumlab.com/website/ibjucheongsoeobche/","industry_service","retain","https://reumlab.com/website/ibjucheongsoeobche/","200","self-canonical indexable page"
"https://reumlab.com/website/ibsihagwon/","industry_service","retain","https://reumlab.com/website/ibsihagwon/","200","self-canonical indexable page"
"https://reumlab.com/website/ilsigdang/","industry_service","retain","https://reumlab.com/website/ilsigdang/","200","self-canonical indexable page"
"https://reumlab.com/website/","service_or_hub","retain","https://reumlab.com/website/","200","self-canonical indexable page"
"https://reumlab.com/website/inswaeeobche/","industry_service","retain","https://reumlab.com/website/inswaeeobche/","200","self-canonical indexable page"
"https://reumlab.com/website/inswaeso/","industry_service","retain","https://reumlab.com/website/inswaeso/","200","self-canonical indexable page"
"https://reumlab.com/website/interieoeobche/","industry_service","retain","https://reumlab.com/website/interieoeobche/","200","self-canonical indexable page"
"https://reumlab.com/website/interieosopumsyab/","industry_service","retain","https://reumlab.com/website/interieosopumsyab/","200","self-canonical indexable page"
"https://reumlab.com/website/isaeobche/","industry_service","retain","https://reumlab.com/website/isaeobche/","200","self-canonical indexable page"
"https://reumlab.com/website/it-company/","industry_service","retain","https://reumlab.com/website/it-company/","200","self-canonical indexable page"
"https://reumlab.com/website/jadongcha-jeongbiso/","industry_service","retain","https://reumlab.com/website/jadongcha-jeongbiso/","200","self-canonical indexable page"
"https://reumlab.com/website/jadongchabupumjejoeob/","industry_service","retain","https://reumlab.com/website/jadongchabupumjejoeob/","200","self-canonical indexable page"
"https://reumlab.com/website/jadongchagongeobsa/","industry_service","retain","https://reumlab.com/website/jadongchagongeobsa/","200","self-canonical indexable page"
"https://reumlab.com/website/jadongchagwangtaegeobche/","industry_service","retain","https://reumlab.com/website/jadongchagwangtaegeobche/","200","self-canonical indexable page"
"https://reumlab.com/website/jadongchatyuningsyab/","industry_service","retain","https://reumlab.com/website/jadongchatyuningsyab/","200","self-canonical indexable page"
"https://reumlab.com/website/jadongchayurieobche/","industry_service","retain","https://reumlab.com/website/jadongchayurieobche/","200","self-canonical indexable page"
"https://reumlab.com/website/jaegabogjisenteo/","industry_service","retain","https://reumlab.com/website/jaegabogjisenteo/","200","self-canonical indexable page"
"https://reumlab.com/website/jaehwaluihaggwa/","industry_service","retain","https://reumlab.com/website/jaehwaluihaggwa/","200","self-canonical indexable page"
"https://reumlab.com/website/jajeongeomaejang/","industry_service","retain","https://reumlab.com/website/jajeongeomaejang/","200","self-canonical indexable page"
"https://reumlab.com/website/jangaeinbogjigwan/","industry_service","retain","https://reumlab.com/website/jangaeinbogjigwan/","200","self-canonical indexable page"
"https://reumlab.com/website/jangryesigjang/","industry_service","retain","https://reumlab.com/website/jangryesigjang/","200","self-canonical indexable page"
"https://reumlab.com/website/jejoeob/","industry_service","retain","https://reumlab.com/website/jejoeob/","200","self-canonical indexable page"
"https://reumlab.com/website/jeonghyeongoegwa/","industry_service","retain","https://reumlab.com/website/jeonghyeongoegwa/","200","self-canonical indexable page"
"https://reumlab.com/website/jeongigongsaeobche/","industry_service","retain","https://reumlab.com/website/jeongigongsaeobche/","200","self-canonical indexable page"
"https://reumlab.com/website/jeongsingeonganguihaggwa/","industry_service","retain","https://reumlab.com/website/jeongsingeonganguihaggwa/","200","self-canonical indexable page"
"https://reumlab.com/website/jeongsugieobche/","industry_service","retain","https://reumlab.com/website/jeongsugieobche/","200","self-canonical indexable page"
"https://reumlab.com/website/jeonjabupumjejoeob/","industry_service","retain","https://reumlab.com/website/jeonjabupumjejoeob/","200","self-canonical indexable page"
"https://reumlab.com/website/jeonjajepummaejang/","industry_service","retain","https://reumlab.com/website/jeonjajepummaejang/","200","self-canonical indexable page"
"https://reumlab.com/website/jeonmungeonseoleob/","industry_service","retain","https://reumlab.com/website/jeonmungeonseoleob/","200","self-canonical indexable page"
"https://reumlab.com/website/jeonsigihoegsa/","industry_service","retain","https://reumlab.com/website/jeonsigihoegsa/","200","self-canonical indexable page"
"https://reumlab.com/website/jeontongsijang/","industry_service","retain","https://reumlab.com/website/jeontongsijang/","200","self-canonical indexable page"
"https://reumlab.com/website/jigeobjeonmunhaggyo/","industry_service","retain","https://reumlab.com/website/jigeobjeonmunhaggyo/","200","self-canonical indexable page"
"https://reumlab.com/website/jogyeongeobche/","industry_service","retain","https://reumlab.com/website/jogyeongeobche/","200","self-canonical indexable page"
"https://reumlab.com/website/jomyeongeobche/","industry_service","retain","https://reumlab.com/website/jomyeongeobche/","200","self-canonical indexable page"
"https://reumlab.com/website/jonghabgeonseoleob/","industry_service","retain","https://reumlab.com/website/jonghabgeonseoleob/","200","self-canonical indexable page"
"https://reumlab.com/website/jonghabyutongeob/","industry_service","retain","https://reumlab.com/website/jonghabyutongeob/","200","self-canonical indexable page"
"https://reumlab.com/website/juchajang/","industry_service","retain","https://reumlab.com/website/juchajang/","200","self-canonical indexable page"
"https://reumlab.com/website/jueolrisyab/","industry_service","retain","https://reumlab.com/website/jueolrisyab/","200","self-canonical indexable page"
"https://reumlab.com/website/juganbohosenteo/","industry_service","retain","https://reumlab.com/website/juganbohosenteo/","200","self-canonical indexable page"
"https://reumlab.com/website/jujissudojang/","industry_service","retain","https://reumlab.com/website/jujissudojang/","200","self-canonical indexable page"
"https://reumlab.com/website/junggochamaemaeeobche/","industry_service","retain","https://reumlab.com/website/junggochamaemaeeobche/","200","self-canonical indexable page"
"https://reumlab.com/website/junggomaejang/","industry_service","retain","https://reumlab.com/website/junggomaejang/","200","self-canonical indexable page"
"https://reumlab.com/website/jungsigdang/","industry_service","retain","https://reumlab.com/website/jungsigdang/","200","self-canonical indexable page"
"https://reumlab.com/website/kaempingjang/","industry_service","retain","https://reumlab.com/website/kaempingjang/","200","self-canonical indexable page"
"https://reumlab.com/website/kaempingpensyeon/","industry_service","retain","https://reumlab.com/website/kaempingpensyeon/","200","self-canonical indexable page"
"https://reumlab.com/website/kape/","industry_service","retain","https://reumlab.com/website/kape/","200","self-canonical indexable page"
"https://reumlab.com/website/kasenteo/","industry_service","retain","https://reumlab.com/website/kasenteo/","200","self-canonical indexable page"
"https://reumlab.com/website/keiteoring/","industry_service","retain","https://reumlab.com/website/keiteoring/","200","self-canonical indexable page"
"https://reumlab.com/website/keompyuteosurieobche/","industry_service","retain","https://reumlab.com/website/keompyuteosurieobche/","200","self-canonical indexable page"
"https://reumlab.com/website/keulraimingjim/","industry_service","retain","https://reumlab.com/website/keulraimingjim/","200","self-canonical indexable page"
"https://reumlab.com/website/keuroseupis/","industry_service","retain","https://reumlab.com/website/keuroseupis/","200","self-canonical indexable page"
"https://reumlab.com/website/kkochjib/","industry_service","retain","https://reumlab.com/website/kkochjib/","200","self-canonical indexable page"
"https://reumlab.com/website/kodinghagwon/","industry_service","retain","https://reumlab.com/website/kodinghagwon/","200","self-canonical indexable page"
"https://reumlab.com/website/koinsetagso/","industry_service","retain","https://reumlab.com/website/koinsetagso/","200","self-canonical indexable page"
"https://reumlab.com/website/kwigseobiseu/","industry_service","retain","https://reumlab.com/website/kwigseobiseu/","200","self-canonical indexable page"
"https://reumlab.com/website/majchumjeongjang/","industry_service","retain","https://reumlab.com/website/majchumjeongjang/","200","self-canonical indexable page"
"https://reumlab.com/website/maketingdaehaengsa/","industry_service","retain","https://reumlab.com/website/maketingdaehaengsa/","200","self-canonical indexable page"
"https://reumlab.com/website/masajisyab/","industry_service","retain","https://reumlab.com/website/masajisyab/","200","self-canonical indexable page"
"https://reumlab.com/website/mateu/","industry_service","retain","https://reumlab.com/website/mateu/","200","self-canonical indexable page"
"https://reumlab.com/website/mcn-agency/","industry_service","retain","https://reumlab.com/website/mcn-agency/","200","self-canonical indexable page"
"https://reumlab.com/website/meikeueobsyab/","industry_service","retain","https://reumlab.com/website/meikeueobsyab/","200","self-canonical indexable page"
"https://reumlab.com/website/minbag/","industry_service","retain","https://reumlab.com/website/minbag/","200","self-canonical indexable page"
"https://reumlab.com/website/misulhagwon/","industry_service","retain","https://reumlab.com/website/misulhagwon/","200","self-canonical indexable page"
"https://reumlab.com/website/miyongsil/","industry_service","retain","https://reumlab.com/website/miyongsil/","200","self-canonical indexable page"
"https://reumlab.com/website/motel/","industry_service","retain","https://reumlab.com/website/motel/","200","self-canonical indexable page"
"https://reumlab.com/website/mulryuhoesa/","industry_service","retain","https://reumlab.com/website/mulryuhoesa/","200","self-canonical indexable page"
"https://reumlab.com/website/muyeoghoesa/","industry_service","retain","https://reumlab.com/website/muyeoghoesa/","200","self-canonical indexable page"
"https://reumlab.com/website/naegwa/","industry_service","retain","https://reumlab.com/website/naegwa/","200","self-canonical indexable page"
"https://reumlab.com/website/nakksiteo/","industry_service","retain","https://reumlab.com/website/nakksiteo/","200","self-canonical indexable page"
"https://reumlab.com/website/neilsyab/","industry_service","retain","https://reumlab.com/website/neilsyab/","200","self-canonical indexable page"
"https://reumlab.com/website/noinbogjigwan/","industry_service","retain","https://reumlab.com/website/noinbogjigwan/","200","self-canonical indexable page"
"https://reumlab.com/website/nomusa/","industry_service","retain","https://reumlab.com/website/nomusa/","200","self-canonical indexable page"
"https://reumlab.com/website/nongsanmulpanmae/","industry_service","retain","https://reumlab.com/website/nongsanmulpanmae/","200","self-canonical indexable page"
"https://reumlab.com/website/nusutamjieobche/","industry_service","retain","https://reumlab.com/website/nusutamjieobche/","200","self-canonical indexable page"
"https://reumlab.com/website/onrainsyopingmol/","industry_service","retain","https://reumlab.com/website/onrainsyopingmol/","200","self-canonical indexable page"
"https://reumlab.com/website/otobaimaejang/","industry_service","retain","https://reumlab.com/website/otobaimaejang/","200","self-canonical indexable page"
"https://reumlab.com/website/panchogmuleobche/","industry_service","retain","https://reumlab.com/website/panchogmuleobche/","200","self-canonical indexable page"
"https://reumlab.com/website/patirum/","industry_service","retain","https://reumlab.com/website/patirum/","200","self-canonical indexable page"
"https://reumlab.com/website/pensyeon/","industry_service","retain","https://reumlab.com/website/pensyeon/","200","self-canonical indexable page"
"https://reumlab.com/website/peoseuneolkeolreo/","industry_service","retain","https://reumlab.com/website/peoseuneolkeolreo/","200","self-canonical indexable page"
"https://reumlab.com/website/peulraseutigjejoeob/","industry_service","retain","https://reumlab.com/website/peulraseutigjejoeob/","200","self-canonical indexable page"
"https://reumlab.com/website/peulrawosyab/","industry_service","retain","https://reumlab.com/website/peulrawosyab/","200","self-canonical indexable page"
"https://reumlab.com/website/pianohagwon/","industry_service","retain","https://reumlab.com/website/pianohagwon/","200","self-canonical indexable page"
"https://reumlab.com/website/pibugwa/","industry_service","retain","https://reumlab.com/website/pibugwa/","200","self-canonical indexable page"
"https://reumlab.com/website/pibugwanrisyab/","industry_service","retain","https://reumlab.com/website/pibugwanrisyab/","200","self-canonical indexable page"
"https://reumlab.com/website/pijajib/","industry_service","retain","https://reumlab.com/website/pijajib/","200","self-canonical indexable page"
"https://reumlab.com/website/pilrateseu/","industry_service","retain","https://reumlab.com/website/pilrateseu/","200","self-canonical indexable page"
"https://reumlab.com/website/pojangjaejejoeob/","industry_service","retain","https://reumlab.com/website/pojangjaejejoeob/","200","self-canonical indexable page"
"https://reumlab.com/website/potobuseueobche/","industry_service","retain","https://reumlab.com/website/potobuseueobche/","200","self-canonical indexable page"
"https://reumlab.com/website/pt-shop/","industry_service","retain","https://reumlab.com/website/pt-shop/","200","self-canonical indexable page"
"https://reumlab.com/website/pudeuteureog/","industry_service","retain","https://reumlab.com/website/pudeuteureog/","200","self-canonical indexable page"
"https://reumlab.com/website/pulbilra/","industry_service","retain","https://reumlab.com/website/pulbilra/","200","self-canonical indexable page"
"https://reumlab.com/website/pyegimulcheorieobche/","industry_service","retain","https://reumlab.com/website/pyegimulcheorieobche/","200","self-canonical indexable page"
"https://reumlab.com/website/pyeonuijeom/","industry_service","retain","https://reumlab.com/website/pyeonuijeom/","200","self-canonical indexable page"
"https://reumlab.com/website/rejeoseupocheu/","industry_service","retain","https://reumlab.com/website/rejeoseupocheu/","200","self-canonical indexable page"
"https://reumlab.com/website/rentaleobche/","industry_service","retain","https://reumlab.com/website/rentaleobche/","200","self-canonical indexable page"
"https://reumlab.com/website/renteoka/","industry_service","retain","https://reumlab.com/website/renteoka/","200","self-canonical indexable page"
"https://reumlab.com/website/rijoteu/","industry_service","retain","https://reumlab.com/website/rijoteu/","200","self-canonical indexable page"
"https://reumlab.com/website/rimodelringeobche/","industry_service","retain","https://reumlab.com/website/rimodelringeobche/","200","self-canonical indexable page"
"https://reumlab.com/website/sahoebogjigwan/","industry_service","retain","https://reumlab.com/website/sahoebogjigwan/","200","self-canonical indexable page"
"https://reumlab.com/website/sajingwan/","industry_service","retain","https://reumlab.com/website/sajingwan/","200","self-canonical indexable page"
"https://reumlab.com/website/sanbuingwa/","industry_service","retain","https://reumlab.com/website/sanbuingwa/","200","self-canonical indexable page"
"https://reumlab.com/website/saneobjangbieobche/","industry_service","retain","https://reumlab.com/website/saneobjangbieobche/","200","self-canonical indexable page"
"https://reumlab.com/website/sangjohoesa/","industry_service","retain","https://reumlab.com/website/sangjohoesa/","200","self-canonical indexable page"
"https://reumlab.com/website/sanhudoumi/","industry_service","retain","https://reumlab.com/website/sanhudoumi/","200","self-canonical indexable page"
"https://reumlab.com/website/sanhujoriwon/","industry_service","retain","https://reumlab.com/website/sanhujoriwon/","200","self-canonical indexable page"
"https://reumlab.com/website/sechajang/","industry_service","retain","https://reumlab.com/website/sechajang/","200","self-canonical indexable page"
"https://reumlab.com/website/semusa/","industry_service","retain","https://reumlab.com/website/semusa/","200","self-canonical indexable page"
"https://reumlab.com/website/seojeom/","industry_service","retain","https://reumlab.com/website/seojeom/","200","self-canonical indexable page"
"https://reumlab.com/website/seolbieobche/","industry_service","retain","https://reumlab.com/website/seolbieobche/","200","self-canonical indexable page"
"https://reumlab.com/website/seomyujejoeob/","industry_service","retain","https://reumlab.com/website/seomyujejoeob/","200","self-canonical indexable page"
"https://reumlab.com/website/seonghyeongoegwa/","industry_service","retain","https://reumlab.com/website/seonghyeongoegwa/","200","self-canonical indexable page"
"https://reumlab.com/website/setagso/","industry_service","retain","https://reumlab.com/website/setagso/","200","self-canonical indexable page"
"https://reumlab.com/website/seukeuringolpeu/","industry_service","retain","https://reumlab.com/website/seukeuringolpeu/","200","self-canonical indexable page"
"https://reumlab.com/website/seungmajang/","industry_service","retain","https://reumlab.com/website/seungmajang/","200","self-canonical indexable page"
"https://reumlab.com/website/seupa/","industry_service","retain","https://reumlab.com/website/seupa/","200","self-canonical indexable page"
"https://reumlab.com/website/seutateueob/","industry_service","retain","https://reumlab.com/website/seutateueob/","200","self-canonical indexable page"
"https://reumlab.com/website/seuteodikape/","industry_service","retain","https://reumlab.com/website/seuteodikape/","200","self-canonical indexable page"
"https://reumlab.com/website/seutyudio/","industry_service","retain","https://reumlab.com/website/seutyudio/","200","self-canonical indexable page"
"https://reumlab.com/website/sigdang/","industry_service","retain","https://reumlab.com/website/sigdang/","200","self-canonical indexable page"
"https://reumlab.com/website/sigpumgagongeob/","industry_service","retain","https://reumlab.com/website/sigpumgagongeob/","200","self-canonical indexable page"
"https://reumlab.com/website/sigpumjejoeob/","industry_service","retain","https://reumlab.com/website/sigpumjejoeob/","200","self-canonical indexable page"
"https://reumlab.com/website/silbeotaun/","industry_service","retain","https://reumlab.com/website/silbeotaun/","200","self-canonical indexable page"
"https://reumlab.com/website/simrisangdamsenteo/","industry_service","retain","https://reumlab.com/website/simrisangdamsenteo/","200","self-canonical indexable page"
"https://reumlab.com/website/sinbalmaejang/","industry_service","retain","https://reumlab.com/website/sinbalmaejang/","200","self-canonical indexable page"
"https://reumlab.com/website/sinchadilreo/","industry_service","retain","https://reumlab.com/website/sinchadilreo/","200","self-canonical indexable page"
"https://reumlab.com/website/singyeongoegwa/","industry_service","retain","https://reumlab.com/website/singyeongoegwa/","200","self-canonical indexable page"
"https://reumlab.com/website/sinyongjeongbohoesa/","industry_service","retain","https://reumlab.com/website/sinyongjeongbohoesa/","200","self-canonical indexable page"
"https://reumlab.com/website/soagwa/","industry_service","retain","https://reumlab.com/website/soagwa/","200","self-canonical indexable page"
"https://reumlab.com/website/sodogeobche/","industry_service","retain","https://reumlab.com/website/sodogeobche/","200","self-canonical indexable page"
"https://reumlab.com/website/sognunsseobsyab/","industry_service","retain","https://reumlab.com/website/sognunsseobsyab/","200","self-canonical indexable page"
"https://reumlab.com/website/solrusyeoneobche/","industry_service","retain","https://reumlab.com/website/solrusyeoneobche/","200","self-canonical indexable page"
"https://reumlab.com/website/somaeeob/","industry_service","retain","https://reumlab.com/website/somaeeob/","200","self-canonical indexable page"
"https://reumlab.com/website/sonhaesajeongsa/","industry_service","retain","https://reumlab.com/website/sonhaesajeongsa/","200","self-canonical indexable page"
"https://reumlab.com/website/sonsechajang/","industry_service","retain","https://reumlab.com/website/sonsechajang/","200","self-canonical indexable page"
"https://reumlab.com/website/sopeuteuweeogaebalsa/","industry_service","retain","https://reumlab.com/website/sopeuteuweeogaebalsa/","200","self-canonical indexable page"
"https://reumlab.com/website/suhaghagwon/","industry_service","retain","https://reumlab.com/website/suhaghagwon/","200","self-canonical indexable page"
"https://reumlab.com/website/suibpanmaeeob/","industry_service","retain","https://reumlab.com/website/suibpanmaeeob/","200","self-canonical indexable page"
"https://reumlab.com/website/suyeongjang/","industry_service","retain","https://reumlab.com/website/suyeongjang/","200","self-canonical indexable page"
"https://reumlab.com/website/syopingmol/","industry_service","retain","https://reumlab.com/website/syopingmol/","200","self-canonical indexable page"
"https://reumlab.com/website/taegbaeeobche/","industry_service","retain","https://reumlab.com/website/taegbaeeobche/","200","self-canonical indexable page"
"https://reumlab.com/website/taegwondojang/","industry_service","retain","https://reumlab.com/website/taegwondojang/","200","self-canonical indexable page"
"https://reumlab.com/website/taieomaejang/","industry_service","retain","https://reumlab.com/website/taieomaejang/","200","self-canonical indexable page"
"https://reumlab.com/website/taileobche/","industry_service","retain","https://reumlab.com/website/taileobche/","200","self-canonical indexable page"
"https://reumlab.com/website/temapakeu/","industry_service","retain","https://reumlab.com/website/temapakeu/","200","self-canonical indexable page"
"https://reumlab.com/website/teniseujang/","industry_service","retain","https://reumlab.com/website/teniseujang/","200","self-canonical indexable page"
"https://reumlab.com/website/teugheosamuso/","industry_service","retain","https://reumlab.com/website/teugheosamuso/","200","self-canonical indexable page"
"https://reumlab.com/website/tomoghoesa/","industry_service","retain","https://reumlab.com/website/tomoghoesa/","200","self-canonical indexable page"
"https://reumlab.com/website/tongjeunguihaggwa/","industry_service","retain","https://reumlab.com/website/tongjeunguihaggwa/","200","self-canonical indexable page"
"https://reumlab.com/website/tteogjib/","industry_service","retain","https://reumlab.com/website/tteogjib/","200","self-canonical indexable page"
"https://reumlab.com/website/uiryogigijejoeob/","industry_service","retain","https://reumlab.com/website/uiryogigijejoeob/","200","self-canonical indexable page"
"https://reumlab.com/website/uiryumaejang/","industry_service","retain","https://reumlab.com/website/uiryumaejang/","200","self-canonical indexable page"
"https://reumlab.com/website/unjeonhagwon/","industry_service","retain","https://reumlab.com/website/unjeonhagwon/","200","self-canonical indexable page"
"https://reumlab.com/website/wagsingsyab/","industry_service","retain","https://reumlab.com/website/wagsingsyab/","200","self-canonical indexable page"
"https://reumlab.com/website/wangujeom/","industry_service","retain","https://reumlab.com/website/wangujeom/","200","self-canonical indexable page"
"https://reumlab.com/website/webeijeonsi/","industry_service","retain","https://reumlab.com/website/webeijeonsi/","200","self-canonical indexable page"
"https://reumlab.com/website/wedingdeureseusyab/","industry_service","retain","https://reumlab.com/website/wedingdeureseusyab/","200","self-canonical indexable page"
"https://reumlab.com/website/wedinghol/","industry_service","retain","https://reumlab.com/website/wedinghol/","200","self-canonical indexable page"
"https://reumlab.com/website/wedingpeulraeneo/","industry_service","retain","https://reumlab.com/website/wedingpeulraeneo/","200","self-canonical indexable page"
"https://reumlab.com/website/wedingseutyudio/","industry_service","retain","https://reumlab.com/website/wedingseutyudio/","200","self-canonical indexable page"
"https://reumlab.com/website/woteopakeu/","industry_service","retain","https://reumlab.com/website/woteopakeu/","200","self-canonical indexable page"
"https://reumlab.com/website/yaggug/","industry_service","retain","https://reumlab.com/website/yaggug/","200","self-canonical indexable page"
"https://reumlab.com/website/yangsigdang/","industry_service","retain","https://reumlab.com/website/yangsigdang/","200","self-canonical indexable page"
"https://reumlab.com/website/yeohaengsa/","industry_service","retain","https://reumlab.com/website/yeohaengsa/","200","self-canonical indexable page"
"https://reumlab.com/website/yeolsoeeobche/","industry_service","retain","https://reumlab.com/website/yeolsoeeobche/","200","self-canonical indexable page"
"https://reumlab.com/website/yeongeohagwon/","industry_service","retain","https://reumlab.com/website/yeongeohagwon/","200","self-canonical indexable page"
"https://reumlab.com/website/yeongsangjejageobche/","industry_service","retain","https://reumlab.com/website/yeongsangjejageobche/","200","self-canonical indexable page"
"https://reumlab.com/website/yeonguso/","industry_service","retain","https://reumlab.com/website/yeonguso/","200","self-canonical indexable page"
"https://reumlab.com/website/yogawon/","industry_service","retain","https://reumlab.com/website/yogawon/","200","self-canonical indexable page"
"https://reumlab.com/website/yongdaleobche/","industry_service","retain","https://reumlab.com/website/yongdaleobche/","200","self-canonical indexable page"
"https://reumlab.com/website/yongjeobeobche/","industry_service","retain","https://reumlab.com/website/yongjeobeobche/","200","self-canonical indexable page"
"https://reumlab.com/website/yorihagwon/","industry_service","retain","https://reumlab.com/website/yorihagwon/","200","self-canonical indexable page"
"https://reumlab.com/website/yoyangbyeongwon/","industry_service","retain","https://reumlab.com/website/yoyangbyeongwon/","200","self-canonical indexable page"
"https://reumlab.com/website/yoyangwon/","industry_service","retain","https://reumlab.com/website/yoyangwon/","200","self-canonical indexable page"
"https://reumlab.com/website/yuchiwon/","industry_service","retain","https://reumlab.com/website/yuchiwon/","200","self-canonical indexable page"
"https://reumlab.com/website/yuhagwon/","industry_service","retain","https://reumlab.com/website/yuhagwon/","200","self-canonical indexable page"
"https://reumlab.com/website/yuramseon/","industry_service","retain","https://reumlab.com/website/yuramseon/","200","self-canonical indexable page"
"https://reumlab.com/website/yutongkeonseolting/","industry_service","retain","https://reumlab.com/website/yutongkeonseolting/","200","self-canonical indexable page"
"https://reumlab.com/website/yutyubeujejagsa/","industry_service","retain","https://reumlab.com/website/yutyubeujejagsa/","200","self-canonical indexable page"
"https://reumlab.com/website-agency/","service_or_hub","retain","https://reumlab.com/website-agency/","200","self-canonical indexable page"
"https://reumlab.com/windows-app-development/","service_or_hub","retain","https://reumlab.com/windows-app-development/","200","self-canonical indexable page"
"https://reumlab.com/기업용ERP/","service_or_hub","retain_noindex","https://reumlab.com/%EA%B8%B0%EC%97%85%EC%9A%A9ERP/","200","quality/index gate"
"https://reumlab.com/웹개발/","service_or_hub","retain_noindex","https://reumlab.com/%EC%9B%B9%EA%B0%9C%EB%B0%9C/","200","quality/index gate"
"https://reumlab.com/플랫폼개발/","service_or_hub","retain_noindex","https://reumlab.com/%ED%94%8C%EB%9E%AB%ED%8F%BC%EA%B0%9C%EB%B0%9C/","200","quality/index gate"
